path,sha256
diaries-responder/bin/build.gradle,acbcc141d49b746106542e526a8aa560ce46c856b55a39f0b1370b1e578d385f
diaries-responder/build.gradle,a30cc7d67e577e96bce767aacd4ad4eda7cddd1c5c95b0003154e113cedd1abe
diaries-responder/src/main/java/com/rsmaxwell/diaries/responder/buildinfo/BuildInfo.java,2bf2ef6c2c992a866a127dbf621dedbdf082863194df371bc4cccfc01400b1d6
diaries-responder/src/main/java/com/rsmaxwell/diaries/responder/buildinfo/BuildInfos.java,40d1db8e352a191081dba27bec75a664f19b6589d6a3f63cbc6093a39deb70ee
diaries-responder/src/main/java/com/rsmaxwell/diaries/responder/config/Config.java,ffabafdf052ed8fdfd989b2a638a90c04c6fe8c31bc2ee36d0175ceb25e0124b
diaries-responder/src/main/java/com/rsmaxwell/diaries/responder/config/DbConfig.java,4501ad7710b641585d72ec5675ed8082eb53722f74416e9a5c60ea0a7e3d0a52
diaries-responder/src/main/java/com/rsmaxwell/diaries/responder/config/DiariesConfig.java,7a65027d971f2d3263745b3db6ec39290b6380e330f59ac0794138a6e4c28b84
diaries-responder/src/main/java/com/rsmaxwell/diaries/responder/config/FragmentLockPolicy.java,1c3592153686682c93006b04261175a9e42c06c2e46b16d905ac0698a1606f15
diaries-responder/src/main/java/com/rsmaxwell/diaries/responder/config/Go.java,90a787a104878bd898f02dfe80c2a789bdaa7e8e8a4871ed15f3d1ec40791f05
diaries-responder/src/main/java/com/rsmaxwell/diaries/responder/config/Jdbc.java,4ed4fc1761b7dcb415cf6e015f7917ff2f5e081b7108c3c38a6841ec9c649a30
diaries-responder/src/main/java/com/rsmaxwell/diaries/responder/config/MqttConfig.java,08d483b161c339c8ca87bb31b1b9ca238ad294e74c01b9c84682f5e5f639cea1
diaries-responder/src/main/java/com/rsmaxwell/diaries/responder/config/TimeParser.java,86c819c27f4c5b54262122820f34feddd4f590a7bee02cd32c0b77c0a438639b
diaries-responder/src/main/java/com/rsmaxwell/diaries/responder/config/User.java,09e7174d7bb7844330896935b636a7373680f1ad5acdea712a8d7017d2939ee5
diaries-responder/src/main/java/com/rsmaxwell/diaries/responder/CreateDatabase.java,1391dc15571d0dd87c15449fed295c26667da584f63bd1edc21a4dbce6fcd68b
diaries-responder/src/main/java/com/rsmaxwell/diaries/responder/CreateTables.java,5030e2b4ba312c9d67a11462557f9c738c61a7e2c76437d81d4c0c59488b5921
diaries-responder/src/main/java/com/rsmaxwell/diaries/responder/Database.java,5aa01d048b22903f4d0fee063cadfd99a1ee12ac5c3e0d8d42bb4ced91292c04
diaries-responder/src/main/java/com/rsmaxwell/diaries/responder/DeleteDatabase.java,9a2b74a1ee8d2b909f4c8466d2fc695fbfee5e6e9c0518305be8bcb5e3755f92
diaries-responder/src/main/java/com/rsmaxwell/diaries/responder/dto/DiaryDTO.java,dc6b2c077e62536923b91f81063a86e9e2abad95a0eb7436fca5890623342142
diaries-responder/src/main/java/com/rsmaxwell/diaries/responder/dto/FragmentDBDTO.java,8bfb4ac71fbba2508e3753ad18633a956e6970fbc2eef78092bfe21a011e6a14
diaries-responder/src/main/java/com/rsmaxwell/diaries/responder/dto/FragmentPublishDTO.java,910a3f40623110542a0c7a9a191a78315d1c0f2415284078311df6c097ec20a7
diaries-responder/src/main/java/com/rsmaxwell/diaries/responder/dto/ImageDBDTO.java,84c0809f3b93dd1604efabd12818550a65843e26edef7bf1f65c7e86ceed31d3
diaries-responder/src/main/java/com/rsmaxwell/diaries/responder/dto/ImagePublishDTO.java,408d4dc8e8bfc21d1f9936b570f80a7b2343ce511cc347b1b221f825a62b49f6
diaries-responder/src/main/java/com/rsmaxwell/diaries/responder/dto/Jsonable.java,32ba04fd1717bb9f89fd5a1382b4c56520ae1a3a1144c6a29e93270275abaa96
diaries-responder/src/main/java/com/rsmaxwell/diaries/responder/dto/ListFilesResponse.java,39e4210cc49d17571948039e15d522768a99e93ecce91f27658b55d35aea0cfc
diaries-responder/src/main/java/com/rsmaxwell/diaries/responder/dto/MarqueeDBDTO.java,2aa56351e4e0f162504663df95057a8fe8ea5f557bb18f497d079ba6577c3eed
diaries-responder/src/main/java/com/rsmaxwell/diaries/responder/dto/MarqueePublishDTO.java,60c9bf98917c6e398368ac4df1737ee6935025ab983d1dacec0e4312a306ba0a
diaries-responder/src/main/java/com/rsmaxwell/diaries/responder/dto/PageDTO.java,dc952bcc20ff3c11002ca95c0d3f57110beb28cd4c2f5f2bcf2887a1c3fc49dd
diaries-responder/src/main/java/com/rsmaxwell/diaries/responder/dto/PersonDTO.java,e9ab84d2a4299a61e73742c5a6b7b951c6ea1f70bf5ef4fc07daf59e3470ce02
diaries-responder/src/main/java/com/rsmaxwell/diaries/responder/dto/Publishable.java,9e6e0c4ac0a732a9016c189a18a339b1403313a247c6d16d52c939ba21c0f4a3
diaries-responder/src/main/java/com/rsmaxwell/diaries/responder/dto/Publisher.java,5568b439a13f583e3a85e469e1be7c36c44ab9a7ee9886ffb0c427e281acdf09
diaries-responder/src/main/java/com/rsmaxwell/diaries/responder/dto/UploadFileResponse.java,51f8aed3d059426b7037d4f27f3b17500e14605fcab3c107f4aee36967b100bc
diaries-responder/src/main/java/com/rsmaxwell/diaries/responder/handlers/AddFragment.java,1a377fe39193c4c77bd4649095865ec04cc80c6d775ab750ab2a50fccb6381e2
diaries-responder/src/main/java/com/rsmaxwell/diaries/responder/handlers/AddImageFragment.java,923cde9d4080d94f5e36f617cd20d589c4c42e0b9ab6787202c5b7a94d5f50d0
diaries-responder/src/main/java/com/rsmaxwell/diaries/responder/handlers/AddMarquee.java,fe84779139a1e52db48218c394869bd3c47ae3ee0122c571533f960b6a09aac7
diaries-responder/src/main/java/com/rsmaxwell/diaries/responder/handlers/DeleteFile.java,e717857f44a23f64988c39af2dd3f6aaf44e376fd3bc6898e28688fed7a530a8
diaries-responder/src/main/java/com/rsmaxwell/diaries/responder/handlers/DeleteFragment.java,c6539159b918ce5a3c46db628716828209bafc9e1128415d8b761366e7af89a0
diaries-responder/src/main/java/com/rsmaxwell/diaries/responder/handlers/DeleteImage.java,3471ea148e1a25d4e5cd8f016f2da59bcba828a06d3b8cee2569d99bad502dd4
diaries-responder/src/main/java/com/rsmaxwell/diaries/responder/handlers/DeleteMarquee.java,22bbf276c0e5e7755bf3076dfeeff805c3823fa5ab310379d8c1c3006c4827f6
diaries-responder/src/main/java/com/rsmaxwell/diaries/responder/handlers/GetVersion.java,a556adaacbf18e70388696ec68d16ed806a6f600af98d52860dd95f0d29850be
diaries-responder/src/main/java/com/rsmaxwell/diaries/responder/handlers/Health.java,a37855cd652b716fd5bb94cebe6b301dd5ddb9c68225daac0d7dcb85cc132714
diaries-responder/src/main/java/com/rsmaxwell/diaries/responder/handlers/ListFiles.java,58c3502ff8a32021134c4d263587df5b0465928d9446f085274670569a3b0391
diaries-responder/src/main/java/com/rsmaxwell/diaries/responder/handlers/LockFragment.java,e0cfca74eb45f35f5e8914aa81c0512987d5e9b7bdcfa552b0827aa9e9a4f5a5
diaries-responder/src/main/java/com/rsmaxwell/diaries/responder/handlers/NormaliseDiaries.java,ca4725e6f7af5d3fcb91631fbba0fd2d37ece42ae5dc48ae231135b50f011b0f
diaries-responder/src/main/java/com/rsmaxwell/diaries/responder/handlers/NormaliseFragments.java,7ea1ceaf3272c55da78b1d336af0563ef2beae62da15eb68c3e35ce8ec44f68f
diaries-responder/src/main/java/com/rsmaxwell/diaries/responder/handlers/NormalisePages.java,db09115030a794fe14fab7706d660ee501a36859dc599b64dcce76f7ddd9501c
diaries-responder/src/main/java/com/rsmaxwell/diaries/responder/handlers/Quit.java,4ffd5f4915330f14c723e81faa3c342cc8dded0bf5a91aeed0de79cb1a4fcc78
diaries-responder/src/main/java/com/rsmaxwell/diaries/responder/handlers/RefreshToken.java,fe5dc2b3eee2e6334d1d5bafc8cd80b1b68b39f346200750fb1a26266bc19850
diaries-responder/src/main/java/com/rsmaxwell/diaries/responder/handlers/Register.java,38d9d5b10751a5897fb83a17b1fb8a2c64b9133843d59bd017e0cf17eb3f5703
diaries-responder/src/main/java/com/rsmaxwell/diaries/responder/handlers/Signin.java,4cb6ac0e62a050d423b41b0188021fb77bfa12748771faf4c32de271d5c77e0e
diaries-responder/src/main/java/com/rsmaxwell/diaries/responder/handlers/UnlockFragment.java,c0729d534c8c30dc750bb03c39e8dea889a04e98dd61b8521e6e9a3fa4f8eb76
diaries-responder/src/main/java/com/rsmaxwell/diaries/responder/handlers/UpdateDiary.java,80f1a819a3b3d4fdd07f9b848dd01f6ae2aa0b4f5bf4a6852c6cc0bab093edd2
diaries-responder/src/main/java/com/rsmaxwell/diaries/responder/handlers/UpdateFragment.java,f77d106e3debbc2ed44727110246fc4d71b28a2c9675acb4644b9d5fb3349f58
diaries-responder/src/main/java/com/rsmaxwell/diaries/responder/handlers/UpdateMarquee.java,b579933a25a08733a54adaab066bf4cc2fe3b66e387847eb2c54eed53f32b4c6
diaries-responder/src/main/java/com/rsmaxwell/diaries/responder/handlers/UpdatePage.java,f568ac8a5e58d218279ea643c49c62fbb4da5602759e9c41498d789922c293b1
diaries-responder/src/main/java/com/rsmaxwell/diaries/responder/handlers/UploadFile.java,9394d59f5d180ce949e5c20a9fa878d42fba31cf40db821f664115c118feba8e
diaries-responder/src/main/java/com/rsmaxwell/diaries/responder/health/DatabaseHealthProbe.java,16937e74525a0479d6cfeb8acb9e692ecc735d453a626fd5a5a9f13bb128ae6b
diaries-responder/src/main/java/com/rsmaxwell/diaries/responder/health/JpaDatabaseHealthProbe.java,b04f461a4218ed9d933c14d3b93f3c783bf2b27ab0184893a90624b4cb0e37eb
diaries-responder/src/main/java/com/rsmaxwell/diaries/responder/health/MqttRpcHealthCheckClient.java,a247f20855b4dd868af0b1293c9042e12a1d69e8969dc49a9aa3c4125caeb2f7
diaries-responder/src/main/java/com/rsmaxwell/diaries/responder/health/ResponderHealthCheck.java,8a874ebf0e834ebc158e9684f109700311e76db588c1d36b2290b706b6c75b03
diaries-responder/src/main/java/com/rsmaxwell/diaries/responder/migration/migration0022/LegacyImageDetector.java,43621f3d85eba85e3aeaf14b9ce3461a44034e526d33421dee0854c3b5a03f6b
diaries-responder/src/main/java/com/rsmaxwell/diaries/responder/migration/migration0022/Migration0022Inventory.java,58d3826ebcfea18844658f14aa7ada5ee51d2b719422dc73998eb60dcd2bcac3
diaries-responder/src/main/java/com/rsmaxwell/diaries/responder/migration/migration0024/CandidateCrossReference.java,74ee5710192eda3d930ce1b60f26ba919e0f150e2ed864bffbd67007ee375bd7
diaries-responder/src/main/java/com/rsmaxwell/diaries/responder/migration/migration0024/CatalogueStore.java,82fbc898b38d432a0a50fd687e1594f38f0a381db81a9682cfa72cc9391ae23a
diaries-responder/src/main/java/com/rsmaxwell/diaries/responder/migration/migration0024/EvidenceCsv.java,12ea778d748f922219399bf3cce6b823db783308737f187120357b4093c38022
diaries-responder/src/main/java/com/rsmaxwell/diaries/responder/migration/migration0024/ImageReconciler.java,0e54ec502963e0e004eb3e5f18d64071e3e3061e7bbff753a0b36eff9ba8a97a
diaries-responder/src/main/java/com/rsmaxwell/diaries/responder/migration/migration0024/Migration0024ImageCatalogue.java,deeb106f9aae93ae8111d49b4c865e80037b34de58de5bcce820dadad4089b01
diaries-responder/src/main/java/com/rsmaxwell/diaries/responder/model/Base.java,5320b15c6c13cec0446f59282f14ac2ba7779eb751a32bf10fd81b0eea2d1372
diaries-responder/src/main/java/com/rsmaxwell/diaries/responder/model/Diary.java,01fd31874fb3e8b17631d6ddd87aa86f0562cad395b3ab30552fa84ee9457076
diaries-responder/src/main/java/com/rsmaxwell/diaries/responder/model/Fragment.java,603d0b3875abf476a89ee88c25a84922114e1dd537c79305358c9313039d8b08
diaries-responder/src/main/java/com/rsmaxwell/diaries/responder/model/FragmentType.java,c6b5bfef8b1d054a52cd353648911471489f05e201cf3a0f9d410e7fcffe0a45
diaries-responder/src/main/java/com/rsmaxwell/diaries/responder/model/Image.java,3600ec7be8812f80283b80faf205c87fae9d606066442814f9195d2cac2bb963
diaries-responder/src/main/java/com/rsmaxwell/diaries/responder/model/LockInfo.java,4d3d343beffe9a36a64b675cb759151723a1b4f7b91a9baa265fbbff841d4f04
diaries-responder/src/main/java/com/rsmaxwell/diaries/responder/model/Marquee.java,54bdb44413ea1488f1c0c04e9cea066944ae9cd519b2d215fad20e963a8be866
diaries-responder/src/main/java/com/rsmaxwell/diaries/responder/model/Page.java,464be4002572246438626d87cd11182f76b9879882db838d716ef986e6277bc8
diaries-responder/src/main/java/com/rsmaxwell/diaries/responder/model/Person.java,fb4f258c0339c835c826cc299a408bf735235716a7c36397b4b222aa44208626
diaries-responder/src/main/java/com/rsmaxwell/diaries/responder/model/Role.java,d551d0e9d0e50c1f4ae1564cfb11123d18b6bbb3f0dc3cbf0711976bc0f2a16e
diaries-responder/src/main/java/com/rsmaxwell/diaries/responder/model/UserStatus.java,7e2c5903ba6862d36c17b7e38498b36b7c3e9e52a44c517977b6786a2abac566
diaries-responder/src/main/java/com/rsmaxwell/diaries/responder/repository/CrudRepository.java,c97813fac4b12df8a5ff3b45caac4df0d8b61c9c392b343a5ef322c3faf0a5f2
diaries-responder/src/main/java/com/rsmaxwell/diaries/responder/repository/DiaryRepository.java,5028032d344561fa57ee9b62330f8ee98c52ebf572d497c3647bc94189285288
diaries-responder/src/main/java/com/rsmaxwell/diaries/responder/repository/FragmentRepository.java,d54571ce132a6eadeab4869e14ebc377507f50f80484ca8f9de317404a90751b
diaries-responder/src/main/java/com/rsmaxwell/diaries/responder/repository/ImageRepository.java,86e71397c723481e59b28d3ed5aabe91df57a551f93ba661b172c23c8614531d
diaries-responder/src/main/java/com/rsmaxwell/diaries/responder/repository/MarqueeRepository.java,4dd1a340f17545efb7e53b2bdaa51d4d8314adcce45ea04b2993116401c7ce83
diaries-responder/src/main/java/com/rsmaxwell/diaries/responder/repository/PageRepository.java,54e83e5620ad6199fb1786d90642555aeeab717898b1a0a77c1f7c3d729add82
diaries-responder/src/main/java/com/rsmaxwell/diaries/responder/repository/PersonRepository.java,805c800ce49a377f1a7a1c438e6fd7634cec1c21e45c549bbe7a74607eddb9a2
diaries-responder/src/main/java/com/rsmaxwell/diaries/responder/repositoryImpl/AbstractCrudRepository.java,58cf857c193f8b3ebf0f8b4337451455e4c26bfa7c7a0641a85cc0be78de335e
diaries-responder/src/main/java/com/rsmaxwell/diaries/responder/repositoryImpl/DiaryRepositoryImpl.java,382ccc9ccc7eefb9a219b174262154e6fa5d13464d3bb8daed10fdeb5d4a322b
diaries-responder/src/main/java/com/rsmaxwell/diaries/responder/repositoryImpl/FragmentRepositoryImpl.java,9ce0cc878e0bbe8f36af00884f33cd8943169c0868f03106b558b3a6ca4098f0
diaries-responder/src/main/java/com/rsmaxwell/diaries/responder/repositoryImpl/ImageRepositoryImpl.java,1e2b57391ae011881b7650c06038793a4763058f5268831912a18945bc1ac455
diaries-responder/src/main/java/com/rsmaxwell/diaries/responder/repositoryImpl/MarqueeRepositoryImpl.java,fb21a06b2ae69febc5af92e6579fac2d64efd814f0cf1b3ba25ba076176cfe1c
diaries-responder/src/main/java/com/rsmaxwell/diaries/responder/repositoryImpl/PageRepositoryImpl.java,0a39949ff474ad24aab416eb492e40537a82d7984ed46501e875b4eee6fb42da
diaries-responder/src/main/java/com/rsmaxwell/diaries/responder/repositoryImpl/PersonRepositoryImpl.java,b6b28e5cc0ac142028a0f52cd13d05c921078444f6fad5e6afd7ab3049fecdf0
diaries-responder/src/main/java/com/rsmaxwell/diaries/responder/Responder.java,d647a01b5fe24409a993b2dbbe18d4da287559f9bef704fda16d0d20b1b48aa1
diaries-responder/src/main/java/com/rsmaxwell/diaries/responder/response/RefreshTokenReply.java,e6960d76ae50c4d81f192cb7f44fac6255169b88cc709d3c003e619d450e5ce6
diaries-responder/src/main/java/com/rsmaxwell/diaries/responder/response/SigninReply.java,07b097538ff58e2c0eecfd251cd982e2035768c07ea7e6e0030eaeacd0129adb
diaries-responder/src/main/java/com/rsmaxwell/diaries/responder/sync/Synchronise.java,ee2f01247b48374761de65ff66d6352a1ac19dec4e17d25ff481b49caeb72de9
diaries-responder/src/main/java/com/rsmaxwell/diaries/responder/sync/SynchroniseCallback.java,339336e32e5f96054a5ae2598bb23e29294cde008c7542ca0dc75c5a27fd8794
diaries-responder/src/main/java/com/rsmaxwell/diaries/responder/SyncroniseDatabase.java,39aaaefe65549b3cc42699ba52be96c1001ca3e92ad57668fc32c3a210de2423
diaries-responder/src/main/java/com/rsmaxwell/diaries/responder/template/ImageInfo.java,fb4b180e216311397abbd90e39b269e89d467be57d36f7fca13ea44de95426a0
diaries-responder/src/main/java/com/rsmaxwell/diaries/responder/utilities/Authorization.java,959a34b79477e147cf454e70ca457c369f0e625d1fa5cc5e3efd6ab7bf68591b
diaries-responder/src/main/java/com/rsmaxwell/diaries/responder/utilities/ConflictException.java,8c7274c7c8183922ef88c8932fb1d963c4bda5763df7d3d805c88704db2329fa
diaries-responder/src/main/java/com/rsmaxwell/diaries/responder/utilities/DiaryContext.java,967a26714df641f71f77f7dae2bc2232f8635fbd4dc95a1fae280e2d197d0a84
diaries-responder/src/main/java/com/rsmaxwell/diaries/responder/utilities/Field.java,b1cfbf59c81cec04b4d17748c95f00c670136226ec6c137e4021760dbe865b30
diaries-responder/src/main/java/com/rsmaxwell/diaries/responder/utilities/FragmentLocking.java,e48cb56556af689c5df8e8485c271f3351846dfc040f1ea9e2ee34cf7f18e42b
diaries-responder/src/main/java/com/rsmaxwell/diaries/responder/utilities/FragmentSequenceNormaliser.java,3db0f394225c891a4a4223ed5228363d99b542595670048bdb9b4d5b0bc1c773
diaries-responder/src/main/java/com/rsmaxwell/diaries/responder/utilities/GetEntityManager.java,600bb6ce61bc2efc851c539d08659b4a2b6d24dcb88e6edc8c8edaf0f483aa77
diaries-responder/src/main/java/com/rsmaxwell/diaries/responder/utilities/ImageCatalogueService.java,afb5dfca23c0ea0a0ef1d2b8c4e84ada98dc32620b7ea23a64ac92e484843961
diaries-responder/src/main/java/com/rsmaxwell/diaries/responder/utilities/ImageFragmentMessageHandler.java,f541f28c562a2e5f626b3fcd2dff5e3479b2a8ff6a47029c1065b5ae7a7a0e46
diaries-responder/src/main/java/com/rsmaxwell/diaries/responder/utilities/ImageFragmentWritePolicy.java,4ac449f847ecbd8aac0e00fc78f0d75bfc5ff324bfbb2e5e295dfb8e45fa6a9a
diaries-responder/src/main/java/com/rsmaxwell/diaries/responder/utilities/ImageItem.java,e7f6afa561af31b239d156755b6d05da1742f9b71034b7b17ffd208576c58000
diaries-responder/src/main/java/com/rsmaxwell/diaries/responder/utilities/ImageMetadataInspector.java,338c81e7475140f894229f528f91d87c8e3a7d22586c0e440bc4db4ca49a35fd
diaries-responder/src/main/java/com/rsmaxwell/diaries/responder/utilities/ImagePathPolicy.java,2ad518d57a23ef30421a12621c9bd4db1fe929b6e4aa3df7537a04c802184fe0
diaries-responder/src/main/java/com/rsmaxwell/diaries/responder/utilities/InspectedImage.java,f5ef8180d5b260df47e6a524e79515e0f50c832a192448b7964c3f7361ee021b
diaries-responder/src/main/java/com/rsmaxwell/diaries/responder/utilities/MqttCallbackAdapter.java,12c76b2adf50cd6eaa23f1cb1d4402a655facfc75ea81c4a05a2bb18bab5ef85
diaries-responder/src/main/java/com/rsmaxwell/diaries/responder/utilities/MyField.java,f9bfa8234ed40f98c45d54fbf715647aa2f9b6d4cfd1d5c455c1e1f774d16c3f
diaries-responder/src/main/java/com/rsmaxwell/diaries/responder/utilities/MyFileUtilities.java,984d81e9ecb845058e04c06d975a7d74834f5f52202b1766b164f36f29d7d349
diaries-responder/src/main/java/com/rsmaxwell/diaries/responder/utilities/MyGeneralUtilities.java,e4e879b41d4180329ac2bdf1de6dc2f9551029792c3efa40ca6fd2b3dfee5c8f
diaries-responder/src/main/java/com/rsmaxwell/diaries/responder/utilities/MyImageUtilities.java,f6d594230bf6e35023eb8c4d00d538ba4aa14c64ea8f0cddee17161b460552fc
diaries-responder/src/main/java/com/rsmaxwell/diaries/responder/utilities/MyMessageHandler.java,a6156cde7c0f2a9e5a78bb68a6fba37a247354b8dbbce54da6c1af8cda6d9ca2
diaries-responder/src/main/java/com/rsmaxwell/diaries/responder/utilities/Pair.java,12b65bf729313346f729508857bfd4cb7de92b87f0dc8ff2302be88aec9df9cc
diaries-responder/src/main/java/com/rsmaxwell/diaries/responder/utilities/PersistenceUnitInfoImpl.java,2571c822d3d55a809d2aaffde2857c0be2220c316a3d01d7d73ee546fa1e36a7
diaries-responder/src/main/java/com/rsmaxwell/diaries/responder/utilities/Rectangle.java,978e93ff8174cac94f6a0cfbb310a434a5d5e995a6ca1eee01af2ab2e5e04832
diaries-responder/src/main/java/com/rsmaxwell/diaries/responder/utilities/ResolvedFragmentState.java,640ec809bf7c16102026dd9aa6ecc12b4e9c8c9bf28e348552f357578d85f6cd
diaries-responder/src/main/java/com/rsmaxwell/diaries/responder/utilities/ResolvedUpload.java,3f18b749c99d04d872137e09b9c97ca60667e706aecf09c2cbe33ca2208eea30
diaries-responder/src/main/java/com/rsmaxwell/diaries/responder/utilities/SequenceNumber.java,d4cb3d5130319fb591636238f25c58c82970ee980f04275461eaecdd56b887c7
diaries-responder/src/main/java/com/rsmaxwell/diaries/responder/utilities/SqlBuilder.java,b23e60833804ee2af656a2093dc0defaff8e300141ed19b4945691ac6a93a67b
diaries-responder/src/main/java/com/rsmaxwell/diaries/responder/utilities/TriFunction.java,58381d1998b8b813bdc4d54b10bd7f16cf75d7cf99b23ff18a90d2d05b55df5e
diaries-responder/src/main/java/com/rsmaxwell/diaries/responder/utilities/WhereBuilder.java,20a45ec41d261e6ec667e28bf6695de3d72be69346fbf35b746b21da10b2b227
diaries-responder/src/main/resources/com/rsmaxwell/diaries/response/image.svg,65ed524071a83231ae89993d0ac7847892c222e6615ffb47aa39d29529f594d7
diaries-responder/src/main/resources/log4j2.xml,21aeca523475e2d7c2c3cea86cce2e4c9beb79f823caf31b38269f685245377a
diaries-responder/src/main/resources/META-INF/persistence.xml,f612bdb6def02a3595a30e0a4927573cf97bed5b1bde434c17ec7e133c26c6a8
diaries-responder/src/test/java/com/rsmaxwell/diaries/responder/config/ImageFragmentGateConfigTest.java,3aa664e9c01fe21662e6bc44b06e480c04d9a422f47e90761e1aa9f2c2802345
diaries-responder/src/test/java/com/rsmaxwell/diaries/responder/dto/ImageDtoTest.java,e4dde780f5fd45d6a38ba748ceabee7c4b22c532e125bd6b28f939cab1ad670c
diaries-responder/src/test/java/com/rsmaxwell/diaries/responder/dto/ListFilesResponseTest.java,be9781ffd2daf8dc27dab66fdc33da79481615eadbb50543a8a3dd277ca17868
diaries-responder/src/test/java/com/rsmaxwell/diaries/responder/dto/RetainedStateDtoContractTest.java,3e30f7c5ec62818f2b8f10ddffcb0d910f86bc2646e79445641cbb3379e7b227
diaries-responder/src/test/java/com/rsmaxwell/diaries/responder/EmailAddressFieldTest.java,e753cf9df5278f1f53b96b66a729e6fc0360a3069db8520816a56bb7296e6159
diaries-responder/src/test/java/com/rsmaxwell/diaries/responder/handlers/AddFragmentContractTest.java,d243d9c460b91a463912a1eadf2a5b1fa5007ae15c971d83fffbe62c340ba52e
diaries-responder/src/test/java/com/rsmaxwell/diaries/responder/handlers/AddImageFragmentTest.java,f15ece02576aeef52fb6b49623e1e41b4525189a4ef9da0043b43447b556f055
diaries-responder/src/test/java/com/rsmaxwell/diaries/responder/handlers/AuthenticationHandlerTest.java,1e1d33c6295814f647892c63a15ca706942f6caddc4ef68c8b8592926d444f65
diaries-responder/src/test/java/com/rsmaxwell/diaries/responder/handlers/DeleteCatalogueTest.java,a28e74ee7494aea7d5fa2b6aeb42b2c50b9eccfc862e52b4cd99bb09ea2e8b23
diaries-responder/src/test/java/com/rsmaxwell/diaries/responder/handlers/DeleteImageTest.java,5f61cba314052f0bbc3c54a2046ded50bc2be78844a5042f5e5b05a6d9f750fc
diaries-responder/src/test/java/com/rsmaxwell/diaries/responder/handlers/FragmentLifecycleContractTest.java,ea47b647868be4d45e33c70b4a5025c2ad59aa8193495d0f9032c98a97f5fa9d
diaries-responder/src/test/java/com/rsmaxwell/diaries/responder/handlers/HealthTest.java,875818fdb6afe0c6bb51a75e5665cc77c909fdeb842018eb1daadc6b3a400064
diaries-responder/src/test/java/com/rsmaxwell/diaries/responder/handlers/UpdateFragmentImageTest.java,2c67bc6940b0581bd5a7287530e809657d087f360289a8c979ffaec97ef80d3e
diaries-responder/src/test/java/com/rsmaxwell/diaries/responder/handlers/UploadStagingTest.java,5db54a3de7376a031e6b1e1f32d6772b6ea221c830e5dc349cfdcf49e5789ca2
diaries-responder/src/test/java/com/rsmaxwell/diaries/responder/health/MqttRpcHealthCheckClientTest.java,a0483c410ee476f727d8b8bf1352a5bb08684046fe8bd6a526b62343b4efb5e5
diaries-responder/src/test/java/com/rsmaxwell/diaries/responder/health/ResponderHealthCheckTest.java,c912d4bc66d3cb17016ec852485807da139c3f78ddd06af26562087fecb9de01
diaries-responder/src/test/java/com/rsmaxwell/diaries/responder/ImageDeletionBrowserFixture.java,ec3e59afc807e5eedd59a699acf4a2c0c3b94addfdc920ed5958e9642759e19b
diaries-responder/src/test/java/com/rsmaxwell/diaries/responder/ImageWiringIntegrationTest.java,1baf81e903e5509ab4ccbeb99b6efd208abdca4fe690655716eda7dfbb48776b
diaries-responder/src/test/java/com/rsmaxwell/diaries/responder/migration/migration0022/LegacyImageDetectorTest.java,70fbc6a6278379da910fcd57987dcd1b631fc2d8eafed46f0ef424accdcdd557
diaries-responder/src/test/java/com/rsmaxwell/diaries/responder/migration/migration0022/Migration0022InventoryTest.java,fb4343199932fe91efc512f187c348dd73e492c5f9c140b27faa9e2e7bf29088
diaries-responder/src/test/java/com/rsmaxwell/diaries/responder/migration/migration0024/ImageReconcilerTest.java,2fd81cbf7231d47e8d6f32b321d902f3a74b878d69a826d534b0187cd583e123
diaries-responder/src/test/java/com/rsmaxwell/diaries/responder/migration/migration0024/ImageReconciliationIntegrationTest.java,7fc72895259ed6119a54e822592106fc6d4ace77a9cfcba94f55379575d7da98
diaries-responder/src/test/java/com/rsmaxwell/diaries/responder/PhoneNumberFieldTest.java,c3a07690b039298dcb0a7fd3e587c90151a1d2d4ef18291359cad945d06ae4aa
diaries-responder/src/test/java/com/rsmaxwell/diaries/responder/repositoryImpl/FragmentRepositoryImplTest.java,3c661caf8810b4014ce9366fb93e1993617279e5434b54fd62462b21d2c127cb
diaries-responder/src/test/java/com/rsmaxwell/diaries/responder/repositoryImpl/ImageRepositoryIntegrationTest.java,c0bf7110d74eb6409498eeafdd42ab83ca87c7c6c18803956bd87df9b880f287
diaries-responder/src/test/java/com/rsmaxwell/diaries/responder/RepositoryTest.java,f15b6825a75d2fc37de8b39d1d96a77c50338e929066b3e0bb88c0ba995a243f
diaries-responder/src/test/java/com/rsmaxwell/diaries/responder/StagingHttpTest.java,9cb4bca78857fb359b0516242c0b78a85046c4b3b4e29ad8ce7f0e604d90720a
diaries-responder/src/test/java/com/rsmaxwell/diaries/responder/sync/ImageCatalogueMqttIntegrationTest.java,cb830fc5077a30e5cd2bcc121bd8cef2a1c6ac1e25b476dddad54191b87fb880
diaries-responder/src/test/java/com/rsmaxwell/diaries/responder/sync/SynchroniseCallbackTest.java,40c3c672df7c3408f8878931f55d331cc02cf28ca9fb12030fe9df447fbcb2f6
diaries-responder/src/test/java/com/rsmaxwell/diaries/responder/utilities/AuthorizationTest.java,226bce5c56b99a9aca0fe5e6b75defd97deb3b5baefbfb94b8cfc2359cfe40dd
diaries-responder/src/test/java/com/rsmaxwell/diaries/responder/utilities/DiaryContextImageTest.java,7a6745a1e3193367e7e4851df462060c2029726f01d5874165feb60c43bb97a1
diaries-responder/src/test/java/com/rsmaxwell/diaries/responder/utilities/DiaryContextTest.java,aeff7ac6f9a4a1f1dff505e37a33f8bfb3b85d08e9d0f53308ba9ecf072cc19a
diaries-responder/src/test/java/com/rsmaxwell/diaries/responder/utilities/FragmentSequenceNormaliserTest.java,6823344e1cc68d36509705b36d4b842efdbf69e9c9116d66d02a03f2a5473257
diaries-responder/src/test/java/com/rsmaxwell/diaries/responder/utilities/ImageCatalogueDeletionTest.java,72455f1336743ff4583a25e04df4e2ea9815c5cbbdd0a456f748a71562c94d14
diaries-responder/src/test/java/com/rsmaxwell/diaries/responder/utilities/ImageCatalogueServiceTest.java,c50bb8a6597839f427c6231834a203e103047c35831ad61a6c98bbc62844205c
diaries-responder/src/test/java/com/rsmaxwell/diaries/responder/utilities/ImageDeletionConcurrencyTest.java,70fc052e67ca931cee5595c1b4f11a064c9497bbb1d7a7d6f2c8f8ed036bd7cb
diaries-responder/src/test/java/com/rsmaxwell/diaries/responder/utilities/ImageFragmentMessageHandlerTest.java,d57d4c3885587b60850232842785353021825b65c4a08a6ae803a0bb98dd0171
diaries-responder/src/test/java/com/rsmaxwell/diaries/responder/utilities/ImageMetadataInspectorTest.java,cd50ed23ffb09e227745f21c309cec780850456a825fb86bbc6f625102e5c881
diaries-responder/src/test/java/com/rsmaxwell/diaries/responder/utilities/ImagePathPolicyTest.java,3d64182e6173fde3463b16eb805fa321557742dbccd01734b7fc6b6e0727a00c
diaries-responder/src/test/java/com/rsmaxwell/diaries/responder/utilities/ResolvedFragmentStateTest.java,e404f5ce38c55fbb5b3caaedaf5bd52185be7148eca8a9725b173b945c505c84
diaries-responder/src/test/resources/.gitkeep,e3b0c44298fc1c149afbf4c8996fb92427ae41e4649b934ca495991b7852b855
diaries-responder/src/test/resources/image-inspection/animated.gif,3c48e8cae6350d76b7271d496278afc1dd3b2bc9ce21bbc81007953a661d2011
diaries-responder/src/test/resources/image-inspection/animated.webp,23999a44d5ceebaabc5097b06e4e3d91401a61b286bb245475af5747d8e6b95c
diaries-responder/src/test/resources/image-inspection/generate.py,35e48668d9e0005649de3b1a24df32f781f8ecce6832939649e88287f3e29dea
diaries-responder/src/test/resources/image-inspection/lossless.webp,b6c85439a8ccd195444ee578a43366170712b108d4920a2a1d2b18c303f03233
diaries-responder/src/test/resources/image-inspection/PackagedInspectionProbe.java,fe3808e0bcca432a496b7043a89e22b70fb9914d841242e957891712726dd680
diaries-responder/src/test/resources/image-inspection/sample.gif,7a62da97a409448ad6a06304bbcb5c61f8c09e3e77b3118b6c8ab9059e1faa8b
diaries-responder/src/test/resources/image-inspection/sample.jpg,2f7063169dfe2a314a188c41e9f657fc277b004a4ad8a327a23d57dd45e6e182
diaries-responder/src/test/resources/image-inspection/sample.png,c058bd573b19d4bfc140c95a103f51fb4ded20bc81ca619d4fd965d93a9a86bb
diaries-responder/src/test/resources/image-inspection/sample.webp,feb9a48a8d4b562b78ae5da3bbb08caedf0e36fa55fb436e46285996bcddec9f
diaries-client/.angular/cache/20.0.1/diaries-client/vite/deps/package.json,3ca9d4afd21425087cf31893b8f9f63c81b0b8408db5e343ca76e5f8aa26ab9a
diaries-client/.angular/cache/20.0.1/diaries-client/vite/deps_ssr/package.json,3ca9d4afd21425087cf31893b8f9f63c81b0b8408db5e343ca76e5f8aa26ab9a
diaries-client/node_modules/@ampproject/remapping/package.json,d7adce7c898a226d04cce02982864a724ba2a710efd5a0e42a3da49dcec84f5a
diaries-client/node_modules/@angular/animations/package.json,67707bccbd61fc1d26191fb40e5c614082c5c5b0decd0161010c6d8393c707d6
diaries-client/node_modules/@angular/build/node_modules/@babel/core/node_modules/semver/package.json,aa906c5bf8a2fa68683cae07d18553ae2538ed0d5a567911980b2ef25ee8b9ba
diaries-client/node_modules/@angular/build/node_modules/@babel/core/package.json,c74e3ac62c3af7759a2f79968de868c2c1841df8f91a93dfffde0753f98175c5
diaries-client/node_modules/@angular/build/node_modules/convert-source-map/package.json,e6bf802e6ee220d66321808ce3d619fbb85ff4d5729ea4f649bd65dfe9ee8956
diaries-client/node_modules/@angular/build/node_modules/semver/package.json,bf2e091359d5870257cc8287a268e001bfb39abf19275f382276efe3c7785a4f
diaries-client/node_modules/@angular/build/package.json,97434781668d80ecbb2eec6c309379af9223d6d6d31dd55f64bde91ccdcf6b9d
diaries-client/node_modules/@angular/cdk/node_modules/entities/dist/commonjs/package.json,8005a3491db7d92f36ac66369861589f9c47123d3a7c71e643fc2c06168cd45a
diaries-client/node_modules/@angular/cdk/node_modules/entities/dist/esm/package.json,3ca9d4afd21425087cf31893b8f9f63c81b0b8408db5e343ca76e5f8aa26ab9a
diaries-client/node_modules/@angular/cdk/node_modules/entities/package.json,2b110e5a5a7a7bcbc843b885105a952630299cb1a7817b4b321d69479cfa7086
diaries-client/node_modules/@angular/cdk/node_modules/parse5/package.json,ad2835ecc47a4f9aeac96601682e91aac7375d2359ac758213c8d3bf1a155a87
diaries-client/node_modules/@angular/cdk/package.json,7e8a1cb62bdf77be5c0bb051ff830768e06809e3976261a8607cf492f046171e
diaries-client/node_modules/@angular/cdk/schematics/package.json,8005a3491db7d92f36ac66369861589f9c47123d3a7c71e643fc2c06168cd45a
diaries-client/node_modules/@angular/cli/bin/package.json,8005a3491db7d92f36ac66369861589f9c47123d3a7c71e643fc2c06168cd45a
diaries-client/node_modules/@angular/cli/node_modules/@angular-devkit/core/package.json,7f6ff3ac06e5d7f11420dd8b44d91436f91e3d0187f9a69b8841b659d4e0dbdc
diaries-client/node_modules/@angular/cli/node_modules/chokidar/esm/package.json,2ce1adbdeda823b44d6f39dc05828240810979ba1314dace973096d1df1a799f
diaries-client/node_modules/@angular/cli/node_modules/chokidar/package.json,4764fed21a281c69d98e06b4c3e7c22a8936069ed2d320330d9831d8a8bddd5a
diaries-client/node_modules/@angular/cli/node_modules/readdirp/esm/package.json,2ce1adbdeda823b44d6f39dc05828240810979ba1314dace973096d1df1a799f
diaries-client/node_modules/@angular/cli/node_modules/readdirp/package.json,9869f6d7ed7a299100bf6f87263f442092bba77c2ef55d8d8f418fd634cf9aac
diaries-client/node_modules/@angular/cli/node_modules/semver/package.json,bf2e091359d5870257cc8287a268e001bfb39abf19275f382276efe3c7785a4f
diaries-client/node_modules/@angular/cli/node_modules/source-map/package.json,716e73d6e55adc2e830d3784b897ece1806cb1c7ab91cd2e1d46a669b13b0592
diaries-client/node_modules/@angular/cli/package.json,be80cb79db5bd8cd502aa0e5bf1aeee43a227e26acb6cefc7efa9268201f8f7c
diaries-client/node_modules/@angular/common/package.json,df784400512f3264eb63b077af35fcb7fba740b7d86407f40a881fc598817674
diaries-client/node_modules/@angular/compiler/package.json,9551983bb4782d9363b04f287e80f36414abbde806f74993ff73486ab0da8fea
diaries-client/node_modules/@angular/compiler-cli/node_modules/ansi-regex/package.json,812dcfa3e1e50741dc28d4f22845c4df1c2464249c90fd883c59d1d44fca0720
diaries-client/node_modules/@angular/compiler-cli/node_modules/chokidar/esm/package.json,2ce1adbdeda823b44d6f39dc05828240810979ba1314dace973096d1df1a799f
diaries-client/node_modules/@angular/compiler-cli/node_modules/chokidar/package.json,4764fed21a281c69d98e06b4c3e7c22a8936069ed2d320330d9831d8a8bddd5a
diaries-client/node_modules/@angular/compiler-cli/node_modules/cliui/package.json,305c7580ded81b1a9bfc3417e8c257692b4c2e54a66e67deb1b8f61f197aee9e
diaries-client/node_modules/@angular/compiler-cli/node_modules/readdirp/esm/package.json,2ce1adbdeda823b44d6f39dc05828240810979ba1314dace973096d1df1a799f
diaries-client/node_modules/@angular/compiler-cli/node_modules/readdirp/package.json,9869f6d7ed7a299100bf6f87263f442092bba77c2ef55d8d8f418fd634cf9aac
diaries-client/node_modules/@angular/compiler-cli/node_modules/strip-ansi/package.json,01cee5e384d1e26843021c1f91bc05ed009e14c2d31c01349a374e64d3416e7d
diaries-client/node_modules/@angular/compiler-cli/node_modules/wrap-ansi/package.json,b705a82edf145b6b2f19947c538e8618c991fd1e4fe75d294993411c12e5e3a6
diaries-client/node_modules/@angular/compiler-cli/node_modules/yargs/helpers/package.json,8005a3491db7d92f36ac66369861589f9c47123d3a7c71e643fc2c06168cd45a
diaries-client/node_modules/@angular/compiler-cli/node_modules/yargs/package.json,fce65d8f6202a830f1eb543d76a55405b41eb708aca01027e32451cc014ebfb2
diaries-client/node_modules/@angular/compiler-cli/node_modules/yargs-parser/package.json,9c78a4d2d78a3d1b9f5cbd9f99b8d695b02e2d8f06cc22667cf798c8c11c8204
diaries-client/node_modules/@angular/compiler-cli/package.json,2ab896fc7604cc47ac01a12a2ccf31fdbacb400771a8bce3e8f39c5671d00a48
diaries-client/node_modules/@angular/core/package.json,c4aeeafd8f66e5f65c1611f98daabb1c7474a5bab19176e6c0ea08cb56c19cc1
diaries-client/node_modules/@angular/forms/package.json,d310d3b534290db812d153eb28f8ab1d80e0db6edc5b32fcf6db982c538f3d3f
diaries-client/node_modules/@angular/material/package.json,0f0ee831d28735b1461aaabc6420804eb16ec81c9df7695d49556c369c6b5b14
diaries-client/node_modules/@angular/material/schematics/package.json,8005a3491db7d92f36ac66369861589f9c47123d3a7c71e643fc2c06168cd45a
diaries-client/node_modules/@angular/platform-browser/package.json,26baa5611bb257eac3a18329238d9ea2fb850a316b9a2b3a836c845e73276b60
diaries-client/node_modules/@angular/platform-browser-dynamic/package.json,4e11b8fc384474c9f891f5b3e36bc996be8e992261ba954ca910142c7523f951
diaries-client/node_modules/@angular/router/package.json,41b113dd6b8188e32d4054765b0fe97e93a93350407adee02352db382f20d421
diaries-client/node_modules/@angular-devkit/architect/node_modules/@angular-devkit/core/package.json,7f6ff3ac06e5d7f11420dd8b44d91436f91e3d0187f9a69b8841b659d4e0dbdc
diaries-client/node_modules/@angular-devkit/architect/node_modules/chokidar/esm/package.json,2ce1adbdeda823b44d6f39dc05828240810979ba1314dace973096d1df1a799f
diaries-client/node_modules/@angular-devkit/architect/node_modules/chokidar/package.json,4764fed21a281c69d98e06b4c3e7c22a8936069ed2d320330d9831d8a8bddd5a
diaries-client/node_modules/@angular-devkit/architect/node_modules/readdirp/esm/package.json,2ce1adbdeda823b44d6f39dc05828240810979ba1314dace973096d1df1a799f
diaries-client/node_modules/@angular-devkit/architect/node_modules/readdirp/package.json,9869f6d7ed7a299100bf6f87263f442092bba77c2ef55d8d8f418fd634cf9aac
diaries-client/node_modules/@angular-devkit/architect/node_modules/source-map/package.json,716e73d6e55adc2e830d3784b897ece1806cb1c7ab91cd2e1d46a669b13b0592
diaries-client/node_modules/@angular-devkit/architect/package.json,b257df790aa245fe8a836a5de2eacaed46c3e8b98681bd74d0986b95a12ae133
diaries-client/node_modules/@angular-devkit/schematics/node_modules/@angular-devkit/core/package.json,7f6ff3ac06e5d7f11420dd8b44d91436f91e3d0187f9a69b8841b659d4e0dbdc
diaries-client/node_modules/@angular-devkit/schematics/node_modules/chokidar/esm/package.json,2ce1adbdeda823b44d6f39dc05828240810979ba1314dace973096d1df1a799f
diaries-client/node_modules/@angular-devkit/schematics/node_modules/chokidar/package.json,4764fed21a281c69d98e06b4c3e7c22a8936069ed2d320330d9831d8a8bddd5a
diaries-client/node_modules/@angular-devkit/schematics/node_modules/readdirp/esm/package.json,2ce1adbdeda823b44d6f39dc05828240810979ba1314dace973096d1df1a799f
diaries-client/node_modules/@angular-devkit/schematics/node_modules/readdirp/package.json,9869f6d7ed7a299100bf6f87263f442092bba77c2ef55d8d8f418fd634cf9aac
diaries-client/node_modules/@angular-devkit/schematics/node_modules/source-map/package.json,716e73d6e55adc2e830d3784b897ece1806cb1c7ab91cd2e1d46a669b13b0592
diaries-client/node_modules/@angular-devkit/schematics/package.json,a834ed60be7e923623e5b5661165040e62ca11b723923fc8abcd2ebfde9340bb
diaries-client/node_modules/@angular-devkit/schematics/tasks/package.json,010ca8f5a8605008b2338345fd321f4b15b03c4a253dcc8ee10c2a723c464252
diaries-client/node_modules/@angular-devkit/schematics/testing/package.json,6f8f3ef5221d0978cac5bf377475a4dee12178995bc4bdbb49fc259d1d0805d7
diaries-client/node_modules/@angular-devkit/schematics/tools/package.json,82bfb01358b03775211c4a6575f96d12fde766cb5ac9964fbb3750e3a8bb9724
diaries-client/node_modules/@babel/code-frame/package.json,117f46086c27c4d27536bce67ad9e7f19d6aff76b34a483b39b3945e46a30796
diaries-client/node_modules/@babel/compat-data/package.json,b4ae037829f402711e835b484f69a737a5766e685d4704908aaf356359973fa3
diaries-client/node_modules/@babel/core/node_modules/@babel/generator/package.json,7090492989d96df2e6aeb88f99f49f157dc30506f35df9bb8312eb78a4ec55c9
diaries-client/node_modules/@babel/core/node_modules/convert-source-map/package.json,e6bf802e6ee220d66321808ce3d619fbb85ff4d5729ea4f649bd65dfe9ee8956
diaries-client/node_modules/@babel/core/node_modules/semver/package.json,aa906c5bf8a2fa68683cae07d18553ae2538ed0d5a567911980b2ef25ee8b9ba
diaries-client/node_modules/@babel/core/package.json,3bc0f9051fb29ec2c1d9b0b4b037d187ac6acb08d6376c45334ab3c8eb8a7b8e
diaries-client/node_modules/@babel/generator/package.json,063543463ed02fd4091f6115a7e30a4061273fd8c225855b695543be8101e5a0
diaries-client/node_modules/@babel/helper-annotate-as-pure/package.json,fcce85cfaefd585b2f54d405380ddf15b5ad957ac11fb7541b1b0b00c1bd198c
diaries-client/node_modules/@babel/helper-compilation-targets/node_modules/semver/package.json,aa906c5bf8a2fa68683cae07d18553ae2538ed0d5a567911980b2ef25ee8b9ba
diaries-client/node_modules/@babel/helper-compilation-targets/package.json,5e733c5fc38111897025c8997ca5a7f861c64fa8c9a1a87f9224bba65dc6838a
diaries-client/node_modules/@babel/helper-module-imports/package.json,a8427d0e9f92f6ffe278c5ac4e96bd92e5e1c3441b3615330bfbe3572d0e545e
diaries-client/node_modules/@babel/helper-module-transforms/package.json,2d34753a8b6ac988f4d5e26bdf3174ec968192d9a53e9dc4a930f0e743c7986a
diaries-client/node_modules/@babel/helper-split-export-declaration/package.json,7c952ee6becd8a228c2b07de51c729e405556d152a07c47130a6a4d43bddaef0
diaries-client/node_modules/@babel/helper-string-parser/package.json,2ed21f6ba1c3ad4b49e247fc9b6bc3274ac7160613879f4fd6e770a53d976d8f
diaries-client/node_modules/@babel/helper-validator-identifier/package.json,ab0032feec7f52c591cc58c4892f668277e777f924638dc944f55c9ca995bc0f
diaries-client/node_modules/@babel/helper-validator-option/package.json,ad08e3ee6278941db2124234397bd4e245c2abd0ecfdd95e4b4050bbecd1e904
diaries-client/node_modules/@babel/helpers/package.json,3dbb28f39dda2820f63e386043772d96b53c20d2755c8c94faa6ddd8d76a4d61
diaries-client/node_modules/@babel/parser/package.json,837e2932e42e52ea63fae969c69efb126f3e51d9923df5a5187f74bea9bf9511
diaries-client/node_modules/@babel/runtime/helpers/esm/package.json,d2aaf324399446516b42d82624be18adcd6465fddf100b7ba79f57323f63da52
diaries-client/node_modules/@babel/runtime/package.json,43317c5217897d7811d943b2f0a549041d0134a37cb9569a0088e256bb2cbb85
diaries-client/node_modules/@babel/template/package.json,8f45cece1afbf744ef0817a0a767f0292d021774a5ac74360e2209203878617a
diaries-client/node_modules/@babel/traverse/node_modules/@babel/generator/package.json,7090492989d96df2e6aeb88f99f49f157dc30506f35df9bb8312eb78a4ec55c9
diaries-client/node_modules/@babel/traverse/package.json,60353100d272e925a36ca276985321aedb4fc454313fcd7b503d2b0a0235ff49
diaries-client/node_modules/@babel/types/package.json,a7e7dcb4e50d7fee485fbfeb4a84180523b741974a0a85b1bda500ec9e938e70
diaries-client/node_modules/@colors/colors/package.json,fe58f1ce2ed2be1ecd7fce134676372eb4949e2ba0d7d91d41b8f34a988e9576
diaries-client/node_modules/@esbuild/win32-x64/package.json,6f5241e6d85a9753e1760a0bb97999ebd5e965003efa3f1de42223c3e1283b0b
diaries-client/node_modules/@inquirer/checkbox/dist/commonjs/package.json,8005a3491db7d92f36ac66369861589f9c47123d3a7c71e643fc2c06168cd45a
diaries-client/node_modules/@inquirer/checkbox/dist/esm/package.json,3ca9d4afd21425087cf31893b8f9f63c81b0b8408db5e343ca76e5f8aa26ab9a
diaries-client/node_modules/@inquirer/checkbox/package.json,6cdd46501f471e90d9d61b91a03ef64907a4ff597f11ae047d398607d9431009
diaries-client/node_modules/@inquirer/confirm/dist/commonjs/package.json,8005a3491db7d92f36ac66369861589f9c47123d3a7c71e643fc2c06168cd45a
diaries-client/node_modules/@inquirer/confirm/dist/esm/package.json,3ca9d4afd21425087cf31893b8f9f63c81b0b8408db5e343ca76e5f8aa26ab9a
diaries-client/node_modules/@inquirer/confirm/package.json,4a252ab38942a7a89a57f1b7bf3b9ae7088d448746a9c8903fe440024deca6ee
diaries-client/node_modules/@inquirer/core/dist/commonjs/package.json,8005a3491db7d92f36ac66369861589f9c47123d3a7c71e643fc2c06168cd45a
diaries-client/node_modules/@inquirer/core/dist/esm/package.json,3ca9d4afd21425087cf31893b8f9f63c81b0b8408db5e343ca76e5f8aa26ab9a
diaries-client/node_modules/@inquirer/core/package.json,4532764e29dba5cf61492e581fbba7d4b61ed6486ae09b0ebc955c8030d525a3
diaries-client/node_modules/@inquirer/editor/dist/commonjs/package.json,8005a3491db7d92f36ac66369861589f9c47123d3a7c71e643fc2c06168cd45a
diaries-client/node_modules/@inquirer/editor/dist/esm/package.json,3ca9d4afd21425087cf31893b8f9f63c81b0b8408db5e343ca76e5f8aa26ab9a
diaries-client/node_modules/@inquirer/editor/package.json,57fea45adcf429dec0b329952af1588bb47c6da37626d906e4d2911f00807582
diaries-client/node_modules/@inquirer/expand/dist/commonjs/package.json,8005a3491db7d92f36ac66369861589f9c47123d3a7c71e643fc2c06168cd45a
diaries-client/node_modules/@inquirer/expand/dist/esm/package.json,3ca9d4afd21425087cf31893b8f9f63c81b0b8408db5e343ca76e5f8aa26ab9a
diaries-client/node_modules/@inquirer/expand/package.json,ba7b18ca97230e02735a1eacf7f58742351c1ec0a8b599e19ef0f1f1056b3aa0
diaries-client/node_modules/@inquirer/figures/dist/commonjs/package.json,8005a3491db7d92f36ac66369861589f9c47123d3a7c71e643fc2c06168cd45a
diaries-client/node_modules/@inquirer/figures/dist/esm/package.json,3ca9d4afd21425087cf31893b8f9f63c81b0b8408db5e343ca76e5f8aa26ab9a
diaries-client/node_modules/@inquirer/figures/package.json,bcc945e36312f5c022472261282efff37530a8a7aadeaa6e60f8f4f7669847e1
diaries-client/node_modules/@inquirer/input/dist/commonjs/package.json,8005a3491db7d92f36ac66369861589f9c47123d3a7c71e643fc2c06168cd45a
diaries-client/node_modules/@inquirer/input/dist/esm/package.json,3ca9d4afd21425087cf31893b8f9f63c81b0b8408db5e343ca76e5f8aa26ab9a
diaries-client/node_modules/@inquirer/input/package.json,2321a1c1035c8eeb02b6979b39b8b039077026487fca3a858dcce3930e6610fa
diaries-client/node_modules/@inquirer/number/dist/commonjs/package.json,8005a3491db7d92f36ac66369861589f9c47123d3a7c71e643fc2c06168cd45a
diaries-client/node_modules/@inquirer/number/dist/esm/package.json,3ca9d4afd21425087cf31893b8f9f63c81b0b8408db5e343ca76e5f8aa26ab9a
diaries-client/node_modules/@inquirer/number/package.json,7d851255329e982e9d26db163b555cee3dc4a2a608228b313e126e62b192b088
diaries-client/node_modules/@inquirer/password/dist/commonjs/package.json,8005a3491db7d92f36ac66369861589f9c47123d3a7c71e643fc2c06168cd45a
diaries-client/node_modules/@inquirer/password/dist/esm/package.json,3ca9d4afd21425087cf31893b8f9f63c81b0b8408db5e343ca76e5f8aa26ab9a
diaries-client/node_modules/@inquirer/password/package.json,f33b7794667c79833c40c9e29284c2ee6215248cefd924efd4792dbadfd97c87
diaries-client/node_modules/@inquirer/prompts/dist/commonjs/package.json,8005a3491db7d92f36ac66369861589f9c47123d3a7c71e643fc2c06168cd45a
diaries-client/node_modules/@inquirer/prompts/dist/esm/package.json,3ca9d4afd21425087cf31893b8f9f63c81b0b8408db5e343ca76e5f8aa26ab9a
diaries-client/node_modules/@inquirer/prompts/package.json,fc9e58145a06761889ab5edc8f4432a2138200a9878efcf4441f18f4a9598f0e
diaries-client/node_modules/@inquirer/rawlist/dist/commonjs/package.json,8005a3491db7d92f36ac66369861589f9c47123d3a7c71e643fc2c06168cd45a
diaries-client/node_modules/@inquirer/rawlist/dist/esm/package.json,3ca9d4afd21425087cf31893b8f9f63c81b0b8408db5e343ca76e5f8aa26ab9a
diaries-client/node_modules/@inquirer/rawlist/package.json,1b600454d17464f25f41199cfae4a9e78d639642efeaa81f1a1790efc1967736
diaries-client/node_modules/@inquirer/search/dist/commonjs/package.json,8005a3491db7d92f36ac66369861589f9c47123d3a7c71e643fc2c06168cd45a
diaries-client/node_modules/@inquirer/search/dist/esm/package.json,3ca9d4afd21425087cf31893b8f9f63c81b0b8408db5e343ca76e5f8aa26ab9a
diaries-client/node_modules/@inquirer/search/package.json,9fd3a38793ed984190aaa59c7c846e70934a37434f003575e19f58258a05ae15
diaries-client/node_modules/@inquirer/select/dist/commonjs/package.json,8005a3491db7d92f36ac66369861589f9c47123d3a7c71e643fc2c06168cd45a
diaries-client/node_modules/@inquirer/select/dist/esm/package.json,3ca9d4afd21425087cf31893b8f9f63c81b0b8408db5e343ca76e5f8aa26ab9a
diaries-client/node_modules/@inquirer/select/package.json,8ed3ca85bfe6b20eab9b62d533adcd5085f86f33ab5a4da96e31cb7d42ba78d5
diaries-client/node_modules/@inquirer/type/dist/commonjs/package.json,8005a3491db7d92f36ac66369861589f9c47123d3a7c71e643fc2c06168cd45a
diaries-client/node_modules/@inquirer/type/dist/esm/package.json,3ca9d4afd21425087cf31893b8f9f63c81b0b8408db5e343ca76e5f8aa26ab9a
diaries-client/node_modules/@inquirer/type/package.json,2b8a6e8d08773a3ac82f97059f3f0bd0d74c658345d4136ff18c4e05b9ce2df0
diaries-client/node_modules/@isaacs/cliui/node_modules/ansi-regex/package.json,812dcfa3e1e50741dc28d4f22845c4df1c2464249c90fd883c59d1d44fca0720
diaries-client/node_modules/@isaacs/cliui/node_modules/emoji-regex/package.json,181fa046bdbb7d8958c57dcef2e63aea9af667036e218c7222479a8618375f1a
diaries-client/node_modules/@isaacs/cliui/node_modules/string-width/package.json,adbcb3b95ea29c1f2a91a0af600fd9136ce408a38622332848ba4630dc473659
diaries-client/node_modules/@isaacs/cliui/node_modules/strip-ansi/package.json,01cee5e384d1e26843021c1f91bc05ed009e14c2d31c01349a374e64d3416e7d
diaries-client/node_modules/@isaacs/cliui/node_modules/wrap-ansi/package.json,609dd6ab176847e57e799dba2e4c4ad355abe463ec67a5ab0dccec08b67e6761
diaries-client/node_modules/@isaacs/cliui/package.json,b4f9cc8d09602a487dea1c227ce24777cda87e2ad8a29ab9f741214ab78dc065
diaries-client/node_modules/@isaacs/fs-minipass/dist/commonjs/package.json,8005a3491db7d92f36ac66369861589f9c47123d3a7c71e643fc2c06168cd45a
diaries-client/node_modules/@isaacs/fs-minipass/dist/esm/package.json,3ca9d4afd21425087cf31893b8f9f63c81b0b8408db5e343ca76e5f8aa26ab9a
diaries-client/node_modules/@isaacs/fs-minipass/package.json,ab8c1c2bce664e4c76b1937fa1a28f00ca5231a70cf0c1f78dd473101a9d2a88
diaries-client/node_modules/@istanbuljs/schema/package.json,ce84623ca75a22b6f11f782527f3f5b06cc90e28309e60c43ab9d4f7e2611b36
diaries-client/node_modules/@jridgewell/gen-mapping/package.json,6841fac6da8fda27314a8cdb753f20dd8805d9eaee92c33da0cf956813fafe55
diaries-client/node_modules/@jridgewell/resolve-uri/package.json,0793e722ffe08f3b4f1862c4dc96d920a62d6811a3648b4feb02f06c63227e8b
diaries-client/node_modules/@jridgewell/set-array/package.json,e6322fcb32d5adc80ed8bc4b2f2fca0e8e49f74e1ce8d1078dd4b5db0efee1b0
diaries-client/node_modules/@jridgewell/source-map/package.json,a3b432458bd03110d5027f50f0ed57945f9c0bf31b24629ad78ac7517ef14dc3
diaries-client/node_modules/@jridgewell/sourcemap-codec/package.json,38628913cb25421ffff1eb47b530c72d67fe95ebc1daf52f4df632c345fd928e
diaries-client/node_modules/@jridgewell/trace-mapping/package.json,d091ff9a3597e7a8fd25559a5b61ca29b9def430c29a0b0b4d9b2d9cf9e92558
diaries-client/node_modules/@listr2/prompt-adapter-inquirer/node_modules/@inquirer/type/package.json,67ec509f5c22a86806ae0a4f3373a6708637e478bfcad9f9d9c631ee2e8244d4
diaries-client/node_modules/@listr2/prompt-adapter-inquirer/node_modules/mute-stream/package.json,900651d0be09675bef89932e088b9afd557b68c123d72855bf45dc48ff5f2712
diaries-client/node_modules/@listr2/prompt-adapter-inquirer/package.json,f7637169d90c94d36cb76c6b17c7da64ed29a9057ad423f2bdad10fd09aac114
diaries-client/node_modules/@lmdb/lmdb-win32-x64/package.json,821cd4056e8e0eb203e3054defea152ba31033b883a6191f0f4d757275a84af3
diaries-client/node_modules/@msgpackr-extract/msgpackr-extract-win32-x64/package.json,6d0ac08c66b9ba9f428bf78ddc1f08eb1a5bb477db35a102b16af19776d40127
diaries-client/node_modules/@napi-rs/nice/package.json,4a062c076fccb578b152277ff2559b3246dbe46bdd6c4fa8639cb8e4ef2b7ea6
diaries-client/node_modules/@napi-rs/nice-win32-x64-msvc/package.json,7709aeecd068be62272979f30dc4d59f76bc1d0896aad7e4a7b039b2dc652e24
diaries-client/node_modules/@npmcli/agent/node_modules/lru-cache/dist/commonjs/package.json,8005a3491db7d92f36ac66369861589f9c47123d3a7c71e643fc2c06168cd45a
diaries-client/node_modules/@npmcli/agent/node_modules/lru-cache/dist/esm/package.json,3ca9d4afd21425087cf31893b8f9f63c81b0b8408db5e343ca76e5f8aa26ab9a
diaries-client/node_modules/@npmcli/agent/node_modules/lru-cache/package.json,a7e05794a5dc81dfc79a0f186c5219f442f2f735b08a3e9b91aba59833badc2d
diaries-client/node_modules/@npmcli/agent/package.json,d67f4edf03680423c43434e3b28902feec2a136da2e85355034b174ba286828b
diaries-client/node_modules/@npmcli/fs/package.json,028cce261f1b1840efa893492a88911e0f4832e29b46ae0dd38eb6ba5ae85856
diaries-client/node_modules/@npmcli/git/node_modules/isexe/dist/cjs/package.json,8005a3491db7d92f36ac66369861589f9c47123d3a7c71e643fc2c06168cd45a
diaries-client/node_modules/@npmcli/git/node_modules/isexe/dist/mjs/package.json,3ca9d4afd21425087cf31893b8f9f63c81b0b8408db5e343ca76e5f8aa26ab9a
diaries-client/node_modules/@npmcli/git/node_modules/isexe/package.json,40b17c58e0324bd3311cc201cfe513054e6af10261f872c8873ae290d620d5c6
diaries-client/node_modules/@npmcli/git/node_modules/lru-cache/dist/commonjs/package.json,8005a3491db7d92f36ac66369861589f9c47123d3a7c71e643fc2c06168cd45a
diaries-client/node_modules/@npmcli/git/node_modules/lru-cache/dist/esm/package.json,3ca9d4afd21425087cf31893b8f9f63c81b0b8408db5e343ca76e5f8aa26ab9a
diaries-client/node_modules/@npmcli/git/node_modules/lru-cache/package.json,a7e05794a5dc81dfc79a0f186c5219f442f2f735b08a3e9b91aba59833badc2d
diaries-client/node_modules/@npmcli/git/node_modules/which/package.json,9f06638e5fcb977409c2181382492dd0d62885999e5739a8f285960d5a78906d
diaries-client/node_modules/@npmcli/git/package.json,2ad512c56d175e84a07d5d74c9f67081951cb4f070ff30c1442478a54e37cd4a
diaries-client/node_modules/@npmcli/installed-package-contents/package.json,d58b31861897438303facbf9707730089a3ff62adbbe52d0ae2017256b07c770
diaries-client/node_modules/@npmcli/node-gyp/package.json,dadfbd2c2a18e2dbda9292f19da081959a78ffab2fc30be80f6aaed77d05bafd
diaries-client/node_modules/@npmcli/package-json/node_modules/brace-expansion/package.json,4a9ae315ffc10674f4a71ea4465103e77426d86aeb2c23737607181f3f31344f
diaries-client/node_modules/@npmcli/package-json/node_modules/glob/dist/commonjs/package.json,8005a3491db7d92f36ac66369861589f9c47123d3a7c71e643fc2c06168cd45a
diaries-client/node_modules/@npmcli/package-json/node_modules/glob/dist/esm/package.json,3ca9d4afd21425087cf31893b8f9f63c81b0b8408db5e343ca76e5f8aa26ab9a
diaries-client/node_modules/@npmcli/package-json/node_modules/glob/package.json,16ee102fb72733130ec44c4636016d5b18c3039241b1be8f773e95427dac5131
diaries-client/node_modules/@npmcli/package-json/node_modules/minimatch/dist/commonjs/package.json,8005a3491db7d92f36ac66369861589f9c47123d3a7c71e643fc2c06168cd45a
diaries-client/node_modules/@npmcli/package-json/node_modules/minimatch/dist/esm/package.json,3ca9d4afd21425087cf31893b8f9f63c81b0b8408db5e343ca76e5f8aa26ab9a
diaries-client/node_modules/@npmcli/package-json/node_modules/minimatch/package.json,a10ab8ae3e75bfc4a70332c40d2a138ab1314e040edb84475610087206605e53
diaries-client/node_modules/@npmcli/package-json/package.json,06124bac42438c270f69ed32587406f5c3086c6a14f63b708a53e524010e1da5
diaries-client/node_modules/@npmcli/promise-spawn/node_modules/isexe/dist/cjs/package.json,8005a3491db7d92f36ac66369861589f9c47123d3a7c71e643fc2c06168cd45a
diaries-client/node_modules/@npmcli/promise-spawn/node_modules/isexe/dist/mjs/package.json,3ca9d4afd21425087cf31893b8f9f63c81b0b8408db5e343ca76e5f8aa26ab9a
diaries-client/node_modules/@npmcli/promise-spawn/node_modules/isexe/package.json,40b17c58e0324bd3311cc201cfe513054e6af10261f872c8873ae290d620d5c6
diaries-client/node_modules/@npmcli/promise-spawn/node_modules/which/package.json,9f06638e5fcb977409c2181382492dd0d62885999e5739a8f285960d5a78906d
diaries-client/node_modules/@npmcli/promise-spawn/package.json,2db5daa7aa66a6e54493bce1781496843eb875d01698d5ea9b84b4f8ecaf36d3
diaries-client/node_modules/@npmcli/redact/package.json,8afc5ec861c464ea4cd32d93db525e67c16cce727de5119dacfa1bd2ad3ec1cd
diaries-client/node_modules/@npmcli/run-script/node_modules/isexe/dist/cjs/package.json,8005a3491db7d92f36ac66369861589f9c47123d3a7c71e643fc2c06168cd45a
diaries-client/node_modules/@npmcli/run-script/node_modules/isexe/dist/mjs/package.json,3ca9d4afd21425087cf31893b8f9f63c81b0b8408db5e343ca76e5f8aa26ab9a
diaries-client/node_modules/@npmcli/run-script/node_modules/isexe/package.json,40b17c58e0324bd3311cc201cfe513054e6af10261f872c8873ae290d620d5c6
diaries-client/node_modules/@npmcli/run-script/node_modules/which/package.json,9f06638e5fcb977409c2181382492dd0d62885999e5739a8f285960d5a78906d
diaries-client/node_modules/@npmcli/run-script/package.json,933a005ff27cff9bb5af616413f80525c1c7e6301448cbc3e17a74a9e5ef5a18
diaries-client/node_modules/@parcel/watcher/node_modules/detect-libc/package.json,bb418f4fa450f8a418f8fc46c33727edef55aefd54c43ec6a9421a65ca8d9827
diaries-client/node_modules/@parcel/watcher/node_modules/node-addon-api/package.json,e4947cf10e432c42459e60a00947ccd1ad2501e16cf1a530b3d39f0c2de5c83f
diaries-client/node_modules/@parcel/watcher/package.json,f9e24627c11385d6a28efad5fc500dd395fe85f20f35e96b28a32f75f0bf3eaa
diaries-client/node_modules/@parcel/watcher-win32-x64/package.json,bc6f57a93e4df8d0373afe4e3d7f07e9b7a1ee82c89b7a9c1a3a5fb548608a6e
diaries-client/node_modules/@pkgjs/parseargs/package.json,c52af8cea1efc18fc306336d6ade5a1d8d9ccd8916a5d2246bc585a92635901e
diaries-client/node_modules/@rollup/rollup-win32-x64-msvc/package.json,cfdafd31b01aaf1cd714ada33589b084ea2393c5c9cffdc9a536f08d2a329882
diaries-client/node_modules/@schematics/angular/node_modules/@angular-devkit/core/package.json,7f6ff3ac06e5d7f11420dd8b44d91436f91e3d0187f9a69b8841b659d4e0dbdc
diaries-client/node_modules/@schematics/angular/node_modules/chokidar/esm/package.json,2ce1adbdeda823b44d6f39dc05828240810979ba1314dace973096d1df1a799f
diaries-client/node_modules/@schematics/angular/node_modules/chokidar/package.json,4764fed21a281c69d98e06b4c3e7c22a8936069ed2d320330d9831d8a8bddd5a
diaries-client/node_modules/@schematics/angular/node_modules/readdirp/esm/package.json,2ce1adbdeda823b44d6f39dc05828240810979ba1314dace973096d1df1a799f
diaries-client/node_modules/@schematics/angular/node_modules/readdirp/package.json,9869f6d7ed7a299100bf6f87263f442092bba77c2ef55d8d8f418fd634cf9aac
diaries-client/node_modules/@schematics/angular/node_modules/source-map/package.json,716e73d6e55adc2e830d3784b897ece1806cb1c7ab91cd2e1d46a669b13b0592
diaries-client/node_modules/@schematics/angular/package.json,2a7de3522ed16a8d9d2b372d9ef05583d53a46730ad9cca04a5d630c509d3422
diaries-client/node_modules/@schematics/angular/utility/latest-versions/package.json,487a28481edc9858fdcdf6f1ab1da9fe9fae0553cec58d7f52d9f80f5d539b3c
diaries-client/node_modules/@sigstore/bundle/package.json,e67b398f9fc73c66e7a67442c9069ce6c25473a9195408c5d8f05f7aa8d0c5b7
diaries-client/node_modules/@sigstore/core/package.json,1218c5f6d3d28a16656304b73e4d985a69055a2879925220f65172a3bdedf9e5
diaries-client/node_modules/@sigstore/protobuf-specs/package.json,bb0cc8f9c0c55ddec212012bf69a8cfaf8f272f1f6e0fcc4716c57f174f3fec0
diaries-client/node_modules/@sigstore/sign/package.json,ae39583408d62b282b3e0bac3bfe1eb2209b254c92b17491973a12026eb85334
diaries-client/node_modules/@sigstore/tuf/package.json,ae664d0d05531be2c51052a51161c2d9c9ac41e6e3563fe573288f940e1c33f7
diaries-client/node_modules/@sigstore/verify/package.json,68d7387e84118be7099407749b057035dd631ba354ede2e945548fd2cf762b53
diaries-client/node_modules/@socket.io/component-emitter/lib/cjs/package.json,036dfc220ed39ea6b7b6d6fcb3a3db92e3546660cecb73328be16607234db80b
diaries-client/node_modules/@socket.io/component-emitter/lib/esm/package.json,8e4f7407409b741d73f342128eec1c0fa924b35a12005d8d6589241e1215edb5
diaries-client/node_modules/@socket.io/component-emitter/package.json,e27384033330a18408e0f2dd764278c75ed169229bde709d29e753159b04848a
diaries-client/node_modules/@tufjs/canonical-json/package.json,8c09f4774a7dddb18c24d85cc833c8a847b829f87ce45f1c2a74a61a23a4f4fd
diaries-client/node_modules/@tufjs/models/node_modules/brace-expansion/package.json,4a9ae315ffc10674f4a71ea4465103e77426d86aeb2c23737607181f3f31344f
diaries-client/node_modules/@tufjs/models/node_modules/minimatch/dist/commonjs/package.json,8005a3491db7d92f36ac66369861589f9c47123d3a7c71e643fc2c06168cd45a
diaries-client/node_modules/@tufjs/models/node_modules/minimatch/dist/esm/package.json,3ca9d4afd21425087cf31893b8f9f63c81b0b8408db5e343ca76e5f8aa26ab9a
diaries-client/node_modules/@tufjs/models/node_modules/minimatch/package.json,a10ab8ae3e75bfc4a70332c40d2a138ab1314e040edb84475610087206605e53
diaries-client/node_modules/@tufjs/models/package.json,a6d260d8888564868d819078ed0c43d9a7f3fe0322127e809ccbefbb10c8b6ea
diaries-client/node_modules/@types/cookie/package.json,e71f9bef0642169c02de9e503e801f58aa259c58bbe51451a6ed618424f4048f
diaries-client/node_modules/@types/cors/package.json,8403c4a9f0b7bf516f23cb132a3bbf6bacde3bdbedcc8361a30b58de0f9a3793
diaries-client/node_modules/@types/estree/package.json,adad2158e9eed783db7298baf3c3a5e3e9f970c6ea51d129a4fe87a4de0e41e4
diaries-client/node_modules/@types/jasmine/package.json,8b28a3fd239294442e9a04995883d11d79f2f3209879d2c5d5f3fd899f47d1de
diaries-client/node_modules/@types/node/package.json,9f3cf6f5c3979892348e82491d76c2de2871b860be1ad8ab3f0c0287b2d78809
diaries-client/node_modules/@types/readable-stream/node_modules/safe-buffer/package.json,3d8b6d944be9e931a178914afbb3d6b79bfa199c032872b687bed41ed996c747
diaries-client/node_modules/@types/readable-stream/package.json,3500f313e9e445c8bde4c98ad31ca76908d957befbb75cbaf75fc4963d6b8210
diaries-client/node_modules/@types/uuid/package.json,dc5fff192a2afd7a42ab7fc940078ca57c701a3c2be474a4367cc2a40b8a31fc
diaries-client/node_modules/@types/ws/package.json,8e8f1d4bd285546a83bc7ab7bc40a8f609609397b0250d99adcaac536d12e6d0
diaries-client/node_modules/@vitejs/plugin-basic-ssl/package.json,535b1b702b63887340b2cad6f056039c0740f255a8c1f6022d5912e902a8f139
diaries-client/node_modules/@yarnpkg/lockfile/package.json,40b02d6bd906ceb10acd716721e0fbf1d7ae51db4962621c348abc5229aa7d48
diaries-client/node_modules/abbrev/package.json,1903498f98eab52f962076359b74e436bb24cf484fd1a75af97a2509712029ae
diaries-client/node_modules/abort-controller/package.json,3d64dcdcf9d0a1d045eb6bcaa5013d486f15527a3668e64b1155839a797da164
diaries-client/node_modules/accepts/package.json,e5716d5d939db08c5c28ec6ae86ed67be5320f91089e2673fca1c5b876e57aa3
diaries-client/node_modules/acorn/package.json,5b935de7c36d6256ae34d6e4afc50fed07b46e00b4ac0b9e4604c7a429018b11
diaries-client/node_modules/agent-base/package.json,a2fdaf244efe7a08b71f4756a89b2caebb53b694230d44d5a9b043576c14b9ba
diaries-client/node_modules/ajv/package.json,ce1539e6f4e0f345ed402c47137d2679497b2035d4a4f420ee11acdde03dea92
diaries-client/node_modules/ajv-formats/package.json,402fb4bcfa457f0226813f3976ac42839dd619907c075c108efba8600d7edb69
diaries-client/node_modules/ansi-escapes/package.json,7aa94b3d0029a721f54bb0de09291aed005d606e9d40470077d7c438aacaba66
diaries-client/node_modules/ansi-regex/package.json,8b2dc166f2b74d5098bad38bdd3dd2f4d4775c626199872f5e36dbb48c40931d
diaries-client/node_modules/ansi-styles/package.json,d5c878207f5be10c4df575461e73794a17d045b178e006a56c74598c0652800c
diaries-client/node_modules/anymatch/node_modules/picomatch/package.json,39b4c548570b67f5a07fb596e2e102ad8b373f83a86d761d13df6d911f9a784c
diaries-client/node_modules/anymatch/package.json,83f4f2ce1880ee96d44a7fa5add101c19edf3ca42f50c7c20cf2e59f6d751c3f
diaries-client/node_modules/balanced-match/package.json,b30c328501dead1870b894ad604405b2284b571c1f12664cdc61d92a2e3397c2
diaries-client/node_modules/base64-js/package.json,9758f3ab8c45e07bb9a368e32f9a8b3729623bbf47cbbb205b32d674ab2a91f0
diaries-client/node_modules/base64id/package.json,26250fc512e912fc8dcdd1728025c79e85cc4727ba7e662d0ec0700f843efae4
diaries-client/node_modules/beasties/package.json,a662b19c768c355cbc14699b9c22390b4579bdfe8335b8b5bb954932b9cce44f
diaries-client/node_modules/binary-extensions/package.json,f775eb159a64b320a9a62aaa831ae67e13ab05bd9ca375b8ec830a1e53cbc56d
diaries-client/node_modules/body-parser/node_modules/debug/package.json,6c3d2c892db282317913ce7c340dd2edccd326bcafd18b644b8738144967d6ee
diaries-client/node_modules/body-parser/node_modules/ms/package.json,30fbfaa3840b2f63978ad4bcd7ed8dc24d277b818e4755fe93eda8cb1bc8b74c
diaries-client/node_modules/body-parser/package.json,3a3c8fbb2c486e035c762e11d905d74433b78086bbd00070283f6f41d0e62fe7
diaries-client/node_modules/boolbase/package.json,ca09c0dccbfc43be6be0ac89e9ffa19b64b30f9c74c64da27f719a7244a25e30
diaries-client/node_modules/brace-expansion/package.json,62de2d264aad4f27c5cf09f3c6bebc2aa2cacb0a2aa23342c3cde3c2b3910b2e
diaries-client/node_modules/braces/package.json,56f08b888a4f30dc7cf8a7dbb36ffe92b737912ba36abe9d069d32167c957ac7
diaries-client/node_modules/browserslist/package.json,ba5b09b3fc9250ee9ef112d0ef79e294dbdfd8ea879765c18b5728bd6039d918
diaries-client/node_modules/buffer/package.json,5b105ac0abbf5985cbe62ad28a34032d85c7ef623e0eb01f39441b0feb419004
diaries-client/node_modules/buffer-from/package.json,f7cde31d1db3e71738045206397d472e1f12513643ba4b9fd60ea337f22b1e3f
diaries-client/node_modules/bytes/package.json,99b21c09ce812dc76a06cd87c4753247cb9615c6a8501c5a5a9d9caa22ea2d12
diaries-client/node_modules/cacache/node_modules/brace-expansion/package.json,4a9ae315ffc10674f4a71ea4465103e77426d86aeb2c23737607181f3f31344f
diaries-client/node_modules/cacache/node_modules/chownr/dist/commonjs/package.json,8005a3491db7d92f36ac66369861589f9c47123d3a7c71e643fc2c06168cd45a
diaries-client/node_modules/cacache/node_modules/chownr/dist/esm/package.json,3ca9d4afd21425087cf31893b8f9f63c81b0b8408db5e343ca76e5f8aa26ab9a
diaries-client/node_modules/cacache/node_modules/chownr/package.json,4300e90fdd91ec7035047473c60f880251a9801bd786302729d4277751d3b948
diaries-client/node_modules/cacache/node_modules/glob/dist/commonjs/package.json,8005a3491db7d92f36ac66369861589f9c47123d3a7c71e643fc2c06168cd45a
diaries-client/node_modules/cacache/node_modules/glob/dist/esm/package.json,3ca9d4afd21425087cf31893b8f9f63c81b0b8408db5e343ca76e5f8aa26ab9a
diaries-client/node_modules/cacache/node_modules/glob/package.json,16ee102fb72733130ec44c4636016d5b18c3039241b1be8f773e95427dac5131
diaries-client/node_modules/cacache/node_modules/lru-cache/dist/commonjs/package.json,8005a3491db7d92f36ac66369861589f9c47123d3a7c71e643fc2c06168cd45a
diaries-client/node_modules/cacache/node_modules/lru-cache/dist/esm/package.json,3ca9d4afd21425087cf31893b8f9f63c81b0b8408db5e343ca76e5f8aa26ab9a
diaries-client/node_modules/cacache/node_modules/lru-cache/package.json,a7e05794a5dc81dfc79a0f186c5219f442f2f735b08a3e9b91aba59833badc2d
diaries-client/node_modules/cacache/node_modules/minimatch/dist/commonjs/package.json,8005a3491db7d92f36ac66369861589f9c47123d3a7c71e643fc2c06168cd45a
diaries-client/node_modules/cacache/node_modules/minimatch/dist/esm/package.json,3ca9d4afd21425087cf31893b8f9f63c81b0b8408db5e343ca76e5f8aa26ab9a
diaries-client/node_modules/cacache/node_modules/minimatch/package.json,a10ab8ae3e75bfc4a70332c40d2a138ab1314e040edb84475610087206605e53
diaries-client/node_modules/cacache/node_modules/mkdirp/dist/cjs/package.json,9ce4511e221a35d7027c9ca6f4b9ba6c762de06d4544e0cdc7a92062c50bfc5d
diaries-client/node_modules/cacache/node_modules/mkdirp/dist/mjs/package.json,3ca9d4afd21425087cf31893b8f9f63c81b0b8408db5e343ca76e5f8aa26ab9a
diaries-client/node_modules/cacache/node_modules/mkdirp/package.json,366d0eca09ca7018417907f67a0caf02bdc9ae492e90359f9df7cfe53e7a768e
diaries-client/node_modules/cacache/node_modules/tar/dist/commonjs/package.json,8005a3491db7d92f36ac66369861589f9c47123d3a7c71e643fc2c06168cd45a
diaries-client/node_modules/cacache/node_modules/tar/dist/esm/package.json,3ca9d4afd21425087cf31893b8f9f63c81b0b8408db5e343ca76e5f8aa26ab9a
diaries-client/node_modules/cacache/node_modules/tar/package.json,f2de5f4b3f05b8e441aae63ecf228125dc72175052099d918769edb3b8982f7c
diaries-client/node_modules/cacache/node_modules/yallist/dist/commonjs/package.json,8005a3491db7d92f36ac66369861589f9c47123d3a7c71e643fc2c06168cd45a
diaries-client/node_modules/cacache/node_modules/yallist/dist/esm/package.json,3ca9d4afd21425087cf31893b8f9f63c81b0b8408db5e343ca76e5f8aa26ab9a
diaries-client/node_modules/cacache/node_modules/yallist/package.json,1b9d47057ce39814531ff93f668823b4fa03e7d23945449c274a1ff6d4cc297f
diaries-client/node_modules/cacache/package.json,3b4d9ce8c3a3f853d903c06b5ec38a06c8ac9a2ccb236bf6a532d92cfe1b07de
diaries-client/node_modules/call-bind-apply-helpers/package.json,59639b628c6846f674857c6a613fd47e2e4d2a24036cdf0f7a62ac634f4c8a5f
diaries-client/node_modules/call-bound/package.json,dcc8abb3c4ad3774234272149020cb36d7b1a3d377a419454d1e7adb368dd9c3
diaries-client/node_modules/caniuse-lite/package.json,4849e09410fc38a84b152581ff0714d44d55ef9443b3be160bbc695d44694687
diaries-client/node_modules/chalk/package.json,923f1639eaaa3146629afd78cdb05e00bb51a41f18b27c817d7c652b1ee0bf62
diaries-client/node_modules/chardet/package.json,00f94fe6bd5e9471bfed290f45d1567e326ef6c85d04707cce05c08c4cc68d87
diaries-client/node_modules/chokidar/package.json,24c7edf8c0127eb1bd257da726983a9aed172a0a1cd5454607a040021675f50e
diaries-client/node_modules/chownr/package.json,96ba7fc1dcfad50de6c406fb3fcfe57850ebea4d8ecedbc0b45b9c59fc629d69
diaries-client/node_modules/cli-cursor/package.json,2a179764184139cb6ba0af717863004b7fb9e42832c73da4c9dead1139157a24
diaries-client/node_modules/cli-spinners/package.json,931db47a0f87744ec15715865de54274328c980fde3f14fa17746e01fa3ac6d6
diaries-client/node_modules/cli-truncate/package.json,b46fb9caeacd90113514615039f74363973b866248a3ac3adce9fdb82da29e0f
diaries-client/node_modules/cli-width/package.json,6fdfc702f4eb668937462fafc1ab3f8514baea43ce58fed9d545a4d40e214967
diaries-client/node_modules/cliui/node_modules/ansi-styles/package.json,d405f010681d53f77691015e98461f8484b2afe6a9edfdd2ddb27b1e8a8e883d
diaries-client/node_modules/cliui/node_modules/emoji-regex/package.json,7bec29b9ca68f2c4becc60e866c2f9342ecdc89fab39841a818ccd9eda15c148
diaries-client/node_modules/cliui/node_modules/is-fullwidth-code-point/package.json,5b48496ca129073ed44a677b777ea3b91366c8bc228bc75fe858749a78ac1a32
diaries-client/node_modules/cliui/node_modules/string-width/package.json,6457a02418f004fe5d3fbbb19c7cbcc1450a8b887ff9a471dc6985ac83a48d36
diaries-client/node_modules/cliui/node_modules/wrap-ansi/package.json,0b0cf0bf62bd0cc71da2128e3269e63edd566feffdd501aa3692acd6db93c3c9
diaries-client/node_modules/cliui/package.json,95964483c512a6bf35aa1211dc2c185d72be1b58b1271ddd4a7c2e48836472a9
diaries-client/node_modules/color-convert/package.json,9471d21744ca3137410448da6b3bd7b30ee91d42edce3b82ebcbf84faef74fb4
diaries-client/node_modules/color-name/package.json,4a557ea373907e4643badb89ff21b3f4b969d20631086d78eab2e03d05c2efa4
diaries-client/node_modules/colorette/package.json,cbf90c104dc2b1273b63341c98869d414d7f926d76e3cccbfb25fce517edad9e
diaries-client/node_modules/commander/package.json,3ab88e050858ad5fc1d2e7f993d959b83c7e2ddec64afe86cc4055f799e4762d
diaries-client/node_modules/commist/package.json,910ba906fb4a2c7a2d8d328374cf9334a5fca862d0b18644dd4c417099e43e4b
diaries-client/node_modules/concat-map/package.json,4fe5e8089b65ebfd55bb86f465ba896ba6a8e24b7b61de1e0f420f590616b118
diaries-client/node_modules/concat-stream/package.json,d2f8ce0714a1bbb494502b703d1a04c014393df23f77be0cf8755b9fbe46d6ab
diaries-client/node_modules/connect/node_modules/debug/package.json,6c3d2c892db282317913ce7c340dd2edccd326bcafd18b644b8738144967d6ee
diaries-client/node_modules/connect/node_modules/ms/package.json,30fbfaa3840b2f63978ad4bcd7ed8dc24d277b818e4755fe93eda8cb1bc8b74c
diaries-client/node_modules/connect/package.json,e2fe6b7d1c1aae902eb631e0b8a0564a4ada23adca46dd4497d6b9fafb0a2ed9
diaries-client/node_modules/content-type/package.json,bd78a5427ffca1966621301edc6cac2146c8c1e137f122161ba90dca7ec89f77
diaries-client/node_modules/convert-source-map/package.json,7017e2273029c1ed13c5f7862de154ee4fb4794f9e281f45f9ff52d9177d6af6
diaries-client/node_modules/cookie/package.json,07269baaaad9a16ef8a4666d69cdd387891658eaf31af3026abd8b9e3fefc9c9
diaries-client/node_modules/copy-anything/package.json,bc860b6e24ffc5145b954f19007809806e666d159c96650e97a87381b5d2fc15
diaries-client/node_modules/cors/package.json,696bc0da9976d31a421ad5598bdb8fc0364645ab1473b4271850171728e35f47
diaries-client/node_modules/cross-spawn/node_modules/which/package.json,43010039ed5e89f7186960be682b3cb5cda5ab6cdfb06cbfd4f081cf0e7b4260
diaries-client/node_modules/cross-spawn/package.json,2e106cd9b4ae4e34ead35218371a0d4e172da72515a4f8f97d69a2e1fe3dee82
diaries-client/node_modules/css-select/lib/esm/package.json,1239d4d885dcad42201a27ed9324f8f0f760b78700d8db9ced39a511cffe7eae
diaries-client/node_modules/css-select/package.json,793db0e2224547eacf8f7107fae34d1ac223201ef48e47479d73c7bd0c4b2607
diaries-client/node_modules/css-what/package.json,22b0a7860ea48e6bf4b3a573f4954a6644b3a52b1dc0f0d5d53a78e48d31e8fe
diaries-client/node_modules/custom-event/package.json,d72aeedbba62792a1874cf5b53d1f4573d5032b134c4466399090861656d9101
diaries-client/node_modules/date-format/package.json,f0a095d25b629e8559feb44037d1617fd53afe3206c00a3763102d43ec4b6be2
diaries-client/node_modules/debug/package.json,4457f6aebb1ee57ca9623a06c9df2e18904907aa53616828a0b3de86dd96b222
diaries-client/node_modules/depd/package.json,5a3659bcc2e47b25ebf9f23f38eb9452a58920bfe4b59410bfa6fe84639a3b99
diaries-client/node_modules/destroy/package.json,f865b50652dc062f43142e01f55db2760cc10d255bd05afd232e738999c58188
diaries-client/node_modules/detect-libc/package.json,95e29f682649caf233b4ac9729efa0c1b3718ef179e7b44e21ea01a0941af071
diaries-client/node_modules/di/package.json,1bca465fbcc442ee0531b4d85c96484b529e56abe9e710519e04ea6543a19265
diaries-client/node_modules/dom-serialize/package.json,6855850cbd8d93f29d6bbb46c1aac8b1906536ba2c8640ce0262f8e068759a75
diaries-client/node_modules/dom-serializer/lib/esm/package.json,1239d4d885dcad42201a27ed9324f8f0f760b78700d8db9ced39a511cffe7eae
diaries-client/node_modules/dom-serializer/package.json,098603e7fee62c07fb392e31dae4dc151a3e03c72555ce1f9182011fbf898501
diaries-client/node_modules/domelementtype/lib/esm/package.json,1239d4d885dcad42201a27ed9324f8f0f760b78700d8db9ced39a511cffe7eae
diaries-client/node_modules/domelementtype/package.json,4ddf28a1e60ae7ec15f62cda0d72eb06bcae05b3819942d971c841b7cc0b6930
diaries-client/node_modules/domhandler/lib/esm/package.json,1239d4d885dcad42201a27ed9324f8f0f760b78700d8db9ced39a511cffe7eae
diaries-client/node_modules/domhandler/package.json,cbb42a446eef285863e04158c7f269e0e7b8e868c1042d6845e996d760f7376c
diaries-client/node_modules/domutils/lib/esm/package.json,1239d4d885dcad42201a27ed9324f8f0f760b78700d8db9ced39a511cffe7eae
diaries-client/node_modules/domutils/package.json,9a04689cc67f52e9f7323e0dd4d18c8cbe68744c3373ad524d133ddf12bf99ab
diaries-client/node_modules/dunder-proto/package.json,24df71008e4225c858f389dd2728b76cf66b752256d42a38ed7930aacae7fe2b
diaries-client/node_modules/eastasianwidth/package.json,51db62f97656d02d4bc9670393cae42930dbd1ed89f5837056851807e602867a
diaries-client/node_modules/ee-first/package.json,a4eece6ff6b38bf7ac107323f381cc60500097a9cbdd473f5d5b45e68822cb89
diaries-client/node_modules/electron-to-chromium/package.json,ed3f9d31eae9dbf6194ff0e575965f2a7f939f7cf5eec69ece5ba27d01879797
diaries-client/node_modules/emoji-regex/package.json,c70f3c9cc54f403200aaa91a1c201a9c6cf7aa59a9e8658954d90d3664f0a84b
diaries-client/node_modules/encodeurl/package.json,30b1a43843675f42033fd6c77c19b20ad4344844f0bd5526c586081e93a48fe8
diaries-client/node_modules/encoding/node_modules/iconv-lite/package.json,3a9582fd121f841c245d1fcf84ef0b9e41c94b785b8d7eb63f9f5aec9bad0b98
diaries-client/node_modules/encoding/package.json,8a868d7c206bf2eb71c0721a957b7a255738678f72c290c880b46fec4ec54dbe
diaries-client/node_modules/engine.io/package.json,bc7acbae4d7a5c1d9cedb238d971348062bbdb7d4ddc2e693cc5ceeaa86b2a63
diaries-client/node_modules/engine.io-parser/build/cjs/package.json,75c2e49823eba572fdbaf8ba8c2bfb3b27ddb40b38c8183983d4f6d44440d1f7
diaries-client/node_modules/engine.io-parser/build/esm/package.json,827a647c26cb86a5c54d5b7cbfa145505c5fb01ff91775144b24529a70ea4977
diaries-client/node_modules/engine.io-parser/package.json,1424a9e48ed5141c78bfc5e1316fc482c9c9f3975665152cbf081c39d8d0255c
diaries-client/node_modules/ent/package.json,0c009559c4107e8ee9b0d9ca6ca8b8135fd6fa931f66efdf68dc4d024215097e
diaries-client/node_modules/entities/lib/esm/package.json,1239d4d885dcad42201a27ed9324f8f0f760b78700d8db9ced39a511cffe7eae
diaries-client/node_modules/entities/package.json,c92f657f679669a91bc32cd98f0b4812b3f4a9c6f3b3af3022a70cb25b7efc7c
diaries-client/node_modules/env-paths/package.json,b92833e5851ec53bd4cd8093f6099d0c6e6818c4374ec1d09aa25d4f9ba91ec4
diaries-client/node_modules/environment/package.json,21d39c9bbec69736f2d038229064ce55597e1fae08368d8bee8053dc7c917587
diaries-client/node_modules/err-code/package.json,ff5360c17c3e197fc4a4a4fa0d07640292556d585a49c8651fd198e926d47bcc
diaries-client/node_modules/errno/package.json,f31b9ab801ebe59e38bb755e4cdc09886083be709238d8c6270f02947b304785
diaries-client/node_modules/es-define-property/package.json,3a2cb30dae30a96705dcd9aa2d5fb190cf8200f27badccfa5a81a4374e5708b4
diaries-client/node_modules/es-errors/package.json,1a0a0bcccc76b915cb64073317312840cf6363e9144b96f406d0059774dd5278
diaries-client/node_modules/es-object-atoms/package.json,9975f032714dd642d08c9b50129096f5daf878dbede1ca3544cdcdbf45b48eb0
diaries-client/node_modules/esbuild/package.json,560d28089fee7adc61f58e464d9c5c44e6c2c2fba2c813b4f4880b396adf2967
diaries-client/node_modules/escalade/package.json,acd22b264ecbea162e320a360dab0ad0f3e5438fa4382288df844fa08b484e73
diaries-client/node_modules/escape-html/package.json,bd320a3e9d23249f5f7d3ce72f2fa426e28a6b2704bd2b281d0c92806a1f5223
diaries-client/node_modules/event-target-shim/package.json,980bdd7706c72d04a4df2e3ee2c8ffccf3bc72bd8e7cd13ca38be00cafc6e8db
diaries-client/node_modules/eventemitter3/package.json,2e9612fd0b3b723d4e27dbd741752f84ad840f3151973250820be782650cb7e1
diaries-client/node_modules/events/package.json,878ad3687fef7efe3757c1872a3af998c95197129a7445d632486a9591ee542e
diaries-client/node_modules/exponential-backoff/package.json,630d7042b3b9935fdd01d4ac8ca459b568b098eadddd26a819190c672267116b
diaries-client/node_modules/extend/package.json,8d891b3f00bead114c4741d8a594e7aaa59114f53782ec9a9319a619709dc14f
diaries-client/node_modules/external-editor/package.json,4c5a5603749f53077d025dadaac69596510fcc4c1b7ef96796350b079fa368d6
diaries-client/node_modules/fast-deep-equal/package.json,a5c63940db0260739be9e2ac67f3aac268df4db5770420ee4e34e493152f97d2
diaries-client/node_modules/fast-diff/package.json,3708975601d7e7356bd1465db2c952f1957ed0c3b2fb4050405f4e22570a535f
diaries-client/node_modules/fast-unique-numbers/package.json,9d68eda507ad4c22af9b9f865b7c875ec9945bf00b2b66329e060c919040701d
diaries-client/node_modules/fast-uri/package.json,3636ad6b5e3e1f04e4614e2eeb94b4b6feb7edbe2e5846ff44d629b788c653d0
diaries-client/node_modules/fdir/package.json,34f08914f60c4b0a460e16eabceec3530b545e7d1950b1a3c66940aaf462c88d
diaries-client/node_modules/fill-range/package.json,87f5c78f9b47d21f9ca62b60cff1d250a3b468eab320dd13c3f3ab2464a02735
diaries-client/node_modules/finalhandler/node_modules/debug/package.json,6c3d2c892db282317913ce7c340dd2edccd326bcafd18b644b8738144967d6ee
diaries-client/node_modules/finalhandler/node_modules/ms/package.json,30fbfaa3840b2f63978ad4bcd7ed8dc24d277b818e4755fe93eda8cb1bc8b74c
diaries-client/node_modules/finalhandler/node_modules/on-finished/package.json,c67ecda258b136ba8f9bc2b6600979bde85308c2a27ea0941465d9cb12239cf3
diaries-client/node_modules/finalhandler/package.json,658f3f351dcb8a8d1c507abbfd109e7f3dc6add22d9b1ad6241328c5f41ecb66
diaries-client/node_modules/flatted/cjs/package.json,fa6944a20ca5e6fbaf98fd202eb8c7004d5b4ab786e36b9ed02ee31dbe196c9f
diaries-client/node_modules/flatted/package.json,f5a1c2390c4310f2d5f6ae32ab7e00303b385394574826caf1c4480decfc3a2d
diaries-client/node_modules/follow-redirects/package.json,acc2aa0d7f83620e6e22cf8fbc73db41d23c5b043d140d03b67d65a7bab158a9
diaries-client/node_modules/foreground-child/dist/commonjs/package.json,8005a3491db7d92f36ac66369861589f9c47123d3a7c71e643fc2c06168cd45a
diaries-client/node_modules/foreground-child/dist/esm/package.json,3ca9d4afd21425087cf31893b8f9f63c81b0b8408db5e343ca76e5f8aa26ab9a
diaries-client/node_modules/foreground-child/package.json,434959cc3a188aa891e21bc23f5684421425722faf2dec45b7cff2ca2934bd6a
diaries-client/node_modules/fs-extra/package.json,3679b74c0b422a1fb5f710ab375b488ccbac0d38f32f5b1474021cf1827d287a
diaries-client/node_modules/fs-minipass/package.json,e90117e65341117ce56ab6aaa8b59291210601f69c63996fbe446a9a30237fc6
diaries-client/node_modules/fs.realpath/package.json,2985019b1b3cf5894df9b831816f7b480833931da982489e3a98c346ce7da897
diaries-client/node_modules/function-bind/package.json,edb1c4faf4148e6e3d74ed8dbac1a1dc359a647ff4207aad4851396dc7a3559a
diaries-client/node_modules/gensync/package.json,80cddca71baa1ba0cf44f65585e1c1ed7576abdb759ed391007925c961ca6334
diaries-client/node_modules/get-caller-file/package.json,680a080d2885c05bc51dde429c80784bfb248ca3ef3685438079c5015721e2ae
diaries-client/node_modules/get-east-asian-width/package.json,a3fd6c3392d42a74737d853049d80962c889fffc67ada50496a07e97bb6a6c97
diaries-client/node_modules/get-intrinsic/package.json,45b14763baacc59b0fd7b39e3ad983d5d2aaf7f5ed682f2fce9edb469826c999
diaries-client/node_modules/get-proto/package.json,73839e012ac7134a632c9d9fc6bdb700ac9ab5553cce39eb789ba2b65663e734
diaries-client/node_modules/glob/package.json,b00b6d35eda6d4aa6893baf19e53b7d005019ed840e4fa116c926a532ec577cf
diaries-client/node_modules/glob-parent/package.json,858af9aa27cfe6eea1cfd1abbda15ad0ccc87e66e88b3ad249fab8df6dd13192
diaries-client/node_modules/glob-to-regexp/package.json,0ff8399a44f66ed52a45be9fe09dce81f68d00f7f80482df53dc8c6fb3d81bc5
diaries-client/node_modules/globals/package.json,99f1a8f34aa467a7046e08bea3aff23bc9af096361c58a32a84b3b80df7a8133
diaries-client/node_modules/golden-layout/package.json,6e9ab5e7a9150fb6a34be1f55104b3fe787c4707e4d86cc8122d93a62144773b
diaries-client/node_modules/gopd/package.json,33ace32dc861f6da9d1fd9d0a44c66e8c6ff3b13358d070683c1c2978ff5f19f
diaries-client/node_modules/graceful-fs/package.json,5747d4ba6b17165c6ecac30ab3a331715f41c7ad546e1f1574dab1bdcb116181
diaries-client/node_modules/has-flag/package.json,3fef4b52efbeabeadfffd5994e90b1025eb24263286e34170675956637d368b1
diaries-client/node_modules/has-symbols/package.json,5190268c0e3308d7446d1f7c036238f329f786938453e6017cb90980b3612e7a
diaries-client/node_modules/hasown/package.json,e96d24e4dcec86a4f769f41174b1cc79f70b4ab77b83aac4dfe646242bf76abb
diaries-client/node_modules/help-me/package.json,43266b6908f8be7ce85d3ecc18ac0f4ec51d3ef94146ed5805adb04595ceffa0
diaries-client/node_modules/hosted-git-info/node_modules/lru-cache/dist/commonjs/package.json,8005a3491db7d92f36ac66369861589f9c47123d3a7c71e643fc2c06168cd45a
diaries-client/node_modules/hosted-git-info/node_modules/lru-cache/dist/esm/package.json,3ca9d4afd21425087cf31893b8f9f63c81b0b8408db5e343ca76e5f8aa26ab9a
diaries-client/node_modules/hosted-git-info/node_modules/lru-cache/package.json,a7e05794a5dc81dfc79a0f186c5219f442f2f735b08a3e9b91aba59833badc2d
diaries-client/node_modules/hosted-git-info/package.json,88fbe44e89a67bb19b62746c7a076c3f5671c5c767699db07fbb0b87cbe8a2c7
diaries-client/node_modules/html-escaper/cjs/package.json,fa6944a20ca5e6fbaf98fd202eb8c7004d5b4ab786e36b9ed02ee31dbe196c9f
diaries-client/node_modules/html-escaper/package.json,768e1f3e57c6803280925e71992a7ed640a2b43e29542326ccc4cadebff15e4c
diaries-client/node_modules/html-escaper/test/package.json,fa6944a20ca5e6fbaf98fd202eb8c7004d5b4ab786e36b9ed02ee31dbe196c9f
diaries-client/node_modules/htmlparser2/dist/commonjs/package.json,8005a3491db7d92f36ac66369861589f9c47123d3a7c71e643fc2c06168cd45a
diaries-client/node_modules/htmlparser2/dist/esm/package.json,3ca9d4afd21425087cf31893b8f9f63c81b0b8408db5e343ca76e5f8aa26ab9a
diaries-client/node_modules/htmlparser2/node_modules/entities/dist/commonjs/package.json,8005a3491db7d92f36ac66369861589f9c47123d3a7c71e643fc2c06168cd45a
diaries-client/node_modules/htmlparser2/node_modules/entities/dist/esm/package.json,3ca9d4afd21425087cf31893b8f9f63c81b0b8408db5e343ca76e5f8aa26ab9a
diaries-client/node_modules/htmlparser2/node_modules/entities/package.json,99721b20bfa5f1c8125cbd1480e2e8e64dd83597d051f6d4b2979b7f6702d528
diaries-client/node_modules/htmlparser2/package.json,57ae7c39f84e463679135a78ea42ad829189ff6f0d154ce31a25919ba10efb3e
diaries-client/node_modules/http-cache-semantics/package.json,bee0609d5ab09a590afe0e1209d3702b0afb0a3c158492f90902a724d889d22b
diaries-client/node_modules/http-errors/node_modules/statuses/package.json,53bd1b14e481356bf004c0a45f9022d07fbc56bfe849115e141ba302c8818275
diaries-client/node_modules/http-errors/package.json,dda88273810ec9e624bf08d4815cb6aa4007135bf98ce11706d2e1b2f2a6690a
diaries-client/node_modules/http-proxy/package.json,1acdbcb8393b76ae43e8d35ae4b6ba74d0ea7040a6ba93fa03485f89fc7473a8
diaries-client/node_modules/http-proxy-agent/package.json,38b61961aa0ba3028f2e120b3d883179281f6ba25fe22ff2214bf9f363161b65
diaries-client/node_modules/https-proxy-agent/package.json,b08c1977d38f14f4be7fb5be33aab545e3e5a6e2e12100733a6ad97dec995206
diaries-client/node_modules/iconv-lite/package.json,6f7c96c32f7d6e0498be71b0ccedaf298bb00ab4dd40c1d63655ec53477db384
diaries-client/node_modules/ieee754/package.json,a8004b9c8dffe2e1b01a058ecf968a5d50beabcabc43cc98c655184ba6afc050
diaries-client/node_modules/ignore-walk/node_modules/brace-expansion/package.json,4a9ae315ffc10674f4a71ea4465103e77426d86aeb2c23737607181f3f31344f
diaries-client/node_modules/ignore-walk/node_modules/minimatch/dist/commonjs/package.json,8005a3491db7d92f36ac66369861589f9c47123d3a7c71e643fc2c06168cd45a
diaries-client/node_modules/ignore-walk/node_modules/minimatch/dist/esm/package.json,3ca9d4afd21425087cf31893b8f9f63c81b0b8408db5e343ca76e5f8aa26ab9a
diaries-client/node_modules/ignore-walk/node_modules/minimatch/package.json,a10ab8ae3e75bfc4a70332c40d2a138ab1314e040edb84475610087206605e53
diaries-client/node_modules/ignore-walk/package.json,446ece6eb14022240d90295f566e19a4c6be37a706e957a4f67ecdcacbedeec0
diaries-client/node_modules/image-size/package.json,ced46a8aec29663d7cc48b73be9aa69d46d7a10276f483291f14ace804f56e25
diaries-client/node_modules/immutable/package.json,7f7335428a6e838cedcc8c85bf57fa0aba5a7e9b6326e2ba8c5101de2065e32e
diaries-client/node_modules/imurmurhash/package.json,aa3b07e7fa3d63aa96e401c3842b8cca1dd3247954baf92377094766e903c185
diaries-client/node_modules/inflight/package.json,5f2489e13f73e9ebad999134fae8a591f6d8b58e8341ec8e3b33397c4d1ef817
diaries-client/node_modules/inherits/package.json,be645800bc94fd8de29c8ae91690549b316cc437100108aeea7b2f347693cc80
diaries-client/node_modules/ini/package.json,61fcee262c673cf42004df446c64d4efba607ede336749b385727b0f37fdf169
diaries-client/node_modules/ip-address/package.json,f651f5a281208ef687692b363361f7b57a8eabdb96d51fcb0052694cb7320f63
diaries-client/node_modules/is-binary-path/package.json,35e07770a839325f659cd533abf346934f4544cb6f42ce9bc852abd22999c20c
diaries-client/node_modules/is-core-module/package.json,8b333baea62199fce87af28ba70632e093623ae3b8888e86f2dd525f2de0f69d
diaries-client/node_modules/is-extglob/package.json,8031afcd87f448d75ba8a5dd2cde9c68f982a94f406ebae8e5fb7cf6dfdeede2
diaries-client/node_modules/is-fullwidth-code-point/package.json,6f89c655772363fa2cb347f0c404dcfaceab84c9eb18d76a02ac516616ac4cbb
diaries-client/node_modules/is-glob/package.json,1cce62b80db12fc033d85250b5881b1a288476229abda8e1abd983724befd56f
diaries-client/node_modules/is-interactive/package.json,279fbee893bb5fe708b582d960e84433dcc20330cd3dac0a3b181a48c13d4423
diaries-client/node_modules/is-number/package.json,51c133f4e41df982aef69027249ff9d7262645029f437d079adc7c83328fb620
diaries-client/node_modules/is-unicode-supported/package.json,e814a4ac0474d18664180ce61a58f2429f089054a0e2969bc2f5c8345b220c9e
diaries-client/node_modules/is-what/package.json,bbac19749001bf3a9d198114ad7ce96ef36dd5b6da7cbc41ace18fd723b3f4a8
diaries-client/node_modules/isbinaryfile/package.json,30d837e9d4eb836296420df73ff85de663ff210dc1d1b9043fbf145f45fb280a
diaries-client/node_modules/isexe/package.json,395c2af9abeeaafe7391974c1eacfb2a2bdeef187f21c3f5582c49e0368e59bf
diaries-client/node_modules/istanbul-lib-coverage/package.json,7974dda66b36ee4f2ae12760b0a94752ab735c6977174a30547047f08ff33cf3
diaries-client/node_modules/istanbul-lib-instrument/package.json,e9e903f776ef4f370760b1e57e1cd170bfa8db7989076c7a3d0af4b73e2b07df
diaries-client/node_modules/istanbul-lib-report/node_modules/supports-color/package.json,d410a772f9f64b224482ec13815a4bbf1837c533e1be04b3687755c48b2efa1f
diaries-client/node_modules/istanbul-lib-report/package.json,2c9e77d8fe3b5ef7c763f77d6eb7f85f327f68a46f8460b2b5a4f95bed87ed65
diaries-client/node_modules/istanbul-lib-source-maps/package.json,5242304257bb097ef20dbd3906019c64011f03e03bd1da47bdd091e74d22aa6a
diaries-client/node_modules/istanbul-reports/package.json,48a7c02839519e24bb02cc9cf79f0a55ee57df4ee55eeb1ccaac1fcb2307e052
diaries-client/node_modules/jackspeak/dist/commonjs/package.json,8005a3491db7d92f36ac66369861589f9c47123d3a7c71e643fc2c06168cd45a
diaries-client/node_modules/jackspeak/dist/esm/package.json,3ca9d4afd21425087cf31893b8f9f63c81b0b8408db5e343ca76e5f8aa26ab9a
diaries-client/node_modules/jackspeak/package.json,3379e9c1be25729a6c7fc160e840108e15895c368e8060e42f68598f9f3065cd
diaries-client/node_modules/jasmine-core/package.json,28871bc50c8fa55eaeebb4714768e1791e9b8eda7b24f7d8063608a9d74d3e7d
diaries-client/node_modules/jiti/package.json,c910976d25c6f8233d438bb6c37ae51d683e6290a6a9daf62b2bd36346f5801e
diaries-client/node_modules/js-sdsl/package.json,782d4e6d9bc7c190dd43df8eea67edc9f0c3519404163fd2d67b06ce6f2e7cf2
diaries-client/node_modules/js-tokens/package.json,47345931827b3e26db9fe690abb81f856a0d040cbca8af1e69711a64cd58ce0d
diaries-client/node_modules/jsbn/package.json,61b1ce212b2a9c73e5a571ead382e496aaf54288ad64586b258a571d642b43e9
diaries-client/node_modules/jsesc/package.json,6127ab2ccfbf576671dcfedcf2a8d97c9bbb3e5e4cff1274b3210b86a97a287c
diaries-client/node_modules/json-parse-even-better-errors/package.json,6252659894dcb439b23b60f2baf50c1b68df7e519458eb3dccc4e6304cbb7029
diaries-client/node_modules/json-schema-traverse/package.json,156fb24af02845c190701360d06dfda35ef04282e34a734289ea9535ad9819ae
diaries-client/node_modules/json5/package.json,1927c4592e3811cf9b8c86e568df1c41a373b628b4b322f88872395ef87e2ba5
diaries-client/node_modules/jsonc-parser/package.json,a7a9192caaac00d9330592f4fd572908bee037518128a0fc3db96d2cd652e2b5
diaries-client/node_modules/jsonfile/package.json,aac2f2acd4b615bb62d186a62457d06b76740cd0ed3a1cbf0fc711bd03efd403
diaries-client/node_modules/jsonparse/package.json,fd84a394475582d3aca1da89b9d2dbb193ba7952da9f8c01a5a5474505185a29
diaries-client/node_modules/karma/node_modules/ansi-styles/package.json,d405f010681d53f77691015e98461f8484b2afe6a9edfdd2ddb27b1e8a8e883d
diaries-client/node_modules/karma/node_modules/cliui/package.json,13987200f4e2f2329e35b45c949f29fc30a58f02e08e76b2a5507a3b6c7ab6bf
diaries-client/node_modules/karma/node_modules/emoji-regex/package.json,7bec29b9ca68f2c4becc60e866c2f9342ecdc89fab39841a818ccd9eda15c148
diaries-client/node_modules/karma/node_modules/is-fullwidth-code-point/package.json,5b48496ca129073ed44a677b777ea3b91366c8bc228bc75fe858749a78ac1a32
diaries-client/node_modules/karma/node_modules/string-width/package.json,6457a02418f004fe5d3fbbb19c7cbcc1450a8b887ff9a471dc6985ac83a48d36
diaries-client/node_modules/karma/node_modules/tmp/package.json,066d9043110144a20232071149caee940404b47da269ad02299b2f62d2aeb3b6
diaries-client/node_modules/karma/node_modules/wrap-ansi/package.json,0b0cf0bf62bd0cc71da2128e3269e63edd566feffdd501aa3692acd6db93c3c9
diaries-client/node_modules/karma/node_modules/yargs/helpers/package.json,8005a3491db7d92f36ac66369861589f9c47123d3a7c71e643fc2c06168cd45a
diaries-client/node_modules/karma/node_modules/yargs/package.json,5fb9fdde834470f91e1ac625d22167e0a88b57ca47a34b054402cbf17647d28e
diaries-client/node_modules/karma/node_modules/yargs-parser/package.json,052c1b3b381eb4a5cc2b8bb4c2bbb660821bbbadb5effda05b236d88ba690126
diaries-client/node_modules/karma/package.json,50a77713c267410660f244e5ffcee7845cd00574580e95adf150b522143039f5
diaries-client/node_modules/karma-chrome-launcher/package.json,63aeaf9905f2e20ded705a74d989ffa4e31b21edf4ab4c06ffdb5530d73d5cc7
diaries-client/node_modules/karma-coverage/examples/coffee/package.json,7bf6cd311b50cb4a32291fa246d2e6e06d3af53e03cedc3dc93448700d5ab411
diaries-client/node_modules/karma-coverage/examples/coffee-requirejs/package.json,27659ec1fb4c4392a571975592acf1a7982aaca36d45297a2c2e2f6ed841549f
diaries-client/node_modules/karma-coverage/node_modules/istanbul-lib-instrument/package.json,5821ac239bda366eb3e38f63b8595d85fa13ad09d6ffbcd487fb4d13f4496089
diaries-client/node_modules/karma-coverage/node_modules/semver/package.json,aa906c5bf8a2fa68683cae07d18553ae2538ed0d5a567911980b2ef25ee8b9ba
diaries-client/node_modules/karma-coverage/package.json,03058066113d56520ca63d0c80b0a44bd3b7c3c2c4585200f732911e8c3254ec
diaries-client/node_modules/karma-jasmine/node_modules/jasmine-core/package.json,0eabc59a5d4d7579815d2d46a9b8dc21b8cc1e465ae3e9338fecbb5d921fe11e
diaries-client/node_modules/karma-jasmine/package.json,9945fd9781b0ef0ff605dbdaf82406d8093f6f5000f05c81ccf7c028410007f9
diaries-client/node_modules/karma-jasmine-html-reporter/package.json,f1608c62d030f373fbd3cf3f6cdcd2827141fc6d24099a9dca7e0939fad134c4
diaries-client/node_modules/less/node_modules/make-dir/package.json,d97dcd396bb3397b3e6651032ed52fd937dcfc6da85bd792792f3ecfb8206326
diaries-client/node_modules/less/node_modules/mime/package.json,f6a871d6ab40d2f2945d626a4d75da2fce78a35737c0870a0a4da9bee43f9d4e
diaries-client/node_modules/less/node_modules/semver/package.json,5040deda6072a93c40e36c5188f24159498f6f84fe586bc47dea4a2de7a8fcdb
diaries-client/node_modules/less/package.json,461792575bf6eabb5ef326c1218bdf3d1906933f0e126206c3faa069e962bebb
diaries-client/node_modules/listr2/node_modules/ansi-regex/package.json,812dcfa3e1e50741dc28d4f22845c4df1c2464249c90fd883c59d1d44fca0720
diaries-client/node_modules/listr2/node_modules/eventemitter3/package.json,7ad3766f9fede4b61775a7da6a64bf68e1d73e6298e54ac03425279df2f2d1eb
diaries-client/node_modules/listr2/node_modules/strip-ansi/package.json,01cee5e384d1e26843021c1f91bc05ed009e14c2d31c01349a374e64d3416e7d
diaries-client/node_modules/listr2/node_modules/wrap-ansi/package.json,b705a82edf145b6b2f19947c538e8618c991fd1e4fe75d294993411c12e5e3a6
diaries-client/node_modules/listr2/package.json,227f71861927e15e36fa219403e97db3160b4ec9a162bbb6e3c10136ea3e0db0
diaries-client/node_modules/lmdb/package.json,1fc04da091e3c783efa034808ecf04f09da4686504e82e7eb8506553aa09f74a
diaries-client/node_modules/lodash/package.json,8e41b07c744a0de0d2c1c23ed41418ecb0849abb56395d28802e601b4730d7c2
diaries-client/node_modules/lodash-es/package.json,b2114c16af1bb83a4c6b055208711412da65695abb7b7d9540b7a038c4af2feb
diaries-client/node_modules/lodash.clonedeep/package.json,22b59a30a5d36feacbd04288d7b34cd6d0eaa6fdde50aa359c5d6b0913ff0424
diaries-client/node_modules/lodash.isequal/package.json,a4a7f6dd65e9868560283e99b63274b059c77294c118ecbf6769ee0080d3fbe4
diaries-client/node_modules/log-symbols/node_modules/is-unicode-supported/package.json,d89fa22198962491d253fa1d560ba61206a3a01fcdaa98a55e6b8e001ba0407d
diaries-client/node_modules/log-symbols/package.json,823283c9c7fd8d25af2812f15bb435324308d479ae3c1937873ccfac3b7d792b
diaries-client/node_modules/log-update/node_modules/ansi-escapes/package.json,7439f669cb6eb86e7fec3045a8e8d0df0b1c4546a722d2f3c8998e677844df3f
diaries-client/node_modules/log-update/node_modules/ansi-regex/package.json,812dcfa3e1e50741dc28d4f22845c4df1c2464249c90fd883c59d1d44fca0720
diaries-client/node_modules/log-update/node_modules/is-fullwidth-code-point/package.json,db1e3587fb2d2868c7a2796e0c7329260656e710ea0de766dea83a0a50379fb4
diaries-client/node_modules/log-update/node_modules/slice-ansi/package.json,71bb79775b9c506dc95c9c195fb7092eb45cd4405e474c19b42b8a03b96b5899
diaries-client/node_modules/log-update/node_modules/strip-ansi/package.json,01cee5e384d1e26843021c1f91bc05ed009e14c2d31c01349a374e64d3416e7d
diaries-client/node_modules/log-update/node_modules/wrap-ansi/package.json,b705a82edf145b6b2f19947c538e8618c991fd1e4fe75d294993411c12e5e3a6
diaries-client/node_modules/log-update/package.json,fe6829ade2168c9b42c7be2a462a843f17e115718535e4099e187d24b4bef55a
diaries-client/node_modules/log4js/package.json,72e1f20fc04a4b10687a94d9587cb562c66c41bcdfd2e20bf54557a28f197a14
diaries-client/node_modules/lru-cache/package.json,f5a3379f52a453412f5d8551bf11fa0bef4316cc88645c9d190a017e1c58a4c2
diaries-client/node_modules/magic-string/package.json,3f8dc713ba9c551d94685cfeb663e54ad57295b7e2e7efbbdfa13d9f667c3481
diaries-client/node_modules/make-dir/package.json,dc90aaea0e4c90012ac8a7e7d858e72d3d74104883ff49125026413c771c277f
diaries-client/node_modules/make-fetch-happen/node_modules/negotiator/package.json,a33b5a293825b22957629dafe778ea4164e577499418cd907d937b874f27675a
diaries-client/node_modules/make-fetch-happen/package.json,279b653b3c792aefb9cef4f0822747a5d81c1fd135bc92bc1251112ddc695b84
diaries-client/node_modules/math-intrinsics/package.json,39d74aa5a354153130706286dd60a2d8409ce0c8f66546eff2edcac0afff17e1
diaries-client/node_modules/media-typer/package.json,8ccf875e488e700b79ec48386e2f47c51c5f26297ec74e5e4e5d92dc5d70ef30
diaries-client/node_modules/micromatch/node_modules/picomatch/package.json,39b4c548570b67f5a07fb596e2e102ad8b373f83a86d761d13df6d911f9a784c
diaries-client/node_modules/micromatch/package.json,94dbc881c0329813f2481f35fcfa725a2285d45926d33e9b9b8b80b28487752b
diaries-client/node_modules/mime/package.json,bf0215de4072ed011d4c164e429694d3331e02bc086c5a95b4fbe14fa477554b
diaries-client/node_modules/mime-db/package.json,d03e37b915a050af548d543f4e45ff5de06ec767c19e745f18c431d9dc26b5bf
diaries-client/node_modules/mime-types/package.json,5053cc10259c3913ab6b6c8f13170a619c0d1836c1d9081238329a559fafeb3a
diaries-client/node_modules/mimic-function/package.json,d49919b51c727d702ce72bbd44dd328b2d537abce907fc9fa529ec724cfe6467
diaries-client/node_modules/minimatch/package.json,ab02f4767adc32c3ced28703bf7f5a57fee72b638b582850a647770d12e5dbe7
diaries-client/node_modules/minimist/package.json,252881f6a068a3e70386706d88a694b5e8e9e053b6d9f309fd9a329e651bbf81
diaries-client/node_modules/minipass/dist/commonjs/package.json,8005a3491db7d92f36ac66369861589f9c47123d3a7c71e643fc2c06168cd45a
diaries-client/node_modules/minipass/dist/esm/package.json,3ca9d4afd21425087cf31893b8f9f63c81b0b8408db5e343ca76e5f8aa26ab9a
diaries-client/node_modules/minipass/package.json,f6cfe184c40e1c08eac8f614d7ca6888fee9654259668ad0670bb6011f74a005
diaries-client/node_modules/minipass-collect/package.json,042ab826c5440a7d01a1cafae44c54840618319e2e64ed40df006c542b0768f8
diaries-client/node_modules/minipass-fetch/package.json,75e1d21fe4253c6a01b012e347900cf44c13f0ff541a5e000ff930faa504d84b
diaries-client/node_modules/minipass-flush/node_modules/minipass/package.json,e99f6b67ba6e5cda438efb7a23dd399ee5c2070af69ce77720d95de5fb42921e
diaries-client/node_modules/minipass-flush/node_modules/yallist/package.json,c56b604bce814520105739e9559142ea9d4417454ebb933fd5687ca1d8d89bd5
diaries-client/node_modules/minipass-flush/package.json,822c46377be9b8a54b3565210b03f874f65f28c88cca59168368fd11842219cd
diaries-client/node_modules/minipass-pipeline/node_modules/minipass/package.json,e99f6b67ba6e5cda438efb7a23dd399ee5c2070af69ce77720d95de5fb42921e
diaries-client/node_modules/minipass-pipeline/node_modules/yallist/package.json,c56b604bce814520105739e9559142ea9d4417454ebb933fd5687ca1d8d89bd5
diaries-client/node_modules/minipass-pipeline/package.json,c20f059ca6012af5a3d255948c7ab1fccc06ad1d0019c669b08ba251cd4b281d
diaries-client/node_modules/minipass-sized/node_modules/minipass/package.json,e99f6b67ba6e5cda438efb7a23dd399ee5c2070af69ce77720d95de5fb42921e
diaries-client/node_modules/minipass-sized/node_modules/yallist/package.json,c56b604bce814520105739e9559142ea9d4417454ebb933fd5687ca1d8d89bd5
diaries-client/node_modules/minipass-sized/package-lock.json,9e7c7fbfd01a99b8bce20f3ae9108bc9962d9cd5ba6b8bd7f2ec1c946e65a870
diaries-client/node_modules/minipass-sized/package.json,55b337582c4192528f19eea2ababf77b18fe2ada15f346b25a2c1d276fec182b
diaries-client/node_modules/minizlib/dist/commonjs/package.json,8005a3491db7d92f36ac66369861589f9c47123d3a7c71e643fc2c06168cd45a
diaries-client/node_modules/minizlib/dist/esm/package.json,3ca9d4afd21425087cf31893b8f9f63c81b0b8408db5e343ca76e5f8aa26ab9a
diaries-client/node_modules/minizlib/package.json,e3be75cf1475cf676d2aeb5a91e3afa3975018565f654b61906c6ca5565e68e0
diaries-client/node_modules/mkdirp/package.json,8856bdf1f9b0f5d6b79fc8af4c5d23ca25a41c8cbce465d4b2f5a2852eab1859
diaries-client/node_modules/mqtt/node_modules/lru-cache/dist/commonjs/package.json,8005a3491db7d92f36ac66369861589f9c47123d3a7c71e643fc2c06168cd45a
diaries-client/node_modules/mqtt/node_modules/lru-cache/dist/esm/package.json,3ca9d4afd21425087cf31893b8f9f63c81b0b8408db5e343ca76e5f8aa26ab9a
diaries-client/node_modules/mqtt/node_modules/lru-cache/package.json,a7e05794a5dc81dfc79a0f186c5219f442f2f735b08a3e9b91aba59833badc2d
diaries-client/node_modules/mqtt/node_modules/readable-stream/package.json,c4c2abe95b1560a67b1d8d710f5ac688fccec36385ba9393e60f947ca0d16c58
diaries-client/node_modules/mqtt/package.json,b16c485d62bb91dc254c3b2e9e3130460be5db273c93fc69745fa5534a6412f9
diaries-client/node_modules/mqtt-packet/node_modules/bl/package.json,9a72bedf14b9a17ee3a526e6c97f5ed7a7b7db9a90bb0fe66efda1d9b5b9db19
diaries-client/node_modules/mqtt-packet/node_modules/readable-stream/package.json,c4c2abe95b1560a67b1d8d710f5ac688fccec36385ba9393e60f947ca0d16c58
diaries-client/node_modules/mqtt-packet/package.json,d2e0ec2bb98d4f71d92ed929f1f7acf9378981ef86c8e81393e3018afb7122c3
diaries-client/node_modules/mrmime/package.json,bbe60d7ad0ce4cdca6c452bc88d60ed6997c05b9e2e433475844b7d4de3176bb
diaries-client/node_modules/ms/package.json,3708fd273bf5b1e91c72d88143f48ad962adcc10b99250a4a203d13804f37757
diaries-client/node_modules/msgpackr/package.json,acbabdf3f6eb7288c1ecc34d344520f132844378bbdc4b5316e2fd916d592cab
diaries-client/node_modules/msgpackr-extract/package.json,c0b4a47c98b57706c7414d06fd26d2b885c64e0958f3915a0c72673bd054b3d6
diaries-client/node_modules/mute-stream/package.json,40ce37fd068f8da06c2f50e2192e94b6b1bdffdb1da8a9a1f3c183ce0fc5b2e7
diaries-client/node_modules/nanoid/async/package.json,0e02b9178f3638eba65e96c8643f3bf08ea192dcef7faadaf3c38c50a829b301
diaries-client/node_modules/nanoid/non-secure/package.json,2f9b8c4bee9312538f388b49c13987f4565ac25d6756fabdbbb771d339945e3e
diaries-client/node_modules/nanoid/package.json,7897d2afc6239c090b3f2063cb628dfdcad4a62b160eb2cd583cbc68191b1877
diaries-client/node_modules/nanoid/url-alphabet/package.json,2f9b8c4bee9312538f388b49c13987f4565ac25d6756fabdbbb771d339945e3e
diaries-client/node_modules/needle/examples/stream-multiple/package.json,5986ec462c9106d86ddfd6548b2db0f1de22469bddd6f42cd0951631bea2032a
diaries-client/node_modules/needle/node_modules/iconv-lite/package.json,3a9582fd121f841c245d1fcf84ef0b9e41c94b785b8d7eb63f9f5aec9bad0b98
diaries-client/node_modules/needle/package.json,db184befd1954cee6d8143082bcde641c7f7bd1edae244bcb3eb4053ff084521
diaries-client/node_modules/negotiator/package.json,8672e91f7395ce51ec789d883d7f7d872a40847bb83a6a3f89c3d1ded39e55d9
diaries-client/node_modules/ngx-quill/package.json,8babd3fb36a735afa2eea0891546a4cfeff84d643ce91ceb2d9c976ded7cad11
diaries-client/node_modules/node-addon-api/package.json,adb8e56121c7a4d909736df914d670c36adbf38bf4e9bd3354ee6c8ffe6d48a3
diaries-client/node_modules/node-gyp/node_modules/chownr/dist/commonjs/package.json,8005a3491db7d92f36ac66369861589f9c47123d3a7c71e643fc2c06168cd45a
diaries-client/node_modules/node-gyp/node_modules/chownr/dist/esm/package.json,3ca9d4afd21425087cf31893b8f9f63c81b0b8408db5e343ca76e5f8aa26ab9a
diaries-client/node_modules/node-gyp/node_modules/chownr/package.json,4300e90fdd91ec7035047473c60f880251a9801bd786302729d4277751d3b948
diaries-client/node_modules/node-gyp/node_modules/isexe/dist/cjs/package.json,8005a3491db7d92f36ac66369861589f9c47123d3a7c71e643fc2c06168cd45a
diaries-client/node_modules/node-gyp/node_modules/isexe/dist/mjs/package.json,3ca9d4afd21425087cf31893b8f9f63c81b0b8408db5e343ca76e5f8aa26ab9a
diaries-client/node_modules/node-gyp/node_modules/isexe/package.json,40b17c58e0324bd3311cc201cfe513054e6af10261f872c8873ae290d620d5c6
diaries-client/node_modules/node-gyp/node_modules/mkdirp/dist/cjs/package.json,9ce4511e221a35d7027c9ca6f4b9ba6c762de06d4544e0cdc7a92062c50bfc5d
diaries-client/node_modules/node-gyp/node_modules/mkdirp/dist/mjs/package.json,3ca9d4afd21425087cf31893b8f9f63c81b0b8408db5e343ca76e5f8aa26ab9a
diaries-client/node_modules/node-gyp/node_modules/mkdirp/package.json,366d0eca09ca7018417907f67a0caf02bdc9ae492e90359f9df7cfe53e7a768e
diaries-client/node_modules/node-gyp/node_modules/tar/dist/commonjs/package.json,8005a3491db7d92f36ac66369861589f9c47123d3a7c71e643fc2c06168cd45a
diaries-client/node_modules/node-gyp/node_modules/tar/dist/esm/package.json,3ca9d4afd21425087cf31893b8f9f63c81b0b8408db5e343ca76e5f8aa26ab9a
diaries-client/node_modules/node-gyp/node_modules/tar/package.json,f2de5f4b3f05b8e441aae63ecf228125dc72175052099d918769edb3b8982f7c
diaries-client/node_modules/node-gyp/node_modules/which/package.json,9f06638e5fcb977409c2181382492dd0d62885999e5739a8f285960d5a78906d
diaries-client/node_modules/node-gyp/node_modules/yallist/dist/commonjs/package.json,8005a3491db7d92f36ac66369861589f9c47123d3a7c71e643fc2c06168cd45a
diaries-client/node_modules/node-gyp/node_modules/yallist/dist/esm/package.json,3ca9d4afd21425087cf31893b8f9f63c81b0b8408db5e343ca76e5f8aa26ab9a
diaries-client/node_modules/node-gyp/node_modules/yallist/package.json,1b9d47057ce39814531ff93f668823b4fa03e7d23945449c274a1ff6d4cc297f
diaries-client/node_modules/node-gyp/package.json,b7e02c4937964f7d041bf37cb896e541abc746142567a4e0dd52f12f9e836598
diaries-client/node_modules/node-gyp-build-optional-packages/package.json,939e18b5652b4cd288a9ff263ddd9be1101b0503903794b9f8feb2603461e1a4
diaries-client/node_modules/node-releases/package.json,67b1e7d5054efbc724996f66c53e8dd47f56706a8f351f0c206db8edc2bfab91
diaries-client/node_modules/nopt/package.json,a892ac4d9de9c19c5649cd38963ff353ce637455f83667a6b3a691bee62a7912
diaries-client/node_modules/normalize-path/package.json,284ea445a01a454ab1235a08101445fe16592303167090815f4a75b54d6fba04
diaries-client/node_modules/npm-bundled/package.json,7e9b86ac55f8dc684594682012172ec5e1b567b017af77e529c377920061572d
diaries-client/node_modules/npm-install-checks/package.json,1512e1fa7ddd9ffc5ef64489e0bb75b4fdc3465b6937482fb59dd65bde7a05c5
diaries-client/node_modules/npm-normalize-package-bin/package.json,6a3f6893eb24165fe23008c8bc216efc7812931fd5a2e5329e51cf74a4f7cc4d
diaries-client/node_modules/npm-package-arg/package.json,ba73c8bf8b71e12a659e918f47ad0bbe593919a3cf23b817e856fb7d6bb91d32
diaries-client/node_modules/npm-packlist/package.json,b2afa7f4ab048813b9bac37d4a06176037fb11254dc2671c647d2f1a3ff672a2
diaries-client/node_modules/npm-pick-manifest/package.json,86bb571f2a709b39e7c09ba5f4c9dce9a2a1be1c41a3a2bb19337d10a63a4aab
diaries-client/node_modules/npm-registry-fetch/package.json,35822c442c35ffe2ac4d2d6285ef591863f422b9f575033cbde229da64a4531a
diaries-client/node_modules/nth-check/lib/esm/package.json,1239d4d885dcad42201a27ed9324f8f0f760b78700d8db9ced39a511cffe7eae
diaries-client/node_modules/nth-check/package.json,4e6d8f4a3a8170c031465e79d30a3f47c97e115944d6d656dd087086b2da04f1
diaries-client/node_modules/number-allocator/package.json,00044b53fed079c0d5c27b3fd62b6f8f633abc35e067840caf28a4c65f506465
diaries-client/node_modules/object-assign/package.json,5990bbffa235fc675debd925d50f6c3f48a2b4526d8c9f7555cadec9029d0d7f
diaries-client/node_modules/object-inspect/package.json,21c5c63f653705f44a60f5fe93752b231caf6ff07b01805740bd89b71b2d6d8a
diaries-client/node_modules/on-finished/package.json,c812eca4b0dee2317cb446124cb27ae8e5b993c8fdd0144886b629ef6ef53fc1
diaries-client/node_modules/once/package.json,33840d74c14c94bfb75c76374765b635531b1eacb88d7f1f2f380c94d0ea1328
diaries-client/node_modules/onetime/package.json,3d35dab44fc94bfb6d7e85dfb65fc6c0c262dfd491dbb6c28527616c811cc4a7
diaries-client/node_modules/ora/node_modules/ansi-regex/package.json,812dcfa3e1e50741dc28d4f22845c4df1c2464249c90fd883c59d1d44fca0720
diaries-client/node_modules/ora/node_modules/strip-ansi/package.json,01cee5e384d1e26843021c1f91bc05ed009e14c2d31c01349a374e64d3416e7d
diaries-client/node_modules/ora/package.json,b80b9745ab78d256d70f04a9bb4166059efa1dfd13b090a5d654db561cbeebff
diaries-client/node_modules/ordered-binary/package.json,04af36510fb6215a51639ccebce9ec592bd4061644d2361e6e420f662563cf66
diaries-client/node_modules/os-tmpdir/package.json,708404ce657fbad57a4804f3ccfcda877e038b981fb9675aebcc57de91e95694
diaries-client/node_modules/p-map/package.json,02ba1a164520f5d93c9688a1cc9fb08586af4a883678f27aeafe1f787c66ee90
diaries-client/node_modules/package-json-from-dist/dist/commonjs/package.json,8005a3491db7d92f36ac66369861589f9c47123d3a7c71e643fc2c06168cd45a
diaries-client/node_modules/package-json-from-dist/dist/esm/package.json,3ca9d4afd21425087cf31893b8f9f63c81b0b8408db5e343ca76e5f8aa26ab9a
diaries-client/node_modules/package-json-from-dist/package.json,38fdaf168bc63a6422a7dbe7e41a7b52b02326edef8b14019e0333ef60b37b47
diaries-client/node_modules/pacote/package.json,91d4239e5d0fec6d2405bacd2d479c6ab19a549c6fab177115ed75209ba4705b
diaries-client/node_modules/parchment/package.json,6a7da0489edf6fa8545e8462e42b6a87b157fddf3a726b6d59c804efd80b9969
diaries-client/node_modules/parse-node-version/package.json,81860a9d814af7b30b2941b9041ad2aca2a95d2be9466b0d555c316427171dd1
diaries-client/node_modules/parse5/dist/cjs/package.json,dbf8353f77358bc12169b7bb7301e1978d5b503e002ee927229a8993672818fc
diaries-client/node_modules/parse5/package.json,fd1f23267a75efab8ca9c9cef0b61679d6fe04332be72a9614df2f7c6309ebde
diaries-client/node_modules/parse5-html-rewriting-stream/node_modules/entities/dist/commonjs/package.json,8005a3491db7d92f36ac66369861589f9c47123d3a7c71e643fc2c06168cd45a
diaries-client/node_modules/parse5-html-rewriting-stream/node_modules/entities/dist/esm/package.json,3ca9d4afd21425087cf31893b8f9f63c81b0b8408db5e343ca76e5f8aa26ab9a
diaries-client/node_modules/parse5-html-rewriting-stream/node_modules/entities/package.json,99721b20bfa5f1c8125cbd1480e2e8e64dd83597d051f6d4b2979b7f6702d528
diaries-client/node_modules/parse5-html-rewriting-stream/package.json,d0d75c7978c22993dfbe96dd2c75a4984f10f97504f7e253f2b46ead79d7c3b6
diaries-client/node_modules/parse5-sax-parser/package.json,6e6fa2efc8cc7e39b4acab0eda29437aa54b49e822895420dc200e0565099aa7
diaries-client/node_modules/parseurl/package.json,98c7b953c844cac7c0be2d5abc6559c6fd3a6075fd159b04c0f1bf46145bfed2
diaries-client/node_modules/path-is-absolute/package.json,be5b83877f6998b840b9365d7ab77e885f0d583337826c22daccaeb6e303fd4c
diaries-client/node_modules/path-key/package.json,25594dab72681c910d9cc919263a4daf27d77a75e0d2c26a4d958d6d6b798f86
diaries-client/node_modules/path-parse/package.json,9c680ecfd322afe056b4ccbfdb6c7043342276903f017c0a29b77c3926790d13
diaries-client/node_modules/path-scurry/dist/commonjs/package.json,8005a3491db7d92f36ac66369861589f9c47123d3a7c71e643fc2c06168cd45a
diaries-client/node_modules/path-scurry/dist/esm/package.json,3ca9d4afd21425087cf31893b8f9f63c81b0b8408db5e343ca76e5f8aa26ab9a
diaries-client/node_modules/path-scurry/node_modules/lru-cache/dist/commonjs/package.json,8005a3491db7d92f36ac66369861589f9c47123d3a7c71e643fc2c06168cd45a
diaries-client/node_modules/path-scurry/node_modules/lru-cache/dist/esm/package.json,3ca9d4afd21425087cf31893b8f9f63c81b0b8408db5e343ca76e5f8aa26ab9a
diaries-client/node_modules/path-scurry/node_modules/lru-cache/package.json,a7e05794a5dc81dfc79a0f186c5219f442f2f735b08a3e9b91aba59833badc2d
diaries-client/node_modules/path-scurry/package.json,eda5ff683c26f88a134198fa2700b371abc9092c61a81474226bdfc6f9348c14
diaries-client/node_modules/picocolors/package.json,ef2ac226c4811d312e12c64214c453878653e834482125ae475f27cea60de737
diaries-client/node_modules/picomatch/package.json,9c56d3fb790f86019de5db15174f19327a77b17bcb13877b5c7fd09c611bb7f6
diaries-client/node_modules/pify/package.json,6f3beed79477c32ec1533609a75bef5cc3998e96657277519b3d66bfcc6d046d
diaries-client/node_modules/piscina/package.json,c53fdd6c9d3977ce59dc17c06887a2b1b168bc2c4ee2b479deb0569b4df15d90
diaries-client/node_modules/postcss/package.json,2aa226ff76386d776fcea16eb239e7e50068aa7510ac81aef926f3bd9fe44cb3
diaries-client/node_modules/postcss-media-query-parser/package.json,8c6e10ec9e213fab3f888318d86b1b88560acc67e20777ffb74e87608e3fc634
diaries-client/node_modules/proc-log/package.json,636f411adcca5bcfec9c68ee39ce18f3ee00d27934dbbcde3c6635929faceb85
diaries-client/node_modules/process/package.json,8501b4909630e60c9e9f68c4ca8ccb1964688500e61c60408a26d5480a9dd3d4
diaries-client/node_modules/process-nextick-args/package.json,6d6d93d057f39bc3173d53e694b61833fd0ce89c1d669156169136d31a968131
diaries-client/node_modules/promise-retry/package.json,71c2995725304ffa82e03be2c21e83f3b7c0c557846df88aaed0f2b9fa75d911
diaries-client/node_modules/prr/package.json,6988ba6c79195106f11a8a45a1806636a8b2ccdeeec3755ec9e16ba9bc2d58a0
diaries-client/node_modules/punycode/package.json,891aff52ab119b1886cce762dc26d8587c33b5292eae9ec4e2731823368961bc
diaries-client/node_modules/qjobs/package.json,7f97e66c999a35e45762e45780dd2559d443149345b759af684a741de8fc9afd
diaries-client/node_modules/qs/package.json,9a7c5e45d5a498ef79a4471511e389bbdfaa8737d0fdabb9db873b9cf09a733d
diaries-client/node_modules/quill/node_modules/eventemitter3/package.json,7ad3766f9fede4b61775a7da6a64bf68e1d73e6298e54ac03425279df2f2d1eb
diaries-client/node_modules/quill/package.json,9586857338fdcc6d2c083db2dd0475423de530feba2c040972b12d699846209d
diaries-client/node_modules/quill-delta/package.json,74793522d5704e8795ec47b18a43bd63d38bc868a015972b6df94539592f8148
diaries-client/node_modules/range-parser/package.json,d0b5f54eaa59001dc86720a9be1fdf653bad83707d70842332fb3e8847f65a89
diaries-client/node_modules/raw-body/package.json,371d95a705fbdf75bf820e49f7e329a5ba48a7b3a37eb12efef3029493318c13
diaries-client/node_modules/readable-stream/package.json,469ea81f64037d1f179bcd46412217903a2924dd2e7d7d9b728659b6f12c3e69
diaries-client/node_modules/readdirp/node_modules/picomatch/package.json,39b4c548570b67f5a07fb596e2e102ad8b373f83a86d761d13df6d911f9a784c
diaries-client/node_modules/readdirp/package.json,93b8758f0f281218bffe31db03a3d7b92d37f5965c8ac7c846740dd4e187d317
diaries-client/node_modules/reflect-metadata/package.json,e0f6d5cf809e02e338f501d3030e917fa57e3a10044387de890cbf142b4f4083
diaries-client/node_modules/reinterval/package.json,2c51ad69cdbb1dc2bcd758530aaeb8f3d89e5ecb1fdd44dc9240bfd527fd830f
diaries-client/node_modules/require-directory/package.json,5690bdddd6eb4abd795fa5319df7552279508df9d562d571e3132ddff3045a71
diaries-client/node_modules/require-from-string/package.json,c0002f7d4c7d7e2a885cf0f97226344902417c3a0980f2beca41962d2bc1f6d8
diaries-client/node_modules/requires-port/package.json,537ddc6900b1f1996989cc61a3e170d918bed0ab5cc77a49245bcc59361e8f47
diaries-client/node_modules/resolve/package.json,ee5d2ef47e108920c9285f6e9ad4bd7088f1f6bfec9da54e49af28ca775a288c
diaries-client/node_modules/resolve/test/module_dir/zmodules/bbb/package.json,be4c48fbcb9bcbed4019785e1b14f5150416acb00bff12442366826901555e05
diaries-client/node_modules/resolve/test/resolver/baz/package.json,cd33f816f635bcf9cdbe5a13d877bc8901a1a90819b1d73c16b35b6cdbebecaf
diaries-client/node_modules/resolve/test/resolver/browser_field/package.json,2857c211f81109bda6a96584f2e7a1ac5610baa0f67bbc77f7e766c4152281f4
diaries-client/node_modules/resolve/test/resolver/dot_main/package.json,c16316c71a38c66c3cf13c48f52324c8f488337a89fd129884e8c9b3f1d65e1c
diaries-client/node_modules/resolve/test/resolver/dot_slash_main/package.json,f7d5b70847ddd6e2b385f38cba5bdc31a366b1883ffa0e986141543b7e598a53
diaries-client/node_modules/resolve/test/resolver/false_main/package.json,064d9e3c87123a24e31276d1bcfce16b81bb2156d42c07f427b8ddcbf675f790
diaries-client/node_modules/resolve/test/resolver/incorrect_main/package.json,ac00da5e934b8bd9d1e077f2ab20bf434c4efe0f507276cf60e755649a0de383
diaries-client/node_modules/resolve/test/resolver/invalid_main/package.json,ed30bf3c22be924be67b278ed079ba425dd0ae37110d7027bf9369f771abcb36
diaries-client/node_modules/resolve/test/resolver/multirepo/package.json,ec13311cdf8e7ba462d94656a0f2f90c55b290dc1ad6f7e82da2d3b140c27f20
diaries-client/node_modules/resolve/test/resolver/multirepo/packages/package-a/package.json,ab5dbb7f635d5474648e5ac92df08020b60d0d91a68a740e46186587e05d3da3
diaries-client/node_modules/resolve/test/resolver/multirepo/packages/package-b/package.json,f41fd8ba3d2df58d7d1658be4c77d11d07285fab1e94a6c8151b3548c6f0a8aa
diaries-client/node_modules/resolve/test/resolver/nested_symlinks/mylib/package.json,41ea23c25ff8e7080ab08d38a9f5de9ab986280902f7268de45bc0a5b7e9e028
diaries-client/node_modules/resolve/test/resolver/symlinked/package/package.json,8caed21b350cd172328e10dd2000a1d786e2d59768a5a73d250ba7e518acb5c2
diaries-client/node_modules/restore-cursor/package.json,ae7d335125f4bde47a744cfaa61a9a9416bdb543636aa80cf2f523aa139f0108
diaries-client/node_modules/retry/package.json,c0733eb226e2a6572c7c9c2bc8b4a0efabe233971b0dee1e6d62c6898257e1da
diaries-client/node_modules/rfdc/package.json,587604c366b2f0f40e660ef8496d0480dd0cd839cfc3e64b32f644a7a2a549cf
diaries-client/node_modules/rimraf/package.json,fea6f9125ca35f3d20946205be39fb3758b21b5af44f75910799573bd1230d4c
diaries-client/node_modules/rollup/dist/es/package.json,6dc1b06d6b093e9cccb20bee06a93836eee0420ae26803ca2ce4065d82f070d1
diaries-client/node_modules/rollup/package.json,6930be4cea2f03c7cb72b609f097a66924904157449bb768b09e8d5962fb8f28
diaries-client/node_modules/rxjs/ajax/package.json,a1d5789b3326db9d728c41641bc68c645198384f59c814bd0d7c0f2096e73913
diaries-client/node_modules/rxjs/fetch/package.json,37a7e1a0956e8e3c2df2e995e5529da5d3257ed5f2ba40048417ddee866f2591
diaries-client/node_modules/rxjs/operators/package.json,a91d2f973f8f500a81d385d6c92b68b1ffe22a37b87e24fdb0c9bfb85e63d14c
diaries-client/node_modules/rxjs/package.json,2399f5d968d1d693ecd206e7972fd26cb7e3daa45931ecc12202b3a924be38b7
diaries-client/node_modules/rxjs/testing/package.json,4a14182ff4d487fa27a49ee302e03ff4a6ce63a399ce63812d83f6157ff772f6
diaries-client/node_modules/rxjs/webSocket/package.json,ee53a1fd12d7bf02ffc81bbf1b7a80b252e7081a6b13c119c2f764d393dc734c
diaries-client/node_modules/safe-buffer/package.json,e4018fdbfe625433371f48274fee26f520bbe865e0d8c85bf3aa07424134b90c
diaries-client/node_modules/safer-buffer/package.json,4247a3a63c45a6a7ced1557fe4dd9d2a163af4915d594b95e5867b69a53edb52
diaries-client/node_modules/sass/node_modules/chokidar/esm/package.json,2ce1adbdeda823b44d6f39dc05828240810979ba1314dace973096d1df1a799f
diaries-client/node_modules/sass/node_modules/chokidar/package.json,4764fed21a281c69d98e06b4c3e7c22a8936069ed2d320330d9831d8a8bddd5a
diaries-client/node_modules/sass/node_modules/readdirp/esm/package.json,2ce1adbdeda823b44d6f39dc05828240810979ba1314dace973096d1df1a799f
diaries-client/node_modules/sass/node_modules/readdirp/package.json,9869f6d7ed7a299100bf6f87263f442092bba77c2ef55d8d8f418fd634cf9aac
diaries-client/node_modules/sass/package.json,92a48770c05fd08dd7c549b425d914c42f48eabe2d170c37e83b1297576b22cc
diaries-client/node_modules/sax/package.json,f78f8efd1a518cd6787c5c06806ee18ea559acf583cd80d2237641c4adcfb989
diaries-client/node_modules/semver/package.json,dd838c686e2c41f7460768f16df16c0261fe425f240443c4c7361969df3f5c23
diaries-client/node_modules/setprototypeof/package.json,5b39ddf23d2c12a751cb4af2ce12dd5c87314350be7526fff69b4a3ff2a2d538
diaries-client/node_modules/shebang-command/package.json,44de390ae5ed6c5f9758b8b9c90b93fa53977d5361731600429f1de08f4b3f30
diaries-client/node_modules/shebang-regex/package.json,b8018c6b8cc9900dfd1ac18a54956ba34c453fdc2da5e5fe555ee8f04133a1c5
diaries-client/node_modules/side-channel/package.json,b33b18efda612f3149f2e5102b305cb77bc5067eae372fb1c83f74c263b5b18e
diaries-client/node_modules/side-channel-list/package.json,48b25a94e64980d573699ad6f5128ac8c521e908884a41a3835e97ef529ed584
diaries-client/node_modules/side-channel-map/package.json,914a8bd732b82523d95bb697eec3e6d95badc5eb13b196fb0772e59354a3ab25
diaries-client/node_modules/side-channel-weakmap/package.json,8c11f0a1c6cfa549588d991a5cb1b04d62953277ed29f47463d415d5946388a8
diaries-client/node_modules/signal-exit/dist/cjs/package.json,8005a3491db7d92f36ac66369861589f9c47123d3a7c71e643fc2c06168cd45a
diaries-client/node_modules/signal-exit/dist/mjs/package.json,3ca9d4afd21425087cf31893b8f9f63c81b0b8408db5e343ca76e5f8aa26ab9a
diaries-client/node_modules/signal-exit/package.json,cd1c6cfa95782e432dd2affaa88c3a6dda7f46c8088d91f3acc0fba79dce5075
diaries-client/node_modules/sigstore/package.json,c83ea0d91bc9e8e3f36d818b9b4a0dbffb1042e04de285045458c3a66f84f059
diaries-client/node_modules/slice-ansi/package.json,62c3eba4d3abd8c32953588a6dd029fb52f216f57cd41d9ab8759e4ac10cad88
diaries-client/node_modules/smart-buffer/package.json,188644cdf467d6a768ad25ed3ee8eb845dc5cb29aadc4c88ca7c5cb5f631d66a
diaries-client/node_modules/socket.io/package.json,d51b01f17edb10885b62eb7bb35e98393390fd658a08bad93baf332d5f77ad9f
diaries-client/node_modules/socket.io-adapter/package.json,f173c4d3ddf6a45ac8e480e11165284e9d0ee11448368eb573c31df38b2e3508
diaries-client/node_modules/socket.io-parser/build/cjs/package.json,8005a3491db7d92f36ac66369861589f9c47123d3a7c71e643fc2c06168cd45a
diaries-client/node_modules/socket.io-parser/build/esm/package.json,3ca9d4afd21425087cf31893b8f9f63c81b0b8408db5e343ca76e5f8aa26ab9a
diaries-client/node_modules/socket.io-parser/build/esm-debug/package.json,3ca9d4afd21425087cf31893b8f9f63c81b0b8408db5e343ca76e5f8aa26ab9a
diaries-client/node_modules/socket.io-parser/package.json,69db9db6c8bd06b10dd69c7a201fc3b04128ee433e7039f138bb9f1598d1cd44
diaries-client/node_modules/socks/package.json,f3c802fab2463a4fbee79e7b876adbe9e91cd13687cd74af8d5e2eb68ca5d128
diaries-client/node_modules/socks-proxy-agent/package.json,5667d50ea8b62c802757a3a2737a6515edbae3129bb3ef0980ca5d15c91ed99f
diaries-client/node_modules/source-map/package.json,3fdebd9f5c0107bcf7b73e0d17e0147042bcfb74884106e4428afbf17171ef06
diaries-client/node_modules/source-map-js/package.json,58f8e94a461a5e461e0cb2bb2be681cbd89b9181989fd26fceb858e67711469a
diaries-client/node_modules/source-map-support/package.json,f54089d5208d092e8bebc7547a3bd2dc35d27668717158bfc3562c55ec4861bf
diaries-client/node_modules/spdx-correct/package.json,4d5b264748a7510ad96a135debdae4833a62506bfc95df06c70d657096df6aaa
diaries-client/node_modules/spdx-exceptions/package.json,0af9bd4b68c9e3d1bc7a9208881cbde84da140d564a3bb42cf53184c6e83f2e3
diaries-client/node_modules/spdx-expression-parse/package.json,019a60839cf6b909b3f7f7079888edce8d9aa7de6c296bb4ef7e2df587173afb
diaries-client/node_modules/spdx-license-ids/package.json,eed3af76a6efb709165c1c2de276173e4945d2766e0056ef462260a82b8e9fe6
diaries-client/node_modules/split2/package.json,87b734c3087c8d9ed5d76d1bff00db30f960831ba8705dd18d73b180d08d2140
diaries-client/node_modules/sprintf-js/package.json,c97349295cae4e40a6f16a26096330997257c00be67bd8fd0ac3391719e4ee5f
diaries-client/node_modules/ssri/package.json,5c18917c39afce09b6ebdfd212c736c390d74d1a72db8bd1561117f949669252
diaries-client/node_modules/statuses/package.json,39cf653c972f99725bae6adab44da5df52185fa1fc3bdaf671a8f62d0e182631
diaries-client/node_modules/stdin-discarder/package.json,251013f23b660600c3af9a0d07e6ca2dfef4b20b901587ca3411c7cfa14f27cd
diaries-client/node_modules/streamroller/package.json,c78ec499b270df0f3dbfb80cd15ebac5b36f97e1098337530daee81a7811780b
diaries-client/node_modules/string-width/node_modules/ansi-regex/package.json,812dcfa3e1e50741dc28d4f22845c4df1c2464249c90fd883c59d1d44fca0720
diaries-client/node_modules/string-width/node_modules/strip-ansi/package.json,01cee5e384d1e26843021c1f91bc05ed009e14c2d31c01349a374e64d3416e7d
diaries-client/node_modules/string-width/package.json,c136bc8e7e23b6de2ad6f083cf99c1c3769fe200224d7575351f29c9f6bed27e
diaries-client/node_modules/string-width-cjs/node_modules/emoji-regex/package.json,7bec29b9ca68f2c4becc60e866c2f9342ecdc89fab39841a818ccd9eda15c148
diaries-client/node_modules/string-width-cjs/node_modules/is-fullwidth-code-point/package.json,5b48496ca129073ed44a677b777ea3b91366c8bc228bc75fe858749a78ac1a32
diaries-client/node_modules/string-width-cjs/package.json,6457a02418f004fe5d3fbbb19c7cbcc1450a8b887ff9a471dc6985ac83a48d36
diaries-client/node_modules/string_decoder/package.json,31984c85cd4f3df0aa75075acdec98c25961496897d1f46d04ed4a701f129c54
diaries-client/node_modules/strip-ansi/package.json,0130850b9da0584f54cc20d3dab6365c807e9436ac78e016d5009efa99bd0530
diaries-client/node_modules/strip-ansi-cjs/package.json,0130850b9da0584f54cc20d3dab6365c807e9436ac78e016d5009efa99bd0530
diaries-client/node_modules/supports-preserve-symlinks-flag/package.json,aef0ae2d21ae9181d8702c2063ce0ee274ba1063e5312e4baab5673aa6d4d5db
diaries-client/node_modules/tar/node_modules/fs-minipass/node_modules/minipass/package.json,e99f6b67ba6e5cda438efb7a23dd399ee5c2070af69ce77720d95de5fb42921e
diaries-client/node_modules/tar/node_modules/fs-minipass/package.json,02b36a2a2e729813a196c97486bb12955345e201d6ccda5fb2b322f62fa381ab
diaries-client/node_modules/tar/node_modules/minipass/package.json,280af43113a60826e63a6bf79e115fdf5f89d5866f663cdde3d229640671cee1
diaries-client/node_modules/tar/node_modules/minizlib/node_modules/minipass/package.json,e99f6b67ba6e5cda438efb7a23dd399ee5c2070af69ce77720d95de5fb42921e
diaries-client/node_modules/tar/node_modules/minizlib/package.json,dd7d78caf139ba9228a84bee7bb5fa7b92e4d332b836f07bdf1b0f9e78fa6340
diaries-client/node_modules/tar/node_modules/mkdirp/package.json,a7357d86be1fd6cd9ac7bc78c4d49155ce08c6087a2378fae5b15ce2eb34b9a2
diaries-client/node_modules/tar/node_modules/yallist/package.json,c56b604bce814520105739e9559142ea9d4417454ebb933fd5687ca1d8d89bd5
diaries-client/node_modules/tar/package.json,89bd6d32c9e56eab63f3f62b96080aa43afa530675701610d74793d4719d1137
diaries-client/node_modules/terser/bin/package.json,980b11e17fa34b6e3c0fdb3acbbe605d7f003a4292ea4c881f3974f9a924a412
diaries-client/node_modules/terser/dist/package.json,fcecd9fc7ff349865529f8cd955b8b156b6fe09ac8d6d7a79ded03cef32a3523
diaries-client/node_modules/terser/package.json,0f9f1b2b1cde3bcaae2b8de1f528143caf0432a828884cda023f9b13f97f5830
diaries-client/node_modules/tinyglobby/package.json,d5ff54043e181b6e8e56ba4e82378be0d6261513d7f5fdfc8d3f318a2dbd3058
diaries-client/node_modules/tmp/package.json,0d16aba4ccec87190ee9759b70afcb3e57f068f311d440b5093bde3a4c7a8175
diaries-client/node_modules/to-regex-range/package.json,766fc1bb34fffcd503c89f4194188ce059795c52fd0dc6753cd4b7dcfc3fe1ec
diaries-client/node_modules/toidentifier/package.json,f34c59f784d43da6e633390d85d14ca60539b4676159444f313c62fcfc3b68dc
diaries-client/node_modules/tslib/modules/package.json,f2a77d1fa2e7ee710b2835b2933d75d9c7f5dad4f1bab69e1679876e32b5e9eb
diaries-client/node_modules/tslib/package.json,f02b4851df316f29bdfcd404aa1eb41e4e216b5859015f81fcd3e91caf8be931
diaries-client/node_modules/tuf-js/package.json,366dfa94788da0dd695da5b5b8f44c7a3dec71cd892c74a6df61948f37e1c9fc
diaries-client/node_modules/type-fest/package.json,fd5abc425f5a248be8ab836ae0ad79e2358219875c97b72293849aec3ded8417
diaries-client/node_modules/type-is/package.json,87917e3dda1080179447633c3edff7e4b917d62b463893c88cef5be0b2babc63
diaries-client/node_modules/typedarray/package.json,622ebab64ef61f10e4dd28a099e88545c477ccf7d5aa28d2eb4462c857e76fda
diaries-client/node_modules/typescript/package.json,ebb0ce176c85ac13ce82f5be7e6f15114732ba0f064ccc893fd9051426d35d3a
diaries-client/node_modules/ua-parser-js/package.json,fe6908a74e2cd00edabd68cab4dc8c2d977af24d35dd8d3f8e653099320c7dbc
diaries-client/node_modules/undici-types/package.json,7896d5b1dae2d52e4b8a7f1a611a47df36e83a2f00509661908d3698ed658138
diaries-client/node_modules/unique-filename/package.json,ac3d03b4b239b3eff717b2fdb3dac9f32fd9bf49ee8c20cd87f82fd148c2a7e5
diaries-client/node_modules/unique-slug/package.json,23b9c2630936c9633601c95d91165f2d5dd8f099886e058873eb282ac537fdb7
diaries-client/node_modules/universalify/package.json,337f8f6023a515e5736486d37a7e29f955fea1c69bcafdc565a2bdd08f6a869e
diaries-client/node_modules/unpipe/package.json,28b717f978d2a4fc72cd08236931443b63fe6586102df3d1967e2b21ea8c5e11
diaries-client/node_modules/update-browserslist-db/package.json,91b6021f188259be4d3600445445d764d19f6a0bfccfd2ac3989ecdf3fc181a9
diaries-client/node_modules/util-deprecate/package.json,7bba467f049074957e693fc06672848b040c38fa071b6eed8690f5fbe090a8b2
diaries-client/node_modules/utils-merge/package.json,6238e6d7e2fddd3e4826014b4e69cb20d332b472999728a7157db454c69121b8
diaries-client/node_modules/uuid/package.json,1c4ac7a2f43cbdae537c44c2b4e86e86ded3be75e4f6e545acc4341716050b6c
diaries-client/node_modules/validate-npm-package-license/package.json,e510bebf52a39ff777c88c3494b0bba688252b361edf0774aec2b7dd8bb1fde4
diaries-client/node_modules/validate-npm-package-name/package.json,e8ff3e7aa2d55d47886c60f039d4c2cab8f98bdb8e3d9c0ebcb67467e7c9c2c3
diaries-client/node_modules/vary/package.json,73edaee964d527117a9f69d6360fbe6cec534abd9127794be01a6af58a139daa
diaries-client/node_modules/vite/package.json,d11969c0ffe6277c5fc21d0fc8bbd5fea3c13d957158c93022d5039e9996cf99
diaries-client/node_modules/vite/types/package.json,22fe256ab91f03f1e8ddb5182cedf07448ace5ab09c6a73467ca1be3e83beaf4
diaries-client/node_modules/void-elements/package.json,94b10a967ff48db2dc28ddce1d16dc065ec5dd80f81a4d8d1d407c92f28483f2
diaries-client/node_modules/watchpack/package.json,a05422c1f3ee12899090e5b26884268688d244a1fc04fbef8a542766b9e72187
diaries-client/node_modules/weak-lru-cache/package.json,423674d40b44d822939f3b7bc40bbb46e1f7fe030d743db1d6e2819429235629
diaries-client/node_modules/which/package.json,88269288cdfae9bec4232d6b4fdbb4f52ad5db216219d6d701b02a2fde14162a
diaries-client/node_modules/worker-timers/package.json,a50c664de49aec53900b6c5c0e447058cd322dc1b46957f096fc2f3e70f57137
diaries-client/node_modules/worker-timers-broker/package.json,d82f42b36f6d3bd1ee20693b079432f209e4fa82064f70718b21ac0a51d739a7
diaries-client/node_modules/worker-timers-worker/package.json,084b2147f34fed9ae50a033dd8921e0c093b0e0cc36f5625eb7d7b55a59afc8c
diaries-client/node_modules/wrap-ansi/node_modules/ansi-styles/package.json,d405f010681d53f77691015e98461f8484b2afe6a9edfdd2ddb27b1e8a8e883d
diaries-client/node_modules/wrap-ansi/node_modules/emoji-regex/package.json,7bec29b9ca68f2c4becc60e866c2f9342ecdc89fab39841a818ccd9eda15c148
diaries-client/node_modules/wrap-ansi/node_modules/is-fullwidth-code-point/package.json,5b48496ca129073ed44a677b777ea3b91366c8bc228bc75fe858749a78ac1a32
diaries-client/node_modules/wrap-ansi/node_modules/string-width/package.json,6457a02418f004fe5d3fbbb19c7cbcc1450a8b887ff9a471dc6985ac83a48d36
diaries-client/node_modules/wrap-ansi/package.json,ee3d1495da354ea19d3900e3f28a4e93cc202966623fee4ad6fe54346b385075
diaries-client/node_modules/wrap-ansi-cjs/node_modules/ansi-styles/package.json,d405f010681d53f77691015e98461f8484b2afe6a9edfdd2ddb27b1e8a8e883d
diaries-client/node_modules/wrap-ansi-cjs/node_modules/emoji-regex/package.json,7bec29b9ca68f2c4becc60e866c2f9342ecdc89fab39841a818ccd9eda15c148
diaries-client/node_modules/wrap-ansi-cjs/node_modules/is-fullwidth-code-point/package.json,5b48496ca129073ed44a677b777ea3b91366c8bc228bc75fe858749a78ac1a32
diaries-client/node_modules/wrap-ansi-cjs/node_modules/string-width/package.json,6457a02418f004fe5d3fbbb19c7cbcc1450a8b887ff9a471dc6985ac83a48d36
diaries-client/node_modules/wrap-ansi-cjs/package.json,0b0cf0bf62bd0cc71da2128e3269e63edd566feffdd501aa3692acd6db93c3c9
diaries-client/node_modules/wrappy/package.json,712ac9c4c3cef8bc79f42cf6075ff18551f4cb768f35158214fd643853ad7abc
diaries-client/node_modules/ws/package.json,61c104d44cd4ff02b190f970b8cb0a8d70af0a7274e0eff46580b1e20200decc
diaries-client/node_modules/y18n/package.json,f65855d14daaf57947e398e132caa246f93bbf045ff3f8f9627114714729ad29
diaries-client/node_modules/yallist/package.json,27699a6415a43f128c0e8ddcd5bf6e265f6cf3a581a9d959c11b977244fadc34
diaries-client/node_modules/yargs/helpers/package.json,8005a3491db7d92f36ac66369861589f9c47123d3a7c71e643fc2c06168cd45a
diaries-client/node_modules/yargs/node_modules/emoji-regex/package.json,7bec29b9ca68f2c4becc60e866c2f9342ecdc89fab39841a818ccd9eda15c148
diaries-client/node_modules/yargs/node_modules/is-fullwidth-code-point/package.json,5b48496ca129073ed44a677b777ea3b91366c8bc228bc75fe858749a78ac1a32
diaries-client/node_modules/yargs/node_modules/string-width/package.json,6457a02418f004fe5d3fbbb19c7cbcc1450a8b887ff9a471dc6985ac83a48d36
diaries-client/node_modules/yargs/package.json,c8d5a14cda0fccba3959457ebcc9c69107882e21469364338f6c81df3a34c221
diaries-client/node_modules/yargs-parser/package.json,b6ee1fa4e1881d6f5388a3a52e34c2499a4c01d81615b69f08f12ca35289880b
diaries-client/node_modules/yoctocolors-cjs/package.json,fa5e45568d823d970425aa3302042315974acfb1b5e0635b103e8cc8f8aee2e6
diaries-client/node_modules/zone.js/package.json,9ad0842f49d8fb307e637d75985da24a4a7561ea6a97097dfd1e04cfa5a9847c
diaries-client/package-lock.json,651a4d77f95f4af6ae2c3fdaa35e7e408e20ad49eac45ea308df8e1792715a77
diaries-client/package.json,a5d1795e1a13e3a7cf56ca066ba67863f7b305391ec415e7aa348e8df9b5119b
diaries-client/src/app/alert/alert.component.html,ae1821be7f1e8f297a5a4cfbac8f24a3303f7b57b5ba6f27206bb4646dc1ea8c
diaries-client/src/app/alert/alert.component.scss,43e6ea39be5ee590c392c99c22eb043e02eb0f5ea0c396cf4f8afb6527484a68
diaries-client/src/app/alert/alert.component.spec.ts,4aa9f11127d1ad2ffceca1a9d36c3ec88c6c9581cbf7bcb697f5bfde53b705e2
diaries-client/src/app/alert/alert.component.ts,bc0c270e06b5e356093ce222b3c2272c7e24aa4921985d498dc3cda25301e688
diaries-client/src/app/alertbuttons/alertbuttons.component.html,d481e1e7c181f4a5a01556cee225948a5541e048c65dce0ca515ad4c12469639
diaries-client/src/app/alertbuttons/alertbuttons.component.scss,fd027941537f36e3fc6f36403a6f908ad9a4eb50bc3924e9863bda1f78075a70
diaries-client/src/app/alertbuttons/alertbuttons.component.spec.ts,9eaaeccb905a1cd936e0c274151ee19f76101d36dfebfc1003ffad97d8405b84
diaries-client/src/app/alertbuttons/alertbuttons.component.ts,1cd5c3f9d49f213de4eb3bfb903aa290343d3ac5199c343d3326f5c9f0555900
diaries-client/src/app/alerts/alert.builder.ts,f696140eab3e96d7792b3ff046dac4056ff1076198fb2c5a27503da230fb67c6
diaries-client/src/app/alerts/alert.model.ts,2f9c312df3a54e18b400a1771ff29648b4853ce55faead4659b9442fc641c617
diaries-client/src/app/alerts/alert.service.spec.ts,5e0f188230484a77bb83ad64cb70fae068244eb274bfb953e36e3f29fa89fa91
diaries-client/src/app/alerts/alert.service.ts,81fc91b14d3571fe08f0ab67033a7c7b193cbe31488c1b59015f46a3a799c4ab
diaries-client/src/app/alerts/alerts.component.html,4d82303cecb03c786a8ae23f8ded2cbd181938031e1dd0b0132ea106d7dc9774
diaries-client/src/app/alerts/alerts.component.scss,379389992e99b72aafc40a9c7c88d7b5a76ef28bb9172d648a747e22c093106a
diaries-client/src/app/alerts/alerts.component.spec.ts,dc768444d4c68e36f9a1f8f043735357a15e47070cce9d0fe7bce3609520e84e
diaries-client/src/app/alerts/alerts.component.ts,84c039e6668e31ec3232758877100b512ed54df3a5461dc16b503c85800a0b6c
diaries-client/src/app/app.component.html,dc24544f75483121a8402b0f48f990ad2306ad86f3db0c38f3816d382ac0dfc3
diaries-client/src/app/app.component.scss,185f1bd23a4b83e324051c74f3774b75125be6f369eca23f4cdac89b8f10c730
diaries-client/src/app/app.component.spec.ts,413cc7ee87226f9d53950f022ce854cfcc605c276e74bf579e4ff38067aff38e
diaries-client/src/app/app.component.ts,0d066f3819f3f55d4a44d71279e44387308cb028c20d0df0b0ec9bac89d7669b
diaries-client/src/app/app.config.ts,b07ac518533f06469cb54c9235e41bd634e3b41351f78f9488ca53b414e63948
diaries-client/src/app/app.routes.ts,c12919f6dbd1a6c369194a4b3e7c4067baad2253decb3e23e62b3c3a1ce68d55
diaries-client/src/app/auth.guard.ts,4a24049ab445b6b846bdeb32f10cdd06b0dd663cb819d53ae5138881fe5999da
diaries-client/src/app/build-info/client-build-info.service.ts,cb83ca70ce2effbf0bbcee6e20c6135b75bd419f01f6e1e4229874c5de78587e
diaries-client/src/app/build-info/version-info.component.html,68f3c6478db7bafcf738a9284e537e35bb66cda606624789bab3e68050d29fe5
diaries-client/src/app/build-info/version-info.component.scss,4c422282d8aaf264123cdb29fcf42b94c3ea730bd10cdf9dcdb75033a01531ce
diaries-client/src/app/build-info/version-info.component.ts,462b471909f31b169377115a83ffbbe3ffc726e3bbc8255ed6e41e7f0ddd7b16
diaries-client/src/app/config/config.service.spec.ts,c3210cce6d5583cfccd4d17f08d672b93eb4cc2d7837f9cef30e2020ca892a04
diaries-client/src/app/config/config.service.ts,a7f8a08b1c280cc57c2226e041b8d61f67ce6e585d021c59ea9e3fe7a634cbc0
diaries-client/src/app/dayview/dayview.component.html,3d01c92fad34c6b8f608b944ac51d801233bdb2ca1707d235a0372d3d37a34e4
diaries-client/src/app/dayview/dayview.component.scss,27e22696d5beab5cddc9b34244bf2b45ad44b3d9fb2da3fe4fbf0475e3c9fc9c
diaries-client/src/app/dayview/dayview.component.spec.ts,6ecd939459993a24781a0246792e8109abacff89e64125f068c55fb3b25100e0
diaries-client/src/app/dayview/dayview.component.ts,4f5339fc6dfb5a7b37d03ef8c8731fb99ed749ca1362158dc8de6ae8c2135f85
diaries-client/src/app/diaries/diaries.component.html,99dbc66a822c0530c18367cd014e9b842044565ed55a6718fc5deb5efa7e80e0
diaries-client/src/app/diaries/diaries.component.scss,4f3f27d5e68f009c0756cc589bd2b08a4e4a736bee615e85657142c7df77b593
diaries-client/src/app/diaries/diaries.component.spec.ts,72d5b6fd915bf0616babcfe88d5ebdecaabebf4eaf1c24a332958472c9038684
diaries-client/src/app/diaries/diaries.component.ts,c01445ab536750dc8eb0d58eed7a33d7911f3d2b72ba8ac9977470131db663a4
diaries-client/src/app/diary/diary.component.html,55c3775e0c763de2872e75bc59c7746ce7492de90e61e80c985b4c33bfa6f78a
diaries-client/src/app/diary/diary.component.scss,4f3f27d5e68f009c0756cc589bd2b08a4e4a736bee615e85657142c7df77b593
diaries-client/src/app/diary/diary.component.spec.ts,5d3cf612c76828f63d924ec0097908aee97c40f85c148e91eb9b111982cce542
diaries-client/src/app/diary/diary.component.ts,eee6c62922a484015c54ed6fb6209cdedbc1032171e087ada55784d467a81d11
diaries-client/src/app/files-list-dialog/delete-image-confirmation.component.ts,ce8f4845a40587f37c67c7cc5e26430ad972f2517cd4ee094d3dfda7feece523
diaries-client/src/app/files-list-dialog/files-list-dialog.compatibility.spec.ts,1af49196f9d096408e1418b5f2adf71c3a8db81a2e6b5923cf10b3acb96defc9
diaries-client/src/app/files-list-dialog/files-list-dialog.component.html,e31961324c9a4bc28efc7ec58c76243a773cf5ce05acdfd1010be88bb81ceffb
diaries-client/src/app/files-list-dialog/files-list-dialog.component.scss,62e7d99ca551ad0cba43a40f3519d1a44544e187a4ea794b13bec44039187d77
diaries-client/src/app/files-list-dialog/files-list-dialog.component.ts,9473ecc9670c55d9bb99b47a27803fe8a1f283c7c038410a69b08989e78659e8
diaries-client/src/app/files-list-dialog/files-list-dialog.context-menu.spec.ts,c6da919f803f754cf5b04f76530b226c56ad1c321011c3ac357be9724451519b
diaries-client/src/app/files-list-dialog/files-list-dialog.e2e-spec.ts,a2dd89aa77d416e44987a22e4c5adedf0e4dc84a45cd91efcd4f4d661b3e39e9
diaries-client/src/app/fragment/fragment-lock.service.ts,69d1592127ab90844c22948c8b313791739af69bd8cf3ff3a974617e2e0b0ecb
diaries-client/src/app/fragment/fragment.component.html,04de86afb741cde711728cf50c061796591b3ff49a3404968982b3ef94291213
diaries-client/src/app/fragment/fragment.component.scss,b8f25d5d8cd1f9ec57a03cb5d82f8de222e863b9c1e7a229ea9cd81fb0fc345f
diaries-client/src/app/fragment/fragment.component.spec.ts,1e90d906dc8e2c43dbd8d898f044835b2678f26d102265d312beb37dfeb27f01
diaries-client/src/app/fragment/fragment.component.ts,4f0ea2c7b1b6f27c588f706424d335fe7a3e481a435f850fac5a42ceb82406c8
diaries-client/src/app/fragment/image-viewer/image-viewer.component.html,2fe9609d01af626bfaf4e51517a51819c5f071a274d594c094edb3d9cd3cbf5b
diaries-client/src/app/fragment/image-viewer/image-viewer.component.scss,e468b6b6fd4f9ea59994b0725d5684e1de4c22f49ad9575460110c91235212d7
diaries-client/src/app/fragment/image-viewer/image-viewer.component.spec.ts,c260dfb60a7f0ad0bf869aa8f0f589294d7a9d1d970c9172dc5f64480b69d37b
diaries-client/src/app/fragment/image-viewer/image-viewer.component.ts,ecfba5bd4002b509392c69fab016d5dfad409987b844a5e74d14be0dad68e0f1
diaries-client/src/app/fragment/text-panel/text-panel.component.html,7c63ff306dde87bda24cd248a2dda7e17a0ab2d772576a046d3f42868a03a604
diaries-client/src/app/fragment/text-panel/text-panel.component.scss,569e1b491b0dcf614c8604f6a79e201d5b064d3fe85e8421a67c3fffb0aa62b0
diaries-client/src/app/fragment/text-panel/text-panel.component.spec.ts,a9585a5c79024805f5b735328ce6a94002f75e554763e31d091b824b9cdd4be4
diaries-client/src/app/fragment/text-panel/text-panel.component.ts,bd30998fe30cc499406a4c0e33067b27d974bd4aa5b1229a2fe6c10160e331f0
diaries-client/src/app/headers/fullfooter/fullfooter.component.html,e3e7826c43d67e663889724d17d315090380645450b1eab6732001754b6eeca5
diaries-client/src/app/headers/fullfooter/fullfooter.component.scss,92caef1e7a784b6f88c0313ddf03ee2d6f0f5cbc27248bac8543e4ebb789962d
diaries-client/src/app/headers/fullfooter/fullfooter.component.spec.ts,d2f5632d712cf95c7d2fd05fc1b8aaaf452233c1cf9f698588886d4f614da53f
diaries-client/src/app/headers/fullfooter/fullfooter.component.ts,29af4d83acd525877e4a9b9c4f2a7cfec32344f983ac00c7e22eb42f687c70d4
diaries-client/src/app/headers/fullheader/fullheader.component.html,87dddbd7cb4dba964f426e2f9efef20322df15d5048bfa179e61584a72450c08
diaries-client/src/app/headers/fullheader/fullheader.component.scss,24b7a0dc7bfd93a3766640e50a5da416c99eff2c52ad2a20196d765d7d41ba22
diaries-client/src/app/headers/fullheader/fullheader.component.spec.ts,757dca9bbb5954622b1637148012ddf55a51d2a17e01bf455d03d137728c8677
diaries-client/src/app/headers/fullheader/fullheader.component.ts,576412e46e5ec28fed756375f30869d9f703bbfeeab8eb3214343eb3c8dceb2d
diaries-client/src/app/headers/pagefooter/pagefooter.component.html,f14a6f4e8eaad2edf544a0e16b3105b263812af467b7aa37c20e58af06d767dd
diaries-client/src/app/headers/pagefooter/pagefooter.component.scss,92caef1e7a784b6f88c0313ddf03ee2d6f0f5cbc27248bac8543e4ebb789962d
diaries-client/src/app/headers/pagefooter/pagefooter.component.spec.ts,a88a14eb60dbab6a5678b7d048a6d62b392b1d5a1b4f8acbdef3aac1a07b04e1
diaries-client/src/app/headers/pagefooter/pagefooter.component.ts,d0e3728a0570b64315057a001d92706af8046a374a35bd3bf8b42027041103dd
diaries-client/src/app/headers/pageheader/pageheader.component.html,ce5314a5a7eea15d7f08d179ad3f720ea518119bd32dee0ec158dec2e6bb258c
diaries-client/src/app/headers/pageheader/pageheader.component.scss,0d4b01b70345d7dcaebf9d9bd1f81a904b3b31c7dd79c6669423c600a1fc8e09
diaries-client/src/app/headers/pageheader/pageheader.component.spec.ts,f7761b9a3995a62ae72a73df06c30578e02e87cebb7c1a51181110188bf98115
diaries-client/src/app/headers/pageheader/pageheader.component.ts,7ca1a990e3b1df4c541d6696eec36f7f827de54657038c121055d022922df3c5
diaries-client/src/app/headers/plainfooter/plainfooter.component.html,2bf1f6323653d328d77afd15f3fc1254f4368e33f36052868332895cae07c435
diaries-client/src/app/headers/plainfooter/plainfooter.component.scss,901556128aaaaf681951bd0ec77316de3c9087c5ceb4e9fb8d52563cce076046
diaries-client/src/app/headers/plainfooter/plainfooter.component.spec.ts,c172e40deb255c1dc874412e9ea10bd8536439b6e7d23c788c206929f3f79fe3
diaries-client/src/app/headers/plainfooter/plainfooter.component.ts,33db5d2525b40a6363a1dd0236320b8770f9bd30e02ec31fa050babee1696b1b
diaries-client/src/app/headers/plainheader/plainheader.component.html,45e812e37a3e33d06b9f7996b6b3a764f1b8e08b184c7a162c918062e2706086
diaries-client/src/app/headers/plainheader/plainheader.component.scss,8e847e24503ceb5678c16dfb304c02d3b8a7e0caf2ea575e9308c259c201e977
diaries-client/src/app/headers/plainheader/plainheader.component.spec.ts,a74bb6cd75827e7bc71d28001e78e79eaf8dd3acc4229aad744251b6d1f06694
diaries-client/src/app/headers/plainheader/plainheader.component.ts,558c3f039888573da91c2d96e1ea85715903086ef0403d50955d1c6de1c71276
diaries-client/src/app/model/build-info.ts,7f1d57804d00f21e451d83b17bb483bc1d74d147ddfe1dd95535126b8928939a
diaries-client/src/app/model/delete-image-reply.ts,0f6349f439a82ab78a9c4e62e0bae4cb4e766b9cb16ea4b22517ce74eef8ebd8
diaries-client/src/app/model/diary.ts,e3d10fad06c37108fd583ec4c9152cdf9ab5dff943bf205e99efd01d0b2f3a05
diaries-client/src/app/model/FileEntry.ts,93a67b3ca9e003a5c657db9bbd09b6a0a99b353516e71b92c40799a743a97554
diaries-client/src/app/model/FileListResponse.ts,b088cc224cdf7a38d0356b97f3235b5305bc759312d1a2a388b69b9468175a11
diaries-client/src/app/model/fragment.spec.ts,58340afb57edb5b1a288ca31d790e66ed69b6d1d08a34dd10e5bc809cb64642b
diaries-client/src/app/model/fragment.ts,f902a6f017a6927d83fdf34ae1f0c85178b2a23fbe033b42bc9a8c63ac36b88d
diaries-client/src/app/model/marquee.ts,c41ca0f310815445323638b796165c20984afd453a9629227e46819f893c6c37
diaries-client/src/app/model/model-context.spec.ts,ca601f95f3f0f8361a87ddefd694a05342ab3251f9d8b14e54ff367c2b21cb1a
diaries-client/src/app/model/model-context.ts,9db578844f96423e3d6724a2f1d4b4c2eda224f05bfb3902e02f6a487ac06905
diaries-client/src/app/model/page.ts,f32ae16a9d080fc74e2114b08dfbe2fd668fa1b5882847efcbe7e21a3404ce14
diaries-client/src/app/model/refresh.token.ts,9932e6b95601e517aae9e014d265d90a481f943f45dd111f08561acc2157a44f
diaries-client/src/app/model/register.ts,9f10b342baba8f14900db709fb7de00a62337cdea20434c2c034befbf879b490
diaries-client/src/app/model/reply.ts,09d8ef67663d246f61fd00d65f9403bf75f7b55afc908600ee00acad1239dc1f
diaries-client/src/app/model/signin.ts,4a5cbe7edaee218ee465ee4257a2ab84902e7ebd887e7b7bc57357d316f77db2
diaries-client/src/app/model/user.ts,5c7e7674e8415b45ec795fcb83ce6f8c4187dfc6b61112e53213a1c1f9364abb
diaries-client/src/app/mqtt/file-rpc-compatibility.spec.ts,600de55c54a705354f89b4d533e2f2cf33ca1cb71d043aefbe380297cbf3da79
diaries-client/src/app/mqtt/live.object.list.service.ts,ef0574c12c041d2316cef9149955a8ccd72cdfca36a89e370854e674e20fa022
diaries-client/src/app/mqtt/live.object.service.ts,3765c555a573d39483629716ed569b5f0617af2779f4058953ca614e023e8c9e
diaries-client/src/app/mqtt/mqtt.service.spec.ts,2e60cc6c310e8d01f2a004b11d02c1a98fbdc447239c058181e26a2294350d7d
diaries-client/src/app/mqtt/mqtt.service.ts,6d643733ded4d9afe132f15132f6b0ef9df6c2569edf958dd4451d3243afd22b
diaries-client/src/app/mqtt/rpc.service.ts,f07954d3a7abbeab9692c7f6cc8d3081182dcd9e8c56e32a3737ca6bf4149999
diaries-client/src/app/mqtt/status.ts,c080244382cc94c534f12bf6d3a2babfdf318abec963352f62c7b963a7f37620
diaries-client/src/app/testing/delete-image-rpc.fixture.ts,f069c5f09bcb9ad9a55fb1e48fadc6ee28b7e6b757cc88a8875b008a23490e54
diaries-client/src/app/testing/file-rpc-baseline.fixture.ts,b85d53612e9f0f78667587572d214bff8f711263ee353208e35817ea8d9c67a1
diaries-client/src/app/theme.scss,78edfe0be10d38da06dbbc1ae00d16eac474779893bba1ad71bb5dbcbd565570
diaries-client/src/app/thing/thing.component.html,231f91c91b6685920471de13f3c9c36a8bf1498a8795eb9effa262a6c7acf76f
diaries-client/src/app/thing/thing.component.scss,e62ce0643bc16bf78480ca382686f088027437d03afe299850547c5cbca21169
diaries-client/src/app/thing/thing.component.spec.ts,31158ab7b3a8fb6afda13b6b72c98aa0f3b2c1fb55aa02ac26c198cdf9706701
diaries-client/src/app/thing/thing.component.ts,a40382ab86dcebcfaa8d2412197977cf97fe198e65f621067313334162d86887
diaries-client/src/app/user/register/register.component.html,ff46a68c4bab8fe52ffce2cec7316f683ecd90046d60a4bea82d0a5b75a241c3
diaries-client/src/app/user/register/register.component.scss,f8d19a3d4cc1c3ae7242821ffde15beb48ea103307e4151b19c9cb1ba3b077d4
diaries-client/src/app/user/register/register.component.spec.ts,b00cb529401a4581add7d3a3ca570327fb610c8a7b848f7abd627659258c92a4
diaries-client/src/app/user/register/register.component.ts,485ccc8ad691a4734be9496f623d4837c7e46262fdffac1891321c8b08ee9b5f
diaries-client/src/app/user/signin/signin.component.html,ac3fdde8f505e8f37e57872ade1a8da08a1c1d29271490338d640849c3bdfdbc
diaries-client/src/app/user/signin/signin.component.scss,f8d19a3d4cc1c3ae7242821ffde15beb48ea103307e4151b19c9cb1ba3b077d4
diaries-client/src/app/user/signin/signin.component.spec.ts,fa630697f2aa4a67103cb0ca7e79ab5bd73c6acf9391af280aea729a77142385
diaries-client/src/app/user/signin/signin.component.ts,e60f9d4fcfc65d202fc5d57b2380a6b4930e083992646db93699c3ef5f302cbd
diaries-client/src/app/user/token/accessTokenService.ts,86cc2e4cbc2a3f0a93d0a88dae035acfb6c5cef0589813f4e49e9737e05529a1
diaries-client/src/app/user/token/refreshTokenService.ts,930b0dbf17d52433c1041b459447086aca14d9beb0c45ab5f9fa225dce35cb4a
diaries-client/src/app/user/token/tokenService.ts,f4e05285ffa8ea908f36cb13de21453fe14e60495f7b8afcdd2b8a901a4d3397
diaries-client/src/app/user/tokenRequestor.ts,dedd02bb3a84eb90b33fe149bf09fa30c7dfdcbf24963fcb2c52ceb47983cd83
diaries-client/src/app/utilities/constants.ts,0bc19615bfa56dfb713dfd18aaa08584599cc9c35984e188cb044729128d6822
diaries-client/src/app/utilities/DateFormatter.ts,64950f6fea46b2afd332b63b67b6e690ba5648395acfda8aae09fcb54e5c4323
diaries-client/src/app/utilities/legacy-fragment-html.pipe.spec.ts,d752fbee4d62295de182ed545c7f7cced7946e048b3aa0f670f6e0152f2a3d6a
diaries-client/src/app/utilities/legacy-fragment-html.pipe.ts,38625011cd9f133d0af741ab43499d3bfe75f466c468c88b353ae98af41c5d0f
diaries-client/src/app/utilities/passwordStrength.ts,8e7ae1c33dbbd3064f7ea864d278806c26d9d6d983453328d2276908497aeb43
diaries-client/src/app/utilities/point.ts,5d40916d84fbc42c5c343b4d5907cf15a2c6a70be1ea8ad46527279de8823800
diaries-client/src/app/utilities/rectangle.ts,c2a32a93dbd1ee4d596a861853b4d4245a828eab66f6e2ff652e03f1352aabce
diaries-client/src/app/utilities/replyHandler.ts,d50a033c5327862ea180a2f8a2bb1bb9bf350617a7757ab81911a3c2058164aa
diaries-client/src/app/utilities/safe-html.pipe.ts,ea8845bbc5e3de2270540bed9ddfe653bd43db993c5e60eb11f79122f3fdb4f1
diaries-client/src/app/utilities/startupRedirect.ts,0ef347bba25074c9cb689ce1158bd3cb2fa44bede09a5c38e7c2de9a6e518a8d
diaries-client/src/environments/environment.development.ts,76a712ff696300f599be3ff061593c2d96127c6e2d4a2162978a9593a06f42e3
diaries-client/src/environments/environment.ts,03a826fcd9046b462f307de941767058d2c136e3cddd71d0cfa0bfc9b96894d1
diaries-client/src/index.html,4bffdf73e0222052ced85396fb7bb706dcb3a2377ab752e52229498860572aad
diaries-client/src/main.ts,e8b0b7ba0282c9502a2ec2e9ab95d39ade546fb6785454a3db4933138f7fdd7d
diaries-client/src/styles/_auth.scss,aa5152d60845d25d363c6649173aeead3f39b5e54acc412bf0ce3f99e5c549de
diaries-client/src/styles/_reader-navigation.scss,9e85944c89e395ccb4fa21ff06a48c53c746a3fa412acb7a9c391695b1a8fa28
diaries-client/src/styles/_shell.scss,06707742aaa44f242ac6bb3a88378486c675fa2171c929b788171068be4014dc
diaries-client/src/styles/_tokens.scss,7f345bc2c33ccc4e88e0d01c7b0404d40d47a6d91e153487fab2ce518fd63fd8
diaries-client/src/styles/constants.scss,bb8353f84841fae05970b6b0337e9cf3f0a8f97413ad059d614faaa0e7046f1b
diaries-client/src/styles.scss,888176cb0a7648727e8b90a4081e135ee8edecd6657ef6e388bd28d281fe970a
diaries-web/build.gradle,053b7d32d7e28fc70a13ec97d4b63a6c5a91431764f52d567a63359d9d8f472a
diaries-web/src/main/java/com/rsmaxwell/diaries/web/buildinfo/BuildInfo.java,3b23da4be0d51d7fa311e87b6660c35b421a0266c1ce8266f605dddd9b034cf0
diaries-web/src/main/java/com/rsmaxwell/diaries/web/config/AppConfig.java,0b9b4b96667d45b125eb4d7ddaf84b2a3d9910cf12829d889de84d5aed937276
diaries-web/src/main/java/com/rsmaxwell/diaries/web/config/ConfigLoader.java,2af713577e63517dd45497f7fb978227ea87ca7e5b77cbf33f236fc4d6834462
diaries-web/src/main/java/com/rsmaxwell/diaries/web/config/LoadedConfiguration.java,ef3f5078bed2ab9e6598dede74e25a7c49a9a6f20a21b1c9333b8193026e59ac
diaries-web/src/main/java/com/rsmaxwell/diaries/web/config/MqttCredentials.java,ba26f9a0cc3a6bc7f8d5464091b571c4987889e02e662e3bd8571d8db5c8ebb1
diaries-web/src/main/java/com/rsmaxwell/diaries/web/DiariesWeb.java,1d254cabab98106a61fd80307d75863b2aee21524fda9b154cb3b022fe460736
diaries-web/src/main/java/com/rsmaxwell/diaries/web/http/SiteUrls.java,bb5c42d75b5a90f6fbc463dfe5cf3232ef85d2bde65e0e0c94b05168d84393af
diaries-web/src/main/java/com/rsmaxwell/diaries/web/http/WebServer.java,9add0030a7e04093b8cad0e5a7e1cb9babe3834571b777919c6c9239b5c44997
diaries-web/src/main/java/com/rsmaxwell/diaries/web/model/DiaryItem.java,abb13649b52a2ba0aebe73be2ee949171e06760b0317e84e8c85a446c5afc4c5
diaries-web/src/main/java/com/rsmaxwell/diaries/web/model/FragmentItem.java,9abf8258a1e451002bf40614dc3fd2eb16ed5c6cf5ca0f419cce4654bae1e3e8
diaries-web/src/main/java/com/rsmaxwell/diaries/web/model/FragmentType.java,7424abfd54d0f1ba5fab9cfee2aa8ca7fbdca1213590314ea58912a40061b4f5
diaries-web/src/main/java/com/rsmaxwell/diaries/web/model/MarqueeItem.java,27f11f717f1e349c5725dcd20d5da62987477aca7a58b98f09b7dec6e131711c
diaries-web/src/main/java/com/rsmaxwell/diaries/web/model/PageItem.java,9e72a7e2a4e28b18baa9e4139090e20806f6b9e680cef9dea9b8bd1383f2c860
diaries-web/src/main/java/com/rsmaxwell/diaries/web/model/RectangleItem.java,99133b7498cf89b50d07bab33be7f554cdd1ce7b7ffb5ad5b2e20cac46ca6d28
diaries-web/src/main/java/com/rsmaxwell/diaries/web/model/Validation.java,7dbdbbb3a9f2480ab6fd8af324e2b812d59e74b1ccdc14c408139878ce4bc0ce
diaries-web/src/main/java/com/rsmaxwell/diaries/web/mqtt/EntityType.java,83aa6fa657a68ff222aa4e4e572d38b315561e388b7f9c50d3815b5d4dbd1097
diaries-web/src/main/java/com/rsmaxwell/diaries/web/mqtt/MqttProjectionClient.java,4edfb77445ed7f2669f84511c144cc1c318c69538d3c7e2893a25946f54be483
diaries-web/src/main/java/com/rsmaxwell/diaries/web/mqtt/ParsedTopic.java,773c8a2ae6706378a20600250e9934c205af6e420ea21d5403727bb0879fcd50
diaries-web/src/main/java/com/rsmaxwell/diaries/web/mqtt/RetainedMessageDecoder.java,61e08bf71762e0efedf93ea8ce6f6e5fb3041058a1cd7f26e330daf23a026fad
diaries-web/src/main/java/com/rsmaxwell/diaries/web/mqtt/TopicParser.java,4380334985086c206b383140e2e0a73647c893863a4a7add882a630f2b9150b2
diaries-web/src/main/java/com/rsmaxwell/diaries/web/projection/DiaryDayKey.java,2eb113f71876dca28aceea4949f53367abab9ea196a17ddce83385f4e8d740ce
diaries-web/src/main/java/com/rsmaxwell/diaries/web/projection/DiaryMonthKey.java,94c2a77f4abc350635279393089230762847137efb4af76a18eff61c0d49c17c
diaries-web/src/main/java/com/rsmaxwell/diaries/web/projection/MutableProjectionState.java,80e6b33445b20e2949da09c49adab05dd1c656a5369c737b8c1cf3af84bbd334
diaries-web/src/main/java/com/rsmaxwell/diaries/web/projection/ProjectionEvent.java,ee1db1c63c66fe55e1f7a768ec811ad9d8e17780536c169a0205195dce5f372e
diaries-web/src/main/java/com/rsmaxwell/diaries/web/projection/ProjectionService.java,fc574e85a118eb952745eb5944be3880be8f083858a012bc21efa7898c97a834
diaries-web/src/main/java/com/rsmaxwell/diaries/web/projection/ProjectionSnapshot.java,8f1d19756c3db33f30ee8885941dd47f938ebce1830c0a5f8cf551cc9fed0e07
diaries-web/src/main/java/com/rsmaxwell/diaries/web/projection/ProjectionStatus.java,1a08c034026f98193634e8d0c6619ea8872d8ea99a4c291692f6073f0863a332
diaries-web/src/main/java/com/rsmaxwell/diaries/web/projection/RelationshipDiagnostics.java,9e4b2788c59567d91fd776a4ccdb315abca04948fdb5dead199248553906be81
diaries-web/src/main/java/com/rsmaxwell/diaries/web/projection/ResolvedFragment.java,e12754e6baa8e4341326c748e53b3a93a1375b4bda579661c46d81748a387be5
diaries-web/src/main/java/com/rsmaxwell/diaries/web/projection/SourceConnectionState.java,b9b962dfb92c7b00f0c24d7887314da559850095b8685e24e8ff6f60b3f69812
diaries-web/src/main/java/com/rsmaxwell/diaries/web/rendering/FragmentHtmlSanitizer.java,9e20c62dad76fe75de6d76f9f40ce03b0b00a4df0db4936548a05e88817c6c17
diaries-web/src/main/java/com/rsmaxwell/diaries/web/rendering/ImageUrlBuilder.java,c3d0ad20246c7386574a68e11400f64e5f2199d2bd57266aa019210f699becc1
diaries-web/src/main/java/com/rsmaxwell/diaries/web/rendering/LegacyImageUrlResolver.java,65272d3b18212d6268ce73224280d60e87e44e4bc6be259e024cb860a82a7780
diaries-web/src/main/java/com/rsmaxwell/diaries/web/rendering/PebbleRenderer.java,432ce63a0d71cc762ccd2936a23ac061e03113ee2ac03d847d6bfbf2a238746b
diaries-web/src/main/resources/log4j2.xml,d3a43af191ec7b870f1359bcb3678279e6775946f56212518c3bc067d9b2a48e
diaries-web/src/main/resources/static/css/diaries.css,69d539c0a4c34854a92a0d36db04c0fac92375812b8aa99aa807c43b192733a5
diaries-web/src/main/resources/static/js/diaries.js,05aec9e0ca5c43736842940f97fcb7fce4c7f7ff110eeae7779c9981c9b1cedd
diaries-web/src/main/resources/templates/about.peb,17d37b607061cc89cd264e1dfe3cb144af021bb54295b64aaed41c12a6169d7c
diaries-web/src/main/resources/templates/diary-index.peb,cc757196a0d908a9c3f7e71537b456cd96a667769355587eddc12c1af1878e5f
diaries-web/src/main/resources/templates/diary.peb,9af1494f057edcb1b1c6a91b1dca7c4040c76f1ec59530468439e32be6954688
diaries-web/src/main/resources/templates/error.peb,e4f15ae03e6ded5497dc468e3ce47e91823f883a083e277c958a6457c3ea27e8
diaries-web/src/main/resources/templates/layouts/base.peb,de4db593e861e6a56a1f7ec4f986e4f4b0f214642c4b16d08eda680c162c3c44
diaries-web/src/main/resources/templates/month-reader.peb,0b21f8cee94c19cdb626fb77691a3570ed058dd232e2750320d651f6b991641c
diaries-web/src/main/resources/templates/source-page.peb,3af807821792ebf8ac5c02067edd2b27bb38d9017b3b1fadd0f60849ca311fc6
diaries-web/src/main/resources/templates/unavailable.peb,617566b001bfc54ed082cddca3982c4134accfdbe8ea57692b74688b22b78d5e
diaries-web/src/test/java/com/rsmaxwell/diaries/web/config/ConfigLoaderTest.java,f6eb748d1e0b8fc53cf592a20e8a7a211c1d7604885918afb68fdb38ed470348
diaries-web/src/test/java/com/rsmaxwell/diaries/web/http/WebServerTest.java,6c6c6b6d06a8e64b022759ddcd43bc56371be4302090e6822e9c76e96bef5f19
diaries-web/src/test/java/com/rsmaxwell/diaries/web/model/PageItemTest.java,09f00d799527bd84f5a9431ae04875bb1f2222fbeef7cc29157b8dba1d6307f2
diaries-web/src/test/java/com/rsmaxwell/diaries/web/model/RectangleItemTest.java,713aa2aeea8212b3b08cafc4d3e61c49a8756f2ab9f2c9d7d7f9b3d7132be2d4
diaries-web/src/test/java/com/rsmaxwell/diaries/web/mqtt/MqttProjectionIntegrationTest.java,35745f2636df481f57dbd69ee0d3d7102ff5c024c0c1d5d62363b4c74800d0aa
diaries-web/src/test/java/com/rsmaxwell/diaries/web/mqtt/RetainedContractTest.java,1cc8c5b4d4a85c5a4cc8187247e18ca6273b5100a319c676c866582b3c641d8c
diaries-web/src/test/java/com/rsmaxwell/diaries/web/projection/ProjectionServiceTest.java,8038819d98be4c415c4a124f13e63699c5530715a9286b4a61bbbabb169b82c5
diaries-web/src/test/java/com/rsmaxwell/diaries/web/rendering/RenderingSafetyTest.java,af96996f48704eee1d131e93b787c7502173ab75b30e29beecc8324013282151
diaries-web/src/test/java/com/rsmaxwell/diaries/web/SyntheticSiteMain.java,82eb869a6d09ef4afc99acc751b9e252691bff3406c6f997393f0e9e92697885
diaries-web/src/test/java/com/rsmaxwell/diaries/web/TestData.java,dfde156ce7a2dbec8f2dc083b7ea1e7f7d0073237db1d6529d4d9c0f54fd27b9
diaries-web/src/test/resources/fixtures/diary.json,496cec96667dad020482980bcd5be075b7478106f2eb38630a1df912bcb89294
diaries-web/src/test/resources/fixtures/fragment-legacy.json,9a8b89a93a1399dcde85d1bc5b13569c1d787c54896d0b49f6d7c9f68f10825e
diaries-web/src/test/resources/fixtures/fragment.json,0f0acdca40143ead561d6e85786f9f8f5b8d7cf9fadb520523aa97e508d71b04
diaries-web/src/test/resources/fixtures/marquee.json,ff573b7b52b1501ca46cb3da831fc52de1fb3e91146b4005e08b7fdfe37c2bab
diaries-web/src/test/resources/fixtures/page.json,4bd8dce34e41e055d71770e71a63a93ca1c751d7b473b8d2bc7a5790ade9097d
diaries-web/src/test/resources/mosquitto/acl,d69579406125cdbb6a328f4636b639a5001e26bdc3be3def767c51b27ca42769
diaries-web/src/test/resources/mosquitto/mosquitto.conf,580bd0f41da69de05786a3d7396944090fef6b3d09a711f1e6b1ae991738fbf1
change-control/in-progress/0025-FEAT - add responder ImageFragment persistence and RPC/evidence/Step 11/run-integration.ps1,91bc46aa6f45396757c376b5e07b4c259bd3ab615fe9e907bc8071ac52ee93e0
change-control/in-progress/0025-FEAT - add responder ImageFragment persistence and RPC/evidence/Step 11/fixture-mosquitto.conf,88233b7f0bc84720ac02f2354569f9501afbf36f0723df857fd80656c00a78b8
change-control/in-progress/0025-FEAT - add responder ImageFragment persistence and RPC/evidence/Step 13/run-integration.ps1,ae2ecbebeb88c7f2a6eb3e3465ef25fa204139d092cbe713a088250789fe9660
change-control/in-progress/0025-FEAT - add responder ImageFragment persistence and RPC/evidence/Step 13/fixture-mosquitto.conf,88233b7f0bc84720ac02f2354569f9501afbf36f0723df857fd80656c00a78b8
change-control/in-progress/0025-FEAT - add responder ImageFragment persistence and RPC/evidence/Step 14/DeployedWebCompatibilityProbe.java,27cd69d3dafee645b9cbbbf3fff4ece4d80e7af538025ef4ac87ae63864b3911
change-control/in-progress/0025-FEAT - add responder ImageFragment persistence and RPC/evidence/Step 14/deployed-client-probe.cjs,146e1d9e5ff519e1b83102579d35058fb0acd3f537f35884af8c7328c3ad94b8
