source_key,source_type,status,database_fragment_id,date,diary,page_name,place_after,image_relative_path,database_sequence,reason
"fragments/1828/01/01-dc-highlights-1828","LEGACY","MATCHED_EXACT","1","1828-01-01","","","","","3.0000","date, Page context and imported HTML hash match"
"fragments/1828/01/01-dn-img2832-introduction-1","LEGACY","MATCHED_EXACT","2","1828-01-01","","","","","4.0000","date, Page context and imported HTML hash match"
"fragments/1828/01/01-do-img2832-introduction-2","LEGACY","MATCHED_EXACT","3","1828-01-01","","","","","5.0000","date, Page context and imported HTML hash match"
"fragments/1828/01/01-img2833-right","LEGACY","MATCHED_EXACT","4","1828-01-01","diary-1828-and-1829-and-jan-1830","img2833","","","1.0000","date, Page context and imported HTML hash match"
"fragments/1828/01/01-img2834-left","LEGACY","MATCHED_EXACT","5","1828-01-01","diary-1828-and-1829-and-jan-1830","img2834","","","2.0000","date, Page context and imported HTML hash match"
"fragments/1828/01/02-img2834-right","LEGACY","MATCHED_EXACT","6","1828-01-02","diary-1828-and-1829-and-jan-1830","img2834","","","1.0000","date, Page context and imported HTML hash match"
"fragments/1828/01/03-img2834-right","LEGACY","MATCHED_EXACT","7","1828-01-03","diary-1828-and-1829-and-jan-1830","img2834","","","1.0000","date, Page context and imported HTML hash match"
"fragments/1828/01/04-img2834-right","LEGACY","MATCHED_EXACT","8","1828-01-04","diary-1828-and-1829-and-jan-1830","img2834","","","1.0000","date, Page context and imported HTML hash match"
"fragments/1828/01/05-img2834-right","LEGACY","MATCHED_EXACT","9","1828-01-05","diary-1828-and-1829-and-jan-1830","img2834","","","1.0000","date, Page context and imported HTML hash match"
"fragments/1828/01/06-img2835-left","LEGACY","MATCHED_EXACT","10","1828-01-06","diary-1828-and-1829-and-jan-1830","img2835","","","1.0000","date, Page context and imported HTML hash match"
"fragments/1828/01/07-img2835-left","LEGACY","MATCHED_EXACT","11","1828-01-07","diary-1828-and-1829-and-jan-1830","img2835","","","1.0000","date, Page context and imported HTML hash match"
"fragments/1828/01/08-img2835-left","LEGACY","MATCHED_EXACT","12","1828-01-08","diary-1828-and-1829-and-jan-1830","img2835","","","1.0000","date, Page context and imported HTML hash match"
"fragments/1828/01/09-img2835-left","LEGACY","MATCHED_EXACT","13","1828-01-09","diary-1828-and-1829-and-jan-1830","img2835","","","1.0000","date, Page context and imported HTML hash match"
"fragments/1828/01/10-img2835-left","LEGACY","MATCHED_EXACT","14","1828-01-10","diary-1828-and-1829-and-jan-1830","img2835","","","1.0000","date, Page context and imported HTML hash match"
"fragments/1828/01/11-img2835-left","LEGACY","MATCHED_EXACT","15","1828-01-11","diary-1828-and-1829-and-jan-1830","img2835","","","1.0000","date, Page context and imported HTML hash match"
"fragments/1828/01/12-img2835-right","LEGACY","MATCHED_EXACT","16","1828-01-12","diary-1828-and-1829-and-jan-1830","img2835","","","1.0000","date, Page context and imported HTML hash match"
"fragments/1828/01/13-img2835-right","LEGACY","MATCHED_EXACT","17","1828-01-13","diary-1828-and-1829-and-jan-1830","img2835","","","1.0000","date, Page context and imported HTML hash match"
"fragments/1828/01/14-img2835-right","LEGACY","MATCHED_EXACT","18","1828-01-14","diary-1828-and-1829-and-jan-1830","img2835","","","1.0000","date, Page context and imported HTML hash match"
"fragments/1828/01/15-img2835-right","LEGACY","MATCHED_EXACT","19","1828-01-15","diary-1828-and-1829-and-jan-1830","img2835","","","1.0000","date, Page context and imported HTML hash match"
"fragments/1828/01/16-img2835-right","LEGACY","MATCHED_EXACT","20","1828-01-16","diary-1828-and-1829-and-jan-1830","img2835","","","1.0000","date, Page context and imported HTML hash match"
"fragments/1828/01/17-img2836-left","LEGACY","MATCHED_EXACT","21","1828-01-17","diary-1828-and-1829-and-jan-1830","img2836","","","1.0000","date, Page context and imported HTML hash match"
"fragments/1828/01/18-img2836-left","LEGACY","MATCHED_EXACT","22","1828-01-18","diary-1828-and-1829-and-jan-1830","img2836","","","1.0000","date, Page context and imported HTML hash match"
"fragments/1828/01/19-img2836-left","LEGACY","MATCHED_EXACT","23","1828-01-19","diary-1828-and-1829-and-jan-1830","img2836","","","1.0000","date, Page context and imported HTML hash match"
"fragments/1828/01/20-img2836-left","LEGACY","MATCHED_EXACT","24","1828-01-20","diary-1828-and-1829-and-jan-1830","img2836","","","1.0000","date, Page context and imported HTML hash match"
"fragments/1828/01/21-img2836-left","LEGACY","MATCHED_EXACT","25","1828-01-21","diary-1828-and-1829-and-jan-1830","img2836","","","1.0000","date, Page context and imported HTML hash match"
"fragments/1828/01/22-img2836-right","LEGACY","MATCHED_EXACT","26","1828-01-22","diary-1828-and-1829-and-jan-1830","img2836","","","1.0000","date, Page context and imported HTML hash match"
"fragments/1828/01/23-img2836-right","LEGACY","MATCHED_EXACT","27","1828-01-23","diary-1828-and-1829-and-jan-1830","img2836","","","1.0000","date, Page context and imported HTML hash match"
"fragments/1828/01/24-img2836-right","LEGACY","MATCHED_EXACT","28","1828-01-24","diary-1828-and-1829-and-jan-1830","img2836","","","1.0000","date, Page context and imported HTML hash match"
"fragments/1828/01/25-img2836-right","LEGACY","MATCHED_EXACT","29","1828-01-25","diary-1828-and-1829-and-jan-1830","img2836","","","1.0000","date, Page context and imported HTML hash match"
"fragments/1828/01/26-img2836-right","LEGACY","MATCHED_EXACT","30","1828-01-26","diary-1828-and-1829-and-jan-1830","img2836","","","1.0000","date, Page context and imported HTML hash match"
"fragments/1828/01/27-img2836-right","LEGACY","MATCHED_EXACT","31","1828-01-27","diary-1828-and-1829-and-jan-1830","img2836","","","1.0000","date, Page context and imported HTML hash match"
"fragments/1828/01/28-img2837-left","LEGACY","MATCHED_EXACT","32","1828-01-28","diary-1828-and-1829-and-jan-1830","img2837","","","1.0000","date, Page context and imported HTML hash match"
"fragments/1828/01/29-img2837-left","LEGACY","MATCHED_EXACT","33","1828-01-29","diary-1828-and-1829-and-jan-1830","img2837","","","1.0000","date, Page context and imported HTML hash match"
"fragments/1828/01/30-img2837-left","LEGACY","MATCHED_EXACT","34","1828-01-30","diary-1828-and-1829-and-jan-1830","img2837","","","1.0000","date, Page context and imported HTML hash match"
"fragments/1828/01/31-img2837-left","LEGACY","MATCHED_EXACT","35","1828-01-31","diary-1828-and-1829-and-jan-1830","img2837","","","1.0000","date, Page context and imported HTML hash match"
"fragments/1828/02/01-img2837-left","LEGACY","MATCHED_EXACT","36","1828-02-01","diary-1828-and-1829-and-jan-1830","img2837","","","1.0000","date, Page context and imported HTML hash match"
"fragments/1828/02/02-img2837-left","LEGACY","MATCHED_EXACT","37","1828-02-02","diary-1828-and-1829-and-jan-1830","img2837","","","1.0000","date, Page context and imported HTML hash match"
"fragments/1828/02/03-img2837-right","LEGACY","MATCHED_EXACT","38","1828-02-03","diary-1828-and-1829-and-jan-1830","img2837","","","1.0000","date, Page context and imported HTML hash match"
"fragments/1828/02/04-img2837-right","LEGACY","MATCHED_EXACT","39","1828-02-04","diary-1828-and-1829-and-jan-1830","img2837","","","1.0000","date, Page context and imported HTML hash match"
"fragments/1828/02/05-img2837-right","LEGACY","MATCHED_EXACT","40","1828-02-05","diary-1828-and-1829-and-jan-1830","img2837","","","1.0000","date, Page context and imported HTML hash match"
"fragments/1828/02/06-img2837-right","LEGACY","MATCHED_EXACT","41","1828-02-06","diary-1828-and-1829-and-jan-1830","img2837","","","1.0000","date, Page context and imported HTML hash match"
"fragments/1828/02/07-img2837-right","LEGACY","MATCHED_EXACT","42","1828-02-07","diary-1828-and-1829-and-jan-1830","img2837","","","1.0000","date, Page context and imported HTML hash match"
"fragments/1828/02/08-img2838-left","LEGACY","MATCHED_EXACT","43","1828-02-08","diary-1828-and-1829-and-jan-1830","img2838","","","1.0000","date, Page context and imported HTML hash match"
"fragments/1828/02/09-img2838-left","LEGACY","MATCHED_EXACT","44","1828-02-09","diary-1828-and-1829-and-jan-1830","img2838","","","1.0000","date, Page context and imported HTML hash match"
"fragments/1828/02/10-img2838-left","LEGACY","MATCHED_EXACT","45","1828-02-10","diary-1828-and-1829-and-jan-1830","img2838","","","1.0000","date, Page context and imported HTML hash match"
"fragments/1828/02/11-img2838-left","LEGACY","MATCHED_EXACT","46","1828-02-11","diary-1828-and-1829-and-jan-1830","img2838","","","1.0000","date, Page context and imported HTML hash match"
"fragments/1828/02/12-img2838-left","LEGACY","MATCHED_EXACT","47","1828-02-12","diary-1828-and-1829-and-jan-1830","img2838","","","1.0000","date, Page context and imported HTML hash match"
"fragments/1828/02/13-img2838-left","LEGACY","MATCHED_EXACT","48","1828-02-13","diary-1828-and-1829-and-jan-1830","img2838","","","1.0000","date, Page context and imported HTML hash match"
"fragments/1828/02/14-img2838-left","LEGACY","MATCHED_EXACT","49","1828-02-14","diary-1828-and-1829-and-jan-1830","img2838","","","1.0000","date, Page context and imported HTML hash match"
"fragments/1828/02/15-img2838-right","LEGACY","MATCHED_EXACT","50","1828-02-15","diary-1828-and-1829-and-jan-1830","img2838","","","1.0000","date, Page context and imported HTML hash match"
"fragments/1828/02/16-img2838-right","LEGACY","MATCHED_EXACT","51","1828-02-16","diary-1828-and-1829-and-jan-1830","img2838","","","1.0000","date, Page context and imported HTML hash match"
"fragments/1828/02/17-img2838-right","LEGACY","MATCHED_EXACT","52","1828-02-17","diary-1828-and-1829-and-jan-1830","img2838","","","1.0000","date, Page context and imported HTML hash match"
"fragments/1828/02/18-img2838-right","LEGACY","MATCHED_EXACT","53","1828-02-18","diary-1828-and-1829-and-jan-1830","img2838","","","1.0000","date, Page context and imported HTML hash match"
"fragments/1828/02/19-img2838-right","LEGACY","MATCHED_EXACT","54","1828-02-19","diary-1828-and-1829-and-jan-1830","img2838","","","1.0000","date, Page context and imported HTML hash match"
"fragments/1828/02/20-img2838-right","LEGACY","MATCHED_EXACT","55","1828-02-20","diary-1828-and-1829-and-jan-1830","img2838","","","1.0000","date, Page context and imported HTML hash match"
"fragments/1828/02/21-img2838-right","LEGACY","MATCHED_EXACT","56","1828-02-21","diary-1828-and-1829-and-jan-1830","img2838","","","1.0000","date, Page context and imported HTML hash match"
"fragments/1828/02/22-img2839-left","LEGACY","MATCHED_EXACT","57","1828-02-22","diary-1828-and-1829-and-jan-1830","img2839","","","1.0000","date, Page context and imported HTML hash match"
"fragments/1828/02/23-img2839-left","LEGACY","MATCHED_EXACT","58","1828-02-23","diary-1828-and-1829-and-jan-1830","img2839","","","1.0000","date, Page context and imported HTML hash match"
"fragments/1828/02/24-img2839-left","LEGACY","MATCHED_EXACT","59","1828-02-24","diary-1828-and-1829-and-jan-1830","img2839","","","1.0000","date, Page context and imported HTML hash match"
"fragments/1828/02/25-img2839-left","LEGACY","MATCHED_EXACT","60","1828-02-25","diary-1828-and-1829-and-jan-1830","img2839","","","1.0000","date, Page context and imported HTML hash match"
"fragments/1828/02/26-img2839-left","LEGACY","MATCHED_EXACT","61","1828-02-26","diary-1828-and-1829-and-jan-1830","img2839","","","1.0000","date, Page context and imported HTML hash match"
"fragments/1828/02/27-img2839-left","LEGACY","MATCHED_EXACT","62","1828-02-27","diary-1828-and-1829-and-jan-1830","img2839","","","1.0000","date, Page context and imported HTML hash match"
"fragments/1828/02/28-img2839-left","LEGACY","MATCHED_EXACT","63","1828-02-28","diary-1828-and-1829-and-jan-1830","img2839","","","1.0000","date, Page context and imported HTML hash match"
"fragments/1828/02/29-img2839-left","LEGACY","MATCHED_EXACT","64","1828-02-29","diary-1828-and-1829-and-jan-1830","img2839","","","1.0000","date, Page context and imported HTML hash match"
"fragments/1828/03/01-img2839-right","LEGACY","MATCHED_EXACT","65","1828-03-01","diary-1828-and-1829-and-jan-1830","img2839","","","1.0000","date, Page context and imported HTML hash match"
"fragments/1828/03/02-img2839-right","LEGACY","MATCHED_EXACT","66","1828-03-02","diary-1828-and-1829-and-jan-1830","img2839","","","1.0000","date, Page context and imported HTML hash match"
"fragments/1828/03/03-img2839-right","LEGACY","MATCHED_EXACT","67","1828-03-03","diary-1828-and-1829-and-jan-1830","img2839","","","1.0000","date, Page context and imported HTML hash match"
"fragments/1828/03/04-img2839-right","LEGACY","MATCHED_EXACT","68","1828-03-04","diary-1828-and-1829-and-jan-1830","img2839","","","1.0000","date, Page context and imported HTML hash match"
"fragments/1828/03/05-img2839-right","LEGACY","MATCHED_EXACT","69","1828-03-05","diary-1828-and-1829-and-jan-1830","img2839","","","1.0000","date, Page context and imported HTML hash match"
"fragments/1828/03/06-img2839-right","LEGACY","MATCHED_EXACT","70","1828-03-06","diary-1828-and-1829-and-jan-1830","img2839","","","1.0000","date, Page context and imported HTML hash match"
"fragments/1828/03/07-img2839-right","LEGACY","MATCHED_EXACT","71","1828-03-07","diary-1828-and-1829-and-jan-1830","img2839","","","1.0000","date, Page context and imported HTML hash match"
"fragments/1828/03/08-img2839-right","LEGACY","MATCHED_EXACT","72","1828-03-08","diary-1828-and-1829-and-jan-1830","img2839","","","1.0000","date, Page context and imported HTML hash match"
"fragments/1828/03/09-img2840-left","LEGACY","MATCHED_EXACT","73","1828-03-09","diary-1828-and-1829-and-jan-1830","img2840","","","1.0000","date, Page context and imported HTML hash match"
"fragments/1828/03/10-img2840-left","LEGACY","MATCHED_EXACT","74","1828-03-10","diary-1828-and-1829-and-jan-1830","img2840","","","1.0000","date, Page context and imported HTML hash match"
"fragments/1828/03/11-img2840-left","LEGACY","MATCHED_EXACT","75","1828-03-11","diary-1828-and-1829-and-jan-1830","img2840","","","1.0000","date, Page context and imported HTML hash match"
"fragments/1828/03/12-img2840-left","LEGACY","MATCHED_EXACT","76","1828-03-12","diary-1828-and-1829-and-jan-1830","img2840","","","1.0000","date, Page context and imported HTML hash match"
"fragments/1828/03/13-img2840-left","LEGACY","MATCHED_EXACT","77","1828-03-13","diary-1828-and-1829-and-jan-1830","img2840","","","1.0000","date, Page context and imported HTML hash match"
"fragments/1828/03/14-img2840-left","LEGACY","MATCHED_EXACT","78","1828-03-14","diary-1828-and-1829-and-jan-1830","img2840","","","1.0000","date, Page context and imported HTML hash match"
"fragments/1828/03/15-img2840-left","LEGACY","MATCHED_EXACT","79","1828-03-15","diary-1828-and-1829-and-jan-1830","img2840","","","1.0000","date, Page context and imported HTML hash match"
"fragments/1828/03/16-img2840-left","LEGACY","MATCHED_EXACT","80","1828-03-16","diary-1828-and-1829-and-jan-1830","img2840","","","1.0000","date, Page context and imported HTML hash match"
"fragments/1828/03/17-img2840-left","LEGACY","MATCHED_EXACT","81","1828-03-17","diary-1828-and-1829-and-jan-1830","img2840","","","1.0000","date, Page context and imported HTML hash match"
"fragments/1828/03/18-img2840-right","LEGACY","MATCHED_EXACT","82","1828-03-18","diary-1828-and-1829-and-jan-1830","img2840","","","1.0000","date, Page context and imported HTML hash match"
"fragments/1828/03/19-img2840-right","LEGACY","MATCHED_EXACT","83","1828-03-19","diary-1828-and-1829-and-jan-1830","img2840","","","1.0000","date, Page context and imported HTML hash match"
"fragments/1828/03/20-b-img2840-image-map-whitley-park","LEGACY","MISSING_FROM_DATABASE","","1828-03-20","diary-1828-and-1829-and-jan-1830","","","","","no unclaimed database row has the same date and Page context"
"fragments/1828/03/20-img2840-right","LEGACY","MATCHED_EXACT","85","1828-03-20","diary-1828-and-1829-and-jan-1830","img2840","","","2.0000","date, Page context and imported HTML hash match"
"fragments/1828/03/21-img2840-right","LEGACY","MATCHED_EXACT","86","1828-03-21","diary-1828-and-1829-and-jan-1830","img2840","","","1.0000","date, Page context and imported HTML hash match"
"fragments/1828/03/22-img2840-right","LEGACY","MATCHED_EXACT","87","1828-03-22","diary-1828-and-1829-and-jan-1830","img2840","","","1.0000","date, Page context and imported HTML hash match"
"fragments/1828/03/23-img2840-right","LEGACY","MATCHED_EXACT","88","1828-03-23","diary-1828-and-1829-and-jan-1830","img2840","","","1.0000","date, Page context and imported HTML hash match"
"fragments/1828/03/24-img2840-right","LEGACY","MATCHED_EXACT","89","1828-03-24","diary-1828-and-1829-and-jan-1830","img2840","","","1.0000","date, Page context and imported HTML hash match"
"fragments/1828/03/25-img2840-right","LEGACY","MATCHED_EXACT","90","1828-03-25","diary-1828-and-1829-and-jan-1830","img2840","","","1.0000","date, Page context and imported HTML hash match"
"fragments/1828/03/26-img2841-left","LEGACY","MATCHED_EXACT","91","1828-03-26","diary-1828-and-1829-and-jan-1830","img2841","","","1.0000","date, Page context and imported HTML hash match"
"fragments/1828/03/27-img2841-left","LEGACY","MATCHED_EXACT","92","1828-03-27","diary-1828-and-1829-and-jan-1830","img2841","","","1.0000","date, Page context and imported HTML hash match"
"fragments/1828/03/28-img2841-left","LEGACY","MATCHED_EXACT","93","1828-03-28","diary-1828-and-1829-and-jan-1830","img2841","","","1.0000","date, Page context and imported HTML hash match"
"fragments/1828/03/29-img2841-left","LEGACY","MATCHED_EXACT","94","1828-03-29","diary-1828-and-1829-and-jan-1830","img2841","","","1.0000","date, Page context and imported HTML hash match"
"fragments/1828/03/30-img2841-left","LEGACY","MATCHED_EXACT","95","1828-03-30","diary-1828-and-1829-and-jan-1830","img2841","","","1.0000","date, Page context and imported HTML hash match"
"fragments/1828/03/31-b-img2841-image-map-commercial-hotel","LEGACY","MATCHED_EXACT","96","1828-03-31","","","","","1.0000","date, Page context and imported HTML hash match"
"fragments/1828/03/31-img2841-left","LEGACY","MATCHED_EXACT","97","1828-03-31","diary-1828-and-1829-and-jan-1830","img2841","","","2.0000","date, Page context and imported HTML hash match"
"fragments/1828/04/01-img2841-right","LEGACY","MATCHED_EXACT","98","1828-04-01","diary-1828-and-1829-and-jan-1830","img2841","","","1.0000","date, Page context and imported HTML hash match"
"fragments/1828/04/02-img2841-right","LEGACY","MATCHED_EXACT","99","1828-04-02","diary-1828-and-1829-and-jan-1830","img2841","","","1.0000","date, Page context and imported HTML hash match"
"fragments/1828/04/03-img2841-right","LEGACY","MATCHED_EXACT","100","1828-04-03","diary-1828-and-1829-and-jan-1830","img2841","","","1.0000","date, Page context and imported HTML hash match"
"fragments/1828/04/04-img2841-right","LEGACY","MATCHED_EXACT","101","1828-04-04","diary-1828-and-1829-and-jan-1830","img2841","","","1.0000","date, Page context and imported HTML hash match"
"fragments/1828/04/05-img2841-right","LEGACY","MATCHED_EXACT","102","1828-04-05","diary-1828-and-1829-and-jan-1830","img2841","","","1.0000","date, Page context and imported HTML hash match"
"fragments/1828/04/06-img2841-right","LEGACY","MATCHED_EXACT","103","1828-04-06","diary-1828-and-1829-and-jan-1830","img2841","","","1.0000","date, Page context and imported HTML hash match"
"fragments/1828/04/07-img2841-right","LEGACY","MATCHED_EXACT","104","1828-04-07","diary-1828-and-1829-and-jan-1830","img2841","","","1.0000","date, Page context and imported HTML hash match"
"fragments/1828/04/08-img2842-left","LEGACY","MATCHED_EXACT","105","1828-04-08","diary-1828-and-1829-and-jan-1830","img2842","","","1.0000","date, Page context and imported HTML hash match"
"fragments/1828/04/09-img2842-left","LEGACY","MATCHED_EXACT","106","1828-04-09","diary-1828-and-1829-and-jan-1830","img2842","","","1.0000","date, Page context and imported HTML hash match"
"fragments/1828/04/10-img2842-left","LEGACY","MATCHED_EXACT","107","1828-04-10","diary-1828-and-1829-and-jan-1830","img2842","","","1.0000","date, Page context and imported HTML hash match"
"fragments/1828/04/11-img2842-left","LEGACY","MATCHED_EXACT","108","1828-04-11","diary-1828-and-1829-and-jan-1830","img2842","","","1.0000","date, Page context and imported HTML hash match"
"fragments/1828/04/12-img2842-left","LEGACY","MATCHED_EXACT","109","1828-04-12","diary-1828-and-1829-and-jan-1830","img2842","","","1.0000","date, Page context and imported HTML hash match"
"fragments/1828/04/13-img2842-left","LEGACY","MATCHED_EXACT","110","1828-04-13","diary-1828-and-1829-and-jan-1830","img2842","","","1.0000","date, Page context and imported HTML hash match"
"fragments/1828/04/14-img2842-left","LEGACY","MATCHED_EXACT","111","1828-04-14","diary-1828-and-1829-and-jan-1830","img2842","","","1.0000","date, Page context and imported HTML hash match"
"fragments/1828/04/15-img2842-right","LEGACY","MATCHED_EXACT","112","1828-04-15","diary-1828-and-1829-and-jan-1830","img2842","","","1.0000","date, Page context and imported HTML hash match"
"fragments/1828/04/16-img2842-right","LEGACY","MATCHED_EXACT","113","1828-04-16","diary-1828-and-1829-and-jan-1830","img2842","","","1.0000","date, Page context and imported HTML hash match"
"fragments/1828/04/17-b1-img2842-image-broomville-house","LEGACY","MATCHED_EXACT","114","1828-04-17","","","","","1.0000","date, Page context and imported HTML hash match"
"fragments/1828/04/17-b2-img2842-image-clogrennane-house","LEGACY","MATCHED_EXACT","115","1828-04-17","","","","","2.0000","date, Page context and imported HTML hash match"
"fragments/1828/04/17-b3-img2842-image-map-carlow","LEGACY","MATCHED_EXACT","116","1828-04-17","","","","","3.0000","date, Page context and imported HTML hash match"
"fragments/1828/04/17-b4-img2842-image-map-dublin","LEGACY","MATCHED_EXACT","117","1828-04-17","","","","","4.0000","date, Page context and imported HTML hash match"
"fragments/1828/04/17-b5-img2842-image-map-tynemouth-to-carlow","LEGACY","MATCHED_EXACT","118","1828-04-17","","","","","5.0000","date, Page context and imported HTML hash match"
"fragments/1828/04/17-img2842-right","LEGACY","MATCHED_EXACT","119","1828-04-17","diary-1828-and-1829-and-jan-1830","img2842","","","6.0000","date, Page context and imported HTML hash match"
"fragments/1828/04/17-img2843-left","LEGACY","MATCHED_EXACT","120","1828-04-17","diary-1828-and-1829-and-jan-1830","img2843","","","7.0000","date, Page context and imported HTML hash match"
"fragments/1828/04/18-img2843-left","LEGACY","MATCHED_EXACT","121","1828-04-18","diary-1828-and-1829-and-jan-1830","img2843","","","1.0000","date, Page context and imported HTML hash match"
"fragments/1828/04/19-img2843-left","LEGACY","MATCHED_EXACT","122","1828-04-19","diary-1828-and-1829-and-jan-1830","img2843","","","1.0000","date, Page context and imported HTML hash match"
"fragments/1828/04/20-img2843-left","LEGACY","MATCHED_EXACT","123","1828-04-20","diary-1828-and-1829-and-jan-1830","img2843","","","1.0000","date, Page context and imported HTML hash match"
"fragments/1828/04/21-img2843-right","LEGACY","MATCHED_EXACT","124","1828-04-21","diary-1828-and-1829-and-jan-1830","img2843","","","1.0000","date, Page context and imported HTML hash match"
"fragments/1828/04/22-img2843-right","LEGACY","MATCHED_EXACT","125","1828-04-22","diary-1828-and-1829-and-jan-1830","img2843","","","1.0000","date, Page context and imported HTML hash match"
"fragments/1828/04/23-img2843-right","LEGACY","MATCHED_EXACT","126","1828-04-23","diary-1828-and-1829-and-jan-1830","img2843","","","1.0000","date, Page context and imported HTML hash match"
"fragments/1828/04/24-img2843-right","LEGACY","MATCHED_EXACT","127","1828-04-24","diary-1828-and-1829-and-jan-1830","img2843","","","1.0000","date, Page context and imported HTML hash match"
"fragments/1828/04/25-img2843-right","LEGACY","MATCHED_EXACT","128","1828-04-25","diary-1828-and-1829-and-jan-1830","img2843","","","1.0000","date, Page context and imported HTML hash match"
"fragments/1828/04/26-img2843-right","LEGACY","MATCHED_EXACT","129","1828-04-26","diary-1828-and-1829-and-jan-1830","img2843","","","1.0000","date, Page context and imported HTML hash match"
"fragments/1828/04/27-img2844-left","LEGACY","MATCHED_EXACT","130","1828-04-27","diary-1828-and-1829-and-jan-1830","img2844","","","1.0000","date, Page context and imported HTML hash match"
"fragments/1828/04/28-img2844-left","LEGACY","MATCHED_EXACT","131","1828-04-28","diary-1828-and-1829-and-jan-1830","img2844","","","1.0000","date, Page context and imported HTML hash match"
"fragments/1828/04/29-img2844-left","LEGACY","MATCHED_EXACT","132","1828-04-29","diary-1828-and-1829-and-jan-1830","img2844","","","1.0000","date, Page context and imported HTML hash match"
"fragments/1828/04/30-img2844-left","LEGACY","MATCHED_EXACT","133","1828-04-30","diary-1828-and-1829-and-jan-1830","img2844","","","1.0000","date, Page context and imported HTML hash match"
"fragments/1828/05/01-img2844-left","LEGACY","MATCHED_EXACT","134","1828-05-01","diary-1828-and-1829-and-jan-1830","img2844","","","1.0000","date, Page context and imported HTML hash match"
"fragments/1828/05/02-img2844-left","LEGACY","MATCHED_EXACT","135","1828-05-02","diary-1828-and-1829-and-jan-1830","img2844","","","1.0000","date, Page context and imported HTML hash match"
"fragments/1828/05/03-img2844-right","LEGACY","MATCHED_EXACT","136","1828-05-03","diary-1828-and-1829-and-jan-1830","img2844","","","1.0000","date, Page context and imported HTML hash match"
"fragments/1828/05/04-img2844-right","LEGACY","MATCHED_EXACT","137","1828-05-04","diary-1828-and-1829-and-jan-1830","img2844","","","1.0000","date, Page context and imported HTML hash match"
"fragments/1828/05/05-img2844-right","LEGACY","MATCHED_EXACT","138","1828-05-05","diary-1828-and-1829-and-jan-1830","img2844","","","1.0000","date, Page context and imported HTML hash match"
"fragments/1828/05/06-img2844-right","LEGACY","MATCHED_EXACT","139","1828-05-06","diary-1828-and-1829-and-jan-1830","img2844","","","1.0000","date, Page context and imported HTML hash match"
"fragments/1828/05/07-img2844-right","LEGACY","MATCHED_EXACT","140","1828-05-07","diary-1828-and-1829-and-jan-1830","img2844","","","1.0000","date, Page context and imported HTML hash match"
"fragments/1828/05/08-img2844-right","LEGACY","MATCHED_EXACT","141","1828-05-08","diary-1828-and-1829-and-jan-1830","img2844","","","1.0000","date, Page context and imported HTML hash match"
"fragments/1828/05/09-img2845-left","LEGACY","MATCHED_EXACT","142","1828-05-09","diary-1828-and-1829-and-jan-1830","img2845","","","1.0000","date, Page context and imported HTML hash match"
"fragments/1828/05/10-img2845-left","LEGACY","MATCHED_EXACT","143","1828-05-10","diary-1828-and-1829-and-jan-1830","img2845","","","1.0000","date, Page context and imported HTML hash match"
"fragments/1828/05/11-img2845-left","LEGACY","MATCHED_EXACT","144","1828-05-11","diary-1828-and-1829-and-jan-1830","img2845","","","1.0000","date, Page context and imported HTML hash match"
"fragments/1828/05/12-img2845-left","LEGACY","MATCHED_EXACT","145","1828-05-12","diary-1828-and-1829-and-jan-1830","img2845","","","1.0000","date, Page context and imported HTML hash match"
"fragments/1828/05/13-img2845-left","LEGACY","MATCHED_EXACT","146","1828-05-13","diary-1828-and-1829-and-jan-1830","img2845","","","1.0000","date, Page context and imported HTML hash match"
"fragments/1828/05/14-img2845-left","LEGACY","MATCHED_EXACT","147","1828-05-14","diary-1828-and-1829-and-jan-1830","img2845","","","1.0000","date, Page context and imported HTML hash match"
"fragments/1828/05/15-img2845-left","LEGACY","MATCHED_EXACT","148","1828-05-15","diary-1828-and-1829-and-jan-1830","img2845","","","1.0000","date, Page context and imported HTML hash match"
"fragments/1828/05/16-img2845-right","LEGACY","MATCHED_EXACT","149","1828-05-16","diary-1828-and-1829-and-jan-1830","img2845","","","1.0000","date, Page context and imported HTML hash match"
"fragments/1828/05/17-img2845-right","LEGACY","MATCHED_EXACT","150","1828-05-17","diary-1828-and-1829-and-jan-1830","img2845","","","1.0000","date, Page context and imported HTML hash match"
"fragments/1828/05/18-img2845-right","LEGACY","MATCHED_EXACT","151","1828-05-18","diary-1828-and-1829-and-jan-1830","img2845","","","1.0000","date, Page context and imported HTML hash match"
"fragments/1828/05/19-img2845-right","LEGACY","MATCHED_EXACT","152","1828-05-19","diary-1828-and-1829-and-jan-1830","img2845","","","1.0000","date, Page context and imported HTML hash match"
"fragments/1828/05/20-img2845-right","LEGACY","MATCHED_EXACT","153","1828-05-20","diary-1828-and-1829-and-jan-1830","img2845","","","1.0000","date, Page context and imported HTML hash match"
"fragments/1828/05/21-img2846-left","LEGACY","MATCHED_EXACT","154","1828-05-21","diary-1828-and-1829-and-jan-1830","img2846","","","1.0000","date, Page context and imported HTML hash match"
"fragments/1828/05/22-img2846-left","LEGACY","MATCHED_EXACT","155","1828-05-22","diary-1828-and-1829-and-jan-1830","img2846","","","1.0000","date, Page context and imported HTML hash match"
"fragments/1828/05/23-img2846-left","LEGACY","MATCHED_EXACT","156","1828-05-23","diary-1828-and-1829-and-jan-1830","img2846","","","1.0000","date, Page context and imported HTML hash match"
"fragments/1828/05/24-img2846-left","LEGACY","MATCHED_EXACT","157","1828-05-24","diary-1828-and-1829-and-jan-1830","img2846","","","1.0000","date, Page context and imported HTML hash match"
"fragments/1828/05/25-img2846-left","LEGACY","MATCHED_EXACT","158","1828-05-25","diary-1828-and-1829-and-jan-1830","img2846","","","1.0000","date, Page context and imported HTML hash match"
"fragments/1828/05/26-img2846-left","LEGACY","MATCHED_EXACT","159","1828-05-26","diary-1828-and-1829-and-jan-1830","img2846","","","1.0000","date, Page context and imported HTML hash match"
"fragments/1828/05/27-img2846-left","LEGACY","MATCHED_EXACT","160","1828-05-27","diary-1828-and-1829-and-jan-1830","img2846","","","1.0000","date, Page context and imported HTML hash match"
"fragments/1828/05/28-img2846-right","LEGACY","MATCHED_EXACT","161","1828-05-28","diary-1828-and-1829-and-jan-1830","img2846","","","1.0000","date, Page context and imported HTML hash match"
"fragments/1828/05/29-img2846-right","LEGACY","MATCHED_EXACT","162","1828-05-29","diary-1828-and-1829-and-jan-1830","img2846","","","1.0000","date, Page context and imported HTML hash match"
"fragments/1828/05/30-img2846-right","LEGACY","MATCHED_EXACT","163","1828-05-30","diary-1828-and-1829-and-jan-1830","img2846","","","1.0000","date, Page context and imported HTML hash match"
"fragments/1828/05/31-img2846-right","LEGACY","MATCHED_EXACT","164","1828-05-31","diary-1828-and-1829-and-jan-1830","img2846","","","1.0000","date, Page context and imported HTML hash match"
"fragments/1828/06/01-img2846-right","LEGACY","MATCHED_EXACT","165","1828-06-01","diary-1828-and-1829-and-jan-1830","img2846","","","1.0000","date, Page context and imported HTML hash match"
"fragments/1828/06/02-img2846-right","LEGACY","MATCHED_EXACT","166","1828-06-02","diary-1828-and-1829-and-jan-1830","img2846","","","1.0000","date, Page context and imported HTML hash match"
"fragments/1828/06/03-img2847-left","LEGACY","MATCHED_EXACT","167","1828-06-03","diary-1828-and-1829-and-jan-1830","img2847","","","1.0000","date, Page context and imported HTML hash match"
"fragments/1828/06/04-img2847-left","LEGACY","MATCHED_EXACT","168","1828-06-04","diary-1828-and-1829-and-jan-1830","img2847","","","1.0000","date, Page context and imported HTML hash match"
"fragments/1828/06/05-img2847-left","LEGACY","MATCHED_EXACT","169","1828-06-05","diary-1828-and-1829-and-jan-1830","img2847","","","1.0000","date, Page context and imported HTML hash match"
"fragments/1828/06/06-img2847-left","LEGACY","MATCHED_EXACT","170","1828-06-06","diary-1828-and-1829-and-jan-1830","img2847","","","1.0000","date, Page context and imported HTML hash match"
"fragments/1828/06/07-img2847-right","LEGACY","MATCHED_EXACT","171","1828-06-07","diary-1828-and-1829-and-jan-1830","img2847","","","1.0000","date, Page context and imported HTML hash match"
"fragments/1828/06/08-img2847-right","LEGACY","MATCHED_EXACT","172","1828-06-08","diary-1828-and-1829-and-jan-1830","img2847","","","1.0000","date, Page context and imported HTML hash match"
"fragments/1828/06/09-img2847-right","LEGACY","MATCHED_EXACT","173","1828-06-09","diary-1828-and-1829-and-jan-1830","img2847","","","1.0000","date, Page context and imported HTML hash match"
"fragments/1828/06/10-img2847-right","LEGACY","MATCHED_EXACT","174","1828-06-10","diary-1828-and-1829-and-jan-1830","img2847","","","1.0000","date, Page context and imported HTML hash match"
"fragments/1828/06/11-img2847-right","LEGACY","MATCHED_EXACT","175","1828-06-11","diary-1828-and-1829-and-jan-1830","img2847","","","1.0000","date, Page context and imported HTML hash match"
"fragments/1828/06/12-img2848-left","LEGACY","MATCHED_EXACT","176","1828-06-12","diary-1828-and-1829-and-jan-1830","img2848","","","1.0000","date, Page context and imported HTML hash match"
"fragments/1828/06/13-img2848-left","LEGACY","MATCHED_EXACT","177","1828-06-13","diary-1828-and-1829-and-jan-1830","img2848","","","1.0000","date, Page context and imported HTML hash match"
"fragments/1828/06/14-img2848-left","LEGACY","MATCHED_EXACT","178","1828-06-14","diary-1828-and-1829-and-jan-1830","img2848","","","1.0000","date, Page context and imported HTML hash match"
"fragments/1828/06/15-img2848-left","LEGACY","MATCHED_EXACT","179","1828-06-15","diary-1828-and-1829-and-jan-1830","img2848","","","1.0000","date, Page context and imported HTML hash match"
"fragments/1828/06/16-img2848-left","LEGACY","MATCHED_EXACT","180","1828-06-16","diary-1828-and-1829-and-jan-1830","img2848","","","1.0000","date, Page context and imported HTML hash match"
"fragments/1828/06/17-img2848-left","LEGACY","MATCHED_EXACT","181","1828-06-17","diary-1828-and-1829-and-jan-1830","img2848","","","1.0000","date, Page context and imported HTML hash match"
"fragments/1828/06/18-img2848-left","LEGACY","MATCHED_EXACT","182","1828-06-18","diary-1828-and-1829-and-jan-1830","img2848","","","1.0000","date, Page context and imported HTML hash match"
"fragments/1828/06/19-img2848-right","LEGACY","MATCHED_EXACT","183","1828-06-19","diary-1828-and-1829-and-jan-1830","img2848","","","1.0000","date, Page context and imported HTML hash match"
"fragments/1828/06/20-img2848-right","LEGACY","MATCHED_EXACT","184","1828-06-20","diary-1828-and-1829-and-jan-1830","img2848","","","1.0000","date, Page context and imported HTML hash match"
"fragments/1828/06/21-img2848-right","LEGACY","MATCHED_EXACT","185","1828-06-21","diary-1828-and-1829-and-jan-1830","img2848","","","1.0000","date, Page context and imported HTML hash match"
"fragments/1828/06/22-img2848-right","LEGACY","MATCHED_EXACT","186","1828-06-22","diary-1828-and-1829-and-jan-1830","img2848","","","1.0000","date, Page context and imported HTML hash match"
"fragments/1828/06/23-img2848-right","LEGACY","MATCHED_EXACT","187","1828-06-23","diary-1828-and-1829-and-jan-1830","img2848","","","1.0000","date, Page context and imported HTML hash match"
"fragments/1828/06/24-img2849-left","LEGACY","MATCHED_EXACT","188","1828-06-24","diary-1828-and-1829-and-jan-1830","img2849","","","1.0000","date, Page context and imported HTML hash match"
"fragments/1828/06/25-img2849-left","LEGACY","MATCHED_EXACT","189","1828-06-25","diary-1828-and-1829-and-jan-1830","img2849","","","1.0000","date, Page context and imported HTML hash match"
"fragments/1828/06/26-img2849-left","LEGACY","MATCHED_EXACT","190","1828-06-26","diary-1828-and-1829-and-jan-1830","img2849","","","1.0000","date, Page context and imported HTML hash match"
"fragments/1828/06/27-img2849-left","LEGACY","MATCHED_EXACT","191","1828-06-27","diary-1828-and-1829-and-jan-1830","img2849","","","1.0000","date, Page context and imported HTML hash match"
"fragments/1828/06/28-img2849-left","LEGACY","MATCHED_EXACT","192","1828-06-28","diary-1828-and-1829-and-jan-1830","img2849","","","1.0000","date, Page context and imported HTML hash match"
"fragments/1828/06/29-img2849-right","LEGACY","MATCHED_EXACT","193","1828-06-29","diary-1828-and-1829-and-jan-1830","img2849","","","1.0000","date, Page context and imported HTML hash match"
"fragments/1828/06/30-img2849-right","LEGACY","MATCHED_EXACT","194","1828-06-30","diary-1828-and-1829-and-jan-1830","img2849","","","1.0000","date, Page context and imported HTML hash match"
"fragments/1828/07/01-img2849-right","LEGACY","MATCHED_EXACT","195","1828-07-01","diary-1828-and-1829-and-jan-1830","img2849","","","1.0000","date, Page context and imported HTML hash match"
"fragments/1828/07/02-img2849-right","LEGACY","MATCHED_EXACT","196","1828-07-02","diary-1828-and-1829-and-jan-1830","img2849","","","1.0000","date, Page context and imported HTML hash match"
"fragments/1828/07/03-img2849-right","LEGACY","MATCHED_EXACT","197","1828-07-03","diary-1828-and-1829-and-jan-1830","img2849","","","1.0000","date, Page context and imported HTML hash match"
"fragments/1828/07/04-img2849-right","LEGACY","MATCHED_EXACT","198","1828-07-04","diary-1828-and-1829-and-jan-1830","img2849","","","1.0000","date, Page context and imported HTML hash match"
"fragments/1828/07/05-img2850-left","LEGACY","MATCHED_EXACT","199","1828-07-05","diary-1828-and-1829-and-jan-1830","img2850","","","1.0000","date, Page context and imported HTML hash match"
"fragments/1828/07/06-img2850-left","LEGACY","MATCHED_EXACT","200","1828-07-06","diary-1828-and-1829-and-jan-1830","img2850","","","1.0000","date, Page context and imported HTML hash match"
"fragments/1828/07/07-img2850-left","LEGACY","MATCHED_EXACT","201","1828-07-07","diary-1828-and-1829-and-jan-1830","img2850","","","1.0000","date, Page context and imported HTML hash match"
"fragments/1828/07/08-img2850-left","LEGACY","MATCHED_EXACT","202","1828-07-08","diary-1828-and-1829-and-jan-1830","img2850","","","1.0000","date, Page context and imported HTML hash match"
"fragments/1828/07/09-img2850-left","LEGACY","MATCHED_EXACT","203","1828-07-09","diary-1828-and-1829-and-jan-1830","img2850","","","1.0000","date, Page context and imported HTML hash match"
"fragments/1828/07/10-img2850-left","LEGACY","MATCHED_EXACT","204","1828-07-10","diary-1828-and-1829-and-jan-1830","img2850","","","1.0000","date, Page context and imported HTML hash match"
"fragments/1828/07/11-img2850-right","LEGACY","MATCHED_EXACT","205","1828-07-11","diary-1828-and-1829-and-jan-1830","img2850","","","1.0000","date, Page context and imported HTML hash match"
"fragments/1828/07/12-img2850-right","LEGACY","MATCHED_EXACT","206","1828-07-12","diary-1828-and-1829-and-jan-1830","img2850","","","1.0000","date, Page context and imported HTML hash match"
"fragments/1828/07/13-img2850-right","LEGACY","MATCHED_EXACT","207","1828-07-13","diary-1828-and-1829-and-jan-1830","img2850","","","1.0000","date, Page context and imported HTML hash match"
"fragments/1828/07/14-img2850-right","LEGACY","MATCHED_EXACT","208","1828-07-14","diary-1828-and-1829-and-jan-1830","img2850","","","1.0000","date, Page context and imported HTML hash match"
"fragments/1828/07/15-img2850-right","LEGACY","MATCHED_EXACT","209","1828-07-15","diary-1828-and-1829-and-jan-1830","img2850","","","1.0000","date, Page context and imported HTML hash match"
"fragments/1828/07/16-img2851-left","LEGACY","MATCHED_EXACT","210","1828-07-16","diary-1828-and-1829-and-jan-1830","img2851","","","1.0000","date, Page context and imported HTML hash match"
"fragments/1828/07/17-img2851-left","LEGACY","MATCHED_EXACT","211","1828-07-17","diary-1828-and-1829-and-jan-1830","img2851","","","1.0000","date, Page context and imported HTML hash match"
"fragments/1828/07/18-img2851-left","LEGACY","MATCHED_EXACT","212","1828-07-18","diary-1828-and-1829-and-jan-1830","img2851","","","1.0000","date, Page context and imported HTML hash match"
"fragments/1828/07/19-img2851-left","LEGACY","MATCHED_EXACT","213","1828-07-19","diary-1828-and-1829-and-jan-1830","img2851","","","1.0000","date, Page context and imported HTML hash match"
"fragments/1828/07/20-img2851-left","LEGACY","MATCHED_EXACT","214","1828-07-20","diary-1828-and-1829-and-jan-1830","img2851","","","1.0000","date, Page context and imported HTML hash match"
"fragments/1828/07/21-img2851-left","LEGACY","MATCHED_EXACT","215","1828-07-21","diary-1828-and-1829-and-jan-1830","img2851","","","1.0000","date, Page context and imported HTML hash match"
"fragments/1828/07/22-img2851-left","LEGACY","MATCHED_EXACT","216","1828-07-22","diary-1828-and-1829-and-jan-1830","img2851","","","1.0000","date, Page context and imported HTML hash match"
"fragments/1828/07/23-img2851-left","LEGACY","MATCHED_EXACT","217","1828-07-23","diary-1828-and-1829-and-jan-1830","img2851","","","1.0000","date, Page context and imported HTML hash match"
"fragments/1828/07/24-img2851-right","LEGACY","MATCHED_EXACT","218","1828-07-24","diary-1828-and-1829-and-jan-1830","img2851","","","1.0000","date, Page context and imported HTML hash match"
"fragments/1828/07/25-img2851-right","LEGACY","MATCHED_EXACT","219","1828-07-25","diary-1828-and-1829-and-jan-1830","img2851","","","1.0000","date, Page context and imported HTML hash match"
"fragments/1828/07/26-img2851-right","LEGACY","MATCHED_EXACT","220","1828-07-26","diary-1828-and-1829-and-jan-1830","img2851","","","1.0000","date, Page context and imported HTML hash match"
"fragments/1828/07/27-img2851-right","LEGACY","MATCHED_EXACT","221","1828-07-27","diary-1828-and-1829-and-jan-1830","img2851","","","1.0000","date, Page context and imported HTML hash match"
"fragments/1828/07/28-img2851-right","LEGACY","MATCHED_EXACT","222","1828-07-28","diary-1828-and-1829-and-jan-1830","img2851","","","1.0000","date, Page context and imported HTML hash match"
"fragments/1828/07/29-img2851-right","LEGACY","MATCHED_EXACT","223","1828-07-29","diary-1828-and-1829-and-jan-1830","img2851","","","1.0000","date, Page context and imported HTML hash match"
"fragments/1828/07/30-img2851-right","LEGACY","MATCHED_EXACT","224","1828-07-30","diary-1828-and-1829-and-jan-1830","img2851","","","1.0000","date, Page context and imported HTML hash match"
"fragments/1828/07/31-img2851-right","LEGACY","MATCHED_EXACT","225","1828-07-31","diary-1828-and-1829-and-jan-1830","img2851","","","1.0000","date, Page context and imported HTML hash match"
"fragments/1828/08/01-b-img2852-image-black-middens","LEGACY","MATCHED_EXACT","226","1828-08-01","","","","","1.0000","date, Page context and imported HTML hash match"
"fragments/1828/08/01-img2852-left","LEGACY","MATCHED_EXACT","227","1828-08-01","diary-1828-and-1829-and-jan-1830","img2852","","","2.0000","date, Page context and imported HTML hash match"
"fragments/1828/08/02-img2852-left","LEGACY","MATCHED_EXACT","228","1828-08-02","diary-1828-and-1829-and-jan-1830","img2852","","","1.0000","date, Page context and imported HTML hash match"
"fragments/1828/08/03-img2852-left","LEGACY","MATCHED_EXACT","229","1828-08-03","diary-1828-and-1829-and-jan-1830","img2852","","","1.0000","date, Page context and imported HTML hash match"
"fragments/1828/08/04-img2852-left","LEGACY","MATCHED_EXACT","230","1828-08-04","diary-1828-and-1829-and-jan-1830","img2852","","","1.0000","date, Page context and imported HTML hash match"
"fragments/1828/08/05-img2852-left","LEGACY","MATCHED_EXACT","231","1828-08-05","diary-1828-and-1829-and-jan-1830","img2852","","","1.0000","date, Page context and imported HTML hash match"
"fragments/1828/08/06-img2852-left","LEGACY","MATCHED_EXACT","232","1828-08-06","diary-1828-and-1829-and-jan-1830","img2852","","","1.0000","date, Page context and imported HTML hash match"
"fragments/1828/08/07-b-img2852-image-hope-voyage","LEGACY","MATCHED_EXACT","233","1828-08-07","","","","","1.0000","date, Page context and imported HTML hash match"
"fragments/1828/08/07-img2852-right","LEGACY","MATCHED_EXACT","234","1828-08-07","diary-1828-and-1829-and-jan-1830","img2852","","","2.0000","date, Page context and imported HTML hash match"
"fragments/1828/08/08-img2852-right","LEGACY","MATCHED_EXACT","235","1828-08-08","diary-1828-and-1829-and-jan-1830","img2852","","","1.0000","date, Page context and imported HTML hash match"
"fragments/1828/08/09-img2852-right","LEGACY","MATCHED_EXACT","236","1828-08-09","diary-1828-and-1829-and-jan-1830","img2852","","","1.0000","date, Page context and imported HTML hash match"
"fragments/1828/08/10-img2852-right","LEGACY","MATCHED_EXACT","237","1828-08-10","diary-1828-and-1829-and-jan-1830","img2852","","","1.0000","date, Page context and imported HTML hash match"
"fragments/1828/08/11-img2853-left","LEGACY","MATCHED_EXACT","238","1828-08-11","diary-1828-and-1829-and-jan-1830","img2853","","","1.0000","date, Page context and imported HTML hash match"
"fragments/1828/08/12-img2853-left","LEGACY","MATCHED_EXACT","239","1828-08-12","diary-1828-and-1829-and-jan-1830","img2853","","","1.0000","date, Page context and imported HTML hash match"
"fragments/1828/08/13-img2853-left","LEGACY","MATCHED_EXACT","240","1828-08-13","diary-1828-and-1829-and-jan-1830","img2853","","","1.0000","date, Page context and imported HTML hash match"
"fragments/1828/08/14-img2853-left","LEGACY","AMBIGUOUS_CONTEXT","","1828-08-14","diary-1828-and-1829-and-jan-1830","img2853","","","","2 unmatched source rows and 2 unmatched database rows share the date and Page context"
"fragments/1828/08/14-img2853-right","LEGACY","AMBIGUOUS_CONTEXT","","1828-08-14","diary-1828-and-1829-and-jan-1830","img2853","","","","2 unmatched source rows and 2 unmatched database rows share the date and Page context"
"fragments/1828/08/15-img2853-right","LEGACY","MATCHED_EXACT","242","1828-08-15","diary-1828-and-1829-and-jan-1830","img2853","","","1.0000","date, Page context and imported HTML hash match"
"fragments/1828/08/16-img2853-right","LEGACY","MATCHED_EXACT","243","1828-08-16","diary-1828-and-1829-and-jan-1830","img2853","","","1.0000","date, Page context and imported HTML hash match"
"fragments/1828/08/17-img2853-right","LEGACY","MATCHED_EXACT","244","1828-08-17","diary-1828-and-1829-and-jan-1830","img2853","","","1.0000","date, Page context and imported HTML hash match"
"fragments/1828/08/18-img2854-left","LEGACY","MATCHED_EXACT","245","1828-08-18","diary-1828-and-1829-and-jan-1830","img2854","","","1.0000","date, Page context and imported HTML hash match"
"fragments/1828/08/19-img2854-left","LEGACY","MATCHED_EXACT","246","1828-08-19","diary-1828-and-1829-and-jan-1830","img2854","","","1.0000","date, Page context and imported HTML hash match"
"fragments/1828/08/20-img2854-left","LEGACY","MATCHED_EXACT","247","1828-08-20","diary-1828-and-1829-and-jan-1830","img2854","","","1.0000","date, Page context and imported HTML hash match"
"fragments/1828/08/21-img2854-left","LEGACY","MATCHED_EXACT","248","1828-08-21","diary-1828-and-1829-and-jan-1830","img2854","","","1.0000","date, Page context and imported HTML hash match"
"fragments/1828/08/22-img2854-left","LEGACY","MATCHED_EXACT","249","1828-08-22","diary-1828-and-1829-and-jan-1830","img2854","","","1.0000","date, Page context and imported HTML hash match"
"fragments/1828/08/23-img2854-left","LEGACY","MATCHED_EXACT","250","1828-08-23","diary-1828-and-1829-and-jan-1830","img2854","","","1.0000","date, Page context and imported HTML hash match"
"fragments/1828/08/24-img2854-right","LEGACY","MATCHED_EXACT","251","1828-08-24","diary-1828-and-1829-and-jan-1830","img2854","","","1.0000","date, Page context and imported HTML hash match"
"fragments/1828/08/25-img2854-right","LEGACY","MATCHED_EXACT","252","1828-08-25","diary-1828-and-1829-and-jan-1830","img2854","","","1.0000","date, Page context and imported HTML hash match"
"fragments/1828/08/26-img2854-right","LEGACY","MATCHED_EXACT","253","1828-08-26","diary-1828-and-1829-and-jan-1830","img2854","","","1.0000","date, Page context and imported HTML hash match"
"fragments/1828/08/27-img2854-right","LEGACY","MATCHED_EXACT","254","1828-08-27","diary-1828-and-1829-and-jan-1830","img2854","","","1.0000","date, Page context and imported HTML hash match"
"fragments/1828/08/28-img2855-left","LEGACY","MATCHED_EXACT","255","1828-08-28","diary-1828-and-1829-and-jan-1830","img2855","","","1.0000","date, Page context and imported HTML hash match"
"fragments/1828/08/29-img2855-left","LEGACY","MATCHED_EXACT","256","1828-08-29","diary-1828-and-1829-and-jan-1830","img2855","","","1.0000","date, Page context and imported HTML hash match"
"fragments/1828/08/30-b1-img2855-image-appuldurcombe-house","LEGACY","MATCHED_EXACT","257","1828-08-30","","","","","1.0000","date, Page context and imported HTML hash match"
"fragments/1828/08/30-b2-img2855-image-isle-of-wight","LEGACY","MATCHED_EXACT","258","1828-08-30","","","","","2.0000","date, Page context and imported HTML hash match"
"fragments/1828/08/30-b3-img2855-image-navarino-house","LEGACY","MATCHED_EXACT","259","1828-08-30","","","","","3.0000","date, Page context and imported HTML hash match"
"fragments/1828/08/30-b4-img2855-image-navarino-house-map","LEGACY","MATCHED_EXACT","260","1828-08-30","","","","","4.0000","date, Page context and imported HTML hash match"
"fragments/1828/08/30-img2855-left","LEGACY","MATCHED_EXACT","261","1828-08-30","diary-1828-and-1829-and-jan-1830","img2855","","","5.0000","date, Page context and imported HTML hash match"
"fragments/1828/08/31-img2855-right","LEGACY","MATCHED_EXACT","262","1828-08-31","diary-1828-and-1829-and-jan-1830","img2855","","","1.0000","date, Page context and imported HTML hash match"
"fragments/1828/09/01-img2855-right","LEGACY","MATCHED_EXACT","263","1828-09-01","diary-1828-and-1829-and-jan-1830","img2855","","","1.0000","date, Page context and imported HTML hash match"
"fragments/1828/09/02-img2856-left","LEGACY","MATCHED_EXACT","264","1828-09-02","diary-1828-and-1829-and-jan-1830","img2856","","","1.0000","date, Page context and imported HTML hash match"
"fragments/1828/09/03-img2856-left","LEGACY","MATCHED_EXACT","265","1828-09-03","diary-1828-and-1829-and-jan-1830","img2856","","","1.0000","date, Page context and imported HTML hash match"
"fragments/1828/09/04-img2856-left","LEGACY","MATCHED_EXACT","266","1828-09-04","diary-1828-and-1829-and-jan-1830","img2856","","","1.0000","date, Page context and imported HTML hash match"
"fragments/1828/09/05-img2856-left","LEGACY","MATCHED_EXACT","267","1828-09-05","diary-1828-and-1829-and-jan-1830","img2856","","","1.0000","date, Page context and imported HTML hash match"
"fragments/1828/09/06-img2856-left","LEGACY","MATCHED_EXACT","268","1828-09-06","diary-1828-and-1829-and-jan-1830","img2856","","","1.0000","date, Page context and imported HTML hash match"
"fragments/1828/09/07-img2856-right","LEGACY","MATCHED_EXACT","269","1828-09-07","diary-1828-and-1829-and-jan-1830","img2856","","","1.0000","date, Page context and imported HTML hash match"
"fragments/1828/09/08-img2856-right","LEGACY","MATCHED_EXACT","270","1828-09-08","diary-1828-and-1829-and-jan-1830","img2856","","","1.0000","date, Page context and imported HTML hash match"
"fragments/1828/09/09-img2856-right","LEGACY","MATCHED_EXACT","271","1828-09-09","diary-1828-and-1829-and-jan-1830","img2856","","","1.0000","date, Page context and imported HTML hash match"
"fragments/1828/09/10-img2856-right","LEGACY","MATCHED_EXACT","272","1828-09-10","diary-1828-and-1829-and-jan-1830","img2856","","","1.0000","date, Page context and imported HTML hash match"
"fragments/1828/09/11-img2856-right","LEGACY","MATCHED_EXACT","273","1828-09-11","diary-1828-and-1829-and-jan-1830","img2856","","","1.0000","date, Page context and imported HTML hash match"
"fragments/1828/09/12-img2856-right","LEGACY","MATCHED_EXACT","274","1828-09-12","diary-1828-and-1829-and-jan-1830","img2856","","","1.0000","date, Page context and imported HTML hash match"
"fragments/1828/09/13-img2856-right","LEGACY","MATCHED_EXACT","275","1828-09-13","diary-1828-and-1829-and-jan-1830","img2856","","","1.0000","date, Page context and imported HTML hash match"
"fragments/1828/09/14-img2857-left","LEGACY","MATCHED_EXACT","276","1828-09-14","diary-1828-and-1829-and-jan-1830","img2857","","","1.0000","date, Page context and imported HTML hash match"
"fragments/1828/09/15-img2857-left","LEGACY","MATCHED_EXACT","277","1828-09-15","diary-1828-and-1829-and-jan-1830","img2857","","","1.0000","date, Page context and imported HTML hash match"
"fragments/1828/09/16-img2857-left","LEGACY","MATCHED_EXACT","278","1828-09-16","diary-1828-and-1829-and-jan-1830","img2857","","","1.0000","date, Page context and imported HTML hash match"
"fragments/1828/09/17-img2857-left","LEGACY","MATCHED_EXACT","279","1828-09-17","diary-1828-and-1829-and-jan-1830","img2857","","","1.0000","date, Page context and imported HTML hash match"
"fragments/1828/09/18-img2857-left","LEGACY","MATCHED_EXACT","280","1828-09-18","diary-1828-and-1829-and-jan-1830","img2857","","","1.0000","date, Page context and imported HTML hash match"
"fragments/1828/09/19-img2857-left","LEGACY","MATCHED_EXACT","281","1828-09-19","diary-1828-and-1829-and-jan-1830","img2857","","","1.0000","date, Page context and imported HTML hash match"
"fragments/1828/09/20-img2857-left","LEGACY","MATCHED_EXACT","282","1828-09-20","diary-1828-and-1829-and-jan-1830","img2857","","","1.0000","date, Page context and imported HTML hash match"
"fragments/1828/09/21-img2857-right","LEGACY","MATCHED_EXACT","283","1828-09-21","diary-1828-and-1829-and-jan-1830","img2857","","","1.0000","date, Page context and imported HTML hash match"
"fragments/1828/09/22-img2857-right","LEGACY","MATCHED_EXACT","284","1828-09-22","diary-1828-and-1829-and-jan-1830","img2857","","","1.0000","date, Page context and imported HTML hash match"
"fragments/1828/09/23-img2857-right","LEGACY","MATCHED_EXACT","285","1828-09-23","diary-1828-and-1829-and-jan-1830","img2857","","","1.0000","date, Page context and imported HTML hash match"
"fragments/1828/09/24-img2857-right","LEGACY","MATCHED_EXACT","286","1828-09-24","diary-1828-and-1829-and-jan-1830","img2857","","","1.0000","date, Page context and imported HTML hash match"
"fragments/1828/09/25-img2857-right","LEGACY","MATCHED_EXACT","287","1828-09-25","diary-1828-and-1829-and-jan-1830","img2857","","","1.0000","date, Page context and imported HTML hash match"
"fragments/1828/09/26-img2857-right","LEGACY","MATCHED_EXACT","288","1828-09-26","diary-1828-and-1829-and-jan-1830","img2857","","","1.0000","date, Page context and imported HTML hash match"
"fragments/1828/09/27-img2858-left","LEGACY","MATCHED_EXACT","289","1828-09-27","diary-1828-and-1829-and-jan-1830","img2858","","","1.0000","date, Page context and imported HTML hash match"
"fragments/1828/09/28-img2858-left","LEGACY","MATCHED_EXACT","290","1828-09-28","diary-1828-and-1829-and-jan-1830","img2858","","","1.0000","date, Page context and imported HTML hash match"
"fragments/1828/09/29-img2858-left","LEGACY","MATCHED_EXACT","291","1828-09-29","diary-1828-and-1829-and-jan-1830","img2858","","","1.0000","date, Page context and imported HTML hash match"
"fragments/1828/09/30-img2858-left","LEGACY","MATCHED_EXACT","292","1828-09-30","diary-1828-and-1829-and-jan-1830","img2858","","","1.0000","date, Page context and imported HTML hash match"
"fragments/1828/10/01-img2858-left","LEGACY","MATCHED_EXACT","293","1828-10-01","diary-1828-and-1829-and-jan-1830","img2858","","","1.0000","date, Page context and imported HTML hash match"
"fragments/1828/10/02-img2858-right","LEGACY","MATCHED_EXACT","294","1828-10-02","diary-1828-and-1829-and-jan-1830","img2858","","","1.0000","date, Page context and imported HTML hash match"
"fragments/1828/10/03-img2858-right","LEGACY","MATCHED_EXACT","295","1828-10-03","diary-1828-and-1829-and-jan-1830","img2858","","","1.0000","date, Page context and imported HTML hash match"
"fragments/1828/10/04-img2858-right","LEGACY","MATCHED_EXACT","296","1828-10-04","diary-1828-and-1829-and-jan-1830","img2858","","","1.0000","date, Page context and imported HTML hash match"
"fragments/1828/10/05-img2858-right","LEGACY","MATCHED_EXACT","297","1828-10-05","diary-1828-and-1829-and-jan-1830","img2858","","","1.0000","date, Page context and imported HTML hash match"
"fragments/1828/10/06-img2858-right","LEGACY","MATCHED_EXACT","298","1828-10-06","diary-1828-and-1829-and-jan-1830","img2858","","","1.0000","date, Page context and imported HTML hash match"
"fragments/1828/10/06-img2859-left","LEGACY","MATCHED_EXACT","299","1828-10-06","diary-1828-and-1829-and-jan-1830","img2859","","","2.0000","date, Page context and imported HTML hash match"
"fragments/1828/10/07-img2859-left","LEGACY","MATCHED_EXACT","300","1828-10-07","diary-1828-and-1829-and-jan-1830","img2859","","","1.0000","date, Page context and imported HTML hash match"
"fragments/1828/10/08-img2859-left","LEGACY","MATCHED_EXACT","301","1828-10-08","diary-1828-and-1829-and-jan-1830","img2859","","","1.0000","date, Page context and imported HTML hash match"
"fragments/1828/10/09-img2859-left","LEGACY","MATCHED_EXACT","302","1828-10-09","diary-1828-and-1829-and-jan-1830","img2859","","","1.0000","date, Page context and imported HTML hash match"
"fragments/1828/10/10-img2859-right","LEGACY","MATCHED_EXACT","303","1828-10-10","diary-1828-and-1829-and-jan-1830","img2859","","","1.0000","date, Page context and imported HTML hash match"
"fragments/1828/10/11-img2859-right","LEGACY","MATCHED_EXACT","304","1828-10-11","diary-1828-and-1829-and-jan-1830","img2859","","","1.0000","date, Page context and imported HTML hash match"
"fragments/1828/10/12-img2859-right","LEGACY","MATCHED_EXACT","305","1828-10-12","diary-1828-and-1829-and-jan-1830","img2859","","","1.0000","date, Page context and imported HTML hash match"
"fragments/1828/10/13-img2859-right","LEGACY","MATCHED_EXACT","306","1828-10-13","diary-1828-and-1829-and-jan-1830","img2859","","","1.0000","date, Page context and imported HTML hash match"
"fragments/1828/10/14-img2859-right","LEGACY","MATCHED_EXACT","307","1828-10-14","diary-1828-and-1829-and-jan-1830","img2859","","","1.0000","date, Page context and imported HTML hash match"
"fragments/1828/10/15-img2859-right","LEGACY","MATCHED_EXACT","308","1828-10-15","diary-1828-and-1829-and-jan-1830","img2859","","","1.0000","date, Page context and imported HTML hash match"
"fragments/1828/10/16-img2860-left","LEGACY","MATCHED_EXACT","309","1828-10-16","diary-1828-and-1829-and-jan-1830","img2860","","","1.0000","date, Page context and imported HTML hash match"
"fragments/1828/10/17-b-img2860-image-map-alnwick-tyneside","LEGACY","MATCHED_EXACT","310","1828-10-17","","","","","1.0000","date, Page context and imported HTML hash match"
"fragments/1828/10/17-img2860-left","LEGACY","MATCHED_EXACT","311","1828-10-17","diary-1828-and-1829-and-jan-1830","img2860","","","2.0000","date, Page context and imported HTML hash match"
"fragments/1828/10/18-img2860-left","LEGACY","MATCHED_EXACT","312","1828-10-18","diary-1828-and-1829-and-jan-1830","img2860","","","1.0000","date, Page context and imported HTML hash match"
"fragments/1828/10/19-img2860-left","LEGACY","MATCHED_EXACT","313","1828-10-19","diary-1828-and-1829-and-jan-1830","img2860","","","1.0000","date, Page context and imported HTML hash match"
"fragments/1828/10/20-img2860-left","LEGACY","MATCHED_EXACT","314","1828-10-20","diary-1828-and-1829-and-jan-1830","img2860","","","1.0000","date, Page context and imported HTML hash match"
"fragments/1828/10/21-img2860-left","LEGACY","MATCHED_EXACT","315","1828-10-21","diary-1828-and-1829-and-jan-1830","img2860","","","1.0000","date, Page context and imported HTML hash match"
"fragments/1828/10/22-img2860-right","LEGACY","MATCHED_EXACT","316","1828-10-22","diary-1828-and-1829-and-jan-1830","img2860","","","1.0000","date, Page context and imported HTML hash match"
"fragments/1828/10/23-img2860-right","LEGACY","MATCHED_EXACT","317","1828-10-23","diary-1828-and-1829-and-jan-1830","img2860","","","1.0000","date, Page context and imported HTML hash match"
"fragments/1828/10/24-img2860-right","LEGACY","MATCHED_EXACT","318","1828-10-24","diary-1828-and-1829-and-jan-1830","img2860","","","1.0000","date, Page context and imported HTML hash match"
"fragments/1828/10/25-img2860-right","LEGACY","MATCHED_EXACT","319","1828-10-25","diary-1828-and-1829-and-jan-1830","img2860","","","1.0000","date, Page context and imported HTML hash match"
"fragments/1828/10/26-img2860-right","LEGACY","MATCHED_EXACT","320","1828-10-26","diary-1828-and-1829-and-jan-1830","img2860","","","1.0000","date, Page context and imported HTML hash match"
"fragments/1828/10/27-img2860-right","LEGACY","MATCHED_EXACT","321","1828-10-27","diary-1828-and-1829-and-jan-1830","img2860","","","1.0000","date, Page context and imported HTML hash match"
"fragments/1828/10/28-img2860-right","LEGACY","MATCHED_EXACT","322","1828-10-28","diary-1828-and-1829-and-jan-1830","img2860","","","1.0000","date, Page context and imported HTML hash match"
"fragments/1828/10/29-img2860-right","LEGACY","MATCHED_EXACT","323","1828-10-29","diary-1828-and-1829-and-jan-1830","img2860","","","1.0000","date, Page context and imported HTML hash match"
"fragments/1828/10/30-img2861-left","LEGACY","MATCHED_EXACT","324","1828-10-30","diary-1828-and-1829-and-jan-1830","img2861","","","1.0000","date, Page context and imported HTML hash match"
"fragments/1828/10/31-img2861-left","LEGACY","MATCHED_EXACT","325","1828-10-31","diary-1828-and-1829-and-jan-1830","img2861","","","1.0000","date, Page context and imported HTML hash match"
"fragments/1828/11/01-img2861-left","LEGACY","MATCHED_EXACT","326","1828-11-01","diary-1828-and-1829-and-jan-1830","img2861","","","1.0000","date, Page context and imported HTML hash match"
"fragments/1828/11/02-img2861-left","LEGACY","MATCHED_EXACT","327","1828-11-02","diary-1828-and-1829-and-jan-1830","img2861","","","1.0000","date, Page context and imported HTML hash match"
"fragments/1828/11/03-img2861-left","LEGACY","MATCHED_EXACT","328","1828-11-03","diary-1828-and-1829-and-jan-1830","img2861","","","1.0000","date, Page context and imported HTML hash match"
"fragments/1828/11/04-img2861-right","LEGACY","MATCHED_EXACT","329","1828-11-04","diary-1828-and-1829-and-jan-1830","img2861","","","1.0000","date, Page context and imported HTML hash match"
"fragments/1828/11/05-img2861-right","LEGACY","MATCHED_EXACT","330","1828-11-05","diary-1828-and-1829-and-jan-1830","img2861","","","1.0000","date, Page context and imported HTML hash match"
"fragments/1828/11/06-img2861-right","LEGACY","MATCHED_EXACT","331","1828-11-06","diary-1828-and-1829-and-jan-1830","img2861","","","1.0000","date, Page context and imported HTML hash match"
"fragments/1828/11/07-img2861-right","LEGACY","MATCHED_EXACT","332","1828-11-07","diary-1828-and-1829-and-jan-1830","img2861","","","1.0000","date, Page context and imported HTML hash match"
"fragments/1828/11/08-img2861-right","LEGACY","MATCHED_EXACT","333","1828-11-08","diary-1828-and-1829-and-jan-1830","img2861","","","1.0000","date, Page context and imported HTML hash match"
"fragments/1828/11/09-img2861-right","LEGACY","MATCHED_EXACT","334","1828-11-09","diary-1828-and-1829-and-jan-1830","img2861","","","1.0000","date, Page context and imported HTML hash match"
"fragments/1828/11/10-img2862-left","LEGACY","MATCHED_EXACT","335","1828-11-10","diary-1828-and-1829-and-jan-1830","img2862","","","1.0000","date, Page context and imported HTML hash match"
"fragments/1828/11/11-img2862-left","LEGACY","MATCHED_EXACT","336","1828-11-11","diary-1828-and-1829-and-jan-1830","img2862","","","1.0000","date, Page context and imported HTML hash match"
"fragments/1828/11/12-img2862-left","LEGACY","MATCHED_EXACT","337","1828-11-12","diary-1828-and-1829-and-jan-1830","img2862","","","1.0000","date, Page context and imported HTML hash match"
"fragments/1828/11/13-img2862-left","LEGACY","MATCHED_EXACT","338","1828-11-13","diary-1828-and-1829-and-jan-1830","img2862","","","1.0000","date, Page context and imported HTML hash match"
"fragments/1828/11/14-img2862-left","LEGACY","MATCHED_EXACT","339","1828-11-14","diary-1828-and-1829-and-jan-1830","img2862","","","1.0000","date, Page context and imported HTML hash match"
"fragments/1828/11/15-img2862-right","LEGACY","MATCHED_EXACT","340","1828-11-15","diary-1828-and-1829-and-jan-1830","img2862","","","1.0000","date, Page context and imported HTML hash match"
"fragments/1828/11/16-img2862-right","LEGACY","MATCHED_EXACT","341","1828-11-16","diary-1828-and-1829-and-jan-1830","img2862","","","1.0000","date, Page context and imported HTML hash match"
"fragments/1828/11/17-img2862-right","LEGACY","MATCHED_EXACT","342","1828-11-17","diary-1828-and-1829-and-jan-1830","img2862","","","1.0000","date, Page context and imported HTML hash match"
"fragments/1828/11/18-img2862-right","LEGACY","MATCHED_EXACT","343","1828-11-18","diary-1828-and-1829-and-jan-1830","img2862","","","1.0000","date, Page context and imported HTML hash match"
"fragments/1828/11/19-img2862-right","LEGACY","MATCHED_EXACT","344","1828-11-19","diary-1828-and-1829-and-jan-1830","img2862","","","1.0000","date, Page context and imported HTML hash match"
"fragments/1828/11/20-img2862-right","LEGACY","MATCHED_EXACT","345","1828-11-20","diary-1828-and-1829-and-jan-1830","img2862","","","1.0000","date, Page context and imported HTML hash match"
"fragments/1828/11/21-img2863-left","LEGACY","MATCHED_EXACT","346","1828-11-21","diary-1828-and-1829-and-jan-1830","img2863","","","1.0000","date, Page context and imported HTML hash match"
"fragments/1828/11/22-img2863-left","LEGACY","MATCHED_EXACT","347","1828-11-22","diary-1828-and-1829-and-jan-1830","img2863","","","1.0000","date, Page context and imported HTML hash match"
"fragments/1828/11/23-img2863-left","LEGACY","MATCHED_EXACT","348","1828-11-23","diary-1828-and-1829-and-jan-1830","img2863","","","1.0000","date, Page context and imported HTML hash match"
"fragments/1828/11/24-img2863-left","LEGACY","MATCHED_EXACT","349","1828-11-24","diary-1828-and-1829-and-jan-1830","img2863","","","1.0000","date, Page context and imported HTML hash match"
"fragments/1828/11/25-img2863-left","LEGACY","MATCHED_EXACT","350","1828-11-25","diary-1828-and-1829-and-jan-1830","img2863","","","1.0000","date, Page context and imported HTML hash match"
"fragments/1828/11/26-img2863-left","LEGACY","MATCHED_EXACT","351","1828-11-26","diary-1828-and-1829-and-jan-1830","img2863","","","1.0000","date, Page context and imported HTML hash match"
"fragments/1828/11/27-img2863-right","LEGACY","MATCHED_EXACT","352","1828-11-27","diary-1828-and-1829-and-jan-1830","img2863","","","1.0000","date, Page context and imported HTML hash match"
"fragments/1828/11/28-img2863-right","LEGACY","MATCHED_EXACT","353","1828-11-28","diary-1828-and-1829-and-jan-1830","img2863","","","1.0000","date, Page context and imported HTML hash match"
"fragments/1828/11/29-img2863-right","LEGACY","MATCHED_EXACT","354","1828-11-29","diary-1828-and-1829-and-jan-1830","img2863","","","1.0000","date, Page context and imported HTML hash match"
"fragments/1828/11/30-img2863-right","LEGACY","MATCHED_EXACT","355","1828-11-30","diary-1828-and-1829-and-jan-1830","img2863","","","1.0000","date, Page context and imported HTML hash match"
"fragments/1828/12/01-img2864-left","LEGACY","MATCHED_EXACT","356","1828-12-01","diary-1828-and-1829-and-jan-1830","img2864","","","1.0000","date, Page context and imported HTML hash match"
"fragments/1828/12/02-img2864-left","LEGACY","MATCHED_EXACT","357","1828-12-02","diary-1828-and-1829-and-jan-1830","img2864","","","1.0000","date, Page context and imported HTML hash match"
"fragments/1828/12/03-img2864-left","LEGACY","MATCHED_EXACT","358","1828-12-03","diary-1828-and-1829-and-jan-1830","img2864","","","1.0000","date, Page context and imported HTML hash match"
"fragments/1828/12/04-img2864-left","LEGACY","MATCHED_EXACT","359","1828-12-04","diary-1828-and-1829-and-jan-1830","img2864","","","1.0000","date, Page context and imported HTML hash match"
"fragments/1828/12/05-img2864-right","LEGACY","MATCHED_EXACT","360","1828-12-05","diary-1828-and-1829-and-jan-1830","img2864","","","1.0000","date, Page context and imported HTML hash match"
"fragments/1828/12/06-img2864-right","LEGACY","MATCHED_EXACT","361","1828-12-06","diary-1828-and-1829-and-jan-1830","img2864","","","1.0000","date, Page context and imported HTML hash match"
"fragments/1828/12/07-img2864-right","LEGACY","MATCHED_EXACT","362","1828-12-07","diary-1828-and-1829-and-jan-1830","img2864","","","1.0000","date, Page context and imported HTML hash match"
"fragments/1828/12/08-img2864-right","LEGACY","MATCHED_EXACT","363","1828-12-08","diary-1828-and-1829-and-jan-1830","img2864","","","1.0000","date, Page context and imported HTML hash match"
"fragments/1828/12/09-img2865-left","LEGACY","MATCHED_EXACT","364","1828-12-09","diary-1828-and-1829-and-jan-1830","img2865","","","1.0000","date, Page context and imported HTML hash match"
"fragments/1828/12/10-img2865-left","LEGACY","MATCHED_EXACT","365","1828-12-10","diary-1828-and-1829-and-jan-1830","img2865","","","1.0000","date, Page context and imported HTML hash match"
"fragments/1828/12/11-img2865-left","LEGACY","MATCHED_EXACT","366","1828-12-11","diary-1828-and-1829-and-jan-1830","img2865","","","1.0000","date, Page context and imported HTML hash match"
"fragments/1828/12/12-img2865-left","LEGACY","MATCHED_EXACT","367","1828-12-12","diary-1828-and-1829-and-jan-1830","img2865","","","1.0000","date, Page context and imported HTML hash match"
"fragments/1828/12/13-img2865-left","LEGACY","MATCHED_EXACT","368","1828-12-13","diary-1828-and-1829-and-jan-1830","img2865","","","1.0000","date, Page context and imported HTML hash match"
"fragments/1828/12/14-img2865-left","LEGACY","MATCHED_EXACT","369","1828-12-14","diary-1828-and-1829-and-jan-1830","img2865","","","1.0000","date, Page context and imported HTML hash match"
"fragments/1828/12/15-img2865-right","LEGACY","MATCHED_EXACT","370","1828-12-15","diary-1828-and-1829-and-jan-1830","img2865","","","1.0000","date, Page context and imported HTML hash match"
"fragments/1828/12/16-img2865-right","LEGACY","MATCHED_EXACT","371","1828-12-16","diary-1828-and-1829-and-jan-1830","img2865","","","1.0000","date, Page context and imported HTML hash match"
"fragments/1828/12/17-img2865-right","LEGACY","MATCHED_EXACT","372","1828-12-17","diary-1828-and-1829-and-jan-1830","img2865","","","1.0000","date, Page context and imported HTML hash match"
"fragments/1828/12/18-img2865-right","LEGACY","MATCHED_EXACT","373","1828-12-18","diary-1828-and-1829-and-jan-1830","img2865","","","1.0000","date, Page context and imported HTML hash match"
"fragments/1828/12/19-img2865-right","LEGACY","MATCHED_EXACT","374","1828-12-19","diary-1828-and-1829-and-jan-1830","img2865","","","1.0000","date, Page context and imported HTML hash match"
"fragments/1828/12/20-img2866-left","LEGACY","MATCHED_EXACT","375","1828-12-20","diary-1828-and-1829-and-jan-1830","img2866","","","1.0000","date, Page context and imported HTML hash match"
"fragments/1828/12/21-img2866-left","LEGACY","MATCHED_EXACT","376","1828-12-21","diary-1828-and-1829-and-jan-1830","img2866","","","1.0000","date, Page context and imported HTML hash match"
"fragments/1828/12/22-img2866-left","LEGACY","MATCHED_EXACT","377","1828-12-22","diary-1828-and-1829-and-jan-1830","img2866","","","1.0000","date, Page context and imported HTML hash match"
"fragments/1828/12/23-img2866-left","LEGACY","MATCHED_EXACT","378","1828-12-23","diary-1828-and-1829-and-jan-1830","img2866","","","1.0000","date, Page context and imported HTML hash match"
"fragments/1828/12/24-img2866-left","LEGACY","MATCHED_EXACT","379","1828-12-24","diary-1828-and-1829-and-jan-1830","img2866","","","1.0000","date, Page context and imported HTML hash match"
"fragments/1828/12/25-img2866-left","LEGACY","MATCHED_EXACT","380","1828-12-25","diary-1828-and-1829-and-jan-1830","img2866","","","1.0000","date, Page context and imported HTML hash match"
"fragments/1828/12/26-img2866-right","LEGACY","MATCHED_EXACT","381","1828-12-26","diary-1828-and-1829-and-jan-1830","img2866","","","1.0000","date, Page context and imported HTML hash match"
"fragments/1828/12/27-img2866-right","LEGACY","MATCHED_EXACT","382","1828-12-27","diary-1828-and-1829-and-jan-1830","img2866","","","1.0000","date, Page context and imported HTML hash match"
"fragments/1828/12/28-img2866-right","LEGACY","MATCHED_EXACT","383","1828-12-28","diary-1828-and-1829-and-jan-1830","img2866","","","1.0000","date, Page context and imported HTML hash match"
"fragments/1828/12/29-img2866-right","LEGACY","MATCHED_EXACT","384","1828-12-29","diary-1828-and-1829-and-jan-1830","img2866","","","1.0000","date, Page context and imported HTML hash match"
"fragments/1828/12/30-img2867-left","LEGACY","MATCHED_EXACT","385","1828-12-30","diary-1828-and-1829-and-jan-1830","img2867","","","1.0000","date, Page context and imported HTML hash match"
"fragments/1828/12/31-img2867-left","LEGACY","MATCHED_EXACT","386","1828-12-31","diary-1828-and-1829-and-jan-1830","img2867","","","1.0000","date, Page context and imported HTML hash match"
"fragments/1829/01/01-dc-highlights-1829","LEGACY","MATCHED_EXACT","387","1829-01-01","","","","","2.0000","date, Page context and imported HTML hash match"
"fragments/1829/01/01-img2867-right","LEGACY","MATCHED_EXACT","388","1829-01-01","diary-1828-and-1829-and-jan-1830","img2867","","","1.0000","date, Page context and imported HTML hash match"
"fragments/1829/01/02-img2867-right","LEGACY","MATCHED_EXACT","389","1829-01-02","diary-1828-and-1829-and-jan-1830","img2867","","","1.0000","date, Page context and imported HTML hash match"
"fragments/1829/01/03-img2867-right","LEGACY","MATCHED_EXACT","390","1829-01-03","diary-1828-and-1829-and-jan-1830","img2867","","","1.0000","date, Page context and imported HTML hash match"
"fragments/1829/01/04-img2867-right","LEGACY","MATCHED_EXACT","391","1829-01-04","diary-1828-and-1829-and-jan-1830","img2867","","","1.0000","date, Page context and imported HTML hash match"
"fragments/1829/01/05-img2868-left","LEGACY","MATCHED_EXACT","392","1829-01-05","diary-1828-and-1829-and-jan-1830","img2868","","","1.0000","date, Page context and imported HTML hash match"
"fragments/1829/01/06-img2868-left","LEGACY","MATCHED_EXACT","393","1829-01-06","diary-1828-and-1829-and-jan-1830","img2868","","","1.0000","date, Page context and imported HTML hash match"
"fragments/1829/01/07-img2868-left","LEGACY","MATCHED_EXACT","394","1829-01-07","diary-1828-and-1829-and-jan-1830","img2868","","","1.0000","date, Page context and imported HTML hash match"
"fragments/1829/01/08-img2868-left","LEGACY","MATCHED_EXACT","395","1829-01-08","diary-1828-and-1829-and-jan-1830","img2868","","","1.0000","date, Page context and imported HTML hash match"
"fragments/1829/01/08-img2868-right","LEGACY","POSSIBLE_EDITED_MATCH","2300","1829-01-08","diary-1828-and-1829-and-jan-1830","img2868","","","2.0000","only remaining row with the same date and Page context; HTML differs and review is required"
"fragments/1829/01/09-img2868-right","LEGACY","MATCHED_EXACT","396","1829-01-09","diary-1828-and-1829-and-jan-1830","img2868","","","1.0000","date, Page context and imported HTML hash match"
"fragments/1829/01/10-img2868-right","LEGACY","MATCHED_EXACT","397","1829-01-10","diary-1828-and-1829-and-jan-1830","img2868","","","1.0000","date, Page context and imported HTML hash match"
"fragments/1829/01/11-img2868-right","LEGACY","MATCHED_EXACT","398","1829-01-11","diary-1828-and-1829-and-jan-1830","img2868","","","1.0000","date, Page context and imported HTML hash match"
"fragments/1829/01/12-img2868-right","LEGACY","MATCHED_EXACT","399","1829-01-12","diary-1828-and-1829-and-jan-1830","img2868","","","1.0000","date, Page context and imported HTML hash match"
"fragments/1829/01/13-img2868-right","LEGACY","MATCHED_EXACT","400","1829-01-13","diary-1828-and-1829-and-jan-1830","img2868","","","1.0000","date, Page context and imported HTML hash match"
"fragments/1829/01/14-img2869-left","LEGACY","MATCHED_EXACT","401","1829-01-14","diary-1828-and-1829-and-jan-1830","img2869","","","1.0000","date, Page context and imported HTML hash match"
"fragments/1829/01/15-img2869-left","LEGACY","MATCHED_EXACT","402","1829-01-15","diary-1828-and-1829-and-jan-1830","img2869","","","1.0000","date, Page context and imported HTML hash match"
"fragments/1829/01/16-img2869-left","LEGACY","MATCHED_EXACT","403","1829-01-16","diary-1828-and-1829-and-jan-1830","img2869","","","1.0000","date, Page context and imported HTML hash match"
"fragments/1829/01/17-img2869-left","LEGACY","MATCHED_EXACT","404","1829-01-17","diary-1828-and-1829-and-jan-1830","img2869","","","1.0000","date, Page context and imported HTML hash match"
"fragments/1829/01/18-img2869-left","LEGACY","MATCHED_EXACT","405","1829-01-18","diary-1828-and-1829-and-jan-1830","img2869","","","1.0000","date, Page context and imported HTML hash match"
"fragments/1829/01/19-img2869-left","LEGACY","MATCHED_EXACT","406","1829-01-19","diary-1828-and-1829-and-jan-1830","img2869","","","1.0000","date, Page context and imported HTML hash match"
"fragments/1829/01/20-img2869-right","LEGACY","MATCHED_EXACT","407","1829-01-20","diary-1828-and-1829-and-jan-1830","img2869","","","1.0000","date, Page context and imported HTML hash match"
"fragments/1829/01/21-img2869-right","LEGACY","MATCHED_EXACT","408","1829-01-21","diary-1828-and-1829-and-jan-1830","img2869","","","1.0000","date, Page context and imported HTML hash match"
"fragments/1829/01/22-img2869-right","LEGACY","MATCHED_EXACT","409","1829-01-22","diary-1828-and-1829-and-jan-1830","img2869","","","1.0000","date, Page context and imported HTML hash match"
"fragments/1829/01/23-img2869-right","LEGACY","MATCHED_EXACT","410","1829-01-23","diary-1828-and-1829-and-jan-1830","img2869","","","1.0000","date, Page context and imported HTML hash match"
"fragments/1829/01/24-img2869-right","LEGACY","MATCHED_EXACT","411","1829-01-24","diary-1828-and-1829-and-jan-1830","img2869","","","1.0000","date, Page context and imported HTML hash match"
"fragments/1829/01/25-img2870-left","LEGACY","MATCHED_EXACT","412","1829-01-25","diary-1828-and-1829-and-jan-1830","img2870","","","1.0000","date, Page context and imported HTML hash match"
"fragments/1829/01/26-img2870-left","LEGACY","MATCHED_EXACT","413","1829-01-26","diary-1828-and-1829-and-jan-1830","img2870","","","1.0000","date, Page context and imported HTML hash match"
"fragments/1829/01/27-img2870-left","LEGACY","MATCHED_EXACT","414","1829-01-27","diary-1828-and-1829-and-jan-1830","img2870","","","1.0000","date, Page context and imported HTML hash match"
"fragments/1829/01/28-img2870-left","LEGACY","MATCHED_EXACT","415","1829-01-28","diary-1828-and-1829-and-jan-1830","img2870","","","1.0000","date, Page context and imported HTML hash match"
"fragments/1829/01/29-img2870-left","LEGACY","MATCHED_EXACT","416","1829-01-29","diary-1828-and-1829-and-jan-1830","img2870","","","1.0000","date, Page context and imported HTML hash match"
"fragments/1829/01/30-img2870-right","LEGACY","MATCHED_EXACT","417","1829-01-30","diary-1828-and-1829-and-jan-1830","img2870","","","1.0000","date, Page context and imported HTML hash match"
"fragments/1829/01/31-img2870-right","LEGACY","MATCHED_EXACT","418","1829-01-31","diary-1828-and-1829-and-jan-1830","img2870","","","1.0000","date, Page context and imported HTML hash match"
"fragments/1829/02/01-img2870-right","LEGACY","MATCHED_EXACT","419","1829-02-01","diary-1828-and-1829-and-jan-1830","img2870","","","1.0000","date, Page context and imported HTML hash match"
"fragments/1829/02/02-img2870-right","LEGACY","MATCHED_EXACT","420","1829-02-02","diary-1828-and-1829-and-jan-1830","img2870","","","1.0000","date, Page context and imported HTML hash match"
"fragments/1829/02/03-img2870-right","LEGACY","MATCHED_EXACT","421","1829-02-03","diary-1828-and-1829-and-jan-1830","img2870","","","1.0000","date, Page context and imported HTML hash match"
"fragments/1829/02/04-img2871-left","LEGACY","MATCHED_EXACT","422","1829-02-04","diary-1828-and-1829-and-jan-1830","img2871","","","1.0000","date, Page context and imported HTML hash match"
"fragments/1829/02/05-img2871-left","LEGACY","MATCHED_EXACT","423","1829-02-05","diary-1828-and-1829-and-jan-1830","img2871","","","1.0000","date, Page context and imported HTML hash match"
"fragments/1829/02/06-img2871-left","LEGACY","MATCHED_EXACT","424","1829-02-06","diary-1828-and-1829-and-jan-1830","img2871","","","1.0000","date, Page context and imported HTML hash match"
"fragments/1829/02/07-img2871-left","LEGACY","MATCHED_EXACT","425","1829-02-07","diary-1828-and-1829-and-jan-1830","img2871","","","1.0000","date, Page context and imported HTML hash match"
"fragments/1829/02/08-img2871-left","LEGACY","MATCHED_EXACT","426","1829-02-08","diary-1828-and-1829-and-jan-1830","img2871","","","1.0000","date, Page context and imported HTML hash match"
"fragments/1829/02/09-img2871-right","LEGACY","MATCHED_EXACT","427","1829-02-09","diary-1828-and-1829-and-jan-1830","img2871","","","1.0000","date, Page context and imported HTML hash match"
"fragments/1829/02/10-img2871-right","LEGACY","MATCHED_EXACT","428","1829-02-10","diary-1828-and-1829-and-jan-1830","img2871","","","1.0000","date, Page context and imported HTML hash match"
"fragments/1829/02/11-img2871-right","LEGACY","MATCHED_EXACT","429","1829-02-11","diary-1828-and-1829-and-jan-1830","img2871","","","1.0000","date, Page context and imported HTML hash match"
"fragments/1829/02/12-img2871-right","LEGACY","MATCHED_EXACT","430","1829-02-12","diary-1828-and-1829-and-jan-1830","img2871","","","1.0000","date, Page context and imported HTML hash match"
"fragments/1829/02/13-img2872-left","LEGACY","MATCHED_EXACT","431","1829-02-13","diary-1828-and-1829-and-jan-1830","img2872","","","1.0000","date, Page context and imported HTML hash match"
"fragments/1829/02/14-img2872-left","LEGACY","MATCHED_EXACT","432","1829-02-14","diary-1828-and-1829-and-jan-1830","img2872","","","1.0000","date, Page context and imported HTML hash match"
"fragments/1829/02/15-img2872-left","LEGACY","MATCHED_EXACT","433","1829-02-15","diary-1828-and-1829-and-jan-1830","img2872","","","1.0000","date, Page context and imported HTML hash match"
"fragments/1829/02/16-img2872-left","LEGACY","MATCHED_EXACT","434","1829-02-16","diary-1828-and-1829-and-jan-1830","img2872","","","1.0000","date, Page context and imported HTML hash match"
"fragments/1829/02/17-img2872-right","LEGACY","MATCHED_EXACT","435","1829-02-17","diary-1828-and-1829-and-jan-1830","img2872","","","1.0000","date, Page context and imported HTML hash match"
"fragments/1829/02/18-img2872-right","LEGACY","MATCHED_EXACT","436","1829-02-18","diary-1828-and-1829-and-jan-1830","img2872","","","1.0000","date, Page context and imported HTML hash match"
"fragments/1829/02/19-img2872-right","LEGACY","MATCHED_EXACT","437","1829-02-19","diary-1828-and-1829-and-jan-1830","img2872","","","1.0000","date, Page context and imported HTML hash match"
"fragments/1829/02/20-img2872-right","LEGACY","MATCHED_EXACT","438","1829-02-20","diary-1828-and-1829-and-jan-1830","img2872","","","1.0000","date, Page context and imported HTML hash match"
"fragments/1829/02/21-img2873-left","LEGACY","MATCHED_EXACT","439","1829-02-21","diary-1828-and-1829-and-jan-1830","img2873","","","1.0000","date, Page context and imported HTML hash match"
"fragments/1829/02/22-img2873-left","LEGACY","MATCHED_EXACT","440","1829-02-22","diary-1828-and-1829-and-jan-1830","img2873","","","1.0000","date, Page context and imported HTML hash match"
"fragments/1829/02/23-img2873-left","LEGACY","MATCHED_EXACT","441","1829-02-23","diary-1828-and-1829-and-jan-1830","img2873","","","1.0000","date, Page context and imported HTML hash match"
"fragments/1829/02/24-img2873-left","LEGACY","MATCHED_EXACT","442","1829-02-24","diary-1828-and-1829-and-jan-1830","img2873","","","1.0000","date, Page context and imported HTML hash match"
"fragments/1829/02/25-img2873-right","LEGACY","MATCHED_EXACT","443","1829-02-25","diary-1828-and-1829-and-jan-1830","img2873","","","1.0000","date, Page context and imported HTML hash match"
"fragments/1829/02/26-img2873-right","LEGACY","MATCHED_EXACT","444","1829-02-26","diary-1828-and-1829-and-jan-1830","img2873","","","1.0000","date, Page context and imported HTML hash match"
"fragments/1829/02/27-img2873-right","LEGACY","MATCHED_EXACT","445","1829-02-27","diary-1828-and-1829-and-jan-1830","img2873","","","1.0000","date, Page context and imported HTML hash match"
"fragments/1829/02/28-img2873-right","LEGACY","MATCHED_EXACT","446","1829-02-28","diary-1828-and-1829-and-jan-1830","img2873","","","1.0000","date, Page context and imported HTML hash match"
"fragments/1829/03/01-img2874-left","LEGACY","MATCHED_EXACT","447","1829-03-01","diary-1828-and-1829-and-jan-1830","img2874","","","1.0000","date, Page context and imported HTML hash match"
"fragments/1829/03/02-img2874-left","LEGACY","MATCHED_EXACT","448","1829-03-02","diary-1828-and-1829-and-jan-1830","img2874","","","1.0000","date, Page context and imported HTML hash match"
"fragments/1829/03/03-img2874-left","LEGACY","MATCHED_EXACT","449","1829-03-03","diary-1828-and-1829-and-jan-1830","img2874","","","1.0000","date, Page context and imported HTML hash match"
"fragments/1829/03/04-img2874-left","LEGACY","MATCHED_EXACT","450","1829-03-04","diary-1828-and-1829-and-jan-1830","img2874","","","1.0000","date, Page context and imported HTML hash match"
"fragments/1829/03/05-img2874-left","LEGACY","MATCHED_EXACT","451","1829-03-05","diary-1828-and-1829-and-jan-1830","img2874","","","1.0000","date, Page context and imported HTML hash match"
"fragments/1829/03/06-img2874-right","LEGACY","MATCHED_EXACT","452","1829-03-06","diary-1828-and-1829-and-jan-1830","img2874","","","1.0000","date, Page context and imported HTML hash match"
"fragments/1829/03/07-img2874-right","LEGACY","MATCHED_EXACT","453","1829-03-07","diary-1828-and-1829-and-jan-1830","img2874","","","1.0000","date, Page context and imported HTML hash match"
"fragments/1829/03/08-img2874-right","LEGACY","MATCHED_EXACT","454","1829-03-08","diary-1828-and-1829-and-jan-1830","img2874","","","1.0000","date, Page context and imported HTML hash match"
"fragments/1829/03/09-img2874-right","LEGACY","MATCHED_EXACT","455","1829-03-09","diary-1828-and-1829-and-jan-1830","img2874","","","1.0000","date, Page context and imported HTML hash match"
"fragments/1829/03/10-img2874-right","LEGACY","MATCHED_EXACT","456","1829-03-10","diary-1828-and-1829-and-jan-1830","img2874","","","1.0000","date, Page context and imported HTML hash match"
"fragments/1829/03/11-img2875-left","LEGACY","MATCHED_EXACT","457","1829-03-11","diary-1828-and-1829-and-jan-1830","img2875","","","1.0000","date, Page context and imported HTML hash match"
"fragments/1829/03/12-img2875-left","LEGACY","MATCHED_EXACT","458","1829-03-12","diary-1828-and-1829-and-jan-1830","img2875","","","1.0000","date, Page context and imported HTML hash match"
"fragments/1829/03/13-img2875-left","LEGACY","MATCHED_EXACT","459","1829-03-13","diary-1828-and-1829-and-jan-1830","img2875","","","1.0000","date, Page context and imported HTML hash match"
"fragments/1829/03/14-img2875-left","LEGACY","MATCHED_EXACT","460","1829-03-14","diary-1828-and-1829-and-jan-1830","img2875","","","1.0000","date, Page context and imported HTML hash match"
"fragments/1829/03/15-img2875-left","LEGACY","MATCHED_EXACT","461","1829-03-15","diary-1828-and-1829-and-jan-1830","img2875","","","1.0000","date, Page context and imported HTML hash match"
"fragments/1829/03/16-img2875-left","LEGACY","MATCHED_EXACT","462","1829-03-16","diary-1828-and-1829-and-jan-1830","img2875","","","1.0000","date, Page context and imported HTML hash match"
"fragments/1829/03/17-img2875-right","LEGACY","MATCHED_EXACT","463","1829-03-17","diary-1828-and-1829-and-jan-1830","img2875","","","1.0000","date, Page context and imported HTML hash match"
"fragments/1829/03/18-img2875-right","LEGACY","MATCHED_EXACT","464","1829-03-18","diary-1828-and-1829-and-jan-1830","img2875","","","1.0000","date, Page context and imported HTML hash match"
"fragments/1829/03/19-img2875-right","LEGACY","MATCHED_EXACT","465","1829-03-19","diary-1828-and-1829-and-jan-1830","img2875","","","1.0000","date, Page context and imported HTML hash match"
"fragments/1829/03/20-img2876-left","LEGACY","MATCHED_EXACT","466","1829-03-20","diary-1828-and-1829-and-jan-1830","img2876","","","1.0000","date, Page context and imported HTML hash match"
"fragments/1829/03/21-img2876-left","LEGACY","MATCHED_EXACT","467","1829-03-21","diary-1828-and-1829-and-jan-1830","img2876","","","1.0000","date, Page context and imported HTML hash match"
"fragments/1829/03/22-img2876-left","LEGACY","MATCHED_EXACT","468","1829-03-22","diary-1828-and-1829-and-jan-1830","img2876","","","1.0000","date, Page context and imported HTML hash match"
"fragments/1829/03/23-img2876-left","LEGACY","MATCHED_EXACT","469","1829-03-23","diary-1828-and-1829-and-jan-1830","img2876","","","1.0000","date, Page context and imported HTML hash match"
"fragments/1829/03/24-img2876-right","LEGACY","MATCHED_EXACT","470","1829-03-24","diary-1828-and-1829-and-jan-1830","img2876","","","1.0000","date, Page context and imported HTML hash match"
"fragments/1829/03/25-img2876-right","LEGACY","MATCHED_EXACT","471","1829-03-25","diary-1828-and-1829-and-jan-1830","img2876","","","1.0000","date, Page context and imported HTML hash match"
"fragments/1829/03/26-img2876-right","LEGACY","MATCHED_EXACT","472","1829-03-26","diary-1828-and-1829-and-jan-1830","img2876","","","1.0000","date, Page context and imported HTML hash match"
"fragments/1829/03/27-img2876-right","LEGACY","MATCHED_EXACT","473","1829-03-27","diary-1828-and-1829-and-jan-1830","img2876","","","1.0000","date, Page context and imported HTML hash match"
"fragments/1829/03/28-img2876-right","LEGACY","MATCHED_EXACT","474","1829-03-28","diary-1828-and-1829-and-jan-1830","img2876","","","1.0000","date, Page context and imported HTML hash match"
"fragments/1829/03/29-img2876-right","LEGACY","MATCHED_EXACT","475","1829-03-29","diary-1828-and-1829-and-jan-1830","img2876","","","1.0000","date, Page context and imported HTML hash match"
"fragments/1829/03/30-img2877-left","LEGACY","MATCHED_EXACT","476","1829-03-30","diary-1828-and-1829-and-jan-1830","img2877","","","1.0000","date, Page context and imported HTML hash match"
"fragments/1829/03/31-img2877-left","LEGACY","MATCHED_EXACT","477","1829-03-31","diary-1828-and-1829-and-jan-1830","img2877","","","1.0000","date, Page context and imported HTML hash match"
"fragments/1829/04/01-img2877-left","LEGACY","MATCHED_EXACT","478","1829-04-01","diary-1828-and-1829-and-jan-1830","img2877","","","1.0000","date, Page context and imported HTML hash match"
"fragments/1829/04/02-img2877-left","LEGACY","MATCHED_EXACT","479","1829-04-02","diary-1828-and-1829-and-jan-1830","img2877","","","1.0000","date, Page context and imported HTML hash match"
"fragments/1829/04/03-img2877-left","LEGACY","MATCHED_EXACT","480","1829-04-03","diary-1828-and-1829-and-jan-1830","img2877","","","1.0000","date, Page context and imported HTML hash match"
"fragments/1829/04/04-img2877-right","LEGACY","MATCHED_EXACT","481","1829-04-04","diary-1828-and-1829-and-jan-1830","img2877","","","1.0000","date, Page context and imported HTML hash match"
"fragments/1829/04/05-img2877-right","LEGACY","MATCHED_EXACT","482","1829-04-05","diary-1828-and-1829-and-jan-1830","img2877","","","1.0000","date, Page context and imported HTML hash match"
"fragments/1829/04/06-img2877-right","LEGACY","MATCHED_EXACT","483","1829-04-06","diary-1828-and-1829-and-jan-1830","img2877","","","1.0000","date, Page context and imported HTML hash match"
"fragments/1829/04/07-img2877-right","LEGACY","MATCHED_EXACT","484","1829-04-07","diary-1828-and-1829-and-jan-1830","img2877","","","1.0000","date, Page context and imported HTML hash match"
"fragments/1829/04/08-img2877-right","LEGACY","MATCHED_EXACT","485","1829-04-08","diary-1828-and-1829-and-jan-1830","img2877","","","1.0000","date, Page context and imported HTML hash match"
"fragments/1829/04/09-img2878-left","LEGACY","MATCHED_EXACT","486","1829-04-09","diary-1828-and-1829-and-jan-1830","img2878","","","1.0000","date, Page context and imported HTML hash match"
"fragments/1829/04/10-img2878-left","LEGACY","MATCHED_EXACT","487","1829-04-10","diary-1828-and-1829-and-jan-1830","img2878","","","1.0000","date, Page context and imported HTML hash match"
"fragments/1829/04/11-img2878-left","LEGACY","MATCHED_EXACT","488","1829-04-11","diary-1828-and-1829-and-jan-1830","img2878","","","1.0000","date, Page context and imported HTML hash match"
"fragments/1829/04/12-img2878-left","LEGACY","MATCHED_EXACT","489","1829-04-12","diary-1828-and-1829-and-jan-1830","img2878","","","1.0000","date, Page context and imported HTML hash match"
"fragments/1829/04/13-img2878-right","LEGACY","MATCHED_EXACT","490","1829-04-13","diary-1828-and-1829-and-jan-1830","img2878","","","1.0000","date, Page context and imported HTML hash match"
"fragments/1829/04/14-img2878-right","LEGACY","MATCHED_EXACT","491","1829-04-14","diary-1828-and-1829-and-jan-1830","img2878","","","1.0000","date, Page context and imported HTML hash match"
"fragments/1829/04/15-img2878-right","LEGACY","MATCHED_EXACT","492","1829-04-15","diary-1828-and-1829-and-jan-1830","img2878","","","1.0000","date, Page context and imported HTML hash match"
"fragments/1829/04/16-img2878-left-continuation","LEGACY","AMBIGUOUS_CONTEXT","","1829-04-16","diary-1828-and-1829-and-jan-1830","img2878","","","","2 unmatched source rows and 2 unmatched database rows share the date and Page context"
"fragments/1829/04/16-img2878-right","LEGACY","AMBIGUOUS_CONTEXT","","1829-04-16","diary-1828-and-1829-and-jan-1830","img2878","","","","2 unmatched source rows and 2 unmatched database rows share the date and Page context"
"fragments/1829/04/17-img2879-left","LEGACY","MATCHED_EXACT","494","1829-04-17","diary-1828-and-1829-and-jan-1830","img2879","","","1.0000","date, Page context and imported HTML hash match"
"fragments/1829/04/18-img2879-left","LEGACY","MATCHED_EXACT","495","1829-04-18","diary-1828-and-1829-and-jan-1830","img2879","","","1.0000","date, Page context and imported HTML hash match"
"fragments/1829/04/19-img2879-left","LEGACY","MATCHED_EXACT","496","1829-04-19","diary-1828-and-1829-and-jan-1830","img2879","","","1.0000","date, Page context and imported HTML hash match"
"fragments/1829/04/20-img2879-left","LEGACY","MATCHED_EXACT","497","1829-04-20","diary-1828-and-1829-and-jan-1830","img2879","","","1.0000","date, Page context and imported HTML hash match"
"fragments/1829/04/21-img2879-right","LEGACY","MATCHED_EXACT","498","1829-04-21","diary-1828-and-1829-and-jan-1830","img2879","","","1.0000","date, Page context and imported HTML hash match"
"fragments/1829/04/22-img2879-right","LEGACY","MATCHED_EXACT","499","1829-04-22","diary-1828-and-1829-and-jan-1830","img2879","","","1.0000","date, Page context and imported HTML hash match"
"fragments/1829/04/23-img2879-right","LEGACY","MATCHED_EXACT","500","1829-04-23","diary-1828-and-1829-and-jan-1830","img2879","","","1.0000","date, Page context and imported HTML hash match"
"fragments/1829/04/24-img2879-right","LEGACY","MATCHED_EXACT","501","1829-04-24","diary-1828-and-1829-and-jan-1830","img2879","","","1.0000","date, Page context and imported HTML hash match"
"fragments/1829/04/25-img2880-left","LEGACY","MATCHED_EXACT","502","1829-04-25","diary-1828-and-1829-and-jan-1830","img2880","","","1.0000","date, Page context and imported HTML hash match"
"fragments/1829/04/26-img2880-left","LEGACY","MATCHED_EXACT","503","1829-04-26","diary-1828-and-1829-and-jan-1830","img2880","","","1.0000","date, Page context and imported HTML hash match"
"fragments/1829/04/27-img2880-left","LEGACY","MATCHED_EXACT","504","1829-04-27","diary-1828-and-1829-and-jan-1830","img2880","","","1.0000","date, Page context and imported HTML hash match"
"fragments/1829/04/28-img2880-left","LEGACY","MATCHED_EXACT","505","1829-04-28","diary-1828-and-1829-and-jan-1830","img2880","","","1.0000","date, Page context and imported HTML hash match"
"fragments/1829/04/29-img2880-right","LEGACY","MATCHED_EXACT","506","1829-04-29","diary-1828-and-1829-and-jan-1830","img2880","","","1.0000","date, Page context and imported HTML hash match"
"fragments/1829/04/30-img2880-right","LEGACY","MATCHED_EXACT","507","1829-04-30","diary-1828-and-1829-and-jan-1830","img2880","","","1.0000","date, Page context and imported HTML hash match"
"fragments/1829/05/01-img2880-right","LEGACY","MATCHED_EXACT","508","1829-05-01","diary-1828-and-1829-and-jan-1830","img2880","","","1.0000","date, Page context and imported HTML hash match"
"fragments/1829/05/02-img2880-right","LEGACY","MATCHED_EXACT","509","1829-05-02","diary-1828-and-1829-and-jan-1830","img2880","","","1.0000","date, Page context and imported HTML hash match"
"fragments/1829/05/03-img2880-right","LEGACY","MATCHED_EXACT","510","1829-05-03","diary-1828-and-1829-and-jan-1830","img2880","","","1.0000","date, Page context and imported HTML hash match"
"fragments/1829/05/04-img2881-left","LEGACY","MATCHED_EXACT","511","1829-05-04","diary-1828-and-1829-and-jan-1830","img2881","","","1.0000","date, Page context and imported HTML hash match"
"fragments/1829/05/05-img2881-left","LEGACY","MATCHED_EXACT","512","1829-05-05","diary-1828-and-1829-and-jan-1830","img2881","","","1.0000","date, Page context and imported HTML hash match"
"fragments/1829/05/06-img2881-left","LEGACY","MATCHED_EXACT","513","1829-05-06","diary-1828-and-1829-and-jan-1830","img2881","","","1.0000","date, Page context and imported HTML hash match"
"fragments/1829/05/07-img2881-left","LEGACY","MATCHED_EXACT","514","1829-05-07","diary-1828-and-1829-and-jan-1830","img2881","","","1.0000","date, Page context and imported HTML hash match"
"fragments/1829/05/08-img2881-left","LEGACY","MATCHED_EXACT","515","1829-05-08","diary-1828-and-1829-and-jan-1830","img2881","","","1.0000","date, Page context and imported HTML hash match"
"fragments/1829/05/09-img2881-right","LEGACY","MATCHED_EXACT","516","1829-05-09","diary-1828-and-1829-and-jan-1830","img2881","","","1.0000","date, Page context and imported HTML hash match"
"fragments/1829/05/10-img2881-right","LEGACY","MATCHED_EXACT","517","1829-05-10","diary-1828-and-1829-and-jan-1830","img2881","","","1.0000","date, Page context and imported HTML hash match"
"fragments/1829/05/11-img2881-right","LEGACY","MATCHED_EXACT","518","1829-05-11","diary-1828-and-1829-and-jan-1830","img2881","","","1.0000","date, Page context and imported HTML hash match"
"fragments/1829/05/12-img2881-right","LEGACY","MATCHED_EXACT","519","1829-05-12","diary-1828-and-1829-and-jan-1830","img2881","","","1.0000","date, Page context and imported HTML hash match"
"fragments/1829/05/13-img2882-left","LEGACY","MATCHED_EXACT","520","1829-05-13","diary-1828-and-1829-and-jan-1830","img2882","","","1.0000","date, Page context and imported HTML hash match"
"fragments/1829/05/14-img2882-left","LEGACY","MATCHED_EXACT","521","1829-05-14","diary-1828-and-1829-and-jan-1830","img2882","","","1.0000","date, Page context and imported HTML hash match"
"fragments/1829/05/15-img2882-left","LEGACY","MATCHED_EXACT","522","1829-05-15","diary-1828-and-1829-and-jan-1830","img2882","","","1.0000","date, Page context and imported HTML hash match"
"fragments/1829/05/16-img2882-left","LEGACY","MATCHED_EXACT","523","1829-05-16","diary-1828-and-1829-and-jan-1830","img2882","","","1.0000","date, Page context and imported HTML hash match"
"fragments/1829/05/17-img2882-left","LEGACY","MATCHED_EXACT","524","1829-05-17","diary-1828-and-1829-and-jan-1830","img2882","","","1.0000","date, Page context and imported HTML hash match"
"fragments/1829/05/17-img2882-right","LEGACY","POSSIBLE_EDITED_MATCH","2302","1829-05-17","diary-1828-and-1829-and-jan-1830","img2882","","","2.0000","only remaining row with the same date and Page context; HTML differs and review is required"
"fragments/1829/05/18-img2882-right","LEGACY","MATCHED_EXACT","525","1829-05-18","diary-1828-and-1829-and-jan-1830","img2882","","","1.0000","date, Page context and imported HTML hash match"
"fragments/1829/05/19-img2882-right","LEGACY","MATCHED_EXACT","526","1829-05-19","diary-1828-and-1829-and-jan-1830","img2882","","","1.0000","date, Page context and imported HTML hash match"
"fragments/1829/05/20-img2882-right","LEGACY","MATCHED_EXACT","527","1829-05-20","diary-1828-and-1829-and-jan-1830","img2882","","","1.0000","date, Page context and imported HTML hash match"
"fragments/1829/05/21-img2882-right","LEGACY","MATCHED_EXACT","528","1829-05-21","diary-1828-and-1829-and-jan-1830","img2882","","","1.0000","date, Page context and imported HTML hash match"
"fragments/1829/05/22-img2883-left","LEGACY","MATCHED_EXACT","529","1829-05-22","diary-1828-and-1829-and-jan-1830","img2883","","","1.0000","date, Page context and imported HTML hash match"
"fragments/1829/05/23-img2883-left","LEGACY","MATCHED_EXACT","530","1829-05-23","diary-1828-and-1829-and-jan-1830","img2883","","","1.0000","date, Page context and imported HTML hash match"
"fragments/1829/05/24-img2883-left","LEGACY","MATCHED_EXACT","531","1829-05-24","diary-1828-and-1829-and-jan-1830","img2883","","","1.0000","date, Page context and imported HTML hash match"
"fragments/1829/05/25-img2883-right","LEGACY","MATCHED_EXACT","532","1829-05-25","diary-1828-and-1829-and-jan-1830","img2883","","","1.0000","date, Page context and imported HTML hash match"
"fragments/1829/05/26-img2883-right","LEGACY","MATCHED_EXACT","533","1829-05-26","diary-1828-and-1829-and-jan-1830","img2883","","","1.0000","date, Page context and imported HTML hash match"
"fragments/1829/05/27-img2883-right","LEGACY","MATCHED_EXACT","534","1829-05-27","diary-1828-and-1829-and-jan-1830","img2883","","","1.0000","date, Page context and imported HTML hash match"
"fragments/1829/05/28-img2883-right","LEGACY","MATCHED_EXACT","535","1829-05-28","diary-1828-and-1829-and-jan-1830","img2883","","","1.0000","date, Page context and imported HTML hash match"
"fragments/1829/05/29-img2884-left","LEGACY","MATCHED_EXACT","536","1829-05-29","diary-1828-and-1829-and-jan-1830","img2884","","","1.0000","date, Page context and imported HTML hash match"
"fragments/1829/05/30-img2884-left","LEGACY","MATCHED_EXACT","537","1829-05-30","diary-1828-and-1829-and-jan-1830","img2884","","","1.0000","date, Page context and imported HTML hash match"
"fragments/1829/05/31-img2884-left","LEGACY","MATCHED_EXACT","538","1829-05-31","diary-1828-and-1829-and-jan-1830","img2884","","","1.0000","date, Page context and imported HTML hash match"
"fragments/1829/06/01-img2884-right","LEGACY","MATCHED_EXACT","539","1829-06-01","diary-1828-and-1829-and-jan-1830","img2884","","","1.0000","date, Page context and imported HTML hash match"
"fragments/1829/06/02-img2884-right","LEGACY","MATCHED_EXACT","540","1829-06-02","diary-1828-and-1829-and-jan-1830","img2884","","","1.0000","date, Page context and imported HTML hash match"
"fragments/1829/06/03-img2884-right","LEGACY","MATCHED_EXACT","541","1829-06-03","diary-1828-and-1829-and-jan-1830","img2884","","","1.0000","date, Page context and imported HTML hash match"
"fragments/1829/06/03-img2898-left","LEGACY","MATCHED_EXACT","542","1829-06-03","diary-1828-and-1829-and-jan-1830","img2898","","","2.0000","date, Page context and imported HTML hash match"
"fragments/1829/06/04-img2884-right","LEGACY","MATCHED_EXACT","543","1829-06-04","diary-1828-and-1829-and-jan-1830","img2884","","","1.0000","date, Page context and imported HTML hash match"
"fragments/1829/06/05-b1-img2885-image-baltic-map","LEGACY","MATCHED_EXACT","544","1829-06-05","","","","","1.0000","date, Page context and imported HTML hash match"
"fragments/1829/06/05-b2-img2885-image-copenhagen-large-map","LEGACY","MATCHED_EXACT","545","1829-06-05","","","","","2.0000","date, Page context and imported HTML hash match"
"fragments/1829/06/05-b3-img2885-image-copenhagen-map","LEGACY","MATCHED_EXACT","546","1829-06-05","","","","","3.0000","date, Page context and imported HTML hash match"
"fragments/1829/06/05-b4-img2891-image-copenhagen-east","LEGACY","MATCHED_EXACT","547","1829-06-05","","","","","4.0000","date, Page context and imported HTML hash match"
"fragments/1829/06/05-img2885-left","LEGACY","MATCHED_EXACT","548","1829-06-05","diary-1828-and-1829-and-jan-1830","img2885","","","5.0000","date, Page context and imported HTML hash match"
"fragments/1829/06/06-img2885-left","LEGACY","MATCHED_EXACT","549","1829-06-06","diary-1828-and-1829-and-jan-1830","img2885","","","1.0000","date, Page context and imported HTML hash match"
"fragments/1829/06/07-img2885-left","LEGACY","MATCHED_EXACT","550","1829-06-07","diary-1828-and-1829-and-jan-1830","img2885","","","1.0000","date, Page context and imported HTML hash match"
"fragments/1829/06/08-img2885-left","LEGACY","MATCHED_EXACT","551","1829-06-08","diary-1828-and-1829-and-jan-1830","img2885","","","2.0000","date, Page context and imported HTML hash match"
"fragments/1829/06/09-img2885-right","LEGACY","MATCHED_EXACT","552","1829-06-09","diary-1828-and-1829-and-jan-1830","img2885","","","1.0000","date, Page context and imported HTML hash match"
"fragments/1829/06/10-img2885-right","LEGACY","MATCHED_EXACT","553","1829-06-10","diary-1828-and-1829-and-jan-1830","img2885","","","1.0000","date, Page context and imported HTML hash match"
"fragments/1829/06/11-img2886-left","LEGACY","MATCHED_EXACT","554","1829-06-11","diary-1828-and-1829-and-jan-1830","img2886","","","1.0000","date, Page context and imported HTML hash match"
"fragments/1829/06/12-img2886-left","LEGACY","MATCHED_EXACT","555","1829-06-12","diary-1828-and-1829-and-jan-1830","img2886","","","1.0000","date, Page context and imported HTML hash match"
"fragments/1829/06/13-img2886-right","LEGACY","MATCHED_EXACT","556","1829-06-13","diary-1828-and-1829-and-jan-1830","img2886","","","1.0000","date, Page context and imported HTML hash match"
"fragments/1829/06/14-img2887-left","LEGACY","MATCHED_EXACT","557","1829-06-14","diary-1828-and-1829-and-jan-1830","img2887","","","1.0000","date, Page context and imported HTML hash match"
"fragments/1829/06/15-img2887-right","LEGACY","MATCHED_EXACT","558","1829-06-15","diary-1828-and-1829-and-jan-1830","img2887","","","1.0000","date, Page context and imported HTML hash match"
"fragments/1829/06/16-img2887-right","LEGACY","MATCHED_EXACT","559","1829-06-16","diary-1828-and-1829-and-jan-1830","img2887","","","1.0000","date, Page context and imported HTML hash match"
"fragments/1829/06/16-img2888-left","LEGACY","MATCHED_EXACT","560","1829-06-16","diary-1828-and-1829-and-jan-1830","img2888","","","2.0000","date, Page context and imported HTML hash match"
"fragments/1829/06/17-img2888-left","LEGACY","MATCHED_EXACT","561","1829-06-17","diary-1828-and-1829-and-jan-1830","img2888","","","1.0000","date, Page context and imported HTML hash match"
"fragments/1829/06/18-img2888-right","LEGACY","MATCHED_EXACT","562","1829-06-18","diary-1828-and-1829-and-jan-1830","img2888","","","1.0000","date, Page context and imported HTML hash match"
"fragments/1829/06/18-img2889-left","LEGACY","MATCHED_EXACT","563","1829-06-18","diary-1828-and-1829-and-jan-1830","img2889","","","2.0000","date, Page context and imported HTML hash match"
"fragments/1829/06/19-img2889-left","LEGACY","MATCHED_EXACT","564","1829-06-19","diary-1828-and-1829-and-jan-1830","img2889","","","1.0000","date, Page context and imported HTML hash match"
"fragments/1829/06/19-img2889-right","LEGACY","POSSIBLE_EDITED_MATCH","2304","1829-06-19","diary-1828-and-1829-and-jan-1830","img2889","","","2.0000","only remaining row with the same date and Page context; HTML differs and review is required"
"fragments/1829/06/20-dem-img2885-petersburg-voyage-commences","LEGACY","MATCHED_EXACT","565","1829-06-20","","","","","5.0000","date, Page context and imported HTML hash match"
"fragments/1829/06/20-img2889-right","LEGACY","POSSIBLE_EDITED_MATCH","566","1829-06-20","diary-1828-and-1829-and-jan-1830","img2889","","","1.0000","only remaining row with the same date and Page context; HTML differs and review is required"
"fragments/1829/06/20-img2890-left","LEGACY","AMBIGUOUS_CONTEXT","","1829-06-20","diary-1828-and-1829-and-jan-1830","img2890","","","","2 unmatched source rows and 2 unmatched database rows share the date and Page context"
"fragments/1829/06/20-img2890-right","LEGACY","AMBIGUOUS_CONTEXT","","1829-06-20","diary-1828-and-1829-and-jan-1830","img2890","","","","2 unmatched source rows and 2 unmatched database rows share the date and Page context"
"fragments/1829/06/20-img2891-left","LEGACY","POSSIBLE_EDITED_MATCH","568","1829-06-20","diary-1828-and-1829-and-jan-1830","img2891","","","4.0000","only remaining row with the same date and Page context; HTML differs and review is required"
"fragments/1829/06/21-img2891-right","LEGACY","MATCHED_EXACT","569","1829-06-21","diary-1828-and-1829-and-jan-1830","img2891","","","1.0000","date, Page context and imported HTML hash match"
"fragments/1829/06/22-img2891-right","LEGACY","MATCHED_EXACT","570","1829-06-22","diary-1828-and-1829-and-jan-1830","img2891","","","1.0000","date, Page context and imported HTML hash match"
"fragments/1829/06/23-img2891-right","LEGACY","MATCHED_EXACT","571","1829-06-23","diary-1828-and-1829-and-jan-1830","img2891","","","1.0000","date, Page context and imported HTML hash match"
"fragments/1829/06/23-img2892-left","LEGACY","MATCHED_EXACT","572","1829-06-23","diary-1828-and-1829-and-jan-1830","img2892","","","2.0000","date, Page context and imported HTML hash match"
"fragments/1829/06/24-img2892-left","LEGACY","MATCHED_EXACT","573","1829-06-24","diary-1828-and-1829-and-jan-1830","img2892","","","1.0000","date, Page context and imported HTML hash match"
"fragments/1829/06/25-img2892-left","LEGACY","AMBIGUOUS_CONTEXT","","1829-06-25","diary-1828-and-1829-and-jan-1830","img2892","","","","2 unmatched source rows and 2 unmatched database rows share the date and Page context"
"fragments/1829/06/25-img2892-right","LEGACY","AMBIGUOUS_CONTEXT","","1829-06-25","diary-1828-and-1829-and-jan-1830","img2892","","","","2 unmatched source rows and 2 unmatched database rows share the date and Page context"
"fragments/1829/06/26-b3-img2892-image-baltic","LEGACY","MATCHED_EXACT","575","1829-06-26","","","","","1.0000","date, Page context and imported HTML hash match"
"fragments/1829/06/26-img2892-right","LEGACY","MATCHED_EXACT","576","1829-06-26","diary-1828-and-1829-and-jan-1830","img2892","","","2.0000","date, Page context and imported HTML hash match"
"fragments/1829/06/26-img2893-left","LEGACY","POSSIBLE_EDITED_MATCH","577","1829-06-26","diary-1828-and-1829-and-jan-1830","img2893","","","3.0000","only remaining row with the same date and Page context; HTML differs and review is required"
"fragments/1829/06/27-b3-img2893-image-kopu-lighthouse","LEGACY","MATCHED_EXACT","578","1829-06-27","","","","","1.0000","date, Page context and imported HTML hash match"
"fragments/1829/06/27-img2893-left","LEGACY","MATCHED_EXACT","579","1829-06-27","diary-1828-and-1829-and-jan-1830","img2893","","","2.0000","date, Page context and imported HTML hash match"
"fragments/1829/06/28-img2893-right","LEGACY","MATCHED_EXACT","580","1829-06-28","diary-1828-and-1829-and-jan-1830","img2893","","","1.0000","date, Page context and imported HTML hash match"
"fragments/1829/06/29-img2894-left","LEGACY","MATCHED_EXACT","581","1829-06-29","diary-1828-and-1829-and-jan-1830","img2894","","","1.0000","date, Page context and imported HTML hash match"
"fragments/1829/06/29-img2894-right","LEGACY","POSSIBLE_EDITED_MATCH","2307","1829-06-29","diary-1828-and-1829-and-jan-1830","img2894","","","2.0000","only remaining row with the same date and Page context; HTML differs and review is required"
"fragments/1829/06/30-img2894-right","LEGACY","MATCHED_EXACT","582","1829-06-30","diary-1828-and-1829-and-jan-1830","img2894","","","1.0000","date, Page context and imported HTML hash match"
"fragments/1829/06/30-img2895-left","LEGACY","MATCHED_EXACT","583","1829-06-30","diary-1828-and-1829-and-jan-1830","img2895","","","2.0000","date, Page context and imported HTML hash match"
"fragments/1829/06/30-img2895-right","LEGACY","MISSING_FROM_DATABASE","","1829-06-30","diary-1828-and-1829-and-jan-1830","img2895","","","","no unclaimed database row has the same date and Page context"
"fragments/1829/07/01-img2895-right","LEGACY","MATCHED_EXACT","584","1829-07-01","diary-1828-and-1829-and-jan-1830","img2895","","","1.0000","date, Page context and imported HTML hash match"
"fragments/1829/07/01-img2896-left","LEGACY","MATCHED_EXACT","585","1829-07-01","diary-1828-and-1829-and-jan-1830","img2896","","","2.0000","date, Page context and imported HTML hash match"
"fragments/1829/07/02-img2896-left","LEGACY","MATCHED_EXACT","586","1829-07-02","diary-1828-and-1829-and-jan-1830","img2896","","","1.0000","date, Page context and imported HTML hash match"
"fragments/1829/07/02-img2896-right","LEGACY","MISSING_FROM_DATABASE","","1829-07-02","diary-1828-and-1829-and-jan-1830","img2896","","","","no unclaimed database row has the same date and Page context"
"fragments/1829/07/02-img2897-left","LEGACY","MATCHED_EXACT","587","1829-07-02","diary-1828-and-1829-and-jan-1830","img2897","","","2.0000","date, Page context and imported HTML hash match"
"fragments/1829/07/02-img2897-right","LEGACY","MISSING_FROM_DATABASE","","1829-07-02","diary-1828-and-1829-and-jan-1830","img2897","","","","no unclaimed database row has the same date and Page context"
"fragments/1829/07/03-img2897-right","LEGACY","MATCHED_EXACT","588","1829-07-03","diary-1828-and-1829-and-jan-1830","img2897","","","1.0000","date, Page context and imported HTML hash match"
"fragments/1829/07/04-img2898-right","LEGACY","MATCHED_EXACT","589","1829-07-04","diary-1828-and-1829-and-jan-1830","img2898","","","1.0000","date, Page context and imported HTML hash match"
"fragments/1829/07/04-img2899-left","LEGACY","MATCHED_EXACT","590","1829-07-04","diary-1828-and-1829-and-jan-1830","img2899","","","2.0000","date, Page context and imported HTML hash match"
"fragments/1829/07/05-img2899-left","LEGACY","MATCHED_EXACT","591","1829-07-05","diary-1828-and-1829-and-jan-1830","img2899","","","1.0000","date, Page context and imported HTML hash match"
"fragments/1829/07/05-img2899-right","LEGACY","MISSING_FROM_DATABASE","","1829-07-05","diary-1828-and-1829-and-jan-1830","img2899","","","","no unclaimed database row has the same date and Page context"
"fragments/1829/07/06-img2899-right","LEGACY","MATCHED_EXACT","592","1829-07-06","diary-1828-and-1829-and-jan-1830","img2899","","","1.0000","date, Page context and imported HTML hash match"
"fragments/1829/07/07-b1-img2900-peter-and-paul-cathedral-st-petersburg","LEGACY","MATCHED_EXACT","593","1829-07-07","","","","","1.0000","date, Page context and imported HTML hash match"
"fragments/1829/07/07-b2-img2900-st-petersburg-map","LEGACY","MATCHED_EXACT","594","1829-07-07","","","","","2.0000","date, Page context and imported HTML hash match"
"fragments/1829/07/07-b3-img2900-st-petersburg-map-large","LEGACY","MATCHED_EXACT","595","1829-07-07","","","","","3.0000","date, Page context and imported HTML hash match"
"fragments/1829/07/07-b4-img2900-room-plan","LEGACY","MATCHED_EXACT","596","1829-07-07","","","","","4.0000","date, Page context and imported HTML hash match"
"fragments/1829/07/07-img2900-left","LEGACY","MATCHED_EXACT","597","1829-07-07","diary-1828-and-1829-and-jan-1830","img2900","","","5.0000","date, Page context and imported HTML hash match"
"fragments/1829/07/07-img2900-right","LEGACY","MISSING_FROM_DATABASE","","1829-07-07","diary-1828-and-1829-and-jan-1830","img2900","","","","no unclaimed database row has the same date and Page context"
"fragments/1829/07/08-b1-img2900-hermitage-3","LEGACY","MATCHED_EXACT","598","1829-07-08","","","","","1.0000","date, Page context and imported HTML hash match"
"fragments/1829/07/08-b2-img2900-hermitage-2","LEGACY","MATCHED_EXACT","599","1829-07-08","","","","","2.0000","date, Page context and imported HTML hash match"
"fragments/1829/07/08-b3-img2900-hermitage-1","LEGACY","MATCHED_EXACT","600","1829-07-08","","","","","3.0000","date, Page context and imported HTML hash match"
"fragments/1829/07/08-img2900-right","LEGACY","MATCHED_EXACT","601","1829-07-08","diary-1828-and-1829-and-jan-1830","img2900","","","4.0000","date, Page context and imported HTML hash match"
"fragments/1829/07/08-img2901-left","LEGACY","MATCHED_EXACT","602","1829-07-08","diary-1828-and-1829-and-jan-1830","img2901","","","5.0000","date, Page context and imported HTML hash match"
"fragments/1829/07/08-img2901-right","LEGACY","MISSING_FROM_DATABASE","","1829-07-08","diary-1828-and-1829-and-jan-1830","img2901","","","","no unclaimed database row has the same date and Page context"
"fragments/1829/07/09-img2901-right","LEGACY","MATCHED_EXACT","603","1829-07-09","diary-1828-and-1829-and-jan-1830","img2901","","","1.0000","date, Page context and imported HTML hash match"
"fragments/1829/07/09-img2902-left","LEGACY","MATCHED_EXACT","604","1829-07-09","diary-1828-and-1829-and-jan-1830","img2902","","","2.0000","date, Page context and imported HTML hash match"
"fragments/1829/07/09-img2902-right","LEGACY","MISSING_FROM_DATABASE","","1829-07-09","diary-1828-and-1829-and-jan-1830","img2902","","","","no unclaimed database row has the same date and Page context"
"fragments/1829/07/10-img2903-left","LEGACY","MATCHED_EXACT","605","1829-07-10","diary-1828-and-1829-and-jan-1830","img2903","","","1.0000","date, Page context and imported HTML hash match"
"fragments/1829/07/11-b3-img2903-st-isaac-church","LEGACY","MATCHED_EXACT","606","1829-07-11","","","","","1.0000","date, Page context and imported HTML hash match"
"fragments/1829/07/11-img2903-left","LEGACY","MATCHED_EXACT","607","1829-07-11","diary-1828-and-1829-and-jan-1830","img2903","","","2.0000","date, Page context and imported HTML hash match"
"fragments/1829/07/11-img2903-right","LEGACY","MISSING_FROM_DATABASE","","1829-07-11","diary-1828-and-1829-and-jan-1830","img2903","","","","no unclaimed database row has the same date and Page context"
"fragments/1829/07/12-img2903-right","LEGACY","MATCHED_EXACT","608","1829-07-12","diary-1828-and-1829-and-jan-1830","img2903","","","1.0000","date, Page context and imported HTML hash match"
"fragments/1829/07/13-img2903-right","LEGACY","MATCHED_EXACT","609","1829-07-13","diary-1828-and-1829-and-jan-1830","img2903","","","1.0000","date, Page context and imported HTML hash match"
"fragments/1829/07/13-img2904-left","LEGACY","MATCHED_EXACT","610","1829-07-13","diary-1828-and-1829-and-jan-1830","img2904","","","2.0000","date, Page context and imported HTML hash match"
"fragments/1829/07/14-b1-img2904-monastery-alexander-nevsky-lavra-1","LEGACY","MATCHED_EXACT","611","1829-07-14","","","","","1.0000","date, Page context and imported HTML hash match"
"fragments/1829/07/14-b2-img2904-monastery-alexander-nevsky-lavra-2","LEGACY","MATCHED_EXACT","612","1829-07-14","","","","","2.0000","date, Page context and imported HTML hash match"
"fragments/1829/07/14-b3-img2904-monastery-alexander-nevsky-lavra-3","LEGACY","MATCHED_EXACT","613","1829-07-14","","","","","3.0000","date, Page context and imported HTML hash match"
"fragments/1829/07/14-img2904-right","LEGACY","MATCHED_EXACT","614","1829-07-14","diary-1828-and-1829-and-jan-1830","img2904","","","4.0000","date, Page context and imported HTML hash match"
"fragments/1829/07/14-img2905-left","LEGACY","MATCHED_EXACT","615","1829-07-14","diary-1828-and-1829-and-jan-1830","img2905","","","5.0000","date, Page context and imported HTML hash match"
"fragments/1829/07/15-img2905-left","LEGACY","MATCHED_EXACT","616","1829-07-15","diary-1828-and-1829-and-jan-1830","img2905","","","1.0000","date, Page context and imported HTML hash match"
"fragments/1829/07/15-img2905-right","LEGACY","MISSING_FROM_DATABASE","","1829-07-15","diary-1828-and-1829-and-jan-1830","img2905","","","","no unclaimed database row has the same date and Page context"
"fragments/1829/07/16-img2906-left","LEGACY","MATCHED_EXACT","617","1829-07-16","diary-1828-and-1829-and-jan-1830","img2906","","","1.0000","date, Page context and imported HTML hash match"
"fragments/1829/07/16-img2906-right","LEGACY","MISSING_FROM_DATABASE","","1829-07-16","diary-1828-and-1829-and-jan-1830","img2906","","","","no unclaimed database row has the same date and Page context"
"fragments/1829/07/17-img2906-right","LEGACY","MATCHED_EXACT","618","1829-07-17","diary-1828-and-1829-and-jan-1830","img2906","","","1.0000","date, Page context and imported HTML hash match"
"fragments/1829/07/17-img2907-left","LEGACY","MATCHED_EXACT","619","1829-07-17","diary-1828-and-1829-and-jan-1830","img2907","","","2.0000","date, Page context and imported HTML hash match"
"fragments/1829/07/18-img2907-left","LEGACY","MATCHED_EXACT","620","1829-07-18","diary-1828-and-1829-and-jan-1830","img2907","","","1.0000","date, Page context and imported HTML hash match"
"fragments/1829/07/19-img2907-right","LEGACY","MATCHED_EXACT","621","1829-07-19","diary-1828-and-1829-and-jan-1830","img2907","","","1.0000","date, Page context and imported HTML hash match"
"fragments/1829/07/20-img2907-right","LEGACY","MATCHED_EXACT","622","1829-07-20","diary-1828-and-1829-and-jan-1830","img2907","","","1.0000","date, Page context and imported HTML hash match"
"fragments/1829/07/21-img2908-left","LEGACY","MATCHED_EXACT","623","1829-07-21","diary-1828-and-1829-and-jan-1830","img2908","","","1.0000","date, Page context and imported HTML hash match"
"fragments/1829/07/22-img2908-left","LEGACY","MATCHED_EXACT","624","1829-07-22","diary-1828-and-1829-and-jan-1830","img2908","","","1.0000","date, Page context and imported HTML hash match"
"fragments/1829/07/23-img2908-left","LEGACY","MATCHED_EXACT","625","1829-07-23","diary-1828-and-1829-and-jan-1830","img2908","","","1.0000","date, Page context and imported HTML hash match"
"fragments/1829/07/23-img2908-right","LEGACY","MISSING_FROM_DATABASE","","1829-07-23","diary-1828-and-1829-and-jan-1830","img2908","","","","no unclaimed database row has the same date and Page context"
"fragments/1829/07/24-img2908-right","LEGACY","MATCHED_EXACT","626","1829-07-24","diary-1828-and-1829-and-jan-1830","img2908","","","1.0000","date, Page context and imported HTML hash match"
"fragments/1829/07/25-img2908-right","LEGACY","MATCHED_EXACT","627","1829-07-25","diary-1828-and-1829-and-jan-1830","img2908","","","1.0000","date, Page context and imported HTML hash match"
"fragments/1829/07/25-img2909-left","LEGACY","MATCHED_EXACT","628","1829-07-25","diary-1828-and-1829-and-jan-1830","img2909","","","2.0000","date, Page context and imported HTML hash match"
"fragments/1829/07/26-img2909-left","LEGACY","MATCHED_EXACT","629","1829-07-26","diary-1828-and-1829-and-jan-1830","img2909","","","1.0000","date, Page context and imported HTML hash match"
"fragments/1829/07/27-img2909-left","LEGACY","MATCHED_EXACT","630","1829-07-27","diary-1828-and-1829-and-jan-1830","img2909","","","1.0000","date, Page context and imported HTML hash match"
"fragments/1829/07/28-img2909-right","LEGACY","MATCHED_EXACT","631","1829-07-28","diary-1828-and-1829-and-jan-1830","img2909","","","1.0000","date, Page context and imported HTML hash match"
"fragments/1829/07/29-b1-img2910-roderick-random-and-peregrine-pickle-1","LEGACY","MATCHED_EXACT","632","1829-07-29","","","","","1.0000","date, Page context and imported HTML hash match"
"fragments/1829/07/29-b2-img2910-roderick-random-and-peregrine-pickle-2","LEGACY","MATCHED_EXACT","633","1829-07-29","","","","","2.0000","date, Page context and imported HTML hash match"
"fragments/1829/07/29-img2909-right","LEGACY","MATCHED_EXACT","634","1829-07-29","diary-1828-and-1829-and-jan-1830","img2909","","","3.0000","date, Page context and imported HTML hash match"
"fragments/1829/07/30-img2909-right","LEGACY","MATCHED_EXACT","635","1829-07-30","diary-1828-and-1829-and-jan-1830","img2909","","","1.0000","date, Page context and imported HTML hash match"
"fragments/1829/07/30-img2910-left","LEGACY","MATCHED_EXACT","636","1829-07-30","diary-1828-and-1829-and-jan-1830","img2910","","","2.0000","date, Page context and imported HTML hash match"
"fragments/1829/07/31-img2910-left","LEGACY","MATCHED_EXACT","637","1829-07-31","diary-1828-and-1829-and-jan-1830","img2910","","","1.0000","date, Page context and imported HTML hash match"
"fragments/1829/08/01-img2910-left","LEGACY","MATCHED_EXACT","638","1829-08-01","diary-1828-and-1829-and-jan-1830","img2910","","","1.0000","date, Page context and imported HTML hash match"
"fragments/1829/08/02-img2910-right","LEGACY","MATCHED_EXACT","639","1829-08-02","diary-1828-and-1829-and-jan-1830","img2910","","","1.0000","date, Page context and imported HTML hash match"
"fragments/1829/08/03-img2910-right","LEGACY","MATCHED_EXACT","640","1829-08-03","diary-1828-and-1829-and-jan-1830","img2910","","","1.0000","date, Page context and imported HTML hash match"
"fragments/1829/08/04-img2911-left","LEGACY","MATCHED_EXACT","641","1829-08-04","diary-1828-and-1829-and-jan-1830","img2911","","","1.0000","date, Page context and imported HTML hash match"
"fragments/1829/08/05-img2911-left","LEGACY","MATCHED_EXACT","642","1829-08-05","diary-1828-and-1829-and-jan-1830","img2911","","","1.0000","date, Page context and imported HTML hash match"
"fragments/1829/08/05-img2911-right","LEGACY","MISSING_FROM_DATABASE","","1829-08-05","diary-1828-and-1829-and-jan-1830","img2911","","","","no unclaimed database row has the same date and Page context"
"fragments/1829/08/06-img2911-right","LEGACY","MATCHED_EXACT","643","1829-08-06","diary-1828-and-1829-and-jan-1830","img2911","","","1.0000","date, Page context and imported HTML hash match"
"fragments/1829/08/07-img2912-left","LEGACY","MATCHED_EXACT","644","1829-08-07","diary-1828-and-1829-and-jan-1830","img2912","","","1.0000","date, Page context and imported HTML hash match"
"fragments/1829/08/08-img2912-left","LEGACY","MATCHED_EXACT","645","1829-08-08","diary-1828-and-1829-and-jan-1830","img2912","","","1.0000","date, Page context and imported HTML hash match"
"fragments/1829/08/08-img2912-right","LEGACY","MISSING_FROM_DATABASE","","1829-08-08","diary-1828-and-1829-and-jan-1830","img2912","","","","no unclaimed database row has the same date and Page context"
"fragments/1829/08/09-img2912-right","LEGACY","MATCHED_EXACT","646","1829-08-09","diary-1828-and-1829-and-jan-1830","img2912","","","1.0000","date, Page context and imported HTML hash match"
"fragments/1829/08/10-img2912-right","LEGACY","MATCHED_EXACT","647","1829-08-10","diary-1828-and-1829-and-jan-1830","img2912","","","1.0000","date, Page context and imported HTML hash match"
"fragments/1829/08/11-img2912-right","LEGACY","MATCHED_EXACT","648","1829-08-11","diary-1828-and-1829-and-jan-1830","img2912","","","1.0000","date, Page context and imported HTML hash match"
"fragments/1829/08/11-img2913-left","LEGACY","MATCHED_EXACT","649","1829-08-11","diary-1828-and-1829-and-jan-1830","img2913","","","2.0000","date, Page context and imported HTML hash match"
"fragments/1829/08/12-img2913-left","LEGACY","MATCHED_EXACT","650","1829-08-12","diary-1828-and-1829-and-jan-1830","img2913","","","1.0000","date, Page context and imported HTML hash match"
"fragments/1829/08/13-img2913-right","LEGACY","MATCHED_EXACT","651","1829-08-13","diary-1828-and-1829-and-jan-1830","img2913","","","1.0000","date, Page context and imported HTML hash match"
"fragments/1829/08/14-img2913-right","LEGACY","MATCHED_EXACT","652","1829-08-14","diary-1828-and-1829-and-jan-1830","img2913","","","1.0000","date, Page context and imported HTML hash match"
"fragments/1829/08/14-img2914-left","LEGACY","MATCHED_EXACT","653","1829-08-14","diary-1828-and-1829-and-jan-1830","img2914","","","2.0000","date, Page context and imported HTML hash match"
"fragments/1829/08/15-img2914-left","LEGACY","MATCHED_EXACT","654","1829-08-15","diary-1828-and-1829-and-jan-1830","img2914","","","1.0000","date, Page context and imported HTML hash match"
"fragments/1829/08/15-img2914-right","LEGACY","MISSING_FROM_DATABASE","","1829-08-15","diary-1828-and-1829-and-jan-1830","img2914","","","","no unclaimed database row has the same date and Page context"
"fragments/1829/08/16-img2914-right","LEGACY","MATCHED_EXACT","655","1829-08-16","diary-1828-and-1829-and-jan-1830","img2914","","","1.0000","date, Page context and imported HTML hash match"
"fragments/1829/08/17-img2914-right","LEGACY","MATCHED_EXACT","656","1829-08-17","diary-1828-and-1829-and-jan-1830","img2914","","","1.0000","date, Page context and imported HTML hash match"
"fragments/1829/08/17-img2915-left","LEGACY","MATCHED_EXACT","657","1829-08-17","diary-1828-and-1829-and-jan-1830","img2915","","","2.0000","date, Page context and imported HTML hash match"
"fragments/1829/08/18-img2915-left","LEGACY","MATCHED_EXACT","658","1829-08-18","diary-1828-and-1829-and-jan-1830","img2915","","","1.0000","date, Page context and imported HTML hash match"
"fragments/1829/08/19-img2915-left","LEGACY","MATCHED_EXACT","659","1829-08-19","diary-1828-and-1829-and-jan-1830","img2915","","","1.0000","date, Page context and imported HTML hash match"
"fragments/1829/08/20-img2915-left","LEGACY","MATCHED_EXACT","660","1829-08-20","diary-1828-and-1829-and-jan-1830","img2915","","","1.0000","date, Page context and imported HTML hash match"
"fragments/1829/08/20-img2915-right","LEGACY","MISSING_FROM_DATABASE","","1829-08-20","diary-1828-and-1829-and-jan-1830","img2915","","","","no unclaimed database row has the same date and Page context"
"fragments/1829/08/21-img2915-right","LEGACY","MATCHED_EXACT","661","1829-08-21","diary-1828-and-1829-and-jan-1830","img2915","","","1.0000","date, Page context and imported HTML hash match"
"fragments/1829/08/22-img2916-left","LEGACY","MATCHED_EXACT","662","1829-08-22","diary-1828-and-1829-and-jan-1830","img2916","","","1.0000","date, Page context and imported HTML hash match"
"fragments/1829/08/22-img2916-right","LEGACY","MISSING_FROM_DATABASE","","1829-08-22","diary-1828-and-1829-and-jan-1830","img2916","","","","no unclaimed database row has the same date and Page context"
"fragments/1829/08/23-img2916-right","LEGACY","MATCHED_EXACT","663","1829-08-23","diary-1828-and-1829-and-jan-1830","img2916","","","1.0000","date, Page context and imported HTML hash match"
"fragments/1829/08/23-img2917-left","LEGACY","MATCHED_EXACT","664","1829-08-23","diary-1828-and-1829-and-jan-1830","img2917","","","2.0000","date, Page context and imported HTML hash match"
"fragments/1829/08/24-img2917-left","LEGACY","MATCHED_EXACT","665","1829-08-24","diary-1828-and-1829-and-jan-1830","img2917","","","1.0000","date, Page context and imported HTML hash match"
"fragments/1829/08/25-img2917-right","LEGACY","MATCHED_EXACT","666","1829-08-25","diary-1828-and-1829-and-jan-1830","img2917","","","1.0000","date, Page context and imported HTML hash match"
"fragments/1829/08/26-img2917-right","LEGACY","MATCHED_EXACT","667","1829-08-26","diary-1828-and-1829-and-jan-1830","img2917","","","1.0000","date, Page context and imported HTML hash match"
"fragments/1829/08/26-img2918-left","LEGACY","MATCHED_EXACT","668","1829-08-26","diary-1828-and-1829-and-jan-1830","img2918","","","2.0000","date, Page context and imported HTML hash match"
"fragments/1829/08/27-img2918-left","LEGACY","MATCHED_EXACT","669","1829-08-27","diary-1828-and-1829-and-jan-1830","img2918","","","1.0000","date, Page context and imported HTML hash match"
"fragments/1829/08/28-img2918-left","LEGACY","MATCHED_EXACT","670","1829-08-28","diary-1828-and-1829-and-jan-1830","img2918","","","1.0000","date, Page context and imported HTML hash match"
"fragments/1829/08/28-img2918-right","LEGACY","MISSING_FROM_DATABASE","","1829-08-28","diary-1828-and-1829-and-jan-1830","img2918","","","","no unclaimed database row has the same date and Page context"
"fragments/1829/08/29-img2918-right","LEGACY","MATCHED_EXACT","671","1829-08-29","diary-1828-and-1829-and-jan-1830","img2918","","","1.0000","date, Page context and imported HTML hash match"
"fragments/1829/08/29-img2919-left","LEGACY","MATCHED_EXACT","672","1829-08-29","diary-1828-and-1829-and-jan-1830","img2919","","","2.0000","date, Page context and imported HTML hash match"
"fragments/1829/08/30-img2919-left","LEGACY","MATCHED_EXACT","673","1829-08-30","diary-1828-and-1829-and-jan-1830","img2919","","","1.0000","date, Page context and imported HTML hash match"
"fragments/1829/08/31-img2919-right","LEGACY","MATCHED_EXACT","674","1829-08-31","diary-1828-and-1829-and-jan-1830","img2919","","","1.0000","date, Page context and imported HTML hash match"
"fragments/1829/09/01-img2919-right","LEGACY","MATCHED_EXACT","675","1829-09-01","diary-1828-and-1829-and-jan-1830","img2919","","","1.0000","date, Page context and imported HTML hash match"
"fragments/1829/09/02-img2919-right","LEGACY","MATCHED_EXACT","676","1829-09-02","diary-1828-and-1829-and-jan-1830","img2919","","","1.0000","date, Page context and imported HTML hash match"
"fragments/1829/09/03-img2920-left","LEGACY","MATCHED_EXACT","677","1829-09-03","diary-1828-and-1829-and-jan-1830","img2920","","","1.0000","date, Page context and imported HTML hash match"
"fragments/1829/09/04-img2920-left","LEGACY","MATCHED_EXACT","678","1829-09-04","diary-1828-and-1829-and-jan-1830","img2920","","","1.0000","date, Page context and imported HTML hash match"
"fragments/1829/09/05-b1-img2920-image-map-london","LEGACY","MATCHED_EXACT","679","1829-09-05","","","","","1.0000","date, Page context and imported HTML hash match"
"fragments/1829/09/05-b2-img2920-bugsbys-hole","LEGACY","MATCHED_EXACT","680","1829-09-05","","","","","2.0000","date, Page context and imported HTML hash match"
"fragments/1829/09/05-img2920-left","LEGACY","MATCHED_EXACT","681","1829-09-05","diary-1828-and-1829-and-jan-1830","img2920","","","3.0000","date, Page context and imported HTML hash match"
"fragments/1829/09/06-img2920-left","LEGACY","MATCHED_EXACT","682","1829-09-06","diary-1828-and-1829-and-jan-1830","img2920","","","1.0000","date, Page context and imported HTML hash match"
"fragments/1829/09/07-b2-img2920-the-cock-fleet-street-london","LEGACY","MATCHED_EXACT","683","1829-09-07","","","","","1.0000","date, Page context and imported HTML hash match"
"fragments/1829/09/07-b3-img2920-the-white-horse-fetter-lane-london","LEGACY","MATCHED_EXACT","684","1829-09-07","","","","","2.0000","date, Page context and imported HTML hash match"
"fragments/1829/09/07-img2920-right","LEGACY","MATCHED_EXACT","685","1829-09-07","diary-1828-and-1829-and-jan-1830","img2920","","","3.0000","date, Page context and imported HTML hash match"
"fragments/1829/09/08-img2920-right","LEGACY","MATCHED_EXACT","686","1829-09-08","diary-1828-and-1829-and-jan-1830","img2920","","","1.0000","date, Page context and imported HTML hash match"
"fragments/1829/09/08-img2921-left","LEGACY","MATCHED_EXACT","687","1829-09-08","diary-1828-and-1829-and-jan-1830","img2921","","","2.0000","date, Page context and imported HTML hash match"
"fragments/1829/09/09-img2921-left","LEGACY","MATCHED_EXACT","688","1829-09-09","diary-1828-and-1829-and-jan-1830","img2921","","","1.0000","date, Page context and imported HTML hash match"
"fragments/1829/09/10-img2921-left","LEGACY","MATCHED_EXACT","689","1829-09-10","diary-1828-and-1829-and-jan-1830","img2921","","","1.0000","date, Page context and imported HTML hash match"
"fragments/1829/09/11-img2921-left","LEGACY","MATCHED_EXACT","690","1829-09-11","diary-1828-and-1829-and-jan-1830","img2921","","","1.0000","date, Page context and imported HTML hash match"
"fragments/1829/09/11-img2921-right","LEGACY","MISSING_FROM_DATABASE","","1829-09-11","diary-1828-and-1829-and-jan-1830","img2921","","","","no unclaimed database row has the same date and Page context"
"fragments/1829/09/12-img2921-right","LEGACY","MATCHED_EXACT","691","1829-09-12","diary-1828-and-1829-and-jan-1830","img2921","","","1.0000","date, Page context and imported HTML hash match"
"fragments/1829/09/13-img2922-left","LEGACY","MATCHED_EXACT","692","1829-09-13","diary-1828-and-1829-and-jan-1830","img2922","","","1.0000","date, Page context and imported HTML hash match"
"fragments/1829/09/14-img2922-left","LEGACY","MATCHED_EXACT","693","1829-09-14","diary-1828-and-1829-and-jan-1830","img2922","","","1.0000","date, Page context and imported HTML hash match"
"fragments/1829/09/14-img2922-right","LEGACY","MISSING_FROM_DATABASE","","1829-09-14","diary-1828-and-1829-and-jan-1830","img2922","","","","no unclaimed database row has the same date and Page context"
"fragments/1829/09/15-img2922-right","LEGACY","MATCHED_EXACT","694","1829-09-15","diary-1828-and-1829-and-jan-1830","img2922","","","1.0000","date, Page context and imported HTML hash match"
"fragments/1829/09/16-img2922-right","LEGACY","MATCHED_EXACT","695","1829-09-16","diary-1828-and-1829-and-jan-1830","img2922","","","1.0000","date, Page context and imported HTML hash match"
"fragments/1829/09/16-img2923-left","LEGACY","MATCHED_EXACT","696","1829-09-16","diary-1828-and-1829-and-jan-1830","img2923","","","2.0000","date, Page context and imported HTML hash match"
"fragments/1829/09/17-img2923-left","LEGACY","MATCHED_EXACT","697","1829-09-17","diary-1828-and-1829-and-jan-1830","img2923","","","1.0000","date, Page context and imported HTML hash match"
"fragments/1829/09/18-img2923-left","LEGACY","MATCHED_EXACT","698","1829-09-18","diary-1828-and-1829-and-jan-1830","img2923","","","1.0000","date, Page context and imported HTML hash match"
"fragments/1829/09/18-img2923-right","LEGACY","MISSING_FROM_DATABASE","","1829-09-18","diary-1828-and-1829-and-jan-1830","img2923","","","","no unclaimed database row has the same date and Page context"
"fragments/1829/09/19-img2923-right","LEGACY","MATCHED_EXACT","699","1829-09-19","diary-1828-and-1829-and-jan-1830","img2923","","","1.0000","date, Page context and imported HTML hash match"
"fragments/1829/09/20-img2923-right","LEGACY","MATCHED_EXACT","700","1829-09-20","diary-1828-and-1829-and-jan-1830","img2923","","","1.0000","date, Page context and imported HTML hash match"
"fragments/1829/09/21-img2924-left","LEGACY","MATCHED_EXACT","701","1829-09-21","diary-1828-and-1829-and-jan-1830","img2924","","","1.0000","date, Page context and imported HTML hash match"
"fragments/1829/09/22-img2924-left","LEGACY","MATCHED_EXACT","702","1829-09-22","diary-1828-and-1829-and-jan-1830","img2924","","","1.0000","date, Page context and imported HTML hash match"
"fragments/1829/09/23-img2924-right","LEGACY","MATCHED_EXACT","703","1829-09-23","diary-1828-and-1829-and-jan-1830","img2924","","","1.0000","date, Page context and imported HTML hash match"
"fragments/1829/09/24-img2924-right","LEGACY","MATCHED_EXACT","704","1829-09-24","diary-1828-and-1829-and-jan-1830","img2924","","","1.0000","date, Page context and imported HTML hash match"
"fragments/1829/09/25-img2924-right","LEGACY","MATCHED_EXACT","705","1829-09-25","diary-1828-and-1829-and-jan-1830","img2924","","","1.0000","date, Page context and imported HTML hash match"
"fragments/1829/09/26-img2925-left","LEGACY","MATCHED_EXACT","706","1829-09-26","diary-1828-and-1829-and-jan-1830","img2925","","","1.0000","date, Page context and imported HTML hash match"
"fragments/1829/09/27-img2925-left","LEGACY","MATCHED_EXACT","707","1829-09-27","diary-1828-and-1829-and-jan-1830","img2925","","","1.0000","date, Page context and imported HTML hash match"
"fragments/1829/09/28-img2925-left","LEGACY","MATCHED_EXACT","708","1829-09-28","diary-1828-and-1829-and-jan-1830","img2925","","","1.0000","date, Page context and imported HTML hash match"
"fragments/1829/09/29-img2925-left","LEGACY","MATCHED_EXACT","709","1829-09-29","diary-1828-and-1829-and-jan-1830","img2925","","","1.0000","date, Page context and imported HTML hash match"
"fragments/1829/09/30-img2925-left","LEGACY","MATCHED_EXACT","710","1829-09-30","diary-1828-and-1829-and-jan-1830","img2925","","","1.0000","date, Page context and imported HTML hash match"
"fragments/1829/10/01-img2925-right","LEGACY","MATCHED_EXACT","711","1829-10-01","diary-1828-and-1829-and-jan-1830","img2925","","","1.0000","date, Page context and imported HTML hash match"
"fragments/1829/10/02-img2925-right","LEGACY","MATCHED_EXACT","712","1829-10-02","diary-1828-and-1829-and-jan-1830","img2925","","","1.0000","date, Page context and imported HTML hash match"
"fragments/1829/10/03-img2925-right","LEGACY","MATCHED_EXACT","713","1829-10-03","diary-1828-and-1829-and-jan-1830","img2925","","","1.0000","date, Page context and imported HTML hash match"
"fragments/1829/10/04-img2925-right","LEGACY","MATCHED_EXACT","714","1829-10-04","diary-1828-and-1829-and-jan-1830","img2925","","","1.0000","date, Page context and imported HTML hash match"
"fragments/1829/10/05-img2926-left","LEGACY","MATCHED_EXACT","715","1829-10-05","diary-1828-and-1829-and-jan-1830","img2926","","","1.0000","date, Page context and imported HTML hash match"
"fragments/1829/10/06-img2926-left","LEGACY","MATCHED_EXACT","716","1829-10-06","diary-1828-and-1829-and-jan-1830","img2926","","","1.0000","date, Page context and imported HTML hash match"
"fragments/1829/10/07-img2926-left","LEGACY","MATCHED_EXACT","717","1829-10-07","diary-1828-and-1829-and-jan-1830","img2926","","","1.0000","date, Page context and imported HTML hash match"
"fragments/1829/10/08-img2926-left","LEGACY","MATCHED_EXACT","718","1829-10-08","diary-1828-and-1829-and-jan-1830","img2926","","","1.0000","date, Page context and imported HTML hash match"
"fragments/1829/10/09-img2926-left","LEGACY","MATCHED_EXACT","719","1829-10-09","diary-1828-and-1829-and-jan-1830","img2926","","","1.0000","date, Page context and imported HTML hash match"
"fragments/1829/10/10-b3-img2926-burnhopeside-hall","LEGACY","MATCHED_EXACT","720","1829-10-10","","","","","1.0000","date, Page context and imported HTML hash match"
"fragments/1829/10/10-img2926-right","LEGACY","MATCHED_EXACT","721","1829-10-10","diary-1828-and-1829-and-jan-1830","img2926","","","2.0000","date, Page context and imported HTML hash match"
"fragments/1829/10/11-b3-img2926-lanchester-church","LEGACY","MATCHED_EXACT","722","1829-10-11","","","","","1.0000","date, Page context and imported HTML hash match"
"fragments/1829/10/11-img2926-right","LEGACY","MATCHED_EXACT","723","1829-10-11","diary-1828-and-1829-and-jan-1830","img2926","","","2.0000","date, Page context and imported HTML hash match"
"fragments/1829/10/12-img2926-right","LEGACY","MATCHED_EXACT","724","1829-10-12","diary-1828-and-1829-and-jan-1830","img2926","","","1.0000","date, Page context and imported HTML hash match"
"fragments/1829/10/13-b3-img2927-the-kings-head-lanchester","LEGACY","MATCHED_EXACT","725","1829-10-13","","","","","1.0000","date, Page context and imported HTML hash match"
"fragments/1829/10/13-img2927-left","LEGACY","MATCHED_EXACT","726","1829-10-13","diary-1828-and-1829-and-jan-1830","img2927","","","2.0000","date, Page context and imported HTML hash match"
"fragments/1829/10/14-img2927-left","LEGACY","MATCHED_EXACT","727","1829-10-14","diary-1828-and-1829-and-jan-1830","img2927","","","1.0000","date, Page context and imported HTML hash match"
"fragments/1829/10/15-img2927-left","LEGACY","MATCHED_EXACT","728","1829-10-15","diary-1828-and-1829-and-jan-1830","img2927","","","1.0000","date, Page context and imported HTML hash match"
"fragments/1829/10/16-img2927-right","LEGACY","MATCHED_EXACT","729","1829-10-16","diary-1828-and-1829-and-jan-1830","img2927","","","1.0000","date, Page context and imported HTML hash match"
"fragments/1829/10/17-img2927-right","LEGACY","MATCHED_EXACT","730","1829-10-17","diary-1828-and-1829-and-jan-1830","img2927","","","1.0000","date, Page context and imported HTML hash match"
"fragments/1829/10/18-img2927-right","LEGACY","MATCHED_EXACT","731","1829-10-18","diary-1828-and-1829-and-jan-1830","img2927","","","1.0000","date, Page context and imported HTML hash match"
"fragments/1829/10/19-img2927-right","LEGACY","MATCHED_EXACT","732","1829-10-19","diary-1828-and-1829-and-jan-1830","img2927","","","1.0000","date, Page context and imported HTML hash match"
"fragments/1829/10/20-img2927-right","LEGACY","MATCHED_EXACT","733","1829-10-20","diary-1828-and-1829-and-jan-1830","img2927","","","1.0000","date, Page context and imported HTML hash match"
"fragments/1829/10/21-img2928-left","LEGACY","MATCHED_EXACT","734","1829-10-21","diary-1828-and-1829-and-jan-1830","img2928","","","1.0000","date, Page context and imported HTML hash match"
"fragments/1829/10/22-img2928-left","LEGACY","MATCHED_EXACT","735","1829-10-22","diary-1828-and-1829-and-jan-1830","img2928","","","1.0000","date, Page context and imported HTML hash match"
"fragments/1829/10/23-img2928-left","LEGACY","MATCHED_EXACT","736","1829-10-23","diary-1828-and-1829-and-jan-1830","img2928","","","1.0000","date, Page context and imported HTML hash match"
"fragments/1829/10/24-img2928-right","LEGACY","MATCHED_EXACT","737","1829-10-24","diary-1828-and-1829-and-jan-1830","img2928","","","1.0000","date, Page context and imported HTML hash match"
"fragments/1829/10/25-img2928-right","LEGACY","MATCHED_EXACT","738","1829-10-25","diary-1828-and-1829-and-jan-1830","img2928","","","1.0000","date, Page context and imported HTML hash match"
"fragments/1829/10/26-b3-img2928-lucia-vestris","LEGACY","MATCHED_EXACT","739","1829-10-26","","","","","1.0000","date, Page context and imported HTML hash match"
"fragments/1829/10/26-img2928-right","LEGACY","MATCHED_EXACT","740","1829-10-26","diary-1828-and-1829-and-jan-1830","img2928","","","2.0000","date, Page context and imported HTML hash match"
"fragments/1829/10/27-img2928-right","LEGACY","MATCHED_EXACT","741","1829-10-27","diary-1828-and-1829-and-jan-1830","img2928","","","1.0000","date, Page context and imported HTML hash match"
"fragments/1829/10/27-img2929-left","LEGACY","MATCHED_EXACT","742","1829-10-27","diary-1828-and-1829-and-jan-1830","img2929","","","2.0000","date, Page context and imported HTML hash match"
"fragments/1829/10/28-img2929-left","LEGACY","MATCHED_EXACT","743","1829-10-28","diary-1828-and-1829-and-jan-1830","img2929","","","1.0000","date, Page context and imported HTML hash match"
"fragments/1829/10/29-img2929-left","LEGACY","MATCHED_EXACT","744","1829-10-29","diary-1828-and-1829-and-jan-1830","img2929","","","1.0000","date, Page context and imported HTML hash match"
"fragments/1829/10/30-img2929-left","LEGACY","MATCHED_EXACT","745","1829-10-30","diary-1828-and-1829-and-jan-1830","img2929","","","1.0000","date, Page context and imported HTML hash match"
"fragments/1829/10/31-img2929-left","LEGACY","MATCHED_EXACT","746","1829-10-31","diary-1828-and-1829-and-jan-1830","img2929","","","1.0000","date, Page context and imported HTML hash match"
"fragments/1829/11/01-img2929-right","LEGACY","MATCHED_EXACT","747","1829-11-01","diary-1828-and-1829-and-jan-1830","img2929","","","1.0000","date, Page context and imported HTML hash match"
"fragments/1829/11/02-img2929-right","LEGACY","MATCHED_EXACT","748","1829-11-02","diary-1828-and-1829-and-jan-1830","img2929","","","1.0000","date, Page context and imported HTML hash match"
"fragments/1829/11/03-img2929-right","LEGACY","MATCHED_EXACT","749","1829-11-03","diary-1828-and-1829-and-jan-1830","img2929","","","1.0000","date, Page context and imported HTML hash match"
"fragments/1829/11/05-img2930-left","LEGACY","MATCHED_EXACT","750","1829-11-05","diary-1828-and-1829-and-jan-1830","img2930","","","1.0000","date, Page context and imported HTML hash match"
"fragments/1829/11/06-img2930-left","LEGACY","MATCHED_EXACT","751","1829-11-06","diary-1828-and-1829-and-jan-1830","img2930","","","1.0000","date, Page context and imported HTML hash match"
"fragments/1829/11/07-img2930-left","LEGACY","MATCHED_EXACT","752","1829-11-07","diary-1828-and-1829-and-jan-1830","img2930","","","1.0000","date, Page context and imported HTML hash match"
"fragments/1829/11/08-img2930-right","LEGACY","MATCHED_EXACT","753","1829-11-08","diary-1828-and-1829-and-jan-1830","img2930","","","1.0000","date, Page context and imported HTML hash match"
"fragments/1829/11/09-img2930-right","LEGACY","MATCHED_EXACT","754","1829-11-09","diary-1828-and-1829-and-jan-1830","img2930","","","1.0000","date, Page context and imported HTML hash match"
"fragments/1829/11/10-img2930-right","LEGACY","MATCHED_EXACT","755","1829-11-10","diary-1828-and-1829-and-jan-1830","img2930","","","1.0000","date, Page context and imported HTML hash match"
"fragments/1829/11/11-img2930-right","LEGACY","MATCHED_EXACT","756","1829-11-11","diary-1828-and-1829-and-jan-1830","img2930","","","1.0000","date, Page context and imported HTML hash match"
"fragments/1829/11/12-img2930-right","LEGACY","MATCHED_EXACT","757","1829-11-12","diary-1828-and-1829-and-jan-1830","img2930","","","1.0000","date, Page context and imported HTML hash match"
"fragments/1829/11/13-img2931-left","LEGACY","MATCHED_EXACT","758","1829-11-13","diary-1828-and-1829-and-jan-1830","img2931","","","1.0000","date, Page context and imported HTML hash match"
"fragments/1829/11/14-img2931-left","LEGACY","MATCHED_EXACT","759","1829-11-14","diary-1828-and-1829-and-jan-1830","img2931","","","1.0000","date, Page context and imported HTML hash match"
"fragments/1829/11/15-img2931-left","LEGACY","MATCHED_EXACT","760","1829-11-15","diary-1828-and-1829-and-jan-1830","img2931","","","1.0000","date, Page context and imported HTML hash match"
"fragments/1829/11/16-img2931-left","LEGACY","MATCHED_EXACT","761","1829-11-16","diary-1828-and-1829-and-jan-1830","img2931","","","1.0000","date, Page context and imported HTML hash match"
"fragments/1829/11/17-img2931-left","LEGACY","MATCHED_EXACT","762","1829-11-17","diary-1828-and-1829-and-jan-1830","img2931","","","1.0000","date, Page context and imported HTML hash match"
"fragments/1829/11/18-img2931-right","LEGACY","MATCHED_EXACT","763","1829-11-18","diary-1828-and-1829-and-jan-1830","img2931","","","1.0000","date, Page context and imported HTML hash match"
"fragments/1829/11/19-img2931-right","LEGACY","MATCHED_EXACT","764","1829-11-19","diary-1828-and-1829-and-jan-1830","img2931","","","1.0000","date, Page context and imported HTML hash match"
"fragments/1829/11/20-img2931-right","LEGACY","MATCHED_EXACT","765","1829-11-20","diary-1828-and-1829-and-jan-1830","img2931","","","1.0000","date, Page context and imported HTML hash match"
"fragments/1829/11/21-img2931-right","LEGACY","MATCHED_EXACT","766","1829-11-21","diary-1828-and-1829-and-jan-1830","img2931","","","1.0000","date, Page context and imported HTML hash match"
"fragments/1829/11/23-img2932-left","LEGACY","MATCHED_EXACT","767","1829-11-23","diary-1828-and-1829-and-jan-1830","img2932","","","1.0000","date, Page context and imported HTML hash match"
"fragments/1829/11/24-img2932-left","LEGACY","MATCHED_EXACT","768","1829-11-24","diary-1828-and-1829-and-jan-1830","img2932","","","1.0000","date, Page context and imported HTML hash match"
"fragments/1829/11/25-img2932-left","LEGACY","MATCHED_EXACT","769","1829-11-25","diary-1828-and-1829-and-jan-1830","img2932","","","1.0000","date, Page context and imported HTML hash match"
"fragments/1829/11/26-img2932-left","LEGACY","MATCHED_EXACT","770","1829-11-26","diary-1828-and-1829-and-jan-1830","img2932","","","1.0000","date, Page context and imported HTML hash match"
"fragments/1829/11/27-img2932-left","LEGACY","MATCHED_EXACT","771","1829-11-27","diary-1828-and-1829-and-jan-1830","img2932","","","1.0000","date, Page context and imported HTML hash match"
"fragments/1829/11/28-img2932-right","LEGACY","MATCHED_EXACT","772","1829-11-28","diary-1828-and-1829-and-jan-1830","img2932","","","1.0000","date, Page context and imported HTML hash match"
"fragments/1829/11/29-img2932-right","LEGACY","MATCHED_EXACT","773","1829-11-29","diary-1828-and-1829-and-jan-1830","img2932","","","1.0000","date, Page context and imported HTML hash match"
"fragments/1829/11/30-img2932-right","LEGACY","MATCHED_EXACT","774","1829-11-30","diary-1828-and-1829-and-jan-1830","img2932","","","1.0000","date, Page context and imported HTML hash match"
"fragments/1829/12/01-img2933-left","LEGACY","MATCHED_EXACT","775","1829-12-01","diary-1828-and-1829-and-jan-1830","img2933","","","1.0000","date, Page context and imported HTML hash match"
"fragments/1829/12/02-img2933-left","LEGACY","MATCHED_EXACT","776","1829-12-02","diary-1828-and-1829-and-jan-1830","img2933","","","1.0000","date, Page context and imported HTML hash match"
"fragments/1829/12/03-img2933-left","LEGACY","MATCHED_EXACT","777","1829-12-03","diary-1828-and-1829-and-jan-1830","img2933","","","1.0000","date, Page context and imported HTML hash match"
"fragments/1829/12/04-img2933-left","LEGACY","MATCHED_EXACT","778","1829-12-04","diary-1828-and-1829-and-jan-1830","img2933","","","1.0000","date, Page context and imported HTML hash match"
"fragments/1829/12/05-img2933-left","LEGACY","MATCHED_EXACT","779","1829-12-05","diary-1828-and-1829-and-jan-1830","img2933","","","1.0000","date, Page context and imported HTML hash match"
"fragments/1829/12/06-img2933-right","LEGACY","MATCHED_EXACT","780","1829-12-06","diary-1828-and-1829-and-jan-1830","img2933","","","1.0000","date, Page context and imported HTML hash match"
"fragments/1829/12/07-img2933-right","LEGACY","MATCHED_EXACT","781","1829-12-07","diary-1828-and-1829-and-jan-1830","img2933","","","1.0000","date, Page context and imported HTML hash match"
"fragments/1829/12/08-img2933-right","LEGACY","MATCHED_EXACT","782","1829-12-08","diary-1828-and-1829-and-jan-1830","img2933","","","1.0000","date, Page context and imported HTML hash match"
"fragments/1829/12/09-img2933-right","LEGACY","MATCHED_EXACT","783","1829-12-09","diary-1828-and-1829-and-jan-1830","img2933","","","1.0000","date, Page context and imported HTML hash match"
"fragments/1829/12/10-img2934-left","LEGACY","MATCHED_EXACT","784","1829-12-10","diary-1828-and-1829-and-jan-1830","img2934","","","1.0000","date, Page context and imported HTML hash match"
"fragments/1829/12/11-img2934-left","LEGACY","MATCHED_EXACT","785","1829-12-11","diary-1828-and-1829-and-jan-1830","img2934","","","1.0000","date, Page context and imported HTML hash match"
"fragments/1829/12/12-img2934-left","LEGACY","MATCHED_EXACT","786","1829-12-12","diary-1828-and-1829-and-jan-1830","img2934","","","1.0000","date, Page context and imported HTML hash match"
"fragments/1829/12/13-img2934-left","LEGACY","MATCHED_EXACT","787","1829-12-13","diary-1828-and-1829-and-jan-1830","img2934","","","1.0000","date, Page context and imported HTML hash match"
"fragments/1829/12/14-img2934-left","LEGACY","MATCHED_EXACT","788","1829-12-14","diary-1828-and-1829-and-jan-1830","img2934","","","1.0000","date, Page context and imported HTML hash match"
"fragments/1829/12/15-img2934-right","LEGACY","MATCHED_EXACT","789","1829-12-15","diary-1828-and-1829-and-jan-1830","img2934","","","1.0000","date, Page context and imported HTML hash match"
"fragments/1829/12/16-img2934-right","LEGACY","MATCHED_EXACT","790","1829-12-16","diary-1828-and-1829-and-jan-1830","img2934","","","1.0000","date, Page context and imported HTML hash match"
"fragments/1829/12/17-img2934-right","LEGACY","MATCHED_EXACT","791","1829-12-17","diary-1828-and-1829-and-jan-1830","img2934","","","1.0000","date, Page context and imported HTML hash match"
"fragments/1829/12/18-img2934-right","LEGACY","MATCHED_EXACT","792","1829-12-18","diary-1828-and-1829-and-jan-1830","img2934","","","1.0000","date, Page context and imported HTML hash match"
"fragments/1829/12/19-img2934-right","LEGACY","MATCHED_EXACT","793","1829-12-19","diary-1828-and-1829-and-jan-1830","img2934","","","1.0000","date, Page context and imported HTML hash match"
"fragments/1829/12/20-img2934-right","LEGACY","MATCHED_EXACT","794","1829-12-20","diary-1828-and-1829-and-jan-1830","img2934","","","1.0000","date, Page context and imported HTML hash match"
"fragments/1829/12/21-img2935-left","LEGACY","MATCHED_EXACT","795","1829-12-21","diary-1828-and-1829-and-jan-1830","img2935","","","1.0000","date, Page context and imported HTML hash match"
"fragments/1829/12/22-img2935-left","LEGACY","MATCHED_EXACT","796","1829-12-22","diary-1828-and-1829-and-jan-1830","img2935","","","1.0000","date, Page context and imported HTML hash match"
"fragments/1829/12/23-img2935-left","LEGACY","MATCHED_EXACT","797","1829-12-23","diary-1828-and-1829-and-jan-1830","img2935","","","1.0000","date, Page context and imported HTML hash match"
"fragments/1829/12/24-img2935-left","LEGACY","MATCHED_EXACT","798","1829-12-24","diary-1828-and-1829-and-jan-1830","img2935","","","1.0000","date, Page context and imported HTML hash match"
"fragments/1829/12/25-img2935-right","LEGACY","MATCHED_EXACT","799","1829-12-25","diary-1828-and-1829-and-jan-1830","img2935","","","1.0000","date, Page context and imported HTML hash match"
"fragments/1829/12/26-img2935-right","LEGACY","MATCHED_EXACT","800","1829-12-26","diary-1828-and-1829-and-jan-1830","img2935","","","1.0000","date, Page context and imported HTML hash match"
"fragments/1829/12/27-img2935-right","LEGACY","MATCHED_EXACT","801","1829-12-27","diary-1828-and-1829-and-jan-1830","img2935","","","1.0000","date, Page context and imported HTML hash match"
"fragments/1829/12/28-img2935-right","LEGACY","MATCHED_EXACT","802","1829-12-28","diary-1828-and-1829-and-jan-1830","img2935","","","1.0000","date, Page context and imported HTML hash match"
"fragments/1829/12/29-img2936-left","LEGACY","MATCHED_EXACT","803","1829-12-29","diary-1828-and-1829-and-jan-1830","img2936","","","1.0000","date, Page context and imported HTML hash match"
"fragments/1829/12/30-img2936-left","LEGACY","MATCHED_EXACT","804","1829-12-30","diary-1828-and-1829-and-jan-1830","img2936","","","1.0000","date, Page context and imported HTML hash match"
"fragments/1829/12/31-img2936-left","LEGACY","MATCHED_EXACT","805","1829-12-31","diary-1828-and-1829-and-jan-1830","img2936","","","1.0000","date, Page context and imported HTML hash match"
"fragments/1830/01/01-dc-highlights-1830","LEGACY","MATCHED_EXACT","806","1830-01-01","","","","","2.0000","date, Page context and imported HTML hash match"
"fragments/1830/01/01-img2936-right","LEGACY","MATCHED_EXACT","807","1830-01-01","diary-1828-and-1829-and-jan-1830","img2936","","","1.0000","date, Page context and imported HTML hash match"
"fragments/1830/01/02-img2936-right","LEGACY","MATCHED_EXACT","808","1830-01-02","diary-1828-and-1829-and-jan-1830","img2936","","","1.0000","date, Page context and imported HTML hash match"
"fragments/1830/01/03-b3-img2937-the-tynemouth-lodge-hotel","LEGACY","MATCHED_EXACT","809","1830-01-03","","","","","1.0000","date, Page context and imported HTML hash match"
"fragments/1830/01/03-img2936-right","LEGACY","MATCHED_EXACT","810","1830-01-03","diary-1828-and-1829-and-jan-1830","img2936","","","2.0000","date, Page context and imported HTML hash match"
"fragments/1830/01/04-img2937-left","LEGACY","MATCHED_EXACT","811","1830-01-04","diary-1828-and-1829-and-jan-1830","img2937","","","1.0000","date, Page context and imported HTML hash match"
"fragments/1830/01/05-img2937-left","LEGACY","MATCHED_EXACT","812","1830-01-05","diary-1828-and-1829-and-jan-1830","img2937","","","1.0000","date, Page context and imported HTML hash match"
"fragments/1830/01/06-img2937-left","LEGACY","MATCHED_EXACT","813","1830-01-06","diary-1828-and-1829-and-jan-1830","img2937","","","1.0000","date, Page context and imported HTML hash match"
"fragments/1830/01/07-img2937-left","LEGACY","MATCHED_EXACT","814","1830-01-07","diary-1828-and-1829-and-jan-1830","img2937","","","1.0000","date, Page context and imported HTML hash match"
"fragments/1830/01/08-img2937-left","LEGACY","MATCHED_EXACT","815","1830-01-08","diary-1828-and-1829-and-jan-1830","img2937","","","1.0000","date, Page context and imported HTML hash match"
"fragments/1830/01/09-img2937-right","LEGACY","MATCHED_EXACT","816","1830-01-09","diary-1828-and-1829-and-jan-1830","img2937","","","1.0000","date, Page context and imported HTML hash match"
"fragments/1830/01/10-img2937-right","LEGACY","MATCHED_EXACT","817","1830-01-10","diary-1828-and-1829-and-jan-1830","img2937","","","1.0000","date, Page context and imported HTML hash match"
"fragments/1830/01/11-img2937-right","LEGACY","MATCHED_EXACT","818","1830-01-11","diary-1828-and-1829-and-jan-1830","img2937","","","1.0000","date, Page context and imported HTML hash match"
"fragments/1830/01/12-img2937-right","LEGACY","MATCHED_EXACT","819","1830-01-12","diary-1828-and-1829-and-jan-1830","img2937","","","1.0000","date, Page context and imported HTML hash match"
"fragments/1830/01/13-img2937-right","LEGACY","MATCHED_EXACT","820","1830-01-13","diary-1828-and-1829-and-jan-1830","img2937","","","1.0000","date, Page context and imported HTML hash match"
"fragments/1830/01/14-img2938-left","LEGACY","MATCHED_EXACT","821","1830-01-14","diary-1828-and-1829-and-jan-1830","img2938","","","1.0000","date, Page context and imported HTML hash match"
"fragments/1830/01/15-img2938-left","LEGACY","MATCHED_EXACT","822","1830-01-15","diary-1828-and-1829-and-jan-1830","img2938","","","1.0000","date, Page context and imported HTML hash match"
"fragments/1830/01/16-img2938-left","LEGACY","MATCHED_EXACT","823","1830-01-16","diary-1828-and-1829-and-jan-1830","img2938","","","1.0000","date, Page context and imported HTML hash match"
"fragments/1830/01/17-img2938-left","LEGACY","MATCHED_EXACT","824","1830-01-17","diary-1828-and-1829-and-jan-1830","img2938","","","1.0000","date, Page context and imported HTML hash match"
"fragments/1830/01/18-img2938-left","LEGACY","MATCHED_EXACT","825","1830-01-18","diary-1828-and-1829-and-jan-1830","img2938","","","1.0000","date, Page context and imported HTML hash match"
"fragments/1830/01/19-img2938-right","LEGACY","MATCHED_EXACT","826","1830-01-19","diary-1828-and-1829-and-jan-1830","img2938","","","1.0000","date, Page context and imported HTML hash match"
"fragments/1830/01/20-img2938-right","LEGACY","MATCHED_EXACT","827","1830-01-20","diary-1828-and-1829-and-jan-1830","img2938","","","1.0000","date, Page context and imported HTML hash match"
"fragments/1830/01/21-img2938-right","LEGACY","MATCHED_EXACT","828","1830-01-21","diary-1828-and-1829-and-jan-1830","img2938","","","1.0000","date, Page context and imported HTML hash match"
"fragments/1830/01/22-img2938-right","LEGACY","MATCHED_EXACT","829","1830-01-22","diary-1828-and-1829-and-jan-1830","img2938","","","1.0000","date, Page context and imported HTML hash match"
"fragments/1830/01/23-img2939-left","LEGACY","MATCHED_EXACT","830","1830-01-23","diary-1828-and-1829-and-jan-1830","img2939","","","1.0000","date, Page context and imported HTML hash match"
"fragments/1830/01/24-img2939-left","LEGACY","MATCHED_EXACT","831","1830-01-24","diary-1828-and-1829-and-jan-1830","img2939","","","1.0000","date, Page context and imported HTML hash match"
"fragments/1830/01/25-img2939-left","LEGACY","MATCHED_EXACT","832","1830-01-25","diary-1828-and-1829-and-jan-1830","img2939","","","1.0000","date, Page context and imported HTML hash match"
"fragments/1830/01/26-img2939-left","LEGACY","MATCHED_EXACT","833","1830-01-26","diary-1828-and-1829-and-jan-1830","img2939","","","1.0000","date, Page context and imported HTML hash match"
"fragments/1830/01/27-img2939-left","LEGACY","MATCHED_EXACT","834","1830-01-27","diary-1828-and-1829-and-jan-1830","img2939","","","1.0000","date, Page context and imported HTML hash match"
"fragments/1830/01/28-img2939-right","LEGACY","MATCHED_EXACT","835","1830-01-28","diary-1828-and-1829-and-jan-1830","img2939","","","1.0000","date, Page context and imported HTML hash match"
"fragments/1830/01/29-img2939-right","LEGACY","MATCHED_EXACT","836","1830-01-29","diary-1828-and-1829-and-jan-1830","img2939","","","1.0000","date, Page context and imported HTML hash match"
"fragments/1830/01/30-img2939-right","LEGACY","MATCHED_EXACT","837","1830-01-30","diary-1828-and-1829-and-jan-1830","img2939","","","1.0000","date, Page context and imported HTML hash match"
"fragments/1830/01/31-img2939-right","LEGACY","MATCHED_EXACT","838","1830-01-31","diary-1828-and-1829-and-jan-1830","img2939","","","1.0000","date, Page context and imported HTML hash match"
"fragments/1830/02/01-img2349","LEGACY","MATCHED_EXACT","839","1830-02-01","diary-1830","img2349","","","1.0000","date, Page context and imported HTML hash match"
"fragments/1830/02/02-img2349","LEGACY","MATCHED_EXACT","840","1830-02-02","diary-1830","img2349","","","1.0000","date, Page context and imported HTML hash match"
"fragments/1830/02/03-img2349","LEGACY","MATCHED_EXACT","841","1830-02-03","diary-1830","img2349","","","1.0000","date, Page context and imported HTML hash match"
"fragments/1830/02/04-img2350","LEGACY","MATCHED_EXACT","842","1830-02-04","diary-1830","img2350","","","1.0000","date, Page context and imported HTML hash match"
"fragments/1830/02/05-img2350","LEGACY","MATCHED_EXACT","843","1830-02-05","diary-1830","img2350","","","1.0000","date, Page context and imported HTML hash match"
"fragments/1830/02/06-img2350","LEGACY","MATCHED_EXACT","844","1830-02-06","diary-1830","img2350","","","1.0000","date, Page context and imported HTML hash match"
"fragments/1830/02/07-img2350","LEGACY","MATCHED_EXACT","845","1830-02-07","diary-1830","img2350","","","1.0000","date, Page context and imported HTML hash match"
"fragments/1830/02/08-img2351","LEGACY","MATCHED_EXACT","846","1830-02-08","diary-1830","img2351","","","1.0000","date, Page context and imported HTML hash match"
"fragments/1830/02/09-img2351","LEGACY","MATCHED_EXACT","847","1830-02-09","diary-1830","img2351","","","1.0000","date, Page context and imported HTML hash match"
"fragments/1830/02/10-img2351","LEGACY","MATCHED_EXACT","848","1830-02-10","diary-1830","img2351","","","1.0000","date, Page context and imported HTML hash match"
"fragments/1830/02/11-img2351","LEGACY","MATCHED_EXACT","849","1830-02-11","diary-1830","img2351","","","1.0000","date, Page context and imported HTML hash match"
"fragments/1830/02/12-img2352","LEGACY","MATCHED_EXACT","850","1830-02-12","diary-1830","img2352","","","1.0000","date, Page context and imported HTML hash match"
"fragments/1830/02/13-img2352","LEGACY","MATCHED_EXACT","851","1830-02-13","diary-1830","img2352","","","1.0000","date, Page context and imported HTML hash match"
"fragments/1830/02/14-img2352","LEGACY","MATCHED_EXACT","852","1830-02-14","diary-1830","img2352","","","1.0000","date, Page context and imported HTML hash match"
"fragments/1830/02/15-img2352","LEGACY","MATCHED_EXACT","853","1830-02-15","diary-1830","img2352","","","1.0000","date, Page context and imported HTML hash match"
"fragments/1830/02/16-img2352","LEGACY","MATCHED_EXACT","854","1830-02-16","diary-1830","img2352","","","1.0000","date, Page context and imported HTML hash match"
"fragments/1830/02/17-img2353","LEGACY","MATCHED_EXACT","855","1830-02-17","diary-1830","img2353","","","1.0000","date, Page context and imported HTML hash match"
"fragments/1830/02/18-img2353","LEGACY","MATCHED_EXACT","856","1830-02-18","diary-1830","img2353","","","1.0000","date, Page context and imported HTML hash match"
"fragments/1830/02/19-img2353","LEGACY","MATCHED_EXACT","857","1830-02-19","diary-1830","img2353","","","1.0000","date, Page context and imported HTML hash match"
"fragments/1830/02/20-img2353","LEGACY","MATCHED_EXACT","858","1830-02-20","diary-1830","img2353","","","1.0000","date, Page context and imported HTML hash match"
"fragments/1830/02/21-img2354","LEGACY","MATCHED_EXACT","859","1830-02-21","diary-1830","img2354","","","1.0000","date, Page context and imported HTML hash match"
"fragments/1830/02/22-img2354","LEGACY","MATCHED_EXACT","860","1830-02-22","diary-1830","img2354","","","1.0000","date, Page context and imported HTML hash match"
"fragments/1830/02/23-img2354","LEGACY","MATCHED_EXACT","861","1830-02-23","diary-1830","img2354","","","1.0000","date, Page context and imported HTML hash match"
"fragments/1830/02/24-img2354","LEGACY","MATCHED_EXACT","862","1830-02-24","diary-1830","img2354","","","1.0000","date, Page context and imported HTML hash match"
"fragments/1830/02/25-img2355","LEGACY","MATCHED_EXACT","863","1830-02-25","diary-1830","img2355","","","1.0000","date, Page context and imported HTML hash match"
"fragments/1830/02/26-img2355","LEGACY","MATCHED_EXACT","864","1830-02-26","diary-1830","img2355","","","1.0000","date, Page context and imported HTML hash match"
"fragments/1830/02/27-img2355","LEGACY","MATCHED_EXACT","865","1830-02-27","diary-1830","img2355","","","1.0000","date, Page context and imported HTML hash match"
"fragments/1830/02/28-img2355","LEGACY","MATCHED_EXACT","866","1830-02-28","diary-1830","img2355","","","1.0000","date, Page context and imported HTML hash match"
"fragments/1830/03/01-img2356-left","LEGACY","MATCHED_EXACT","867","1830-03-01","diary-1830","img2356","","","1.0000","date, Page context and imported HTML hash match"
"fragments/1830/03/02-img2356-left","LEGACY","MATCHED_EXACT","868","1830-03-02","diary-1830","img2356","","","1.0000","date, Page context and imported HTML hash match"
"fragments/1830/03/03-img2356-left","LEGACY","MATCHED_EXACT","869","1830-03-03","diary-1830","img2356","","","1.0000","date, Page context and imported HTML hash match"
"fragments/1830/03/04-img2356-left","LEGACY","MATCHED_EXACT","870","1830-03-04","diary-1830","img2356","","","1.0000","date, Page context and imported HTML hash match"
"fragments/1830/03/05-img2356-right","LEGACY","MATCHED_EXACT","871","1830-03-05","diary-1830","img2356","","","1.0000","date, Page context and imported HTML hash match"
"fragments/1830/03/06-img2356-right","LEGACY","MATCHED_EXACT","872","1830-03-06","diary-1830","img2356","","","1.0000","date, Page context and imported HTML hash match"
"fragments/1830/03/07-img2356-right","LEGACY","MATCHED_EXACT","873","1830-03-07","diary-1830","img2356","","","1.0000","date, Page context and imported HTML hash match"
"fragments/1830/03/08-img2357","LEGACY","MATCHED_EXACT","874","1830-03-08","diary-1830","img2357","","","1.0000","date, Page context and imported HTML hash match"
"fragments/1830/03/09-img2357","LEGACY","MATCHED_EXACT","875","1830-03-09","diary-1830","img2357","","","1.0000","date, Page context and imported HTML hash match"
"fragments/1830/03/10-img2357","LEGACY","MATCHED_EXACT","876","1830-03-10","diary-1830","img2357","","","1.0000","date, Page context and imported HTML hash match"
"fragments/1830/03/11-img2357","LEGACY","MATCHED_EXACT","877","1830-03-11","diary-1830","img2357","","","1.0000","date, Page context and imported HTML hash match"
"fragments/1830/03/12-img2358","LEGACY","MATCHED_EXACT","878","1830-03-12","diary-1830","img2358","","","1.0000","date, Page context and imported HTML hash match"
"fragments/1830/03/13-img2358","LEGACY","MATCHED_EXACT","879","1830-03-13","diary-1830","img2358","","","1.0000","date, Page context and imported HTML hash match"
"fragments/1830/03/14-img2358","LEGACY","MATCHED_EXACT","880","1830-03-14","diary-1830","img2358","","","1.0000","date, Page context and imported HTML hash match"
"fragments/1830/03/15-img2358","LEGACY","MATCHED_EXACT","881","1830-03-15","diary-1830","img2358","","","1.0000","date, Page context and imported HTML hash match"
"fragments/1830/03/15-img2359","LEGACY","MATCHED_EXACT","882","1830-03-15","diary-1830","img2359","","","2.0000","date, Page context and imported HTML hash match"
"fragments/1830/03/16-img2359","LEGACY","MATCHED_EXACT","883","1830-03-16","diary-1830","img2359","","","1.0000","date, Page context and imported HTML hash match"
"fragments/1830/03/17-img2359","LEGACY","MATCHED_EXACT","884","1830-03-17","diary-1830","img2359","","","1.0000","date, Page context and imported HTML hash match"
"fragments/1830/03/18-img2360","LEGACY","MATCHED_EXACT","885","1830-03-18","diary-1830","img2360","","","1.0000","date, Page context and imported HTML hash match"
"fragments/1830/03/19-img2360","LEGACY","MATCHED_EXACT","886","1830-03-19","diary-1830","img2360","","","1.0000","date, Page context and imported HTML hash match"
"fragments/1830/03/20-img2360","LEGACY","MATCHED_EXACT","887","1830-03-20","diary-1830","img2360","","","1.0000","date, Page context and imported HTML hash match"
"fragments/1830/03/21-img2361","LEGACY","MATCHED_EXACT","888","1830-03-21","diary-1830","img2361","","","1.0000","date, Page context and imported HTML hash match"
"fragments/1830/03/22-img2361","LEGACY","MATCHED_EXACT","889","1830-03-22","diary-1830","img2361","","","1.0000","date, Page context and imported HTML hash match"
"fragments/1830/03/23-img2361","LEGACY","MATCHED_EXACT","890","1830-03-23","diary-1830","img2361","","","1.0000","date, Page context and imported HTML hash match"
"fragments/1830/03/24-img2361","LEGACY","MATCHED_EXACT","891","1830-03-24","diary-1830","img2361","","","1.0000","date, Page context and imported HTML hash match"
"fragments/1830/03/25-img2362","LEGACY","MATCHED_EXACT","892","1830-03-25","diary-1830","img2362","","","1.0000","date, Page context and imported HTML hash match"
"fragments/1830/03/26-img2362","LEGACY","MATCHED_EXACT","893","1830-03-26","diary-1830","img2362","","","1.0000","date, Page context and imported HTML hash match"
"fragments/1830/03/27-img2362","LEGACY","MATCHED_EXACT","894","1830-03-27","diary-1830","img2362","","","1.0000","date, Page context and imported HTML hash match"
"fragments/1830/03/28-img2362","LEGACY","MATCHED_EXACT","895","1830-03-28","diary-1830","img2362","","","1.0000","date, Page context and imported HTML hash match"
"fragments/1830/03/29-img2362","LEGACY","MATCHED_EXACT","896","1830-03-29","diary-1830","img2362","","","1.0000","date, Page context and imported HTML hash match"
"fragments/1830/03/30-img2362","LEGACY","MATCHED_EXACT","897","1830-03-30","diary-1830","img2362","","","1.0000","date, Page context and imported HTML hash match"
"fragments/1830/03/31-img2362","LEGACY","MATCHED_EXACT","898","1830-03-31","diary-1830","img2362","","","1.0000","date, Page context and imported HTML hash match"
"fragments/1830/04/01-img2363","LEGACY","MATCHED_EXACT","899","1830-04-01","diary-1830","img2363","","","1.0000","date, Page context and imported HTML hash match"
"fragments/1830/04/02-img2363","LEGACY","MATCHED_EXACT","900","1830-04-02","diary-1830","img2363","","","1.0000","date, Page context and imported HTML hash match"
"fragments/1830/04/03-img2363","LEGACY","MATCHED_EXACT","901","1830-04-03","diary-1830","img2363","","","1.0000","date, Page context and imported HTML hash match"
"fragments/1830/04/04-img2363","LEGACY","MATCHED_EXACT","902","1830-04-04","diary-1830","img2363","","","1.0000","date, Page context and imported HTML hash match"
"fragments/1830/04/05-img2363","LEGACY","MATCHED_EXACT","903","1830-04-05","diary-1830","img2363","","","1.0000","date, Page context and imported HTML hash match"
"fragments/1830/04/06-img2364","LEGACY","MATCHED_EXACT","904","1830-04-06","diary-1830","img2364","","","1.0000","date, Page context and imported HTML hash match"
"fragments/1830/04/07-img2364","LEGACY","MATCHED_EXACT","905","1830-04-07","diary-1830","img2364","","","1.0000","date, Page context and imported HTML hash match"
"fragments/1830/04/08-img2364","LEGACY","MATCHED_EXACT","906","1830-04-08","diary-1830","img2364","","","1.0000","date, Page context and imported HTML hash match"
"fragments/1830/04/09-img2364","LEGACY","MATCHED_EXACT","907","1830-04-09","diary-1830","img2364","","","1.0000","date, Page context and imported HTML hash match"
"fragments/1830/04/10-img2365","LEGACY","MATCHED_EXACT","908","1830-04-10","diary-1830","img2365","","","1.0000","date, Page context and imported HTML hash match"
"fragments/1830/04/11-img2365","LEGACY","MATCHED_EXACT","909","1830-04-11","diary-1830","img2365","","","1.0000","date, Page context and imported HTML hash match"
"fragments/1830/04/12-img2365","LEGACY","MATCHED_EXACT","910","1830-04-12","diary-1830","img2365","","","1.0000","date, Page context and imported HTML hash match"
"fragments/1830/04/13-img2365","LEGACY","MATCHED_EXACT","911","1830-04-13","diary-1830","img2365","","","1.0000","date, Page context and imported HTML hash match"
"fragments/1830/04/13-img2366","LEGACY","MATCHED_EXACT","912","1830-04-13","diary-1830","img2366","","","2.0000","date, Page context and imported HTML hash match"
"fragments/1830/04/14-img2366","LEGACY","MATCHED_EXACT","913","1830-04-14","diary-1830","img2366","","","1.0000","date, Page context and imported HTML hash match"
"fragments/1830/04/15-img2366","LEGACY","MATCHED_EXACT","914","1830-04-15","diary-1830","img2366","","","1.0000","date, Page context and imported HTML hash match"
"fragments/1830/04/16-img2366","LEGACY","MATCHED_EXACT","915","1830-04-16","diary-1830","img2366","","","1.0000","date, Page context and imported HTML hash match"
"fragments/1830/04/17-img2367","LEGACY","MATCHED_EXACT","916","1830-04-17","diary-1830","img2367","","","1.0000","date, Page context and imported HTML hash match"
"fragments/1830/04/18-img2367","LEGACY","MATCHED_EXACT","917","1830-04-18","diary-1830","img2367","","","1.0000","date, Page context and imported HTML hash match"
"fragments/1830/04/19-img2367","LEGACY","MATCHED_EXACT","918","1830-04-19","diary-1830","img2367","","","1.0000","date, Page context and imported HTML hash match"
"fragments/1830/04/20-img2367","LEGACY","MATCHED_EXACT","919","1830-04-20","diary-1830","img2367","","","1.0000","date, Page context and imported HTML hash match"
"fragments/1830/04/21-img2367","LEGACY","MATCHED_EXACT","920","1830-04-21","diary-1830","img2367","","","1.0000","date, Page context and imported HTML hash match"
"fragments/1830/04/22-img2367","LEGACY","MATCHED_EXACT","921","1830-04-22","diary-1830","img2367","","","1.0000","date, Page context and imported HTML hash match"
"fragments/1830/04/23-img2368","LEGACY","MATCHED_EXACT","922","1830-04-23","diary-1830","img2368","","","1.0000","date, Page context and imported HTML hash match"
"fragments/1830/04/24-img2368","LEGACY","MATCHED_EXACT","923","1830-04-24","diary-1830","img2368","","","1.0000","date, Page context and imported HTML hash match"
"fragments/1830/04/25-img2368","LEGACY","MATCHED_EXACT","924","1830-04-25","diary-1830","img2368","","","1.0000","date, Page context and imported HTML hash match"
"fragments/1830/04/26-img2368","LEGACY","MATCHED_EXACT","925","1830-04-26","diary-1830","img2368","","","1.0000","date, Page context and imported HTML hash match"
"fragments/1830/04/27-img2369","LEGACY","MATCHED_EXACT","926","1830-04-27","diary-1830","img2369","","","1.0000","date, Page context and imported HTML hash match"
"fragments/1830/04/28-img2369","LEGACY","MATCHED_EXACT","927","1830-04-28","diary-1830","img2369","","","1.0000","date, Page context and imported HTML hash match"
"fragments/1830/04/29-img2369","LEGACY","MATCHED_EXACT","928","1830-04-29","diary-1830","img2369","","","1.0000","date, Page context and imported HTML hash match"
"fragments/1830/04/30-img2369","LEGACY","MATCHED_EXACT","929","1830-04-30","diary-1830","img2369","","","1.0000","date, Page context and imported HTML hash match"
"fragments/1830/05/01-img2370","LEGACY","MATCHED_EXACT","930","1830-05-01","diary-1830","img2370","","","1.0000","date, Page context and imported HTML hash match"
"fragments/1830/05/02-img2370","LEGACY","MATCHED_EXACT","931","1830-05-02","diary-1830","img2370","","","1.0000","date, Page context and imported HTML hash match"
"fragments/1830/05/03-img2370","LEGACY","MATCHED_EXACT","932","1830-05-03","diary-1830","img2370","","","1.0000","date, Page context and imported HTML hash match"
"fragments/1830/05/04-img2371-left","LEGACY","MATCHED_EXACT","933","1830-05-04","diary-1830","img2371","","","1.0000","date, Page context and imported HTML hash match"
"fragments/1830/05/05-img2371-left","LEGACY","MATCHED_EXACT","934","1830-05-05","diary-1830","img2371","","","1.0000","date, Page context and imported HTML hash match"
"fragments/1830/05/07-img2371-left","LEGACY","MATCHED_EXACT","935","1830-05-07","diary-1830","img2371","","","1.0000","date, Page context and imported HTML hash match"
"fragments/1830/05/08-img2371-right","LEGACY","MATCHED_EXACT","936","1830-05-08","diary-1830","img2371","","","1.0000","date, Page context and imported HTML hash match"
"fragments/1830/05/09-img2371-right","LEGACY","MATCHED_EXACT","937","1830-05-09","diary-1830","img2371","","","1.0000","date, Page context and imported HTML hash match"
"fragments/1830/05/10-img2371-right","LEGACY","MATCHED_EXACT","938","1830-05-10","diary-1830","img2371","","","1.0000","date, Page context and imported HTML hash match"
"fragments/1830/05/10-img2372","LEGACY","MATCHED_EXACT","939","1830-05-10","diary-1830","img2372","","","2.0000","date, Page context and imported HTML hash match"
"fragments/1830/05/11-img2372","LEGACY","MATCHED_EXACT","940","1830-05-11","diary-1830","img2372","","","1.0000","date, Page context and imported HTML hash match"
"fragments/1830/05/12-img2372","LEGACY","MATCHED_EXACT","941","1830-05-12","diary-1830","img2372","","","1.0000","date, Page context and imported HTML hash match"
"fragments/1830/05/13-img2373","LEGACY","MATCHED_EXACT","942","1830-05-13","diary-1830","img2373","","","1.0000","date, Page context and imported HTML hash match"
"fragments/1830/05/14-img2373","LEGACY","MATCHED_EXACT","943","1830-05-14","diary-1830","img2373","","","1.0000","date, Page context and imported HTML hash match"
"fragments/1830/05/15-img2373","LEGACY","MATCHED_EXACT","944","1830-05-15","diary-1830","img2373","","","1.0000","date, Page context and imported HTML hash match"
"fragments/1830/05/16-img2373","LEGACY","MATCHED_EXACT","945","1830-05-16","diary-1830","img2373","","","1.0000","date, Page context and imported HTML hash match"
"fragments/1830/05/17-img2374","LEGACY","MATCHED_EXACT","946","1830-05-17","diary-1830","img2374","","","1.0000","date, Page context and imported HTML hash match"
"fragments/1830/05/18-img2374","LEGACY","MATCHED_EXACT","947","1830-05-18","diary-1830","img2374","","","1.0000","date, Page context and imported HTML hash match"
"fragments/1830/05/19-img2374","LEGACY","MATCHED_EXACT","948","1830-05-19","diary-1830","img2374","","","1.0000","date, Page context and imported HTML hash match"
"fragments/1830/05/20-img2374","LEGACY","MATCHED_EXACT","949","1830-05-20","diary-1830","img2374","","","1.0000","date, Page context and imported HTML hash match"
"fragments/1830/05/21-img2374","LEGACY","MATCHED_EXACT","950","1830-05-21","diary-1830","img2374","","","1.0000","date, Page context and imported HTML hash match"
"fragments/1830/05/22-img2375","LEGACY","MATCHED_EXACT","951","1830-05-22","diary-1830","img2375","","","1.0000","date, Page context and imported HTML hash match"
"fragments/1830/05/23-img2375","LEGACY","MATCHED_EXACT","952","1830-05-23","diary-1830","img2375","","","1.0000","date, Page context and imported HTML hash match"
"fragments/1830/05/24-img2375","LEGACY","MATCHED_EXACT","953","1830-05-24","diary-1830","img2375","","","1.0000","date, Page context and imported HTML hash match"
"fragments/1830/05/25-img2375","LEGACY","MATCHED_EXACT","954","1830-05-25","diary-1830","img2375","","","1.0000","date, Page context and imported HTML hash match"
"fragments/1830/05/26-img2375","LEGACY","MATCHED_EXACT","955","1830-05-26","diary-1830","img2375","","","1.0000","date, Page context and imported HTML hash match"
"fragments/1830/05/27-img2375","LEGACY","MATCHED_EXACT","956","1830-05-27","diary-1830","img2375","","","1.0000","date, Page context and imported HTML hash match"
"fragments/1830/05/28-img2375","LEGACY","MATCHED_EXACT","957","1830-05-28","diary-1830","img2375","","","1.0000","date, Page context and imported HTML hash match"
"fragments/1830/05/29-img2375","LEGACY","MATCHED_EXACT","958","1830-05-29","diary-1830","img2375","","","1.0000","date, Page context and imported HTML hash match"
"fragments/1830/05/29-img2376","LEGACY","MATCHED_EXACT","959","1830-05-29","diary-1830","img2376","","","2.0000","date, Page context and imported HTML hash match"
"fragments/1830/05/30-img2376","LEGACY","MATCHED_EXACT","960","1830-05-30","diary-1830","img2376","","","1.0000","date, Page context and imported HTML hash match"
"fragments/1830/05/31-img2376","LEGACY","MATCHED_EXACT","961","1830-05-31","diary-1830","img2376","","","1.0000","date, Page context and imported HTML hash match"
"fragments/1830/05/31-img2377","LEGACY","MATCHED_EXACT","962","1830-05-31","diary-1830","img2377","","","2.0000","date, Page context and imported HTML hash match"
"fragments/1830/06/01-img2377","LEGACY","MATCHED_EXACT","963","1830-06-01","diary-1830","img2377","","","1.0000","date, Page context and imported HTML hash match"
"fragments/1830/06/02-img2377","LEGACY","MATCHED_EXACT","964","1830-06-02","diary-1830","img2377","","","1.0000","date, Page context and imported HTML hash match"
"fragments/1830/06/03-img2378","LEGACY","MATCHED_EXACT","965","1830-06-03","diary-1830","img2378","","","1.0000","date, Page context and imported HTML hash match"
"fragments/1830/06/04-img2378","LEGACY","MATCHED_EXACT","966","1830-06-04","diary-1830","img2378","","","1.0000","date, Page context and imported HTML hash match"
"fragments/1830/06/05-img2379","LEGACY","MATCHED_EXACT","967","1830-06-05","diary-1830","img2379","","","1.0000","date, Page context and imported HTML hash match"
"fragments/1830/06/06-img2379","LEGACY","MATCHED_EXACT","968","1830-06-06","diary-1830","img2379","","","1.0000","date, Page context and imported HTML hash match"
"fragments/1830/06/07-img2379","LEGACY","MATCHED_EXACT","969","1830-06-07","diary-1830","img2379","","","1.0000","date, Page context and imported HTML hash match"
"fragments/1830/06/08-img2379","LEGACY","MATCHED_EXACT","970","1830-06-08","diary-1830","img2379","","","1.0000","date, Page context and imported HTML hash match"
"fragments/1830/06/09-img2379","LEGACY","MATCHED_EXACT","971","1830-06-09","diary-1830","img2379","","","1.0000","date, Page context and imported HTML hash match"
"fragments/1830/06/15-img2380","LEGACY","MATCHED_EXACT","972","1830-06-15","diary-1830","img2380","","","1.0000","date, Page context and imported HTML hash match"
"fragments/1830/06/16-img2380","LEGACY","MATCHED_EXACT","973","1830-06-16","diary-1830","img2380","","","1.0000","date, Page context and imported HTML hash match"
"fragments/1830/06/17-img2380","LEGACY","MATCHED_EXACT","974","1830-06-17","diary-1830","img2380","","","1.0000","date, Page context and imported HTML hash match"
"fragments/1830/06/18-img2380","LEGACY","MATCHED_EXACT","975","1830-06-18","diary-1830","img2380","","","1.0000","date, Page context and imported HTML hash match"
"fragments/1830/06/19-img2381","LEGACY","MATCHED_EXACT","976","1830-06-19","diary-1830","img2381","","","1.0000","date, Page context and imported HTML hash match"
"fragments/1830/06/20-img2381","LEGACY","MATCHED_EXACT","977","1830-06-20","diary-1830","img2381","","","1.0000","date, Page context and imported HTML hash match"
"fragments/1830/06/21-img2381","LEGACY","MATCHED_EXACT","978","1830-06-21","diary-1830","img2381","","","1.0000","date, Page context and imported HTML hash match"
"fragments/1830/06/22-img2381","LEGACY","MATCHED_EXACT","979","1830-06-22","diary-1830","img2381","","","1.0000","date, Page context and imported HTML hash match"
"fragments/1830/06/23-b1-img2381-image-map","LEGACY","MATCHED_EXACT","980","1830-06-23","","","","","1.0000","date, Page context and imported HTML hash match"
"fragments/1830/06/23-img2381","LEGACY","MATCHED_EXACT","981","1830-06-23","diary-1830","img2381","","","2.0000","date, Page context and imported HTML hash match"
"fragments/1830/06/24-img2382","LEGACY","MATCHED_EXACT","982","1830-06-24","diary-1830","img2382","","","1.0000","date, Page context and imported HTML hash match"
"fragments/1830/06/25-img2382","LEGACY","MATCHED_EXACT","983","1830-06-25","diary-1830","img2382","","","1.0000","date, Page context and imported HTML hash match"
"fragments/1830/06/26-img2382","LEGACY","MATCHED_EXACT","984","1830-06-26","diary-1830","img2382","","","1.0000","date, Page context and imported HTML hash match"
"fragments/1830/06/27-img2382","LEGACY","MATCHED_EXACT","985","1830-06-27","diary-1830","img2382","","","1.0000","date, Page context and imported HTML hash match"
"fragments/1830/06/28-img2383","LEGACY","MATCHED_EXACT","986","1830-06-28","diary-1830","img2383","","","1.0000","date, Page context and imported HTML hash match"
"fragments/1830/06/29-img2383","LEGACY","MATCHED_EXACT","987","1830-06-29","diary-1830","img2383","","","1.0000","date, Page context and imported HTML hash match"
"fragments/1830/06/30-img2383","LEGACY","MATCHED_EXACT","988","1830-06-30","diary-1830","img2383","","","1.0000","date, Page context and imported HTML hash match"
"fragments/1830/07/01-img2384","LEGACY","MATCHED_EXACT","989","1830-07-01","diary-1830","img2384","","","1.0000","date, Page context and imported HTML hash match"
"fragments/1830/07/02-img2384","LEGACY","MATCHED_EXACT","990","1830-07-02","diary-1830","img2384","","","1.0000","date, Page context and imported HTML hash match"
"fragments/1830/07/03-img2384","LEGACY","MATCHED_EXACT","991","1830-07-03","diary-1830","img2384","","","1.0000","date, Page context and imported HTML hash match"
"fragments/1830/07/04-img2385","LEGACY","MATCHED_EXACT","992","1830-07-04","diary-1830","img2385","","","1.0000","date, Page context and imported HTML hash match"
"fragments/1830/07/05-img2385","LEGACY","MATCHED_EXACT","993","1830-07-05","diary-1830","img2385","","","1.0000","date, Page context and imported HTML hash match"
"fragments/1830/07/06-img2385","LEGACY","MATCHED_EXACT","994","1830-07-06","diary-1830","img2385","","","1.0000","date, Page context and imported HTML hash match"
"fragments/1830/07/07-img2385","LEGACY","MATCHED_EXACT","995","1830-07-07","diary-1830","img2385","","","1.0000","date, Page context and imported HTML hash match"
"fragments/1830/07/08-img2386","LEGACY","MATCHED_EXACT","996","1830-07-08","diary-1830","img2386","","","1.0000","date, Page context and imported HTML hash match"
"fragments/1830/07/09-img2386","LEGACY","MATCHED_EXACT","997","1830-07-09","diary-1830","img2386","","","1.0000","date, Page context and imported HTML hash match"
"fragments/1830/07/10-img2386","LEGACY","MATCHED_EXACT","998","1830-07-10","diary-1830","img2386","","","1.0000","date, Page context and imported HTML hash match"
"fragments/1830/07/11-img2386","LEGACY","MATCHED_EXACT","999","1830-07-11","diary-1830","img2386","","","1.0000","date, Page context and imported HTML hash match"
"fragments/1830/07/13-img2387","LEGACY","MATCHED_EXACT","1000","1830-07-13","diary-1830","img2387","","","1.0000","date, Page context and imported HTML hash match"
"fragments/1830/07/14-img2387","LEGACY","MATCHED_EXACT","1001","1830-07-14","diary-1830","img2387","","","1.0000","date, Page context and imported HTML hash match"
"fragments/1830/07/15-img2387","LEGACY","MATCHED_EXACT","1002","1830-07-15","diary-1830","img2387","","","1.0000","date, Page context and imported HTML hash match"
"fragments/1830/07/16-img2388","LEGACY","MATCHED_EXACT","1003","1830-07-16","diary-1830","img2388","","","1.0000","date, Page context and imported HTML hash match"
"fragments/1830/07/17-img2388","LEGACY","MATCHED_EXACT","1004","1830-07-17","diary-1830","img2388","","","1.0000","date, Page context and imported HTML hash match"
"fragments/1830/07/18-img2388","LEGACY","MATCHED_EXACT","1005","1830-07-18","diary-1830","img2388","","","1.0000","date, Page context and imported HTML hash match"
"fragments/1830/07/19-img2388","LEGACY","MATCHED_EXACT","1006","1830-07-19","diary-1830","img2388","","","1.0000","date, Page context and imported HTML hash match"
"fragments/1830/07/20-img2389","LEGACY","MATCHED_EXACT","1007","1830-07-20","diary-1830","img2389","","","1.0000","date, Page context and imported HTML hash match"
"fragments/1830/07/21-img2389","LEGACY","MATCHED_EXACT","1008","1830-07-21","diary-1830","img2389","","","1.0000","date, Page context and imported HTML hash match"
"fragments/1830/07/22-img2390","LEGACY","MATCHED_EXACT","1009","1830-07-22","diary-1830","img2390","","","1.0000","date, Page context and imported HTML hash match"
"fragments/1830/07/23-img2390","LEGACY","MATCHED_EXACT","1010","1830-07-23","diary-1830","img2390","","","1.0000","date, Page context and imported HTML hash match"
"fragments/1830/07/24-img2390","LEGACY","MATCHED_EXACT","1011","1830-07-24","diary-1830","img2390","","","1.0000","date, Page context and imported HTML hash match"
"fragments/1830/07/25-img2390","LEGACY","MATCHED_EXACT","1012","1830-07-25","diary-1830","img2390","","","1.0000","date, Page context and imported HTML hash match"
"fragments/1830/07/26-img2390","LEGACY","MATCHED_EXACT","1013","1830-07-26","diary-1830","img2390","","","1.0000","date, Page context and imported HTML hash match"
"fragments/1830/07/26-img2391","LEGACY","MATCHED_EXACT","1014","1830-07-26","diary-1830","img2391","","","2.0000","date, Page context and imported HTML hash match"
"fragments/1830/07/27-img2391","LEGACY","MATCHED_EXACT","1015","1830-07-27","diary-1830","img2391","","","1.0000","date, Page context and imported HTML hash match"
"fragments/1830/07/28-img2391","LEGACY","MATCHED_EXACT","1016","1830-07-28","diary-1830","img2391","","","1.0000","date, Page context and imported HTML hash match"
"fragments/1830/07/29-img2391","LEGACY","MATCHED_EXACT","1017","1830-07-29","diary-1830","img2391","","","1.0000","date, Page context and imported HTML hash match"
"fragments/1830/07/30-img2392","LEGACY","MATCHED_EXACT","1018","1830-07-30","diary-1830","img2392","","","1.0000","date, Page context and imported HTML hash match"
"fragments/1830/07/31-img2392","LEGACY","MATCHED_EXACT","1019","1830-07-31","diary-1830","img2392","","","1.0000","date, Page context and imported HTML hash match"
"fragments/1830/08/01-img2392","LEGACY","MATCHED_EXACT","1020","1830-08-01","diary-1830","img2392","","","1.0000","date, Page context and imported HTML hash match"
"fragments/1830/08/02-img2392","LEGACY","MATCHED_EXACT","1021","1830-08-02","diary-1830","img2392","","","1.0000","date, Page context and imported HTML hash match"
"fragments/1830/08/03-img2392","LEGACY","MATCHED_EXACT","1022","1830-08-03","diary-1830","img2392","","","1.0000","date, Page context and imported HTML hash match"
"fragments/1830/08/04-img2393","LEGACY","MATCHED_EXACT","1023","1830-08-04","diary-1830","img2393","","","1.0000","date, Page context and imported HTML hash match"
"fragments/1830/08/05-img2393","LEGACY","MATCHED_EXACT","1024","1830-08-05","diary-1830","img2393","","","1.0000","date, Page context and imported HTML hash match"
"fragments/1830/08/06-img2394","LEGACY","MATCHED_EXACT","1025","1830-08-06","diary-1830","img2394","","","1.0000","date, Page context and imported HTML hash match"
"fragments/1830/08/07-img2394","LEGACY","MATCHED_EXACT","1026","1830-08-07","diary-1830","img2394","","","1.0000","date, Page context and imported HTML hash match"
"fragments/1830/08/08-img2394","LEGACY","MATCHED_EXACT","1027","1830-08-08","diary-1830","img2394","","","1.0000","date, Page context and imported HTML hash match"
"fragments/1830/08/09-img2394","LEGACY","MATCHED_EXACT","1028","1830-08-09","diary-1830","img2394","","","1.0000","date, Page context and imported HTML hash match"
"fragments/1830/08/10-b2-img2390-image-bullring","LEGACY","MATCHED_EXACT","1029","1830-08-10","","","","","1.0000","date, Page context and imported HTML hash match"
"fragments/1830/08/10-b3-img2394-image-eldon-square-2","LEGACY","MATCHED_EXACT","1030","1830-08-10","","","","","2.0000","date, Page context and imported HTML hash match"
"fragments/1830/08/10-img2394","LEGACY","MATCHED_EXACT","1031","1830-08-10","diary-1830","img2394","","","3.0000","date, Page context and imported HTML hash match"
"fragments/1830/08/11-img2395","LEGACY","MATCHED_EXACT","1032","1830-08-11","diary-1830","img2395","","","1.0000","date, Page context and imported HTML hash match"
"fragments/1830/08/12-img2395","LEGACY","MATCHED_EXACT","1033","1830-08-12","diary-1830","img2395","","","1.0000","date, Page context and imported HTML hash match"
"fragments/1830/08/13-img2395","LEGACY","MATCHED_EXACT","1034","1830-08-13","diary-1830","img2395","","","1.0000","date, Page context and imported HTML hash match"
"fragments/1830/08/14-img2395","LEGACY","MATCHED_EXACT","1035","1830-08-14","diary-1830","img2395","","","1.0000","date, Page context and imported HTML hash match"
"fragments/1830/08/15-img2396","LEGACY","MATCHED_EXACT","1036","1830-08-15","diary-1830","img2396","","","1.0000","date, Page context and imported HTML hash match"
"fragments/1830/08/16-img2396","LEGACY","MATCHED_EXACT","1037","1830-08-16","diary-1830","img2396","","","1.0000","date, Page context and imported HTML hash match"
"fragments/1830/08/17-img2396","LEGACY","MATCHED_EXACT","1038","1830-08-17","diary-1830","img2396","","","1.0000","date, Page context and imported HTML hash match"
"fragments/1830/08/18-img2396","LEGACY","MATCHED_EXACT","1039","1830-08-18","diary-1830","img2396","","","1.0000","date, Page context and imported HTML hash match"
"fragments/1830/08/19-img2397","LEGACY","MATCHED_EXACT","1040","1830-08-19","diary-1830","img2397","","","1.0000","date, Page context and imported HTML hash match"
"fragments/1830/08/20-img2397","LEGACY","MATCHED_EXACT","1041","1830-08-20","diary-1830","img2397","","","1.0000","date, Page context and imported HTML hash match"
"fragments/1830/08/21-img2397","LEGACY","MATCHED_EXACT","1042","1830-08-21","diary-1830","img2397","","","1.0000","date, Page context and imported HTML hash match"
"fragments/1830/08/22-b1-img2398-image-archangel-map","LEGACY","MATCHED_EXACT","1043","1830-08-22","","","","","1.0000","date, Page context and imported HTML hash match"
"fragments/1830/08/22-img2397","LEGACY","MATCHED_EXACT","1044","1830-08-22","diary-1830","img2397","","","2.0000","date, Page context and imported HTML hash match"
"fragments/1830/08/23-img2398","LEGACY","MATCHED_EXACT","1045","1830-08-23","diary-1830","img2398","","","1.0000","date, Page context and imported HTML hash match"
"fragments/1830/08/24-img2398","LEGACY","MATCHED_EXACT","1046","1830-08-24","diary-1830","img2398","","","1.0000","date, Page context and imported HTML hash match"
"fragments/1830/08/25-img2398","LEGACY","MATCHED_EXACT","1047","1830-08-25","diary-1830","img2398","","","1.0000","date, Page context and imported HTML hash match"
"fragments/1830/08/26-img2398","LEGACY","MATCHED_EXACT","1048","1830-08-26","diary-1830","img2398","","","1.0000","date, Page context and imported HTML hash match"
"fragments/1830/08/27-img2399","LEGACY","MATCHED_EXACT","1049","1830-08-27","diary-1830","img2399","","","1.0000","date, Page context and imported HTML hash match"
"fragments/1830/08/28-img2399","LEGACY","MATCHED_EXACT","1050","1830-08-28","diary-1830","img2399","","","1.0000","date, Page context and imported HTML hash match"
"fragments/1830/08/29-img2399","LEGACY","MATCHED_EXACT","1051","1830-08-29","diary-1830","img2399","","","1.0000","date, Page context and imported HTML hash match"
"fragments/1830/08/30-img2399","LEGACY","MATCHED_EXACT","1052","1830-08-30","diary-1830","img2399","","","1.0000","date, Page context and imported HTML hash match"
"fragments/1830/08/31-img2399","LEGACY","MATCHED_EXACT","1053","1830-08-31","diary-1830","img2399","","","1.0000","date, Page context and imported HTML hash match"
"fragments/1830/09/01-img2400","LEGACY","MATCHED_EXACT","1054","1830-09-01","diary-1830","img2400","","","1.0000","date, Page context and imported HTML hash match"
"fragments/1830/09/02-img2400","LEGACY","MATCHED_EXACT","1055","1830-09-02","diary-1830","img2400","","","1.0000","date, Page context and imported HTML hash match"
"fragments/1830/09/03-img2400","LEGACY","MATCHED_EXACT","1056","1830-09-03","diary-1830","img2400","","","1.0000","date, Page context and imported HTML hash match"
"fragments/1830/09/04-img2400","LEGACY","MATCHED_EXACT","1057","1830-09-04","diary-1830","img2400","","","1.0000","date, Page context and imported HTML hash match"
"fragments/1830/09/05-img2400","LEGACY","MATCHED_EXACT","1058","1830-09-05","diary-1830","img2400","","","1.0000","date, Page context and imported HTML hash match"
"fragments/1830/09/06-img2401","LEGACY","MATCHED_EXACT","1059","1830-09-06","diary-1830","img2401","","","1.0000","date, Page context and imported HTML hash match"
"fragments/1830/09/07-img2401","LEGACY","MATCHED_EXACT","1060","1830-09-07","diary-1830","img2401","","","1.0000","date, Page context and imported HTML hash match"
"fragments/1830/09/08-img2401","LEGACY","MATCHED_EXACT","1061","1830-09-08","diary-1830","img2401","","","1.0000","date, Page context and imported HTML hash match"
"fragments/1830/09/09-img2401","LEGACY","MATCHED_EXACT","1062","1830-09-09","diary-1830","img2401","","","1.0000","date, Page context and imported HTML hash match"
"fragments/1830/09/10-img2401","LEGACY","MATCHED_EXACT","1063","1830-09-10","diary-1830","img2401","","","1.0000","date, Page context and imported HTML hash match"
"fragments/1830/09/11-img2402","LEGACY","MATCHED_EXACT","1064","1830-09-11","diary-1830","img2402","","","1.0000","date, Page context and imported HTML hash match"
"fragments/1830/09/12-img2402","LEGACY","MATCHED_EXACT","1065","1830-09-12","diary-1830","img2402","","","1.0000","date, Page context and imported HTML hash match"
"fragments/1830/09/13-img2402","LEGACY","MATCHED_EXACT","1066","1830-09-13","diary-1830","img2402","","","1.0000","date, Page context and imported HTML hash match"
"fragments/1830/09/14-img2402","LEGACY","MATCHED_EXACT","1067","1830-09-14","diary-1830","img2402","","","1.0000","date, Page context and imported HTML hash match"
"fragments/1830/09/15-img2403-left","LEGACY","MATCHED_EXACT","1068","1830-09-15","diary-1830","img2403","","","1.0000","date, Page context and imported HTML hash match"
"fragments/1830/09/16-img2403-left","LEGACY","MATCHED_EXACT","1069","1830-09-16","diary-1830","img2403","","","1.0000","date, Page context and imported HTML hash match"
"fragments/1830/09/17-img2403-left","LEGACY","MATCHED_EXACT","1070","1830-09-17","diary-1830","img2403","","","1.0000","date, Page context and imported HTML hash match"
"fragments/1830/09/18-img2403-right","LEGACY","MATCHED_EXACT","1071","1830-09-18","diary-1830","img2403","","","1.0000","date, Page context and imported HTML hash match"
"fragments/1830/09/19-img2403-right","LEGACY","MATCHED_EXACT","1072","1830-09-19","diary-1830","img2403","","","1.0000","date, Page context and imported HTML hash match"
"fragments/1830/09/20-img2403-right","LEGACY","MATCHED_EXACT","1073","1830-09-20","diary-1830","img2403","","","1.0000","date, Page context and imported HTML hash match"
"fragments/1830/09/21-img2403-right","LEGACY","MATCHED_EXACT","1074","1830-09-21","diary-1830","img2403","","","1.0000","date, Page context and imported HTML hash match"
"fragments/1830/09/22-img2403-right","LEGACY","MATCHED_EXACT","1075","1830-09-22","diary-1830","img2403","","","1.0000","date, Page context and imported HTML hash match"
"fragments/1830/09/23-img2404","LEGACY","MATCHED_EXACT","1076","1830-09-23","diary-1830","img2404","","","1.0000","date, Page context and imported HTML hash match"
"fragments/1830/09/24-img2404","LEGACY","MATCHED_EXACT","1077","1830-09-24","diary-1830","img2404","","","1.0000","date, Page context and imported HTML hash match"
"fragments/1830/09/25-img2404","LEGACY","MATCHED_EXACT","1078","1830-09-25","diary-1830","img2404","","","1.0000","date, Page context and imported HTML hash match"
"fragments/1830/09/26-img2404","LEGACY","MATCHED_EXACT","1079","1830-09-26","diary-1830","img2404","","","1.0000","date, Page context and imported HTML hash match"
"fragments/1830/09/27-img2405","LEGACY","MATCHED_EXACT","1080","1830-09-27","diary-1830","img2405","","","1.0000","date, Page context and imported HTML hash match"
"fragments/1830/09/28-img2405","LEGACY","MATCHED_EXACT","1081","1830-09-28","diary-1830","img2405","","","1.0000","date, Page context and imported HTML hash match"
"fragments/1830/09/29-img2405","LEGACY","MATCHED_EXACT","1082","1830-09-29","diary-1830","img2405","","","1.0000","date, Page context and imported HTML hash match"
"fragments/1830/09/30-img2405","LEGACY","MATCHED_EXACT","1083","1830-09-30","diary-1830","img2405","","","1.0000","date, Page context and imported HTML hash match"
"fragments/1830/10/01-img2406","LEGACY","MATCHED_EXACT","1084","1830-10-01","diary-1830","img2406","","","1.0000","date, Page context and imported HTML hash match"
"fragments/1830/10/02-img2406","LEGACY","MATCHED_EXACT","1085","1830-10-02","diary-1830","img2406","","","1.0000","date, Page context and imported HTML hash match"
"fragments/1830/10/03-img2406","LEGACY","MATCHED_EXACT","1086","1830-10-03","diary-1830","img2406","","","1.0000","date, Page context and imported HTML hash match"
"fragments/1830/10/04-img2406","LEGACY","MATCHED_EXACT","1087","1830-10-04","diary-1830","img2406","","","1.0000","date, Page context and imported HTML hash match"
"fragments/1830/10/05-img2406","LEGACY","MATCHED_EXACT","1088","1830-10-05","diary-1830","img2406","","","1.0000","date, Page context and imported HTML hash match"
"fragments/1830/10/06-img2407","LEGACY","MATCHED_EXACT","1089","1830-10-06","diary-1830","img2407","","","1.0000","date, Page context and imported HTML hash match"
"fragments/1830/10/07-img2407","LEGACY","MATCHED_EXACT","1090","1830-10-07","diary-1830","img2407","","","1.0000","date, Page context and imported HTML hash match"
"fragments/1830/10/08-img2407","LEGACY","MATCHED_EXACT","1091","1830-10-08","diary-1830","img2407","","","1.0000","date, Page context and imported HTML hash match"
"fragments/1830/10/09-img2407","LEGACY","MATCHED_EXACT","1092","1830-10-09","diary-1830","img2407","","","1.0000","date, Page context and imported HTML hash match"
"fragments/1830/10/10-img2407","LEGACY","MATCHED_EXACT","1093","1830-10-10","diary-1830","img2407","","","1.0000","date, Page context and imported HTML hash match"
"fragments/1830/10/11-img2408","LEGACY","MATCHED_EXACT","1094","1830-10-11","diary-1830","img2408","","","1.0000","date, Page context and imported HTML hash match"
"fragments/1830/10/12-img2408","LEGACY","MATCHED_EXACT","1095","1830-10-12","diary-1830","img2408","","","1.0000","date, Page context and imported HTML hash match"
"fragments/1830/10/13-img2408","LEGACY","MATCHED_EXACT","1096","1830-10-13","diary-1830","img2408","","","1.0000","date, Page context and imported HTML hash match"
"fragments/1830/10/14-img2408","LEGACY","MATCHED_EXACT","1097","1830-10-14","diary-1830","img2408","","","1.0000","date, Page context and imported HTML hash match"
"fragments/1830/10/15-img2409","LEGACY","MATCHED_EXACT","1098","1830-10-15","diary-1830","img2409","","","1.0000","date, Page context and imported HTML hash match"
"fragments/1830/10/16-img2409","LEGACY","MATCHED_EXACT","1099","1830-10-16","diary-1830","img2409","","","1.0000","date, Page context and imported HTML hash match"
"fragments/1830/10/17-img2409","LEGACY","MATCHED_EXACT","1100","1830-10-17","diary-1830","img2409","","","1.0000","date, Page context and imported HTML hash match"
"fragments/1830/10/18-img2409","LEGACY","MATCHED_EXACT","1101","1830-10-18","diary-1830","img2409","","","1.0000","date, Page context and imported HTML hash match"
"fragments/1830/10/19-img2410","LEGACY","MATCHED_EXACT","1102","1830-10-19","diary-1830","img2410","","","1.0000","date, Page context and imported HTML hash match"
"fragments/1830/10/20-img2410","LEGACY","MATCHED_EXACT","1103","1830-10-20","diary-1830","img2410","","","1.0000","date, Page context and imported HTML hash match"
"fragments/1830/10/21-img2410","LEGACY","MATCHED_EXACT","1104","1830-10-21","diary-1830","img2410","","","1.0000","date, Page context and imported HTML hash match"
"fragments/1830/10/22-img2410","LEGACY","MATCHED_EXACT","1105","1830-10-22","diary-1830","img2410","","","1.0000","date, Page context and imported HTML hash match"
"fragments/1830/10/23-img2410","LEGACY","MATCHED_EXACT","1106","1830-10-23","diary-1830","img2410","","","1.0000","date, Page context and imported HTML hash match"
"fragments/1830/10/24-img2411","LEGACY","MATCHED_EXACT","1107","1830-10-24","diary-1830","img2411","","","1.0000","date, Page context and imported HTML hash match"
"fragments/1830/10/25-img2411","LEGACY","MATCHED_EXACT","1108","1830-10-25","diary-1830","img2411","","","1.0000","date, Page context and imported HTML hash match"
"fragments/1830/10/26-img2411","LEGACY","MATCHED_EXACT","1109","1830-10-26","diary-1830","img2411","","","1.0000","date, Page context and imported HTML hash match"
"fragments/1830/10/27-img2411","LEGACY","MATCHED_EXACT","1110","1830-10-27","diary-1830","img2411","","","1.0000","date, Page context and imported HTML hash match"
"fragments/1830/10/28-img2412","LEGACY","MATCHED_EXACT","1111","1830-10-28","diary-1830","img2412","","","1.0000","date, Page context and imported HTML hash match"
"fragments/1830/10/29-img2412","LEGACY","MATCHED_EXACT","1112","1830-10-29","diary-1830","img2412","","","1.0000","date, Page context and imported HTML hash match"
"fragments/1830/10/30-img2412","LEGACY","MATCHED_EXACT","1113","1830-10-30","diary-1830","img2412","","","1.0000","date, Page context and imported HTML hash match"
"fragments/1830/10/31-img2412","LEGACY","MATCHED_EXACT","1114","1830-10-31","diary-1830","img2412","","","1.0000","date, Page context and imported HTML hash match"
"fragments/1830/11/01-img2413","LEGACY","MATCHED_EXACT","1115","1830-11-01","diary-1830","img2413","","","1.0000","date, Page context and imported HTML hash match"
"fragments/1830/11/02-img2413","LEGACY","MATCHED_EXACT","1116","1830-11-02","diary-1830","img2413","","","1.0000","date, Page context and imported HTML hash match"
"fragments/1830/11/03-img2413","LEGACY","MATCHED_EXACT","1117","1830-11-03","diary-1830","img2413","","","1.0000","date, Page context and imported HTML hash match"
"fragments/1830/11/04-img2413","LEGACY","MATCHED_EXACT","1118","1830-11-04","diary-1830","img2413","","","1.0000","date, Page context and imported HTML hash match"
"fragments/1830/11/05-img2414-left","LEGACY","MATCHED_EXACT","1119","1830-11-05","diary-1830","img2414","","","1.0000","date, Page context and imported HTML hash match"
"fragments/1830/11/06-img2414-left","LEGACY","MATCHED_EXACT","1120","1830-11-06","diary-1830","img2414","","","1.0000","date, Page context and imported HTML hash match"
"fragments/1830/11/07-img2414-left","LEGACY","MATCHED_EXACT","1121","1830-11-07","diary-1830","img2414","","","1.0000","date, Page context and imported HTML hash match"
"fragments/1830/11/08-img2414-left","LEGACY","MATCHED_EXACT","1122","1830-11-08","diary-1830","img2414","","","1.0000","date, Page context and imported HTML hash match"
"fragments/1830/11/09-img2414-right","LEGACY","MATCHED_EXACT","1123","1830-11-09","diary-1830","img2414","","","1.0000","date, Page context and imported HTML hash match"
"fragments/1830/11/10-img2414-right","LEGACY","MATCHED_EXACT","1124","1830-11-10","diary-1830","img2414","","","1.0000","date, Page context and imported HTML hash match"
"fragments/1830/11/11-img2414-right","LEGACY","MATCHED_EXACT","1125","1830-11-11","diary-1830","img2414","","","1.0000","date, Page context and imported HTML hash match"
"fragments/1830/11/12-img2414-right","LEGACY","MATCHED_EXACT","1126","1830-11-12","diary-1830","img2414","","","1.0000","date, Page context and imported HTML hash match"
"fragments/1830/11/13-img2415-left","LEGACY","MATCHED_EXACT","1127","1830-11-13","diary-1830","img2415","","","1.0000","date, Page context and imported HTML hash match"
"fragments/1830/11/14-img2415-left","LEGACY","MATCHED_EXACT","1128","1830-11-14","diary-1830","img2415","","","1.0000","date, Page context and imported HTML hash match"
"fragments/1830/11/15-img2415-left","LEGACY","MATCHED_EXACT","1129","1830-11-15","diary-1830","img2415","","","1.0000","date, Page context and imported HTML hash match"
"fragments/1830/11/16-img2415-left","LEGACY","MATCHED_EXACT","1130","1830-11-16","diary-1830","img2415","","","1.0000","date, Page context and imported HTML hash match"
"fragments/1830/11/17-img2415-right","LEGACY","MATCHED_EXACT","1131","1830-11-17","diary-1830","img2415","","","1.0000","date, Page context and imported HTML hash match"
"fragments/1830/11/18-img2415-right","LEGACY","MATCHED_EXACT","1132","1830-11-18","diary-1830","img2415","","","1.0000","date, Page context and imported HTML hash match"
"fragments/1830/11/19-img2415-right","LEGACY","MATCHED_EXACT","1133","1830-11-19","diary-1830","img2415","","","1.0000","date, Page context and imported HTML hash match"
"fragments/1830/11/20-img2416-left","LEGACY","MATCHED_EXACT","1134","1830-11-20","diary-1830","img2416","","","1.0000","date, Page context and imported HTML hash match"
"fragments/1830/11/21-img2416-left","LEGACY","MATCHED_EXACT","1135","1830-11-21","diary-1830","img2416","","","1.0000","date, Page context and imported HTML hash match"
"fragments/1830/11/22-img2416-left","LEGACY","MATCHED_EXACT","1136","1830-11-22","diary-1830","img2416","","","1.0000","date, Page context and imported HTML hash match"
"fragments/1830/11/23-img2416-left","LEGACY","MATCHED_EXACT","1137","1830-11-23","diary-1830","img2416","","","1.0000","date, Page context and imported HTML hash match"
"fragments/1830/11/24-img2416-right","LEGACY","MATCHED_EXACT","1138","1830-11-24","diary-1830","img2416","","","1.0000","date, Page context and imported HTML hash match"
"fragments/1830/11/25-img2416-right","LEGACY","MATCHED_EXACT","1139","1830-11-25","diary-1830","img2416","","","1.0000","date, Page context and imported HTML hash match"
"fragments/1830/11/26-img2416-right","LEGACY","MATCHED_EXACT","1140","1830-11-26","diary-1830","img2416","","","1.0000","date, Page context and imported HTML hash match"
"fragments/1830/11/27-img2416-right","LEGACY","MATCHED_EXACT","1141","1830-11-27","diary-1830","img2416","","","1.0000","date, Page context and imported HTML hash match"
"fragments/1830/11/28-img2417","LEGACY","MATCHED_EXACT","1142","1830-11-28","diary-1830","img2417","","","1.0000","date, Page context and imported HTML hash match"
"fragments/1830/11/29-img2417","LEGACY","MATCHED_EXACT","1143","1830-11-29","diary-1830","img2417","","","1.0000","date, Page context and imported HTML hash match"
"fragments/1830/11/30-img2417","LEGACY","MATCHED_EXACT","1144","1830-11-30","diary-1830","img2417","","","1.0000","date, Page context and imported HTML hash match"
"fragments/1830/12/01-img2418","LEGACY","MATCHED_EXACT","1145","1830-12-01","diary-1830","img2418","","","1.0000","date, Page context and imported HTML hash match"
"fragments/1830/12/02-img2418","LEGACY","MATCHED_EXACT","1146","1830-12-02","diary-1830","img2418","","","1.0000","date, Page context and imported HTML hash match"
"fragments/1830/12/03-img2418","LEGACY","MATCHED_EXACT","1147","1830-12-03","diary-1830","img2418","","","1.0000","date, Page context and imported HTML hash match"
"fragments/1830/12/04-img2419-left","LEGACY","MATCHED_EXACT","1148","1830-12-04","diary-1830","img2419","","","1.0000","date, Page context and imported HTML hash match"
"fragments/1830/12/05-img2419-left","LEGACY","MATCHED_EXACT","1149","1830-12-05","diary-1830","img2419","","","1.0000","date, Page context and imported HTML hash match"
"fragments/1830/12/06-img2419-left","LEGACY","MATCHED_EXACT","1150","1830-12-06","diary-1830","img2419","","","1.0000","date, Page context and imported HTML hash match"
"fragments/1830/12/07-img2419-left","LEGACY","MATCHED_EXACT","1151","1830-12-07","diary-1830","img2419","","","1.0000","date, Page context and imported HTML hash match"
"fragments/1830/12/08-img2419-right","LEGACY","MATCHED_EXACT","1152","1830-12-08","diary-1830","img2419","","","1.0000","date, Page context and imported HTML hash match"
"fragments/1830/12/09-img2419-right","LEGACY","MATCHED_EXACT","1153","1830-12-09","diary-1830","img2419","","","1.0000","date, Page context and imported HTML hash match"
"fragments/1830/12/10-img2419-right","LEGACY","MATCHED_EXACT","1154","1830-12-10","diary-1830","img2419","","","1.0000","date, Page context and imported HTML hash match"
"fragments/1830/12/11-img2419-right","LEGACY","MATCHED_EXACT","1155","1830-12-11","diary-1830","img2419","","","1.0000","date, Page context and imported HTML hash match"
"fragments/1830/12/12-img2419-right","LEGACY","MATCHED_EXACT","1156","1830-12-12","diary-1830","img2419","","","1.0000","date, Page context and imported HTML hash match"
"fragments/1830/12/12-img2420","LEGACY","MATCHED_EXACT","1157","1830-12-12","diary-1830","img2420","","","2.0000","date, Page context and imported HTML hash match"
"fragments/1830/12/13-img2420","LEGACY","MATCHED_EXACT","1158","1830-12-13","diary-1830","img2420","","","1.0000","date, Page context and imported HTML hash match"
"fragments/1830/12/14-img2420","LEGACY","MATCHED_EXACT","1159","1830-12-14","diary-1830","img2420","","","1.0000","date, Page context and imported HTML hash match"
"fragments/1830/12/15-img2421","LEGACY","MATCHED_EXACT","1160","1830-12-15","diary-1830","img2421","","","1.0000","date, Page context and imported HTML hash match"
"fragments/1830/12/16-img2421","LEGACY","MATCHED_EXACT","1161","1830-12-16","diary-1830","img2421","","","1.0000","date, Page context and imported HTML hash match"
"fragments/1830/12/17-img2421","LEGACY","MATCHED_EXACT","1162","1830-12-17","diary-1830","img2421","","","1.0000","date, Page context and imported HTML hash match"
"fragments/1830/12/18-img2423","LEGACY","MATCHED_EXACT","1163","1830-12-18","diary-1830","img2423","","","1.0000","date, Page context and imported HTML hash match"
"fragments/1830/12/19-img2423","LEGACY","MATCHED_EXACT","1164","1830-12-19","diary-1830","img2423","","","1.0000","date, Page context and imported HTML hash match"
"fragments/1830/12/20-img2424","LEGACY","MATCHED_EXACT","1165","1830-12-20","diary-1830","img2424","","","1.0000","date, Page context and imported HTML hash match"
"fragments/1830/12/21-img2424","LEGACY","MATCHED_EXACT","1166","1830-12-21","diary-1830","img2424","","","1.0000","date, Page context and imported HTML hash match"
"fragments/1830/12/22-img2424","LEGACY","MATCHED_EXACT","1167","1830-12-22","diary-1830","img2424","","","1.0000","date, Page context and imported HTML hash match"
"fragments/1830/12/23-img2424","LEGACY","MATCHED_EXACT","1168","1830-12-23","diary-1830","img2424","","","1.0000","date, Page context and imported HTML hash match"
"fragments/1830/12/24-img2425","LEGACY","MATCHED_EXACT","1169","1830-12-24","diary-1830","img2425","","","1.0000","date, Page context and imported HTML hash match"
"fragments/1830/12/25-img2425","LEGACY","MATCHED_EXACT","1170","1830-12-25","diary-1830","img2425","","","1.0000","date, Page context and imported HTML hash match"
"fragments/1830/12/26-img2425","LEGACY","MATCHED_EXACT","1171","1830-12-26","diary-1830","img2425","","","1.0000","date, Page context and imported HTML hash match"
"fragments/1830/12/27-img2426","LEGACY","MATCHED_EXACT","1172","1830-12-27","diary-1830","img2426","","","1.0000","date, Page context and imported HTML hash match"
"fragments/1830/12/28-img2426","LEGACY","MATCHED_EXACT","1173","1830-12-28","diary-1830","img2426","","","1.0000","date, Page context and imported HTML hash match"
"fragments/1830/12/29-img2426","LEGACY","MATCHED_EXACT","1174","1830-12-29","diary-1830","img2426","","","1.0000","date, Page context and imported HTML hash match"
"fragments/1830/12/30-img2426","LEGACY","MATCHED_EXACT","1175","1830-12-30","diary-1830","img2426","","","1.0000","date, Page context and imported HTML hash match"
"fragments/1830/12/31-img2427","LEGACY","MATCHED_EXACT","1176","1830-12-31","diary-1830","img2427","","","1.0000","date, Page context and imported HTML hash match"
"fragments/1831/01/01-dc-highlights-1831","LEGACY","MATCHED_EXACT","1177","1831-01-01","","","","","2.0000","date, Page context and imported HTML hash match"
"fragments/1831/01/01-img2733","LEGACY","MATCHED_EXACT","1178","1831-01-01","diary-1831","img2733","","","1.0000","date, Page context and imported HTML hash match"
"fragments/1831/01/02-img2733","LEGACY","MATCHED_EXACT","1179","1831-01-02","diary-1831","img2733","","","1.0000","date, Page context and imported HTML hash match"
"fragments/1831/01/03-img2733","LEGACY","MATCHED_EXACT","1180","1831-01-03","diary-1831","img2733","","","1.0000","date, Page context and imported HTML hash match"
"fragments/1831/01/04-img2734","LEGACY","MATCHED_EXACT","1181","1831-01-04","diary-1831","img2734","","","1.0000","date, Page context and imported HTML hash match"
"fragments/1831/01/05-b1-img2734-doodle-on-blotting-paper","LEGACY","MISSING_FROM_DATABASE","","1831-01-05","","img2734","","","","no unclaimed database row has the same date and Page context"
"fragments/1831/01/05-img2734","LEGACY","MATCHED_EXACT","1183","1831-01-05","diary-1831","img2734","","","2.0000","date, Page context and imported HTML hash match"
"fragments/1831/01/06-img2734","LEGACY","MATCHED_EXACT","1184","1831-01-06","diary-1831","img2734","","","1.0000","date, Page context and imported HTML hash match"
"fragments/1831/01/07-img2735","LEGACY","MATCHED_EXACT","1185","1831-01-07","diary-1831","img2735","","","1.0000","date, Page context and imported HTML hash match"
"fragments/1831/01/08-img2735","LEGACY","MATCHED_EXACT","1186","1831-01-08","diary-1831","img2735","","","1.0000","date, Page context and imported HTML hash match"
"fragments/1831/01/09-img2735","LEGACY","MATCHED_EXACT","1187","1831-01-09","diary-1831","img2735","","","1.0000","date, Page context and imported HTML hash match"
"fragments/1831/01/10-img2736","LEGACY","MATCHED_EXACT","1188","1831-01-10","diary-1831","img2736","","","1.0000","date, Page context and imported HTML hash match"
"fragments/1831/01/11-img2736","LEGACY","MATCHED_EXACT","1189","1831-01-11","diary-1831","img2736","","","1.0000","date, Page context and imported HTML hash match"
"fragments/1831/01/12-img2736","LEGACY","MATCHED_EXACT","1190","1831-01-12","diary-1831","img2736","","","1.0000","date, Page context and imported HTML hash match"
"fragments/1831/01/13-img2736","LEGACY","MATCHED_EXACT","1191","1831-01-13","diary-1831","img2736","","","1.0000","date, Page context and imported HTML hash match"
"fragments/1831/01/14-img2737","LEGACY","MATCHED_EXACT","1192","1831-01-14","diary-1831","img2737","","","1.0000","date, Page context and imported HTML hash match"
"fragments/1831/01/15-img2737","LEGACY","MATCHED_EXACT","1193","1831-01-15","diary-1831","img2737","","","1.0000","date, Page context and imported HTML hash match"
"fragments/1831/01/16-img2737","LEGACY","MATCHED_EXACT","1194","1831-01-16","diary-1831","img2737","","","1.0000","date, Page context and imported HTML hash match"
"fragments/1831/01/17-img2737","LEGACY","MATCHED_EXACT","1195","1831-01-17","diary-1831","img2737","","","1.0000","date, Page context and imported HTML hash match"
"fragments/1831/01/18-img2738","LEGACY","MATCHED_EXACT","1196","1831-01-18","diary-1831","img2738","","","1.0000","date, Page context and imported HTML hash match"
"fragments/1831/01/19-img2738","LEGACY","MATCHED_EXACT","1197","1831-01-19","diary-1831","img2738","","","1.0000","date, Page context and imported HTML hash match"
"fragments/1831/01/20-img2738","LEGACY","MATCHED_EXACT","1198","1831-01-20","diary-1831","img2738","","","1.0000","date, Page context and imported HTML hash match"
"fragments/1831/01/21-img2738","LEGACY","MATCHED_EXACT","1199","1831-01-21","diary-1831","img2738","","","1.0000","date, Page context and imported HTML hash match"
"fragments/1831/01/22-img2738","LEGACY","MATCHED_EXACT","1200","1831-01-22","diary-1831","img2738","","","1.0000","date, Page context and imported HTML hash match"
"fragments/1831/01/23-img2739","LEGACY","MATCHED_EXACT","1201","1831-01-23","diary-1831","img2739","","","1.0000","date, Page context and imported HTML hash match"
"fragments/1831/01/24-img2739","LEGACY","MATCHED_EXACT","1202","1831-01-24","diary-1831","img2739","","","1.0000","date, Page context and imported HTML hash match"
"fragments/1831/01/25-img2739","LEGACY","MATCHED_EXACT","1203","1831-01-25","diary-1831","img2739","","","1.0000","date, Page context and imported HTML hash match"
"fragments/1831/01/26-img2740","LEGACY","MATCHED_EXACT","1204","1831-01-26","diary-1831","img2740","","","1.0000","date, Page context and imported HTML hash match"
"fragments/1831/01/27-img2740","LEGACY","MATCHED_EXACT","1205","1831-01-27","diary-1831","img2740","","","1.0000","date, Page context and imported HTML hash match"
"fragments/1831/01/28-img2741","LEGACY","MATCHED_EXACT","1206","1831-01-28","diary-1831","img2741","","","1.0000","date, Page context and imported HTML hash match"
"fragments/1831/01/29-img2741","LEGACY","MATCHED_EXACT","1207","1831-01-29","diary-1831","img2741","","","1.0000","date, Page context and imported HTML hash match"
"fragments/1831/01/30-img2742","LEGACY","MATCHED_EXACT","1208","1831-01-30","diary-1831","img2742","","","1.0000","date, Page context and imported HTML hash match"
"fragments/1831/01/31-img2742","LEGACY","MATCHED_EXACT","1209","1831-01-31","diary-1831","img2742","","","1.0000","date, Page context and imported HTML hash match"
"fragments/1831/02/01-img2743","LEGACY","MATCHED_EXACT","1210","1831-02-01","diary-1831","img2743","","","1.0000","date, Page context and imported HTML hash match"
"fragments/1831/02/02-img2743","LEGACY","MATCHED_EXACT","1211","1831-02-02","diary-1831","img2743","","","1.0000","date, Page context and imported HTML hash match"
"fragments/1831/02/03-img2744","LEGACY","MATCHED_EXACT","1212","1831-02-03","diary-1831","img2744","","","1.0000","date, Page context and imported HTML hash match"
"fragments/1831/02/04-img2744","LEGACY","MATCHED_EXACT","1213","1831-02-04","diary-1831","img2744","","","1.0000","date, Page context and imported HTML hash match"
"fragments/1831/02/05-img2744","LEGACY","MATCHED_EXACT","1214","1831-02-05","diary-1831","img2744","","","1.0000","date, Page context and imported HTML hash match"
"fragments/1831/02/05-img2745","LEGACY","MATCHED_EXACT","1215","1831-02-05","diary-1831","img2745","","","2.0000","date, Page context and imported HTML hash match"
"fragments/1831/02/06-img2745","LEGACY","MATCHED_EXACT","1216","1831-02-06","diary-1831","img2745","","","1.0000","date, Page context and imported HTML hash match"
"fragments/1831/02/07-img2745","LEGACY","MATCHED_EXACT","1217","1831-02-07","diary-1831","img2745","","","1.0000","date, Page context and imported HTML hash match"
"fragments/1831/02/08-img2745","LEGACY","MATCHED_EXACT","1218","1831-02-08","diary-1831","img2745","","","1.0000","date, Page context and imported HTML hash match"
"fragments/1831/02/08-img2746","LEGACY","MATCHED_EXACT","1219","1831-02-08","diary-1831","img2746","","","2.0000","date, Page context and imported HTML hash match"
"fragments/1831/02/09-img2746","LEGACY","MATCHED_EXACT","1220","1831-02-09","diary-1831","img2746","","","1.0000","date, Page context and imported HTML hash match"
"fragments/1831/02/10-img2746","LEGACY","MATCHED_EXACT","1221","1831-02-10","diary-1831","img2746","","","1.0000","date, Page context and imported HTML hash match"
"fragments/1831/02/11-img2746","LEGACY","MATCHED_EXACT","1222","1831-02-11","diary-1831","img2746","","","1.0000","date, Page context and imported HTML hash match"
"fragments/1831/02/12-img2747","LEGACY","MATCHED_EXACT","1223","1831-02-12","diary-1831","img2747","","","1.0000","date, Page context and imported HTML hash match"
"fragments/1831/02/13-img2747","LEGACY","MATCHED_EXACT","1224","1831-02-13","diary-1831","img2747","","","1.0000","date, Page context and imported HTML hash match"
"fragments/1831/02/14-img2747","LEGACY","MATCHED_EXACT","1225","1831-02-14","diary-1831","img2747","","","1.0000","date, Page context and imported HTML hash match"
"fragments/1831/02/15-img2747","LEGACY","MATCHED_EXACT","1226","1831-02-15","diary-1831","img2747","","","1.0000","date, Page context and imported HTML hash match"
"fragments/1831/02/16-img2747","LEGACY","MATCHED_EXACT","1227","1831-02-16","diary-1831","img2747","","","1.0000","date, Page context and imported HTML hash match"
"fragments/1831/02/17-img2748","LEGACY","MATCHED_EXACT","1228","1831-02-17","diary-1831","img2748","","","1.0000","date, Page context and imported HTML hash match"
"fragments/1831/02/18-img2748","LEGACY","MATCHED_EXACT","1229","1831-02-18","diary-1831","img2748","","","1.0000","date, Page context and imported HTML hash match"
"fragments/1831/02/19-img2748","LEGACY","MATCHED_EXACT","1230","1831-02-19","diary-1831","img2748","","","1.0000","date, Page context and imported HTML hash match"
"fragments/1831/02/19-img2749","LEGACY","MATCHED_EXACT","1231","1831-02-19","diary-1831","img2749","","","2.0000","date, Page context and imported HTML hash match"
"fragments/1831/02/20-img2749","LEGACY","MATCHED_EXACT","1232","1831-02-20","diary-1831","img2749","","","1.0000","date, Page context and imported HTML hash match"
"fragments/1831/02/21-img2749","LEGACY","MATCHED_EXACT","1233","1831-02-21","diary-1831","img2749","","","1.0000","date, Page context and imported HTML hash match"
"fragments/1831/02/22-img2749","LEGACY","MATCHED_EXACT","1234","1831-02-22","diary-1831","img2749","","","1.0000","date, Page context and imported HTML hash match"
"fragments/1831/02/23-img2749","LEGACY","MATCHED_EXACT","1235","1831-02-23","diary-1831","img2749","","","1.0000","date, Page context and imported HTML hash match"
"fragments/1831/02/24-img2750","LEGACY","MATCHED_EXACT","1236","1831-02-24","diary-1831","img2750","","","1.0000","date, Page context and imported HTML hash match"
"fragments/1831/02/25-img2750","LEGACY","MATCHED_EXACT","1237","1831-02-25","diary-1831","img2750","","","1.0000","date, Page context and imported HTML hash match"
"fragments/1831/02/26-img2750","LEGACY","MATCHED_EXACT","1238","1831-02-26","diary-1831","img2750","","","1.0000","date, Page context and imported HTML hash match"
"fragments/1831/02/27-img2750","LEGACY","MATCHED_EXACT","1239","1831-02-27","diary-1831","img2750","","","1.0000","date, Page context and imported HTML hash match"
"fragments/1831/02/28-img2751","LEGACY","MATCHED_EXACT","1240","1831-02-28","diary-1831","img2751","","","1.0000","date, Page context and imported HTML hash match"
"fragments/1831/03/01-img2751","LEGACY","MATCHED_EXACT","1241","1831-03-01","diary-1831","img2751","","","1.0000","date, Page context and imported HTML hash match"
"fragments/1831/03/02-img2751","LEGACY","MATCHED_EXACT","1242","1831-03-02","diary-1831","img2751","","","1.0000","date, Page context and imported HTML hash match"
"fragments/1831/03/06-img2752","LEGACY","MATCHED_EXACT","1243","1831-03-06","diary-1831","img2752","","","1.0000","date, Page context and imported HTML hash match"
"fragments/1831/03/07-img2752","LEGACY","MATCHED_EXACT","1244","1831-03-07","diary-1831","img2752","","","1.0000","date, Page context and imported HTML hash match"
"fragments/1831/03/08-img2752","LEGACY","MATCHED_EXACT","1245","1831-03-08","diary-1831","img2752","","","1.0000","date, Page context and imported HTML hash match"
"fragments/1831/03/09-img2752","LEGACY","MATCHED_EXACT","1246","1831-03-09","diary-1831","img2752","","","1.0000","date, Page context and imported HTML hash match"
"fragments/1831/03/10-img2753-left","LEGACY","MATCHED_EXACT","1247","1831-03-10","diary-1831","img2753","","","1.0000","date, Page context and imported HTML hash match"
"fragments/1831/03/11-img2753-left","LEGACY","MATCHED_EXACT","1248","1831-03-11","diary-1831","img2753","","","1.0000","date, Page context and imported HTML hash match"
"fragments/1831/03/12-img2753-left","LEGACY","MATCHED_EXACT","1249","1831-03-12","diary-1831","img2753","","","1.0000","date, Page context and imported HTML hash match"
"fragments/1831/03/13-img2753-left","LEGACY","MATCHED_EXACT","1250","1831-03-13","diary-1831","img2753","","","1.0000","date, Page context and imported HTML hash match"
"fragments/1831/03/14-b3-img2753-white-swan-alnwick","LEGACY","MATCHED_EXACT","1251","1831-03-14","diary-1831","img2753","","","1.0000","date, Page context and imported HTML hash match"
"fragments/1831/03/14-img2753-right","LEGACY","MATCHED_EXACT","1252","1831-03-14","diary-1831","img2753","","","2.0000","date, Page context and imported HTML hash match"
"fragments/1831/03/15-b3-img2754-castle-alnwick","LEGACY","MATCHED_EXACT","1253","1831-03-15","diary-1831","img2754","","","1.0000","date, Page context and imported HTML hash match"
"fragments/1831/03/15-img2753-right","LEGACY","MATCHED_EXACT","1254","1831-03-15","diary-1831","img2753","","","2.0000","date, Page context and imported HTML hash match"
"fragments/1831/03/16-img2753-right","LEGACY","MATCHED_EXACT","1255","1831-03-16","diary-1831","img2753","","","1.0000","date, Page context and imported HTML hash match"
"fragments/1831/03/16-img2758","LEGACY","MATCHED_EXACT","1256","1831-03-16","diary-1831","img2758","","","2.0000","date, Page context and imported HTML hash match"
"fragments/1831/03/17-img2753-right","LEGACY","MATCHED_EXACT","1257","1831-03-17","diary-1831","img2753","","","1.0000","date, Page context and imported HTML hash match"
"fragments/1831/03/18-img2754","LEGACY","MATCHED_EXACT","1258","1831-03-18","diary-1831","img2754","","","1.0000","date, Page context and imported HTML hash match"
"fragments/1831/03/19-img2754","LEGACY","MATCHED_EXACT","1259","1831-03-19","diary-1831","img2754","","","1.0000","date, Page context and imported HTML hash match"
"fragments/1831/03/20-img2754","LEGACY","MATCHED_EXACT","1260","1831-03-20","diary-1831","img2754","","","1.0000","date, Page context and imported HTML hash match"
"fragments/1831/03/21-img2754","LEGACY","MATCHED_EXACT","1261","1831-03-21","diary-1831","img2754","","","1.0000","date, Page context and imported HTML hash match"
"fragments/1831/03/22-b3-img2754-the-bull-alnwick","LEGACY","MATCHED_EXACT","1262","1831-03-22","diary-1831","img2754","","","1.0000","date, Page context and imported HTML hash match"
"fragments/1831/03/22-img2754","LEGACY","MATCHED_EXACT","1263","1831-03-22","diary-1831","img2754","","","2.0000","date, Page context and imported HTML hash match"
"fragments/1831/03/23-img2755","LEGACY","MATCHED_EXACT","1264","1831-03-23","diary-1831","img2755","","","1.0000","date, Page context and imported HTML hash match"
"fragments/1831/03/24-img2755","LEGACY","MATCHED_EXACT","1265","1831-03-24","diary-1831","img2755","","","1.0000","date, Page context and imported HTML hash match"
"fragments/1831/03/25-img2755","LEGACY","MATCHED_EXACT","1266","1831-03-25","diary-1831","img2755","","","1.0000","date, Page context and imported HTML hash match"
"fragments/1831/03/26-img2756","LEGACY","MATCHED_EXACT","1267","1831-03-26","diary-1831","img2756","","","1.0000","date, Page context and imported HTML hash match"
"fragments/1831/03/27-img2756","LEGACY","MATCHED_EXACT","1268","1831-03-27","diary-1831","img2756","","","1.0000","date, Page context and imported HTML hash match"
"fragments/1831/03/28-b3-img2755-bondgate-hall","LEGACY","MATCHED_EXACT","1269","1831-03-28","diary-1831","img2755","","","1.0000","date, Page context and imported HTML hash match"
"fragments/1831/03/28-img2756","LEGACY","MATCHED_EXACT","1270","1831-03-28","diary-1831","img2756","","","2.0000","date, Page context and imported HTML hash match"
"fragments/1831/03/29-img2756","LEGACY","MATCHED_EXACT","1271","1831-03-29","diary-1831","img2756","","","1.0000","date, Page context and imported HTML hash match"
"fragments/1831/03/29-img2757","LEGACY","MATCHED_EXACT","1272","1831-03-29","diary-1831","img2757","","","2.0000","date, Page context and imported HTML hash match"
"fragments/1831/03/30-img2757","LEGACY","MATCHED_EXACT","1273","1831-03-30","diary-1831","img2757","","","1.0000","date, Page context and imported HTML hash match"
"fragments/1831/03/31-img2757","LEGACY","MATCHED_EXACT","1274","1831-03-31","diary-1831","img2757","","","1.0000","date, Page context and imported HTML hash match"
"fragments/1831/04/01-img2758","LEGACY","MATCHED_EXACT","1275","1831-04-01","diary-1831","img2758","","","1.0000","date, Page context and imported HTML hash match"
"fragments/1831/04/02-b3-img2758-charlotte-square-newcastle","LEGACY","MATCHED_EXACT","1276","1831-04-02","diary-1831","img2755","","","1.0000","date, Page context and imported HTML hash match"
"fragments/1831/04/02-img2758","LEGACY","MATCHED_EXACT","1277","1831-04-02","diary-1831","img2758","","","2.0000","date, Page context and imported HTML hash match"
"fragments/1831/04/03-img2758","LEGACY","MATCHED_EXACT","1278","1831-04-03","diary-1831","img2758","","","1.0000","date, Page context and imported HTML hash match"
"fragments/1831/04/04-b3-img2758-northumberland-alms-tynemouth","LEGACY","MATCHED_EXACT","1279","1831-04-04","diary-1831","img2755","","","1.0000","date, Page context and imported HTML hash match"
"fragments/1831/04/04-img2759","LEGACY","MATCHED_EXACT","1280","1831-04-04","diary-1831","img2759","","","2.0000","date, Page context and imported HTML hash match"
"fragments/1831/04/05-img2759","LEGACY","MATCHED_EXACT","1281","1831-04-05","diary-1831","img2759","","","1.0000","date, Page context and imported HTML hash match"
"fragments/1831/04/06-img2759","LEGACY","MATCHED_EXACT","1282","1831-04-06","diary-1831","img2759","","","1.0000","date, Page context and imported HTML hash match"
"fragments/1831/04/07-img2760","LEGACY","MATCHED_EXACT","1283","1831-04-07","diary-1831","img2760","","","1.0000","date, Page context and imported HTML hash match"
"fragments/1831/04/08-img2760","LEGACY","MATCHED_EXACT","1284","1831-04-08","diary-1831","img2760","","","1.0000","date, Page context and imported HTML hash match"
"fragments/1831/04/09-img2760","LEGACY","MATCHED_EXACT","1285","1831-04-09","diary-1831","img2760","","","1.0000","date, Page context and imported HTML hash match"
"fragments/1831/04/10-img2760","LEGACY","MATCHED_EXACT","1286","1831-04-10","diary-1831","img2760","","","1.0000","date, Page context and imported HTML hash match"
"fragments/1831/04/11-img2761","LEGACY","MATCHED_EXACT","1287","1831-04-11","diary-1831","img2761","","","1.0000","date, Page context and imported HTML hash match"
"fragments/1831/04/12-b3-img2761-brandon-white-house","LEGACY","MATCHED_EXACT","1288","1831-04-12","diary-1831","img2761","","","1.0000","date, Page context and imported HTML hash match"
"fragments/1831/04/12-img2761","LEGACY","MATCHED_EXACT","1289","1831-04-12","diary-1831","img2761","","","2.0000","date, Page context and imported HTML hash match"
"fragments/1831/04/13-img2761","LEGACY","MATCHED_EXACT","1290","1831-04-13","diary-1831","img2761","","","1.0000","date, Page context and imported HTML hash match"
"fragments/1831/04/14-img2761","LEGACY","MATCHED_EXACT","1291","1831-04-14","diary-1831","img2761","","","1.0000","date, Page context and imported HTML hash match"
"fragments/1831/04/15-img2762","LEGACY","MATCHED_EXACT","1292","1831-04-15","diary-1831","img2762","","","1.0000","date, Page context and imported HTML hash match"
"fragments/1831/04/16-img2762","LEGACY","MATCHED_EXACT","1293","1831-04-16","diary-1831","img2762","","","1.0000","date, Page context and imported HTML hash match"
"fragments/1831/04/17-img2762","LEGACY","MATCHED_EXACT","1294","1831-04-17","diary-1831","img2762","","","1.0000","date, Page context and imported HTML hash match"
"fragments/1831/04/18-img2762","LEGACY","MATCHED_EXACT","1295","1831-04-18","diary-1831","img2762","","","1.0000","date, Page context and imported HTML hash match"
"fragments/1831/04/19-b3-img2762-north-shields-walk","LEGACY","MATCHED_EXACT","1296","1831-04-19","diary-1831","img2762","","","1.0000","date, Page context and imported HTML hash match"
"fragments/1831/04/19-img2762","LEGACY","MATCHED_EXACT","1297","1831-04-19","diary-1831","img2762","","","2.0000","date, Page context and imported HTML hash match"
"fragments/1831/04/20-img2763","LEGACY","MATCHED_EXACT","1298","1831-04-20","diary-1831","img2763","","","1.0000","date, Page context and imported HTML hash match"
"fragments/1831/04/21-img2763","LEGACY","MATCHED_EXACT","1299","1831-04-21","diary-1831","img2763","","","1.0000","date, Page context and imported HTML hash match"
"fragments/1831/04/22-img2763","LEGACY","MATCHED_EXACT","1300","1831-04-22","diary-1831","img2763","","","1.0000","date, Page context and imported HTML hash match"
"fragments/1831/04/23-img2764","LEGACY","MATCHED_EXACT","1301","1831-04-23","diary-1831","img2764","","","1.0000","date, Page context and imported HTML hash match"
"fragments/1831/04/24-img2764","LEGACY","MATCHED_EXACT","1302","1831-04-24","diary-1831","img2764","","","1.0000","date, Page context and imported HTML hash match"
"fragments/1831/04/25-img2764","LEGACY","MATCHED_EXACT","1303","1831-04-25","diary-1831","img2764","","","1.0000","date, Page context and imported HTML hash match"
"fragments/1831/04/26-img2764","LEGACY","MATCHED_EXACT","1304","1831-04-26","diary-1831","img2764","","","1.0000","date, Page context and imported HTML hash match"
"fragments/1831/04/27-img2765","LEGACY","MATCHED_EXACT","1305","1831-04-27","diary-1831","img2765","","","1.0000","date, Page context and imported HTML hash match"
"fragments/1831/04/28-img2765","LEGACY","MATCHED_EXACT","1306","1831-04-28","diary-1831","img2765","","","1.0000","date, Page context and imported HTML hash match"
"fragments/1831/04/29-img2765","LEGACY","MATCHED_EXACT","1307","1831-04-29","diary-1831","img2765","","","1.0000","date, Page context and imported HTML hash match"
"fragments/1831/04/30-img2765","LEGACY","MATCHED_EXACT","1308","1831-04-30","diary-1831","img2765","","","1.0000","date, Page context and imported HTML hash match"
"fragments/1831/05/01-img2766","LEGACY","MATCHED_EXACT","1309","1831-05-01","diary-1831","img2766","","","1.0000","date, Page context and imported HTML hash match"
"fragments/1831/05/02-img2766","LEGACY","MATCHED_EXACT","1310","1831-05-02","diary-1831","img2766","","","1.0000","date, Page context and imported HTML hash match"
"fragments/1831/05/03-img2766","LEGACY","MATCHED_EXACT","1311","1831-05-03","diary-1831","img2766","","","1.0000","date, Page context and imported HTML hash match"
"fragments/1831/05/04-img2766","LEGACY","MATCHED_EXACT","1312","1831-05-04","diary-1831","img2766","","","1.0000","date, Page context and imported HTML hash match"
"fragments/1831/05/05-img2767","LEGACY","MATCHED_EXACT","1313","1831-05-05","diary-1831","img2767","","","1.0000","date, Page context and imported HTML hash match"
"fragments/1831/05/06-img2767","LEGACY","MATCHED_EXACT","1314","1831-05-06","diary-1831","img2767","","","1.0000","date, Page context and imported HTML hash match"
"fragments/1831/05/07-b3-img2767-hms-samarang","LEGACY","MATCHED_EXACT","1315","1831-05-07","diary-1831","img2767","","","1.0000","date, Page context and imported HTML hash match"
"fragments/1831/05/07-img2767","LEGACY","MATCHED_EXACT","1316","1831-05-07","diary-1831","img2767","","","2.0000","date, Page context and imported HTML hash match"
"fragments/1831/05/08-img2768","LEGACY","MATCHED_EXACT","1317","1831-05-08","diary-1831","img2768","","","1.0000","date, Page context and imported HTML hash match"
"fragments/1831/05/09-img2768","LEGACY","MATCHED_EXACT","1318","1831-05-09","diary-1831","img2768","","","1.0000","date, Page context and imported HTML hash match"
"fragments/1831/05/10-img2768","LEGACY","MATCHED_EXACT","1319","1831-05-10","diary-1831","img2768","","","1.0000","date, Page context and imported HTML hash match"
"fragments/1831/05/11-img2768","LEGACY","MATCHED_EXACT","1320","1831-05-11","diary-1831","img2768","","","1.0000","date, Page context and imported HTML hash match"
"fragments/1831/05/12-b3-img2769-mayer-archibald-and-the keelmen-strike","LEGACY","MATCHED_EXACT","1321","1831-05-12","diary-1831","img2769","","","1.0000","date, Page context and imported HTML hash match"
"fragments/1831/05/12-img2769","LEGACY","MATCHED_EXACT","1322","1831-05-12","diary-1831","img2769","","","2.0000","date, Page context and imported HTML hash match"
"fragments/1831/05/13-img2769","LEGACY","MATCHED_EXACT","1323","1831-05-13","diary-1831","img2769","","","1.0000","date, Page context and imported HTML hash match"
"fragments/1831/05/14-img2769","LEGACY","MATCHED_EXACT","1324","1831-05-14","diary-1831","img2769","","","1.0000","date, Page context and imported HTML hash match"
"fragments/1831/05/15-img2769","LEGACY","MATCHED_EXACT","1325","1831-05-15","diary-1831","img2769","","","1.0000","date, Page context and imported HTML hash match"
"fragments/1831/05/16-img2769","LEGACY","MATCHED_EXACT","1326","1831-05-16","diary-1831","img2769","","","1.0000","date, Page context and imported HTML hash match"
"fragments/1831/05/17-img2770","LEGACY","MATCHED_EXACT","1327","1831-05-17","diary-1831","img2770","","","1.0000","date, Page context and imported HTML hash match"
"fragments/1831/05/18-img2770","LEGACY","MATCHED_EXACT","1328","1831-05-18","diary-1831","img2770","","","1.0000","date, Page context and imported HTML hash match"
"fragments/1831/05/19-img2770","LEGACY","MATCHED_EXACT","1329","1831-05-19","diary-1831","img2770","","","1.0000","date, Page context and imported HTML hash match"
"fragments/1831/05/20-img2771","LEGACY","MATCHED_EXACT","1330","1831-05-20","diary-1831","img2771","","","1.0000","date, Page context and imported HTML hash match"
"fragments/1831/05/21-img2771","LEGACY","MATCHED_EXACT","1331","1831-05-21","diary-1831","img2771","","","1.0000","date, Page context and imported HTML hash match"
"fragments/1831/05/22-img2771","LEGACY","MATCHED_EXACT","1332","1831-05-22","diary-1831","img2771","","","1.0000","date, Page context and imported HTML hash match"
"fragments/1831/05/23-img2771","LEGACY","MATCHED_EXACT","1333","1831-05-23","diary-1831","img2771","","","1.0000","date, Page context and imported HTML hash match"
"fragments/1831/05/24-img2772","LEGACY","MATCHED_EXACT","1334","1831-05-24","diary-1831","img2772","","","1.0000","date, Page context and imported HTML hash match"
"fragments/1831/05/25-img2772","LEGACY","MATCHED_EXACT","1335","1831-05-25","diary-1831","img2772","","","1.0000","date, Page context and imported HTML hash match"
"fragments/1831/05/26-img2772","LEGACY","MATCHED_EXACT","1336","1831-05-26","diary-1831","img2772","","","1.0000","date, Page context and imported HTML hash match"
"fragments/1831/05/27-img2772","LEGACY","MATCHED_EXACT","1337","1831-05-27","diary-1831","img2772","","","1.0000","date, Page context and imported HTML hash match"
"fragments/1831/05/28-img2773","LEGACY","MATCHED_EXACT","1338","1831-05-28","diary-1831","img2773","","","1.0000","date, Page context and imported HTML hash match"
"fragments/1831/05/29-img2773","LEGACY","MATCHED_EXACT","1339","1831-05-29","diary-1831","img2773","","","1.0000","date, Page context and imported HTML hash match"
"fragments/1831/05/30-img2773","LEGACY","MATCHED_EXACT","1340","1831-05-30","diary-1831","img2773","","","1.0000","date, Page context and imported HTML hash match"
"fragments/1831/05/31-img2773","LEGACY","MATCHED_EXACT","1341","1831-05-31","diary-1831","img2773","","","1.0000","date, Page context and imported HTML hash match"
"fragments/1831/06/01-img2774","LEGACY","MATCHED_EXACT","1342","1831-06-01","diary-1831","img2774","","","1.0000","date, Page context and imported HTML hash match"
"fragments/1831/06/02-img2774","LEGACY","MATCHED_EXACT","1343","1831-06-02","diary-1831","img2774","","","1.0000","date, Page context and imported HTML hash match"
"fragments/1831/06/03-img2774","LEGACY","MATCHED_EXACT","1344","1831-06-03","diary-1831","img2774","","","1.0000","date, Page context and imported HTML hash match"
"fragments/1831/06/04-img2774","LEGACY","MATCHED_EXACT","1345","1831-06-04","diary-1831","img2774","","","1.0000","date, Page context and imported HTML hash match"
"fragments/1831/06/05-img2774","LEGACY","MATCHED_EXACT","1346","1831-06-05","diary-1831","img2774","","","1.0000","date, Page context and imported HTML hash match"
"fragments/1831/06/06-img2775","LEGACY","MATCHED_EXACT","1347","1831-06-06","diary-1831","img2775","","","1.0000","date, Page context and imported HTML hash match"
"fragments/1831/06/07-img2775","LEGACY","MATCHED_EXACT","1348","1831-06-07","diary-1831","img2775","","","1.0000","date, Page context and imported HTML hash match"
"fragments/1831/06/08-img2775","LEGACY","MATCHED_EXACT","1349","1831-06-08","diary-1831","img2775","","","1.0000","date, Page context and imported HTML hash match"
"fragments/1831/06/09-img2776","LEGACY","MATCHED_EXACT","1350","1831-06-09","diary-1831","img2776","","","1.0000","date, Page context and imported HTML hash match"
"fragments/1831/06/10-img2776","LEGACY","MATCHED_EXACT","1351","1831-06-10","diary-1831","img2776","","","1.0000","date, Page context and imported HTML hash match"
"fragments/1831/06/11-img2776","LEGACY","MATCHED_EXACT","1352","1831-06-11","diary-1831","img2776","","","1.0000","date, Page context and imported HTML hash match"
"fragments/1831/06/12-img2776","LEGACY","MATCHED_EXACT","1353","1831-06-12","diary-1831","img2776","","","1.0000","date, Page context and imported HTML hash match"
"fragments/1831/06/13-img2777","LEGACY","MATCHED_EXACT","1354","1831-06-13","diary-1831","img2777","","","1.0000","date, Page context and imported HTML hash match"
"fragments/1831/06/14-img2777","LEGACY","MATCHED_EXACT","1355","1831-06-14","diary-1831","img2777","","","1.0000","date, Page context and imported HTML hash match"
"fragments/1831/06/15-img2777","LEGACY","MATCHED_EXACT","1356","1831-06-15","diary-1831","img2777","","","1.0000","date, Page context and imported HTML hash match"
"fragments/1831/06/16-img2778","LEGACY","MATCHED_EXACT","1357","1831-06-16","diary-1831","img2778","","","1.0000","date, Page context and imported HTML hash match"
"fragments/1831/06/17-img2778","LEGACY","MATCHED_EXACT","1358","1831-06-17","diary-1831","img2778","","","1.0000","date, Page context and imported HTML hash match"
"fragments/1831/06/18-img2778","LEGACY","MATCHED_EXACT","1359","1831-06-18","diary-1831","img2778","","","1.0000","date, Page context and imported HTML hash match"
"fragments/1831/06/19-img2778","LEGACY","MATCHED_EXACT","1360","1831-06-19","diary-1831","img2778","","","1.0000","date, Page context and imported HTML hash match"
"fragments/1831/06/20-img2779","LEGACY","MATCHED_EXACT","1361","1831-06-20","diary-1831","img2779","","","1.0000","date, Page context and imported HTML hash match"
"fragments/1831/06/21-img2779","LEGACY","MATCHED_EXACT","1362","1831-06-21","diary-1831","img2779","","","1.0000","date, Page context and imported HTML hash match"
"fragments/1831/06/22-img2779","LEGACY","MATCHED_EXACT","1363","1831-06-22","diary-1831","img2779","","","1.0000","date, Page context and imported HTML hash match"
"fragments/1831/06/23-img2780","LEGACY","MATCHED_EXACT","1364","1831-06-23","diary-1831","img2780","","","1.0000","date, Page context and imported HTML hash match"
"fragments/1831/06/24-img2780","LEGACY","MATCHED_EXACT","1365","1831-06-24","diary-1831","img2780","","","1.0000","date, Page context and imported HTML hash match"
"fragments/1831/06/25-img2780","LEGACY","MATCHED_EXACT","1366","1831-06-25","diary-1831","img2780","","","1.0000","date, Page context and imported HTML hash match"
"fragments/1831/06/26-b3-img2780-cross-keys-hull","LEGACY","MATCHED_EXACT","1373","1831-07-02","diary-1831","img2780","","","1.0000","date, Page context and imported HTML hash match"
"fragments/1831/06/26-img2780","LEGACY","MATCHED_EXACT","1367","1831-06-26","diary-1831","img2780","","","1.0000","date, Page context and imported HTML hash match"
"fragments/1831/06/27-img2781","LEGACY","MATCHED_EXACT","1368","1831-06-27","diary-1831","img2781","","","1.0000","date, Page context and imported HTML hash match"
"fragments/1831/06/28-img2781","LEGACY","MATCHED_EXACT","1369","1831-06-28","diary-1831","img2781","","","1.0000","date, Page context and imported HTML hash match"
"fragments/1831/06/29-img2781","LEGACY","MATCHED_EXACT","1370","1831-06-29","diary-1831","img2781","","","1.0000","date, Page context and imported HTML hash match"
"fragments/1831/06/30-img2782","LEGACY","MATCHED_EXACT","1371","1831-06-30","diary-1831","img2782","","","1.0000","date, Page context and imported HTML hash match"
"fragments/1831/07/01-img2782","LEGACY","MATCHED_EXACT","1372","1831-07-01","diary-1831","img2782","","","1.0000","date, Page context and imported HTML hash match"
"fragments/1831/07/02-img2782","LEGACY","MATCHED_EXACT","1374","1831-07-02","diary-1831","img2782","","","2.0000","date, Page context and imported HTML hash match"
"fragments/1831/07/03-b3-img2783-black-swan-york","LEGACY","MATCHED_EXACT","1375","1831-07-03","diary-1831","img2783","","","1.0000","date, Page context and imported HTML hash match"
"fragments/1831/07/03-img2783","LEGACY","MATCHED_EXACT","1376","1831-07-03","diary-1831","img2783","","","2.0000","date, Page context and imported HTML hash match"
"fragments/1831/07/04-img2783","LEGACY","MATCHED_EXACT","1377","1831-07-04","diary-1831","img2783","","","1.0000","date, Page context and imported HTML hash match"
"fragments/1831/07/05-img2783","LEGACY","MATCHED_EXACT","1378","1831-07-05","diary-1831","img2783","","","1.0000","date, Page context and imported HTML hash match"
"fragments/1831/07/06-img2783","LEGACY","MATCHED_EXACT","1379","1831-07-06","diary-1831","img2783","","","1.0000","date, Page context and imported HTML hash match"
"fragments/1831/07/07-img2784","LEGACY","MATCHED_EXACT","1380","1831-07-07","diary-1831","img2784","","","1.0000","date, Page context and imported HTML hash match"
"fragments/1831/07/08-img2784","LEGACY","MATCHED_EXACT","1381","1831-07-08","diary-1831","img2784","","","1.0000","date, Page context and imported HTML hash match"
"fragments/1831/07/09-img2784","LEGACY","MATCHED_EXACT","1382","1831-07-09","diary-1831","img2784","","","1.0000","date, Page context and imported HTML hash match"
"fragments/1831/07/10-img2784","LEGACY","MATCHED_EXACT","1383","1831-07-10","diary-1831","img2784","","","1.0000","date, Page context and imported HTML hash match"
"fragments/1831/07/11-img2785","LEGACY","MATCHED_EXACT","1384","1831-07-11","diary-1831","img2785","","","1.0000","date, Page context and imported HTML hash match"
"fragments/1831/07/12-img2785","LEGACY","MATCHED_EXACT","1385","1831-07-12","diary-1831","img2785","","","1.0000","date, Page context and imported HTML hash match"
"fragments/1831/07/13-img2785","LEGACY","MATCHED_EXACT","1386","1831-07-13","diary-1831","img2785","","","1.0000","date, Page context and imported HTML hash match"
"fragments/1831/07/14-img2785","LEGACY","MATCHED_EXACT","1387","1831-07-14","diary-1831","img2785","","","1.0000","date, Page context and imported HTML hash match"
"fragments/1831/07/15-img2786","LEGACY","MATCHED_EXACT","1388","1831-07-15","diary-1831","img2786","","","1.0000","date, Page context and imported HTML hash match"
"fragments/1831/07/16-img2786","LEGACY","MATCHED_EXACT","1389","1831-07-16","diary-1831","img2786","","","1.0000","date, Page context and imported HTML hash match"
"fragments/1831/07/17-img2786","LEGACY","MATCHED_EXACT","1390","1831-07-17","diary-1831","img2786","","","1.0000","date, Page context and imported HTML hash match"
"fragments/1831/07/18-img2786","LEGACY","MATCHED_EXACT","1391","1831-07-18","diary-1831","img2786","","","1.0000","date, Page context and imported HTML hash match"
"fragments/1831/07/19-b3-img2787-croquet-island","LEGACY","MATCHED_EXACT","1392","1831-07-19","diary-1831","img2787","","","1.0000","date, Page context and imported HTML hash match"
"fragments/1831/07/19-img2787","LEGACY","MATCHED_EXACT","1393","1831-07-19","diary-1831","img2787","","","2.0000","date, Page context and imported HTML hash match"
"fragments/1831/07/20-img2787","LEGACY","MATCHED_EXACT","1394","1831-07-20","diary-1831","img2787","","","1.0000","date, Page context and imported HTML hash match"
"fragments/1831/07/21-img2787","LEGACY","MATCHED_EXACT","1395","1831-07-21","diary-1831","img2787","","","1.0000","date, Page context and imported HTML hash match"
"fragments/1831/07/22-img2787","LEGACY","MATCHED_EXACT","1396","1831-07-22","diary-1831","img2787","","","1.0000","date, Page context and imported HTML hash match"
"fragments/1831/07/23-b2-img2788-hermitage-warkworth","LEGACY","MATCHED_EXACT","1397","1831-07-23","diary-1831","img2788","","","1.0000","date, Page context and imported HTML hash match"
"fragments/1831/07/23-b3-img2788-hermitage-inn-warkworth","LEGACY","MATCHED_EXACT","1398","1831-07-23","diary-1831","img2788","","","2.0000","date, Page context and imported HTML hash match"
"fragments/1831/07/23-img2788","LEGACY","MATCHED_EXACT","1399","1831-07-23","diary-1831","img2788","","","3.0000","date, Page context and imported HTML hash match"
"fragments/1831/07/24-img2788","LEGACY","MATCHED_EXACT","1400","1831-07-24","diary-1831","img2788","","","1.0000","date, Page context and imported HTML hash match"
"fragments/1831/07/25-img2788","LEGACY","MATCHED_EXACT","1401","1831-07-25","diary-1831","img2788","","","1.0000","date, Page context and imported HTML hash match"
"fragments/1831/07/26-img2789","LEGACY","MATCHED_EXACT","1402","1831-07-26","diary-1831","img2789","","","1.0000","date, Page context and imported HTML hash match"
"fragments/1831/07/27-img2789","LEGACY","MATCHED_EXACT","1403","1831-07-27","diary-1831","img2789","","","1.0000","date, Page context and imported HTML hash match"
"fragments/1831/07/28-img2789","LEGACY","MATCHED_EXACT","1404","1831-07-28","diary-1831","img2789","","","1.0000","date, Page context and imported HTML hash match"
"fragments/1831/07/28-img2790-left","LEGACY","MATCHED_EXACT","1405","1831-07-28","diary-1831","img2790","","","2.0000","date, Page context and imported HTML hash match"
"fragments/1831/07/29-img2790-left","LEGACY","MATCHED_EXACT","1406","1831-07-29","diary-1831","img2790","","","1.0000","date, Page context and imported HTML hash match"
"fragments/1831/07/30-img2790-left","LEGACY","MATCHED_EXACT","1407","1831-07-30","diary-1831","img2790","","","1.0000","date, Page context and imported HTML hash match"
"fragments/1831/07/31-img2790-left","LEGACY","MATCHED_EXACT","1408","1831-07-31","diary-1831","img2790","","","1.0000","date, Page context and imported HTML hash match"
"fragments/1831/08/10-img2790-right","LEGACY","MATCHED_EXACT","1409","1831-08-10","diary-1831","img2790","","","1.0000","date, Page context and imported HTML hash match"
"fragments/1831/08/11-img2790-right","LEGACY","MATCHED_EXACT","1410","1831-08-11","diary-1831","img2790","","","1.0000","date, Page context and imported HTML hash match"
"fragments/1831/08/12-img2790-right","LEGACY","MATCHED_EXACT","1411","1831-08-12","diary-1831","img2790","","","1.0000","date, Page context and imported HTML hash match"
"fragments/1831/08/13-img2790-right","LEGACY","MATCHED_EXACT","1412","1831-08-13","diary-1831","img2790","","","1.0000","date, Page context and imported HTML hash match"
"fragments/1831/08/14-img2791-left","LEGACY","MATCHED_EXACT","1413","1831-08-14","diary-1831","img2791","","","1.0000","date, Page context and imported HTML hash match"
"fragments/1831/08/15-img2791-left","LEGACY","MATCHED_EXACT","1414","1831-08-15","diary-1831","img2791","","","1.0000","date, Page context and imported HTML hash match"
"fragments/1831/08/16-img2791-right","LEGACY","MATCHED_EXACT","1415","1831-08-16","diary-1831","img2791","","","1.0000","date, Page context and imported HTML hash match"
"fragments/1831/08/17-b3-img2791-northumberland-house-london","LEGACY","MATCHED_EXACT","1416","1831-08-17","diary-1831","img2791","","","1.0000","date, Page context and imported HTML hash match"
"fragments/1831/08/17-img2791-right","LEGACY","MATCHED_EXACT","1417","1831-08-17","diary-1831","img2791","","","2.0000","date, Page context and imported HTML hash match"
"fragments/1831/08/18-img2791-right","LEGACY","MATCHED_EXACT","1418","1831-08-18","diary-1831","img2791","","","1.0000","date, Page context and imported HTML hash match"
"fragments/1831/08/19-b2-img2792-pier-southampton","LEGACY","MATCHED_EXACT","1419","1831-08-19","diary-1831","img2792","","","1.0000","date, Page context and imported HTML hash match"
"fragments/1831/08/19-b3-img2792-baths-southampton","LEGACY","MATCHED_EXACT","1420","1831-08-19","diary-1831","img2792","","","2.0000","date, Page context and imported HTML hash match"
"fragments/1831/08/19-img2792","LEGACY","MATCHED_EXACT","1421","1831-08-19","diary-1831","img2792","","","3.0000","date, Page context and imported HTML hash match"
"fragments/1831/08/20-img2792","LEGACY","MATCHED_EXACT","1422","1831-08-20","diary-1831","img2792","","","1.0000","date, Page context and imported HTML hash match"
"fragments/1831/08/21-img2793","LEGACY","MATCHED_EXACT","1423","1831-08-21","diary-1831","img2793","","","1.0000","date, Page context and imported HTML hash match"
"fragments/1831/08/22-img2793","LEGACY","MATCHED_EXACT","1424","1831-08-22","diary-1831","img2793","","","1.0000","date, Page context and imported HTML hash match"
"fragments/1831/08/23-img2793","LEGACY","MATCHED_EXACT","1425","1831-08-23","diary-1831","img2793","","","1.0000","date, Page context and imported HTML hash match"
"fragments/1831/08/24-img2793","LEGACY","MATCHED_EXACT","1426","1831-08-24","diary-1831","img2793","","","1.0000","date, Page context and imported HTML hash match"
"fragments/1831/08/24-img2794","LEGACY","MATCHED_EXACT","1427","1831-08-24","diary-1831","img2794","","","2.0000","date, Page context and imported HTML hash match"
"fragments/1831/08/25-img2795","LEGACY","MATCHED_EXACT","1428","1831-08-25","diary-1831","img2795","","","1.0000","date, Page context and imported HTML hash match"
"fragments/1831/08/26-img2795","LEGACY","MATCHED_EXACT","1429","1831-08-26","diary-1831","img2795","","","1.0000","date, Page context and imported HTML hash match"
"fragments/1831/08/27-img2795","LEGACY","MATCHED_EXACT","1430","1831-08-27","diary-1831","img2795","","","1.0000","date, Page context and imported HTML hash match"
"fragments/1831/08/28-img2796","LEGACY","MATCHED_EXACT","1431","1831-08-28","diary-1831","img2796","","","1.0000","date, Page context and imported HTML hash match"
"fragments/1831/08/29-img2796","LEGACY","MATCHED_EXACT","1432","1831-08-29","diary-1831","img2796","","","1.0000","date, Page context and imported HTML hash match"
"fragments/1831/08/30-img2796","LEGACY","MATCHED_EXACT","1433","1831-08-30","diary-1831","img2796","","","1.0000","date, Page context and imported HTML hash match"
"fragments/1831/08/31-img2796","LEGACY","MATCHED_EXACT","1434","1831-08-31","diary-1831","img2796","","","1.0000","date, Page context and imported HTML hash match"
"fragments/1831/09/01-img2797","LEGACY","MATCHED_EXACT","1435","1831-09-01","diary-1831","img2797","","","1.0000","date, Page context and imported HTML hash match"
"fragments/1831/09/02-img2797","LEGACY","MATCHED_EXACT","1436","1831-09-02","diary-1831","img2797","","","1.0000","date, Page context and imported HTML hash match"
"fragments/1831/09/03-img2797","LEGACY","MATCHED_EXACT","1437","1831-09-03","diary-1831","img2797","","","1.0000","date, Page context and imported HTML hash match"
"fragments/1831/09/04-b3-img2798-crown-and-septre-london","LEGACY","MATCHED_EXACT","1438","1831-09-04","diary-1831","img2798","","","1.0000","date, Page context and imported HTML hash match"
"fragments/1831/09/04-img2798","LEGACY","MATCHED_EXACT","1439","1831-09-04","diary-1831","img2798","","","2.0000","date, Page context and imported HTML hash match"
"fragments/1831/09/05-img2798","LEGACY","MATCHED_EXACT","1440","1831-09-05","diary-1831","img2798","","","1.0000","date, Page context and imported HTML hash match"
"fragments/1831/09/06-img2798","LEGACY","MATCHED_EXACT","1441","1831-09-06","diary-1831","img2798","","","1.0000","date, Page context and imported HTML hash match"
"fragments/1831/09/07-img2799","LEGACY","MATCHED_EXACT","1442","1831-09-07","diary-1831","img2799","","","1.0000","date, Page context and imported HTML hash match"
"fragments/1831/09/08-b3-img2799-coronation-william-4th","LEGACY","MATCHED_EXACT","1443","1831-09-08","diary-1831","img2799","","","1.0000","date, Page context and imported HTML hash match"
"fragments/1831/09/08-img2799","LEGACY","MATCHED_EXACT","1444","1831-09-08","diary-1831","img2799","","","2.0000","date, Page context and imported HTML hash match"
"fragments/1831/09/09-img2800","LEGACY","MATCHED_EXACT","1445","1831-09-09","diary-1831","img2800","","","1.0000","date, Page context and imported HTML hash match"
"fragments/1831/09/10-img2800","LEGACY","MATCHED_EXACT","1446","1831-09-10","diary-1831","img2800","","","1.0000","date, Page context and imported HTML hash match"
"fragments/1831/09/11-img2801","LEGACY","MATCHED_EXACT","1447","1831-09-11","diary-1831","img2801","","","1.0000","date, Page context and imported HTML hash match"
"fragments/1831/09/12-img2801","LEGACY","MATCHED_EXACT","1448","1831-09-12","diary-1831","img2801","","","1.0000","date, Page context and imported HTML hash match"
"fragments/1831/09/13-img2801","LEGACY","MATCHED_EXACT","1449","1831-09-13","diary-1831","img2801","","","1.0000","date, Page context and imported HTML hash match"
"fragments/1831/09/14-img2802","LEGACY","MATCHED_EXACT","1450","1831-09-14","diary-1831","img2802","","","1.0000","date, Page context and imported HTML hash match"
"fragments/1831/09/15-img2802","LEGACY","MATCHED_EXACT","1451","1831-09-15","diary-1831","img2802","","","1.0000","date, Page context and imported HTML hash match"
"fragments/1831/09/16-img2803","LEGACY","MATCHED_EXACT","1452","1831-09-16","diary-1831","img2803","","","1.0000","date, Page context and imported HTML hash match"
"fragments/1831/09/17-img2803","LEGACY","MATCHED_EXACT","1453","1831-09-17","diary-1831","img2803","","","1.0000","date, Page context and imported HTML hash match"
"fragments/1831/09/18-img2803","LEGACY","MATCHED_EXACT","1454","1831-09-18","diary-1831","img2803","","","1.0000","date, Page context and imported HTML hash match"
"fragments/1831/09/19-img2803","LEGACY","MATCHED_EXACT","1455","1831-09-19","diary-1831","img2803","","","1.0000","date, Page context and imported HTML hash match"
"fragments/1831/09/19-img2804","LEGACY","MATCHED_EXACT","1456","1831-09-19","diary-1831","img2804","","","2.0000","date, Page context and imported HTML hash match"
"fragments/1831/09/20-img2804","LEGACY","MATCHED_EXACT","1457","1831-09-20","diary-1831","img2804","","","1.0000","date, Page context and imported HTML hash match"
"fragments/1831/09/21-img2804","LEGACY","MATCHED_EXACT","1458","1831-09-21","diary-1831","img2804","","","1.0000","date, Page context and imported HTML hash match"
"fragments/1831/09/21-img2805","LEGACY","MATCHED_EXACT","1459","1831-09-21","diary-1831","img2805","","","2.0000","date, Page context and imported HTML hash match"
"fragments/1831/09/22-b3-img2805-launch-of-hms-thunderer","LEGACY","MATCHED_EXACT","1460","1831-09-22","diary-1831","img2805","","","1.0000","date, Page context and imported HTML hash match"
"fragments/1831/09/22-b4-img2805-blue-posts-pub","LEGACY","MATCHED_EXACT","1461","1831-09-22","diary-1831","img2805","","","2.0000","date, Page context and imported HTML hash match"
"fragments/1831/09/22-img2805","LEGACY","MATCHED_EXACT","1462","1831-09-22","diary-1831","img2805","","","3.0000","date, Page context and imported HTML hash match"
"fragments/1831/09/23-img2806","LEGACY","MATCHED_EXACT","1463","1831-09-23","diary-1831","img2806","","","1.0000","date, Page context and imported HTML hash match"
"fragments/1831/09/24-img2806","LEGACY","MATCHED_EXACT","1464","1831-09-24","diary-1831","img2806","","","1.0000","date, Page context and imported HTML hash match"
"fragments/1831/09/25-img2807","LEGACY","MATCHED_EXACT","1465","1831-09-25","diary-1831","img2807","","","1.0000","date, Page context and imported HTML hash match"
"fragments/1831/09/26-img2807","LEGACY","MATCHED_EXACT","1466","1831-09-26","diary-1831","img2807","","","1.0000","date, Page context and imported HTML hash match"
"fragments/1831/09/27-img2807","LEGACY","MATCHED_EXACT","1467","1831-09-27","diary-1831","img2807","","","1.0000","date, Page context and imported HTML hash match"
"fragments/1831/09/28-img2807","LEGACY","MATCHED_EXACT","1468","1831-09-28","diary-1831","img2807","","","1.0000","date, Page context and imported HTML hash match"
"fragments/1831/09/29-img2808","LEGACY","MATCHED_EXACT","1469","1831-09-29","diary-1831","img2808","","","1.0000","date, Page context and imported HTML hash match"
"fragments/1831/09/30-img2808","LEGACY","MATCHED_EXACT","1470","1831-09-30","diary-1831","img2808","","","1.0000","date, Page context and imported HTML hash match"
"fragments/1831/10/01-img2809","LEGACY","MATCHED_EXACT","1471","1831-10-01","diary-1831","img2809","","","1.0000","date, Page context and imported HTML hash match"
"fragments/1831/10/02-img2809","LEGACY","MATCHED_EXACT","1472","1831-10-02","diary-1831","img2809","","","1.0000","date, Page context and imported HTML hash match"
"fragments/1831/10/03-img2809","LEGACY","MATCHED_EXACT","1473","1831-10-03","diary-1831","img2809","","","1.0000","date, Page context and imported HTML hash match"
"fragments/1831/10/04-img2810","LEGACY","MATCHED_EXACT","1474","1831-10-04","diary-1831","img2810","","","1.0000","date, Page context and imported HTML hash match"
"fragments/1831/10/05-img2811","LEGACY","MATCHED_EXACT","1475","1831-10-05","diary-1831","img2811","","","1.0000","date, Page context and imported HTML hash match"
"fragments/1831/10/06-img2811","LEGACY","MATCHED_EXACT","1476","1831-10-06","diary-1831","img2811","","","1.0000","date, Page context and imported HTML hash match"
"fragments/1831/10/07-img2812","LEGACY","MATCHED_EXACT","1477","1831-10-07","diary-1831","img2812","","","1.0000","date, Page context and imported HTML hash match"
"fragments/1831/10/08-img2812","LEGACY","MATCHED_EXACT","1478","1831-10-08","diary-1831","img2812","","","1.0000","date, Page context and imported HTML hash match"
"fragments/1831/10/09-img2812","LEGACY","MATCHED_EXACT","1479","1831-10-09","diary-1831","img2812","","","1.0000","date, Page context and imported HTML hash match"
"fragments/1831/10/10-img2813","LEGACY","MATCHED_EXACT","1480","1831-10-10","diary-1831","img2813","","","1.0000","date, Page context and imported HTML hash match"
"fragments/1831/10/11-img2813","LEGACY","MATCHED_EXACT","1481","1831-10-11","diary-1831","img2813","","","1.0000","date, Page context and imported HTML hash match"
"fragments/1831/10/12-img2813","LEGACY","MATCHED_EXACT","1482","1831-10-12","diary-1831","img2813","","","1.0000","date, Page context and imported HTML hash match"
"fragments/1831/10/13-img2814","LEGACY","MATCHED_EXACT","1483","1831-10-13","diary-1831","img2814","","","1.0000","date, Page context and imported HTML hash match"
"fragments/1831/10/14-img2814","LEGACY","MATCHED_EXACT","1484","1831-10-14","diary-1831","img2814","","","1.0000","date, Page context and imported HTML hash match"
"fragments/1831/10/15-img2814","LEGACY","MATCHED_EXACT","1485","1831-10-15","diary-1831","img2814","","","1.0000","date, Page context and imported HTML hash match"
"fragments/1831/10/16-img2815","LEGACY","MATCHED_EXACT","1486","1831-10-16","diary-1831","img2815","","","1.0000","date, Page context and imported HTML hash match"
"fragments/1831/10/17-img2815","LEGACY","MATCHED_EXACT","1487","1831-10-17","diary-1831","img2815","","","1.0000","date, Page context and imported HTML hash match"
"fragments/1831/10/18-img2815","LEGACY","MATCHED_EXACT","1488","1831-10-18","diary-1831","img2815","","","1.0000","date, Page context and imported HTML hash match"
"fragments/1831/10/19-img2815","LEGACY","MATCHED_EXACT","1489","1831-10-19","diary-1831","img2815","","","1.0000","date, Page context and imported HTML hash match"
"fragments/1831/10/20-img2816-left","LEGACY","MATCHED_EXACT","1490","1831-10-20","diary-1831","img2816","","","1.0000","date, Page context and imported HTML hash match"
"fragments/1831/10/21-img2816-left","LEGACY","MATCHED_EXACT","1491","1831-10-21","diary-1831","img2816","","","1.0000","date, Page context and imported HTML hash match"
"fragments/1831/10/22-img2816-right","LEGACY","MATCHED_EXACT","1492","1831-10-22","diary-1831","img2816","","","1.0000","date, Page context and imported HTML hash match"
"fragments/1831/10/23-img2816-right","LEGACY","MATCHED_EXACT","1493","1831-10-23","diary-1831","img2816","","","1.0000","date, Page context and imported HTML hash match"
"fragments/1831/10/24-img2816-right","LEGACY","MATCHED_EXACT","1494","1831-10-24","diary-1831","img2816","","","1.0000","date, Page context and imported HTML hash match"
"fragments/1831/10/25-img2817-left","LEGACY","MATCHED_EXACT","1495","1831-10-25","diary-1831","img2817","","","1.0000","date, Page context and imported HTML hash match"
"fragments/1831/10/26-img2817-left","LEGACY","MATCHED_EXACT","1496","1831-10-26","diary-1831","img2817","","","1.0000","date, Page context and imported HTML hash match"
"fragments/1831/10/27-img2817-left","LEGACY","MATCHED_EXACT","1497","1831-10-27","diary-1831","img2817","","","1.0000","date, Page context and imported HTML hash match"
"fragments/1831/10/28-img2817-left","LEGACY","MATCHED_EXACT","1498","1831-10-28","diary-1831","img2817","","","1.0000","date, Page context and imported HTML hash match"
"fragments/1831/10/29-img2817-right","LEGACY","MATCHED_EXACT","1499","1831-10-29","diary-1831","img2817","","","1.0000","date, Page context and imported HTML hash match"
"fragments/1831/10/30-img2817-right","LEGACY","MATCHED_EXACT","1500","1831-10-30","diary-1831","img2817","","","1.0000","date, Page context and imported HTML hash match"
"fragments/1831/10/31-img2817-right","LEGACY","MATCHED_EXACT","1501","1831-10-31","diary-1831","img2817","","","1.0000","date, Page context and imported HTML hash match"
"fragments/1831/11/01-img2817-right","LEGACY","MATCHED_EXACT","1502","1831-11-01","diary-1831","img2817","","","1.0000","date, Page context and imported HTML hash match"
"fragments/1831/11/02-img2818","LEGACY","MATCHED_EXACT","1503","1831-11-02","diary-1831","img2818","","","1.0000","date, Page context and imported HTML hash match"
"fragments/1831/11/03-img2818","LEGACY","MATCHED_EXACT","1504","1831-11-03","diary-1831","img2818","","","1.0000","date, Page context and imported HTML hash match"
"fragments/1831/11/04-img2818","LEGACY","MATCHED_EXACT","1505","1831-11-04","diary-1831","img2818","","","1.0000","date, Page context and imported HTML hash match"
"fragments/1831/11/05-img2818","LEGACY","MATCHED_EXACT","1506","1831-11-05","diary-1831","img2818","","","1.0000","date, Page context and imported HTML hash match"
"fragments/1831/11/06-img2819","LEGACY","MATCHED_EXACT","1507","1831-11-06","diary-1831","img2819","","","1.0000","date, Page context and imported HTML hash match"
"fragments/1831/11/07-img2819","LEGACY","MATCHED_EXACT","1508","1831-11-07","diary-1831","img2819","","","1.0000","date, Page context and imported HTML hash match"
"fragments/1831/11/08-img2819","LEGACY","MATCHED_EXACT","1509","1831-11-08","diary-1831","img2819","","","1.0000","date, Page context and imported HTML hash match"
"fragments/1831/11/09-img2819","LEGACY","MATCHED_EXACT","1510","1831-11-09","diary-1831","img2819","","","1.0000","date, Page context and imported HTML hash match"
"fragments/1831/11/10-img2820","LEGACY","MATCHED_EXACT","1511","1831-11-10","diary-1831","img2820","","","1.0000","date, Page context and imported HTML hash match"
"fragments/1831/11/11-img2820","LEGACY","MATCHED_EXACT","1512","1831-11-11","diary-1831","img2820","","","1.0000","date, Page context and imported HTML hash match"
"fragments/1831/11/12-img2820","LEGACY","MATCHED_EXACT","1513","1831-11-12","diary-1831","img2820","","","1.0000","date, Page context and imported HTML hash match"
"fragments/1831/11/13-img2821","LEGACY","MATCHED_EXACT","1514","1831-11-13","diary-1831","img2821","","","1.0000","date, Page context and imported HTML hash match"
"fragments/1831/11/14-img2821","LEGACY","MATCHED_EXACT","1515","1831-11-14","diary-1831","img2821","","","1.0000","date, Page context and imported HTML hash match"
"fragments/1831/11/15-img2821","LEGACY","MATCHED_EXACT","1516","1831-11-15","diary-1831","img2821","","","1.0000","date, Page context and imported HTML hash match"
"fragments/1831/11/16-img2821","LEGACY","MATCHED_EXACT","1517","1831-11-16","diary-1831","img2821","","","1.0000","date, Page context and imported HTML hash match"
"fragments/1831/11/17-img2822","LEGACY","MATCHED_EXACT","1518","1831-11-17","diary-1831","img2822","","","1.0000","date, Page context and imported HTML hash match"
"fragments/1831/11/18-img2822","LEGACY","MATCHED_EXACT","1519","1831-11-18","diary-1831","img2822","","","1.0000","date, Page context and imported HTML hash match"
"fragments/1831/11/19-img2822","LEGACY","MATCHED_EXACT","1520","1831-11-19","diary-1831","img2822","","","1.0000","date, Page context and imported HTML hash match"
"fragments/1831/11/20-img2822","LEGACY","MATCHED_EXACT","1521","1831-11-20","diary-1831","img2822","","","1.0000","date, Page context and imported HTML hash match"
"fragments/1831/11/21-img2822","LEGACY","MATCHED_EXACT","1522","1831-11-21","diary-1831","img2822","","","1.0000","date, Page context and imported HTML hash match"
"fragments/1831/11/22-img2823","LEGACY","MATCHED_EXACT","1523","1831-11-22","diary-1831","img2823","","","1.0000","date, Page context and imported HTML hash match"
"fragments/1831/11/23-img2823","LEGACY","MATCHED_EXACT","1524","1831-11-23","diary-1831","img2823","","","1.0000","date, Page context and imported HTML hash match"
"fragments/1831/11/24-img2823","LEGACY","MATCHED_EXACT","1525","1831-11-24","diary-1831","img2823","","","1.0000","date, Page context and imported HTML hash match"
"fragments/1831/11/25-img2823","LEGACY","MATCHED_EXACT","1526","1831-11-25","diary-1831","img2823","","","1.0000","date, Page context and imported HTML hash match"
"fragments/1831/11/26-img2824","LEGACY","MATCHED_EXACT","1527","1831-11-26","diary-1831","img2824","","","1.0000","date, Page context and imported HTML hash match"
"fragments/1831/11/27-img2824","LEGACY","MATCHED_EXACT","1528","1831-11-27","diary-1831","img2824","","","1.0000","date, Page context and imported HTML hash match"
"fragments/1831/11/28-img2824","LEGACY","MATCHED_EXACT","1529","1831-11-28","diary-1831","img2824","","","1.0000","date, Page context and imported HTML hash match"
"fragments/1831/11/29-img2824","LEGACY","MATCHED_EXACT","1530","1831-11-29","diary-1831","img2824","","","1.0000","date, Page context and imported HTML hash match"
"fragments/1831/11/30-img2824","LEGACY","MATCHED_EXACT","1531","1831-11-30","diary-1831","img2824","","","1.0000","date, Page context and imported HTML hash match"
"fragments/1831/12/01-img2825","LEGACY","MATCHED_EXACT","1532","1831-12-01","diary-1831","img2825","","","1.0000","date, Page context and imported HTML hash match"
"fragments/1831/12/02-img2825","LEGACY","MATCHED_EXACT","1533","1831-12-02","diary-1831","img2825","","","1.0000","date, Page context and imported HTML hash match"
"fragments/1831/12/03-img2825","LEGACY","MATCHED_EXACT","1534","1831-12-03","diary-1831","img2825","","","1.0000","date, Page context and imported HTML hash match"
"fragments/1831/12/04-img2825","LEGACY","MATCHED_EXACT","1535","1831-12-04","diary-1831","img2825","","","1.0000","date, Page context and imported HTML hash match"
"fragments/1831/12/05-img2826","LEGACY","MATCHED_EXACT","1536","1831-12-05","diary-1831","img2826","","","1.0000","date, Page context and imported HTML hash match"
"fragments/1831/12/06-img2826","LEGACY","MATCHED_EXACT","1537","1831-12-06","diary-1831","img2826","","","1.0000","date, Page context and imported HTML hash match"
"fragments/1831/12/07-img2826","LEGACY","MATCHED_EXACT","1538","1831-12-07","diary-1831","img2826","","","1.0000","date, Page context and imported HTML hash match"
"fragments/1831/12/08-img2826","LEGACY","MATCHED_EXACT","1539","1831-12-08","diary-1831","img2826","","","1.0000","date, Page context and imported HTML hash match"
"fragments/1831/12/09-img2826","LEGACY","MATCHED_EXACT","1540","1831-12-09","diary-1831","img2826","","","1.0000","date, Page context and imported HTML hash match"
"fragments/1831/12/10-img2827","LEGACY","MATCHED_EXACT","1541","1831-12-10","diary-1831","img2827","","","1.0000","date, Page context and imported HTML hash match"
"fragments/1831/12/11-img2827","LEGACY","MATCHED_EXACT","1542","1831-12-11","diary-1831","img2827","","","1.0000","date, Page context and imported HTML hash match"
"fragments/1831/12/12-img2827","LEGACY","MATCHED_EXACT","1543","1831-12-12","diary-1831","img2827","","","1.0000","date, Page context and imported HTML hash match"
"fragments/1831/12/13-img2827","LEGACY","MATCHED_EXACT","1544","1831-12-13","diary-1831","img2827","","","1.0000","date, Page context and imported HTML hash match"
"fragments/1831/12/14-img2828","LEGACY","MATCHED_EXACT","1545","1831-12-14","diary-1831","img2828","","","1.0000","date, Page context and imported HTML hash match"
"fragments/1831/12/15-img2828","LEGACY","MATCHED_EXACT","1546","1831-12-15","diary-1831","img2828","","","1.0000","date, Page context and imported HTML hash match"
"fragments/1831/12/16-img2828","LEGACY","MATCHED_EXACT","1547","1831-12-16","diary-1831","img2828","","","1.0000","date, Page context and imported HTML hash match"
"fragments/1831/12/17-img2828","LEGACY","MATCHED_EXACT","1548","1831-12-17","diary-1831","img2828","","","1.0000","date, Page context and imported HTML hash match"
"fragments/1831/12/18-img2829","LEGACY","MATCHED_EXACT","1549","1831-12-18","diary-1831","img2829","","","1.0000","date, Page context and imported HTML hash match"
"fragments/1831/12/19-img2829","LEGACY","MATCHED_EXACT","1550","1831-12-19","diary-1831","img2829","","","1.0000","date, Page context and imported HTML hash match"
"fragments/1831/12/20-img2829","LEGACY","MATCHED_EXACT","1551","1831-12-20","diary-1831","img2829","","","1.0000","date, Page context and imported HTML hash match"
"fragments/1831/12/21-img2829","LEGACY","MATCHED_EXACT","1552","1831-12-21","diary-1831","img2829","","","1.0000","date, Page context and imported HTML hash match"
"fragments/1831/12/22-img2830","LEGACY","MATCHED_EXACT","1553","1831-12-22","diary-1831","img2830","","","1.0000","date, Page context and imported HTML hash match"
"fragments/1831/12/23-img2830","LEGACY","MATCHED_EXACT","1554","1831-12-23","diary-1831","img2830","","","1.0000","date, Page context and imported HTML hash match"
"fragments/1831/12/24-img2830","LEGACY","MATCHED_EXACT","1555","1831-12-24","diary-1831","img2830","","","1.0000","date, Page context and imported HTML hash match"
"fragments/1831/12/25-img2830","LEGACY","MATCHED_EXACT","1556","1831-12-25","diary-1831","img2830","","","1.0000","date, Page context and imported HTML hash match"
"fragments/1831/12/26-img2830","LEGACY","MATCHED_EXACT","1557","1831-12-26","diary-1831","img2830","","","1.0000","date, Page context and imported HTML hash match"
"fragments/1831/12/27-img2831","LEGACY","MATCHED_EXACT","1558","1831-12-27","diary-1831","img2831","","","1.0000","date, Page context and imported HTML hash match"
"fragments/1831/12/28-img2831","LEGACY","MATCHED_EXACT","1559","1831-12-28","diary-1831","img2831","","","1.0000","date, Page context and imported HTML hash match"
"fragments/1831/12/29-img2831","LEGACY","MATCHED_EXACT","1560","1831-12-29","diary-1831","img2831","","","1.0000","date, Page context and imported HTML hash match"
"fragments/1831/12/30-img2831","LEGACY","MATCHED_EXACT","1561","1831-12-30","diary-1831","img2831","","","1.0000","date, Page context and imported HTML hash match"
"fragments/1831/12/31-img2831","LEGACY","MATCHED_EXACT","1562","1831-12-31","diary-1831","img2831","","","1.0000","date, Page context and imported HTML hash match"
"fragments/1832/01/01-dc-highlights-1832","LEGACY","MATCHED_EXACT","1563","1832-01-01","","","","","3.0000","date, Page context and imported HTML hash match"
"fragments/1832/01/01-img2982","LEGACY","MATCHED_EXACT","1565","1832-01-01","diary-1832","img2982","","","1.0000","date, Page context and imported HTML hash match"
"fragments/1832/01/01-img2992","LEGACY","MATCHED_EXACT","1566","1832-01-01","diary-1832","img2992","","","2.0000","date, Page context and imported HTML hash match"
"fragments/1832/01/01-note-in-front-of-diary","LEGACY","MATCHED_EXACT","1564","1832-01-01","","","","","4.0000","date, Page context and imported HTML hash match"
"fragments/1832/01/02-img2993","LEGACY","MATCHED_EXACT","1567","1832-01-02","diary-1832","img2993","","","1.0000","date, Page context and imported HTML hash match"
"fragments/1832/01/03-img2993","LEGACY","MATCHED_EXACT","1568","1832-01-03","diary-1832","img2993","","","1.0000","date, Page context and imported HTML hash match"
"fragments/1832/01/04-img2993","LEGACY","MATCHED_EXACT","1569","1832-01-04","diary-1832","img2993","","","1.0000","date, Page context and imported HTML hash match"
"fragments/1832/01/05-img2993","LEGACY","MATCHED_EXACT","1570","1832-01-05","diary-1832","img2993","","","1.0000","date, Page context and imported HTML hash match"
"fragments/1832/01/06-img2993","LEGACY","MATCHED_EXACT","1571","1832-01-06","diary-1832","img2993","","","1.0000","date, Page context and imported HTML hash match"
"fragments/1832/01/07-img2993","LEGACY","MATCHED_EXACT","1572","1832-01-07","diary-1832","img2993","","","1.0000","date, Page context and imported HTML hash match"
"fragments/1832/01/08-img2993","LEGACY","MATCHED_EXACT","1573","1832-01-08","diary-1832","img2993","","","1.0000","date, Page context and imported HTML hash match"
"fragments/1832/01/09-img2994","LEGACY","MATCHED_EXACT","1574","1832-01-09","diary-1832","img2994","","","1.0000","date, Page context and imported HTML hash match"
"fragments/1832/01/10-img2994","LEGACY","MATCHED_EXACT","1575","1832-01-10","diary-1832","img2994","","","1.0000","date, Page context and imported HTML hash match"
"fragments/1832/01/11-img2994","LEGACY","MATCHED_EXACT","1576","1832-01-11","diary-1832","img2994","","","1.0000","date, Page context and imported HTML hash match"
"fragments/1832/01/12-img2994","LEGACY","MATCHED_EXACT","1577","1832-01-12","diary-1832","img2994","","","1.0000","date, Page context and imported HTML hash match"
"fragments/1832/01/13-img2994","LEGACY","MATCHED_EXACT","1578","1832-01-13","diary-1832","img2994","","","1.0000","date, Page context and imported HTML hash match"
"fragments/1832/01/14-img2994","LEGACY","MATCHED_EXACT","1579","1832-01-14","diary-1832","img2994","","","1.0000","date, Page context and imported HTML hash match"
"fragments/1832/01/15-img2994","LEGACY","MATCHED_EXACT","1580","1832-01-15","diary-1832","img2994","","","1.0000","date, Page context and imported HTML hash match"
"fragments/1832/01/16-img2995","LEGACY","MATCHED_EXACT","1581","1832-01-16","diary-1832","img2995","","","1.0000","date, Page context and imported HTML hash match"
"fragments/1832/01/17-img2995","LEGACY","MATCHED_EXACT","1582","1832-01-17","diary-1832","img2995","","","1.0000","date, Page context and imported HTML hash match"
"fragments/1832/01/18-img2995","LEGACY","MATCHED_EXACT","1583","1832-01-18","diary-1832","img2995","","","1.0000","date, Page context and imported HTML hash match"
"fragments/1832/01/19-img2995","LEGACY","MATCHED_EXACT","1584","1832-01-19","diary-1832","img2995","","","1.0000","date, Page context and imported HTML hash match"
"fragments/1832/01/20-img2995","LEGACY","MATCHED_EXACT","1585","1832-01-20","diary-1832","img2995","","","1.0000","date, Page context and imported HTML hash match"
"fragments/1832/01/21-img2995","LEGACY","MATCHED_EXACT","1586","1832-01-21","diary-1832","img2995","","","1.0000","date, Page context and imported HTML hash match"
"fragments/1832/01/22-img2995","LEGACY","MATCHED_EXACT","1587","1832-01-22","diary-1832","img2995","","","1.0000","date, Page context and imported HTML hash match"
"fragments/1832/01/23-img2996","LEGACY","MATCHED_EXACT","1588","1832-01-23","diary-1832","img2996","","","1.0000","date, Page context and imported HTML hash match"
"fragments/1832/01/24-img2996","LEGACY","MATCHED_EXACT","1589","1832-01-24","diary-1832","img2996","","","1.0000","date, Page context and imported HTML hash match"
"fragments/1832/01/25-img2996","LEGACY","MATCHED_EXACT","1590","1832-01-25","diary-1832","img2996","","","1.0000","date, Page context and imported HTML hash match"
"fragments/1832/01/26-img2996","LEGACY","MATCHED_EXACT","1591","1832-01-26","diary-1832","img2996","","","1.0000","date, Page context and imported HTML hash match"
"fragments/1832/01/27-img2996","LEGACY","MATCHED_EXACT","1592","1832-01-27","diary-1832","img2996","","","1.0000","date, Page context and imported HTML hash match"
"fragments/1832/01/28-img2996","LEGACY","MATCHED_EXACT","1593","1832-01-28","diary-1832","img2996","","","1.0000","date, Page context and imported HTML hash match"
"fragments/1832/01/29-img2996","LEGACY","MATCHED_EXACT","1594","1832-01-29","diary-1832","img2996","","","1.0000","date, Page context and imported HTML hash match"
"fragments/1832/01/30-img2997","LEGACY","MATCHED_EXACT","1595","1832-01-30","diary-1832","img2997","","","1.0000","date, Page context and imported HTML hash match"
"fragments/1832/01/31-img2997","LEGACY","MATCHED_EXACT","1596","1832-01-31","diary-1832","img2997","","","1.0000","date, Page context and imported HTML hash match"
"fragments/1832/02/01-img2997","LEGACY","MATCHED_EXACT","1597","1832-02-01","diary-1832","img2997","","","1.0000","date, Page context and imported HTML hash match"
"fragments/1832/02/02-img2997","LEGACY","MATCHED_EXACT","1598","1832-02-02","diary-1832","img2997","","","1.0000","date, Page context and imported HTML hash match"
"fragments/1832/02/03-img2997","LEGACY","MATCHED_EXACT","1599","1832-02-03","diary-1832","img2997","","","1.0000","date, Page context and imported HTML hash match"
"fragments/1832/02/04-img2997","LEGACY","MATCHED_EXACT","1600","1832-02-04","diary-1832","img2997","","","1.0000","date, Page context and imported HTML hash match"
"fragments/1832/02/05-img2997","LEGACY","MATCHED_EXACT","1601","1832-02-05","diary-1832","img2997","","","1.0000","date, Page context and imported HTML hash match"
"fragments/1832/02/06-img2998","LEGACY","MATCHED_EXACT","1602","1832-02-06","diary-1832","img2998","","","1.0000","date, Page context and imported HTML hash match"
"fragments/1832/02/07-img2998","LEGACY","MATCHED_EXACT","1603","1832-02-07","diary-1832","img2998","","","1.0000","date, Page context and imported HTML hash match"
"fragments/1832/02/08-img2998","LEGACY","MATCHED_EXACT","1604","1832-02-08","diary-1832","img2998","","","1.0000","date, Page context and imported HTML hash match"
"fragments/1832/02/09-img2998","LEGACY","MATCHED_EXACT","1605","1832-02-09","diary-1832","img2998","","","1.0000","date, Page context and imported HTML hash match"
"fragments/1832/02/10-img2998","LEGACY","MATCHED_EXACT","1606","1832-02-10","diary-1832","img2998","","","1.0000","date, Page context and imported HTML hash match"
"fragments/1832/02/11-img2998","LEGACY","MATCHED_EXACT","1607","1832-02-11","diary-1832","img2998","","","1.0000","date, Page context and imported HTML hash match"
"fragments/1832/02/12-img2998","LEGACY","MATCHED_EXACT","1608","1832-02-12","diary-1832","img2998","","","1.0000","date, Page context and imported HTML hash match"
"fragments/1832/02/13-img2999","LEGACY","MATCHED_EXACT","1609","1832-02-13","diary-1832","img2999","","","1.0000","date, Page context and imported HTML hash match"
"fragments/1832/02/14-img2999","LEGACY","MATCHED_EXACT","1610","1832-02-14","diary-1832","img2999","","","1.0000","date, Page context and imported HTML hash match"
"fragments/1832/02/15-img2999","LEGACY","MATCHED_EXACT","1611","1832-02-15","diary-1832","img2999","","","1.0000","date, Page context and imported HTML hash match"
"fragments/1832/02/16-img2999","LEGACY","MATCHED_EXACT","1612","1832-02-16","diary-1832","img2999","","","1.0000","date, Page context and imported HTML hash match"
"fragments/1832/02/17-img2999","LEGACY","MATCHED_EXACT","1613","1832-02-17","diary-1832","img2999","","","1.0000","date, Page context and imported HTML hash match"
"fragments/1832/02/18-img2999","LEGACY","MATCHED_EXACT","1614","1832-02-18","diary-1832","img2999","","","1.0000","date, Page context and imported HTML hash match"
"fragments/1832/02/19-img2999","LEGACY","MATCHED_EXACT","1615","1832-02-19","diary-1832","img2999","","","1.0000","date, Page context and imported HTML hash match"
"fragments/1832/02/20-img3001","LEGACY","MATCHED_EXACT","1616","1832-02-20","diary-1832","img3001","","","1.0000","date, Page context and imported HTML hash match"
"fragments/1832/02/21-img3001","LEGACY","MATCHED_EXACT","1617","1832-02-21","diary-1832","img3001","","","1.0000","date, Page context and imported HTML hash match"
"fragments/1832/02/22-img3001","LEGACY","MATCHED_EXACT","1618","1832-02-22","diary-1832","img3001","","","1.0000","date, Page context and imported HTML hash match"
"fragments/1832/02/23-img3001","LEGACY","MATCHED_EXACT","1619","1832-02-23","diary-1832","img3001","","","1.0000","date, Page context and imported HTML hash match"
"fragments/1832/02/24-img3001","LEGACY","MATCHED_EXACT","1620","1832-02-24","diary-1832","img3001","","","1.0000","date, Page context and imported HTML hash match"
"fragments/1832/02/25-img3001","LEGACY","MATCHED_EXACT","1621","1832-02-25","diary-1832","img3001","","","1.0000","date, Page context and imported HTML hash match"
"fragments/1832/02/26-img3001","LEGACY","MATCHED_EXACT","1622","1832-02-26","diary-1832","img3001","","","1.0000","date, Page context and imported HTML hash match"
"fragments/1832/02/27-img3002","LEGACY","MATCHED_EXACT","1623","1832-02-27","diary-1832","img3002","","","1.0000","date, Page context and imported HTML hash match"
"fragments/1832/02/28-img3002","LEGACY","MATCHED_EXACT","1624","1832-02-28","diary-1832","img3002","","","1.0000","date, Page context and imported HTML hash match"
"fragments/1832/02/29-img3002","LEGACY","MATCHED_EXACT","1625","1832-02-29","diary-1832","img3002","","","1.0000","date, Page context and imported HTML hash match"
"fragments/1832/03/01-img3002","LEGACY","MATCHED_EXACT","1626","1832-03-01","diary-1832","img3002","","","1.0000","date, Page context and imported HTML hash match"
"fragments/1832/03/02-img3002","LEGACY","MATCHED_EXACT","1627","1832-03-02","diary-1832","img3002","","","1.0000","date, Page context and imported HTML hash match"
"fragments/1832/03/03-img3002","LEGACY","MATCHED_EXACT","1628","1832-03-03","diary-1832","img3002","","","1.0000","date, Page context and imported HTML hash match"
"fragments/1832/03/04-img3002","LEGACY","MATCHED_EXACT","1629","1832-03-04","diary-1832","img3002","","","1.0000","date, Page context and imported HTML hash match"
"fragments/1832/03/05-img3003","LEGACY","MATCHED_EXACT","1630","1832-03-05","diary-1832","img3003","","","1.0000","date, Page context and imported HTML hash match"
"fragments/1832/03/06-img3003","LEGACY","MATCHED_EXACT","1631","1832-03-06","diary-1832","img3003","","","1.0000","date, Page context and imported HTML hash match"
"fragments/1832/03/07-img3003","LEGACY","MATCHED_EXACT","1632","1832-03-07","diary-1832","img3003","","","1.0000","date, Page context and imported HTML hash match"
"fragments/1832/03/08-img3003","LEGACY","MATCHED_EXACT","1633","1832-03-08","diary-1832","img3003","","","1.0000","date, Page context and imported HTML hash match"
"fragments/1832/03/09-img3003","LEGACY","MATCHED_EXACT","1634","1832-03-09","diary-1832","img3003","","","1.0000","date, Page context and imported HTML hash match"
"fragments/1832/03/10-img3003","LEGACY","MATCHED_EXACT","1635","1832-03-10","diary-1832","img3003","","","1.0000","date, Page context and imported HTML hash match"
"fragments/1832/03/11-img3003","LEGACY","MATCHED_EXACT","1636","1832-03-11","diary-1832","img3003","","","1.0000","date, Page context and imported HTML hash match"
"fragments/1832/03/12-img3004","LEGACY","MATCHED_EXACT","1637","1832-03-12","diary-1832","img3004","","","1.0000","date, Page context and imported HTML hash match"
"fragments/1832/03/13-img3004","LEGACY","MATCHED_EXACT","1638","1832-03-13","diary-1832","img3004","","","1.0000","date, Page context and imported HTML hash match"
"fragments/1832/03/14-img3004","LEGACY","MATCHED_EXACT","1639","1832-03-14","diary-1832","img3004","","","1.0000","date, Page context and imported HTML hash match"
"fragments/1832/03/15-img3004","LEGACY","MATCHED_EXACT","1640","1832-03-15","diary-1832","img3004","","","1.0000","date, Page context and imported HTML hash match"
"fragments/1832/03/16-img3004","LEGACY","MATCHED_EXACT","1641","1832-03-16","diary-1832","img3004","","","1.0000","date, Page context and imported HTML hash match"
"fragments/1832/03/17-img3004","LEGACY","MATCHED_EXACT","1642","1832-03-17","diary-1832","img3004","","","1.0000","date, Page context and imported HTML hash match"
"fragments/1832/03/18-img3004","LEGACY","MATCHED_EXACT","1643","1832-03-18","diary-1832","img3004","","","1.0000","date, Page context and imported HTML hash match"
"fragments/1832/03/19-img3005","LEGACY","MATCHED_EXACT","1644","1832-03-19","diary-1832","img3005","","","1.0000","date, Page context and imported HTML hash match"
"fragments/1832/03/20-img3005","LEGACY","MATCHED_EXACT","1645","1832-03-20","diary-1832","img3005","","","1.0000","date, Page context and imported HTML hash match"
"fragments/1832/03/21-img3005","LEGACY","MATCHED_EXACT","1646","1832-03-21","diary-1832","img3005","","","1.0000","date, Page context and imported HTML hash match"
"fragments/1832/03/22-img3005","LEGACY","MATCHED_EXACT","1647","1832-03-22","diary-1832","img3005","","","1.0000","date, Page context and imported HTML hash match"
"fragments/1832/03/23-img3005","LEGACY","MATCHED_EXACT","1648","1832-03-23","diary-1832","img3005","","","1.0000","date, Page context and imported HTML hash match"
"fragments/1832/03/24-img3005","LEGACY","MATCHED_EXACT","1649","1832-03-24","diary-1832","img3005","","","1.0000","date, Page context and imported HTML hash match"
"fragments/1832/03/25-img3005","LEGACY","MATCHED_EXACT","1650","1832-03-25","diary-1832","img3005","","","1.0000","date, Page context and imported HTML hash match"
"fragments/1832/03/26-img3006","LEGACY","MATCHED_EXACT","1651","1832-03-26","diary-1832","img3006","","","1.0000","date, Page context and imported HTML hash match"
"fragments/1832/03/27-img3006","LEGACY","MATCHED_EXACT","1652","1832-03-27","diary-1832","img3006","","","1.0000","date, Page context and imported HTML hash match"
"fragments/1832/03/28-img3006","LEGACY","MATCHED_EXACT","1653","1832-03-28","diary-1832","img3006","","","1.0000","date, Page context and imported HTML hash match"
"fragments/1832/03/29-img3006","LEGACY","MATCHED_EXACT","1654","1832-03-29","diary-1832","img3006","","","1.0000","date, Page context and imported HTML hash match"
"fragments/1832/03/30-img3006","LEGACY","MATCHED_EXACT","1655","1832-03-30","diary-1832","img3006","","","1.0000","date, Page context and imported HTML hash match"
"fragments/1832/03/31-img3006","LEGACY","MATCHED_EXACT","1656","1832-03-31","diary-1832","img3006","","","1.0000","date, Page context and imported HTML hash match"
"fragments/1832/04/01-img3006","LEGACY","MATCHED_EXACT","1657","1832-04-01","diary-1832","img3006","","","1.0000","date, Page context and imported HTML hash match"
"fragments/1832/04/02-img3007","LEGACY","MATCHED_EXACT","1658","1832-04-02","diary-1832","img3007","","","1.0000","date, Page context and imported HTML hash match"
"fragments/1832/04/03-img3007","LEGACY","MATCHED_EXACT","1659","1832-04-03","diary-1832","img3007","","","1.0000","date, Page context and imported HTML hash match"
"fragments/1832/04/04-img3007","LEGACY","MATCHED_EXACT","1660","1832-04-04","diary-1832","img3007","","","1.0000","date, Page context and imported HTML hash match"
"fragments/1832/04/05-img3007","LEGACY","MATCHED_EXACT","1661","1832-04-05","diary-1832","img3007","","","1.0000","date, Page context and imported HTML hash match"
"fragments/1832/04/06-img3007","LEGACY","MATCHED_EXACT","1662","1832-04-06","diary-1832","img3007","","","1.0000","date, Page context and imported HTML hash match"
"fragments/1832/04/07-img3007","LEGACY","MATCHED_EXACT","1663","1832-04-07","diary-1832","img3007","","","1.0000","date, Page context and imported HTML hash match"
"fragments/1832/04/08-img3007","LEGACY","MATCHED_EXACT","1664","1832-04-08","diary-1832","img3007","","","1.0000","date, Page context and imported HTML hash match"
"fragments/1832/04/09-img3008","LEGACY","MATCHED_EXACT","1665","1832-04-09","diary-1832","img3008","","","1.0000","date, Page context and imported HTML hash match"
"fragments/1832/04/10-img3008","LEGACY","MATCHED_EXACT","1666","1832-04-10","diary-1832","img3008","","","1.0000","date, Page context and imported HTML hash match"
"fragments/1832/04/11-img3008","LEGACY","MATCHED_EXACT","1667","1832-04-11","diary-1832","img3008","","","1.0000","date, Page context and imported HTML hash match"
"fragments/1832/04/12-img3008","LEGACY","MATCHED_EXACT","1668","1832-04-12","diary-1832","img3008","","","1.0000","date, Page context and imported HTML hash match"
"fragments/1832/04/13-img3008","LEGACY","MATCHED_EXACT","1669","1832-04-13","diary-1832","img3008","","","1.0000","date, Page context and imported HTML hash match"
"fragments/1832/04/14-img3008","LEGACY","MATCHED_EXACT","1670","1832-04-14","diary-1832","img3008","","","1.0000","date, Page context and imported HTML hash match"
"fragments/1832/04/15-img3008","LEGACY","MATCHED_EXACT","1671","1832-04-15","diary-1832","img3008","","","1.0000","date, Page context and imported HTML hash match"
"fragments/1832/04/16-img3009","LEGACY","MATCHED_EXACT","1672","1832-04-16","diary-1832","img3009","","","1.0000","date, Page context and imported HTML hash match"
"fragments/1832/04/17-img3009","LEGACY","MATCHED_EXACT","1673","1832-04-17","diary-1832","img3009","","","1.0000","date, Page context and imported HTML hash match"
"fragments/1832/04/18-img3009","LEGACY","MATCHED_EXACT","1674","1832-04-18","diary-1832","img3009","","","1.0000","date, Page context and imported HTML hash match"
"fragments/1832/04/19-img3009","LEGACY","MATCHED_EXACT","1675","1832-04-19","diary-1832","img3009","","","1.0000","date, Page context and imported HTML hash match"
"fragments/1832/04/20-img3009","LEGACY","MATCHED_EXACT","1676","1832-04-20","diary-1832","img3009","","","1.0000","date, Page context and imported HTML hash match"
"fragments/1832/04/21-img3009","LEGACY","MATCHED_EXACT","1677","1832-04-21","diary-1832","img3009","","","1.0000","date, Page context and imported HTML hash match"
"fragments/1832/04/22-img3009","LEGACY","MATCHED_EXACT","1678","1832-04-22","diary-1832","img3009","","","1.0000","date, Page context and imported HTML hash match"
"fragments/1832/04/23-img3010","LEGACY","MATCHED_EXACT","1679","1832-04-23","diary-1832","img3010","","","1.0000","date, Page context and imported HTML hash match"
"fragments/1832/04/24-img3010","LEGACY","MATCHED_EXACT","1680","1832-04-24","diary-1832","img3010","","","1.0000","date, Page context and imported HTML hash match"
"fragments/1832/04/25-img3010","LEGACY","MATCHED_EXACT","1681","1832-04-25","diary-1832","img3010","","","1.0000","date, Page context and imported HTML hash match"
"fragments/1832/04/26-img3010","LEGACY","MATCHED_EXACT","1682","1832-04-26","diary-1832","img3010","","","1.0000","date, Page context and imported HTML hash match"
"fragments/1832/04/27-img3010","LEGACY","MATCHED_EXACT","1683","1832-04-27","diary-1832","img3010","","","1.0000","date, Page context and imported HTML hash match"
"fragments/1832/04/28-img3010","LEGACY","MATCHED_EXACT","1684","1832-04-28","diary-1832","img3010","","","1.0000","date, Page context and imported HTML hash match"
"fragments/1832/04/29-img3010","LEGACY","MATCHED_EXACT","1685","1832-04-29","diary-1832","img3010","","","1.0000","date, Page context and imported HTML hash match"
"fragments/1832/04/30-img3011","LEGACY","MATCHED_EXACT","1686","1832-04-30","diary-1832","img3011","","","1.0000","date, Page context and imported HTML hash match"
"fragments/1832/05/01-img3011","LEGACY","MATCHED_EXACT","1687","1832-05-01","diary-1832","img3011","","","1.0000","date, Page context and imported HTML hash match"
"fragments/1832/05/02-img3011","LEGACY","MATCHED_EXACT","1688","1832-05-02","diary-1832","img3011","","","1.0000","date, Page context and imported HTML hash match"
"fragments/1832/05/03-img3011","LEGACY","MATCHED_EXACT","1689","1832-05-03","diary-1832","img3011","","","1.0000","date, Page context and imported HTML hash match"
"fragments/1832/05/04-img3011","LEGACY","MATCHED_EXACT","1690","1832-05-04","diary-1832","img3011","","","1.0000","date, Page context and imported HTML hash match"
"fragments/1832/05/05-img3011","LEGACY","MATCHED_EXACT","1691","1832-05-05","diary-1832","img3011","","","1.0000","date, Page context and imported HTML hash match"
"fragments/1832/05/06-img3011","LEGACY","MATCHED_EXACT","1692","1832-05-06","diary-1832","img3011","","","1.0000","date, Page context and imported HTML hash match"
"fragments/1832/05/07-img3012","LEGACY","MATCHED_EXACT","1693","1832-05-07","diary-1832","img3012","","","1.0000","date, Page context and imported HTML hash match"
"fragments/1832/05/08-img3012","LEGACY","MATCHED_EXACT","1694","1832-05-08","diary-1832","img3012","","","1.0000","date, Page context and imported HTML hash match"
"fragments/1832/05/09-img3012","LEGACY","MATCHED_EXACT","1695","1832-05-09","diary-1832","img3012","","","1.0000","date, Page context and imported HTML hash match"
"fragments/1832/05/10-img3012","LEGACY","MATCHED_EXACT","1696","1832-05-10","diary-1832","img3012","","","1.0000","date, Page context and imported HTML hash match"
"fragments/1832/05/11-img3012","LEGACY","MATCHED_EXACT","1697","1832-05-11","diary-1832","img3012","","","1.0000","date, Page context and imported HTML hash match"
"fragments/1832/05/12-img3012","LEGACY","MATCHED_EXACT","1698","1832-05-12","diary-1832","img3012","","","1.0000","date, Page context and imported HTML hash match"
"fragments/1832/05/13-img3012","LEGACY","MATCHED_EXACT","1699","1832-05-13","diary-1832","img3012","","","1.0000","date, Page context and imported HTML hash match"
"fragments/1832/05/14-img3013","LEGACY","MATCHED_EXACT","1700","1832-05-14","diary-1832","img3013","","","1.0000","date, Page context and imported HTML hash match"
"fragments/1832/05/15-img3013","LEGACY","MATCHED_EXACT","1701","1832-05-15","diary-1832","img3013","","","1.0000","date, Page context and imported HTML hash match"
"fragments/1832/05/16-img3013","LEGACY","MATCHED_EXACT","1702","1832-05-16","diary-1832","img3013","","","1.0000","date, Page context and imported HTML hash match"
"fragments/1832/05/17-img3013","LEGACY","MATCHED_EXACT","1703","1832-05-17","diary-1832","img3013","","","1.0000","date, Page context and imported HTML hash match"
"fragments/1832/05/18-img3013","LEGACY","MATCHED_EXACT","1704","1832-05-18","diary-1832","img3013","","","1.0000","date, Page context and imported HTML hash match"
"fragments/1832/05/19-img3013","LEGACY","MATCHED_EXACT","1705","1832-05-19","diary-1832","img3013","","","1.0000","date, Page context and imported HTML hash match"
"fragments/1832/05/20-img3013","LEGACY","MATCHED_EXACT","1706","1832-05-20","diary-1832","img3013","","","1.0000","date, Page context and imported HTML hash match"
"fragments/1832/05/21-img3014","LEGACY","MATCHED_EXACT","1707","1832-05-21","diary-1832","img3014","","","1.0000","date, Page context and imported HTML hash match"
"fragments/1832/05/22-img3014","LEGACY","MATCHED_EXACT","1708","1832-05-22","diary-1832","img3014","","","1.0000","date, Page context and imported HTML hash match"
"fragments/1832/05/23-img3014","LEGACY","MATCHED_EXACT","1709","1832-05-23","diary-1832","img3014","","","1.0000","date, Page context and imported HTML hash match"
"fragments/1832/05/24-img3014","LEGACY","MATCHED_EXACT","1710","1832-05-24","diary-1832","img3014","","","1.0000","date, Page context and imported HTML hash match"
"fragments/1832/05/25-img3014","LEGACY","MATCHED_EXACT","1711","1832-05-25","diary-1832","img3014","","","1.0000","date, Page context and imported HTML hash match"
"fragments/1832/05/26-img3014","LEGACY","MATCHED_EXACT","1712","1832-05-26","diary-1832","img3014","","","1.0000","date, Page context and imported HTML hash match"
"fragments/1832/05/27-img3014","LEGACY","MATCHED_EXACT","1713","1832-05-27","diary-1832","img3014","","","1.0000","date, Page context and imported HTML hash match"
"fragments/1832/06/04-img3015","LEGACY","MATCHED_EXACT","1714","1832-06-04","diary-1832","img3015","","","1.0000","date, Page context and imported HTML hash match"
"fragments/1832/06/05-img3015","LEGACY","MATCHED_EXACT","1715","1832-06-05","diary-1832","img3015","","","1.0000","date, Page context and imported HTML hash match"
"fragments/1832/06/06-img3015","LEGACY","MATCHED_EXACT","1716","1832-06-06","diary-1832","img3015","","","1.0000","date, Page context and imported HTML hash match"
"fragments/1832/06/07-img3015","LEGACY","MATCHED_EXACT","1717","1832-06-07","diary-1832","img3015","","","1.0000","date, Page context and imported HTML hash match"
"fragments/1832/06/08-img3015","LEGACY","MATCHED_EXACT","1718","1832-06-08","diary-1832","img3015","","","1.0000","date, Page context and imported HTML hash match"
"fragments/1832/06/09-img3015","LEGACY","MATCHED_EXACT","1719","1832-06-09","diary-1832","img3015","","","1.0000","date, Page context and imported HTML hash match"
"fragments/1832/06/10-img3015","LEGACY","MATCHED_EXACT","1720","1832-06-10","diary-1832","img3015","","","1.0000","date, Page context and imported HTML hash match"
"fragments/1832/06/11-img3016","LEGACY","MATCHED_EXACT","1721","1832-06-11","diary-1832","img3016","","","1.0000","date, Page context and imported HTML hash match"
"fragments/1832/06/12-img3016","LEGACY","MATCHED_EXACT","1722","1832-06-12","diary-1832","img3016","","","1.0000","date, Page context and imported HTML hash match"
"fragments/1832/06/13-img3016","LEGACY","MATCHED_EXACT","1723","1832-06-13","diary-1832","img3016","","","1.0000","date, Page context and imported HTML hash match"
"fragments/1832/06/14-img3016","LEGACY","MATCHED_EXACT","1724","1832-06-14","diary-1832","img3016","","","1.0000","date, Page context and imported HTML hash match"
"fragments/1832/06/15-img3016","LEGACY","MATCHED_EXACT","1725","1832-06-15","diary-1832","img3016","","","1.0000","date, Page context and imported HTML hash match"
"fragments/1832/06/16-img3016","LEGACY","MATCHED_EXACT","1726","1832-06-16","diary-1832","img3016","","","1.0000","date, Page context and imported HTML hash match"
"fragments/1832/06/17-img3016","LEGACY","MATCHED_EXACT","1727","1832-06-17","diary-1832","img3016","","","1.0000","date, Page context and imported HTML hash match"
"fragments/1832/06/18-img3017","LEGACY","MATCHED_EXACT","1728","1832-06-18","diary-1832","img3017","","","1.0000","date, Page context and imported HTML hash match"
"fragments/1832/06/19-img3017","LEGACY","MATCHED_EXACT","1729","1832-06-19","diary-1832","img3017","","","1.0000","date, Page context and imported HTML hash match"
"fragments/1832/06/20-img3017","LEGACY","MATCHED_EXACT","1730","1832-06-20","diary-1832","img3017","","","1.0000","date, Page context and imported HTML hash match"
"fragments/1832/06/21-img3017","LEGACY","MATCHED_EXACT","1731","1832-06-21","diary-1832","img3017","","","1.0000","date, Page context and imported HTML hash match"
"fragments/1832/06/22-img3017","LEGACY","MATCHED_EXACT","1732","1832-06-22","diary-1832","img3017","","","1.0000","date, Page context and imported HTML hash match"
"fragments/1832/06/23-img3017","LEGACY","MATCHED_EXACT","1733","1832-06-23","diary-1832","img3017","","","1.0000","date, Page context and imported HTML hash match"
"fragments/1832/06/24-img3017","LEGACY","MATCHED_EXACT","1734","1832-06-24","diary-1832","img3017","","","1.0000","date, Page context and imported HTML hash match"
"fragments/1832/06/25-img3018","LEGACY","MATCHED_EXACT","1735","1832-06-25","diary-1832","img3018","","","1.0000","date, Page context and imported HTML hash match"
"fragments/1832/06/26-img3018","LEGACY","MATCHED_EXACT","1736","1832-06-26","diary-1832","img3018","","","1.0000","date, Page context and imported HTML hash match"
"fragments/1832/06/27-img3018","LEGACY","MATCHED_EXACT","1737","1832-06-27","diary-1832","img3018","","","2.0000","date, Page context and imported HTML hash match"
"fragments/1832/06/27-m3-img3018-murder-of-nicholas-fairles","LEGACY","MISSING_FROM_DATABASE","","1832-06-27","","img3018","","","","no unclaimed database row has the same date and Page context"
"fragments/1832/06/27-m3-img3018-murder-of-nicholas-fairles-image","IMAGE","MISSING_FROM_DATABASE","","1832-06-27","","","fragments/1832/06/27-m3-img3018-murder-of-nicholas-fairles","diary-1832/images/img3018-murder-of-nicholas-fairles.png","","typed IMAGE source has no HTML signature for a safe legacy database match"
"fragments/1832/06/28-img3018","LEGACY","MATCHED_EXACT","1739","1832-06-28","diary-1832","img3018","","","1.0000","date, Page context and imported HTML hash match"
"fragments/1832/06/29-img3018","LEGACY","MATCHED_EXACT","1740","1832-06-29","diary-1832","img3018","","","1.0000","date, Page context and imported HTML hash match"
"fragments/1832/06/30-img3018","LEGACY","MATCHED_EXACT","1741","1832-06-30","diary-1832","img3018","","","1.0000","date, Page context and imported HTML hash match"
"fragments/1832/07/01-img3018","LEGACY","MATCHED_EXACT","1742","1832-07-01","diary-1832","img3018","","","1.0000","date, Page context and imported HTML hash match"
"fragments/1832/07/02-img3019","LEGACY","MATCHED_EXACT","1743","1832-07-02","diary-1832","img3019","","","1.0000","date, Page context and imported HTML hash match"
"fragments/1832/07/03-img3019","LEGACY","MATCHED_EXACT","1744","1832-07-03","diary-1832","img3019","","","1.0000","date, Page context and imported HTML hash match"
"fragments/1832/07/04-img3019","LEGACY","MATCHED_EXACT","1745","1832-07-04","diary-1832","img3019","","","1.0000","date, Page context and imported HTML hash match"
"fragments/1832/07/05-img3019","LEGACY","MATCHED_EXACT","1746","1832-07-05","diary-1832","img3019","","","1.0000","date, Page context and imported HTML hash match"
"fragments/1832/07/06-img3019","LEGACY","MATCHED_EXACT","1747","1832-07-06","diary-1832","img3019","","","1.0000","date, Page context and imported HTML hash match"
"fragments/1832/07/07-img3019","LEGACY","MATCHED_EXACT","1748","1832-07-07","diary-1832","img3019","","","1.0000","date, Page context and imported HTML hash match"
"fragments/1832/07/08-img3019","LEGACY","MATCHED_EXACT","1749","1832-07-08","diary-1832","img3019","","","1.0000","date, Page context and imported HTML hash match"
"fragments/1832/07/09-img3020","LEGACY","MATCHED_EXACT","1750","1832-07-09","diary-1832","img3020","","","1.0000","date, Page context and imported HTML hash match"
"fragments/1832/07/10-img3020","LEGACY","MATCHED_EXACT","1751","1832-07-10","diary-1832","img3020","","","1.0000","date, Page context and imported HTML hash match"
"fragments/1832/07/11-img3020","LEGACY","MATCHED_EXACT","1752","1832-07-11","diary-1832","img3020","","","1.0000","date, Page context and imported HTML hash match"
"fragments/1832/07/12-img3020","LEGACY","MATCHED_EXACT","1753","1832-07-12","diary-1832","img3020","","","1.0000","date, Page context and imported HTML hash match"
"fragments/1832/07/13-img3020","LEGACY","MATCHED_EXACT","1754","1832-07-13","diary-1832","img3020","","","1.0000","date, Page context and imported HTML hash match"
"fragments/1832/07/14-img3020","LEGACY","MATCHED_EXACT","1755","1832-07-14","diary-1832","img3020","","","1.0000","date, Page context and imported HTML hash match"
"fragments/1832/07/15-img3020","LEGACY","MATCHED_EXACT","1756","1832-07-15","diary-1832","img3020","","","1.0000","date, Page context and imported HTML hash match"
"fragments/1832/07/16-img3021","LEGACY","MATCHED_EXACT","1757","1832-07-16","diary-1832","img3021","","","1.0000","date, Page context and imported HTML hash match"
"fragments/1832/07/17-img3021","LEGACY","MATCHED_EXACT","1758","1832-07-17","diary-1832","img3021","","","1.0000","date, Page context and imported HTML hash match"
"fragments/1832/07/18-img3021","LEGACY","MATCHED_EXACT","1759","1832-07-18","diary-1832","img3021","","","1.0000","date, Page context and imported HTML hash match"
"fragments/1832/07/19-img3021","LEGACY","MATCHED_EXACT","1760","1832-07-19","diary-1832","img3021","","","1.0000","date, Page context and imported HTML hash match"
"fragments/1832/07/20-img3021","LEGACY","MATCHED_EXACT","1761","1832-07-20","diary-1832","img3021","","","1.0000","date, Page context and imported HTML hash match"
"fragments/1832/07/21-img3021","LEGACY","MATCHED_EXACT","1762","1832-07-21","diary-1832","img3021","","","1.0000","date, Page context and imported HTML hash match"
"fragments/1832/07/22-img3021","LEGACY","MATCHED_EXACT","1763","1832-07-22","diary-1832","img3021","","","1.0000","date, Page context and imported HTML hash match"
"fragments/1832/07/23-img3022","LEGACY","MATCHED_EXACT","1764","1832-07-23","diary-1832","img3022","","","1.0000","date, Page context and imported HTML hash match"
"fragments/1832/07/24-img3022","LEGACY","MATCHED_EXACT","1765","1832-07-24","diary-1832","img3022","","","1.0000","date, Page context and imported HTML hash match"
"fragments/1832/07/25-img3022","LEGACY","MATCHED_EXACT","1766","1832-07-25","diary-1832","img3022","","","1.0000","date, Page context and imported HTML hash match"
"fragments/1832/07/26-img3022","LEGACY","MATCHED_EXACT","1767","1832-07-26","diary-1832","img3022","","","1.0000","date, Page context and imported HTML hash match"
"fragments/1832/07/27-img3022","LEGACY","MATCHED_EXACT","1768","1832-07-27","diary-1832","img3022","","","1.0000","date, Page context and imported HTML hash match"
"fragments/1832/07/28-img3022","LEGACY","MATCHED_EXACT","1769","1832-07-28","diary-1832","img3022","","","1.0000","date, Page context and imported HTML hash match"
"fragments/1832/07/29-img3022","LEGACY","MATCHED_EXACT","1770","1832-07-29","diary-1832","img3022","","","1.0000","date, Page context and imported HTML hash match"
"fragments/1832/07/30-img3023","LEGACY","MATCHED_EXACT","1771","1832-07-30","diary-1832","img3023","","","1.0000","date, Page context and imported HTML hash match"
"fragments/1832/07/31-img3023","LEGACY","MATCHED_EXACT","1772","1832-07-31","diary-1832","img3023","","","1.0000","date, Page context and imported HTML hash match"
"fragments/1832/08/01-img3023","LEGACY","MATCHED_EXACT","1773","1832-08-01","diary-1832","img3023","","","1.0000","date, Page context and imported HTML hash match"
"fragments/1832/08/02-img3023","LEGACY","MATCHED_EXACT","1774","1832-08-02","diary-1832","img3023","","","1.0000","date, Page context and imported HTML hash match"
"fragments/1832/08/03-img3023","LEGACY","MATCHED_EXACT","1775","1832-08-03","diary-1832","img3023","","","1.0000","date, Page context and imported HTML hash match"
"fragments/1832/08/04-img3023","LEGACY","MATCHED_EXACT","1776","1832-08-04","diary-1832","img3023","","","1.0000","date, Page context and imported HTML hash match"
"fragments/1832/08/05-img3023","LEGACY","MATCHED_EXACT","1777","1832-08-05","diary-1832","img3023","","","1.0000","date, Page context and imported HTML hash match"
"fragments/1832/08/06-img3024","LEGACY","MATCHED_EXACT","1778","1832-08-06","diary-1832","img3024","","","1.0000","date, Page context and imported HTML hash match"
"fragments/1832/08/07-img3024","LEGACY","MATCHED_EXACT","1779","1832-08-07","diary-1832","img3024","","","1.0000","date, Page context and imported HTML hash match"
"fragments/1832/08/08-img3024","LEGACY","MATCHED_EXACT","1780","1832-08-08","diary-1832","img3024","","","1.0000","date, Page context and imported HTML hash match"
"fragments/1832/08/09-img3024","LEGACY","MATCHED_EXACT","1781","1832-08-09","diary-1832","img3024","","","1.0000","date, Page context and imported HTML hash match"
"fragments/1832/08/10-img3024","LEGACY","MATCHED_EXACT","1782","1832-08-10","diary-1832","img3024","","","1.0000","date, Page context and imported HTML hash match"
"fragments/1832/08/11-img3024","LEGACY","MATCHED_EXACT","1783","1832-08-11","diary-1832","img3024","","","1.0000","date, Page context and imported HTML hash match"
"fragments/1832/08/12-img3024","LEGACY","MATCHED_EXACT","1784","1832-08-12","diary-1832","img3024","","","1.0000","date, Page context and imported HTML hash match"
"fragments/1832/08/13-img3025","LEGACY","MATCHED_EXACT","1785","1832-08-13","diary-1832","img3025","","","1.0000","date, Page context and imported HTML hash match"
"fragments/1832/08/14-img3025","LEGACY","MATCHED_EXACT","1786","1832-08-14","diary-1832","img3025","","","1.0000","date, Page context and imported HTML hash match"
"fragments/1832/08/15-img3025","LEGACY","MATCHED_EXACT","1787","1832-08-15","diary-1832","img3025","","","1.0000","date, Page context and imported HTML hash match"
"fragments/1832/08/16-img3025","LEGACY","MATCHED_EXACT","1788","1832-08-16","diary-1832","img3025","","","1.0000","date, Page context and imported HTML hash match"
"fragments/1832/08/17-img3025","LEGACY","MATCHED_EXACT","1789","1832-08-17","diary-1832","img3025","","","1.0000","date, Page context and imported HTML hash match"
"fragments/1832/08/18-img3025","LEGACY","MATCHED_EXACT","1790","1832-08-18","diary-1832","img3025","","","1.0000","date, Page context and imported HTML hash match"
"fragments/1832/08/19-img3025","LEGACY","MATCHED_EXACT","1791","1832-08-19","diary-1832","img3025","","","1.0000","date, Page context and imported HTML hash match"
"fragments/1832/08/20-img3026","LEGACY","MATCHED_EXACT","1792","1832-08-20","diary-1832","img3026","","","1.0000","date, Page context and imported HTML hash match"
"fragments/1832/08/21-img3026","LEGACY","MATCHED_EXACT","1793","1832-08-21","diary-1832","img3026","","","1.0000","date, Page context and imported HTML hash match"
"fragments/1832/08/22-img3026","LEGACY","MATCHED_EXACT","1794","1832-08-22","diary-1832","img3026","","","1.0000","date, Page context and imported HTML hash match"
"fragments/1832/08/23-img3026","LEGACY","MATCHED_EXACT","1795","1832-08-23","diary-1832","img3026","","","1.0000","date, Page context and imported HTML hash match"
"fragments/1832/08/24-img3026","LEGACY","MATCHED_EXACT","1796","1832-08-24","diary-1832","img3026","","","1.0000","date, Page context and imported HTML hash match"
"fragments/1832/08/25-img3026","LEGACY","MATCHED_EXACT","1797","1832-08-25","diary-1832","img3026","","","1.0000","date, Page context and imported HTML hash match"
"fragments/1832/08/26-img3026","LEGACY","MATCHED_EXACT","1798","1832-08-26","diary-1832","img3026","","","1.0000","date, Page context and imported HTML hash match"
"fragments/1832/08/27-img3027","LEGACY","MATCHED_EXACT","1799","1832-08-27","diary-1832","img3027","","","1.0000","date, Page context and imported HTML hash match"
"fragments/1832/08/28-img3027","LEGACY","MATCHED_EXACT","1800","1832-08-28","diary-1832","img3027","","","1.0000","date, Page context and imported HTML hash match"
"fragments/1832/08/29-img3027","LEGACY","MATCHED_EXACT","1801","1832-08-29","diary-1832","img3027","","","1.0000","date, Page context and imported HTML hash match"
"fragments/1832/08/30-img3027","LEGACY","MATCHED_EXACT","1802","1832-08-30","diary-1832","img3027","","","1.0000","date, Page context and imported HTML hash match"
"fragments/1832/08/31-img3027","LEGACY","MATCHED_EXACT","1803","1832-08-31","diary-1832","img3027","","","1.0000","date, Page context and imported HTML hash match"
"fragments/1832/09/01-img3027","LEGACY","MATCHED_EXACT","1804","1832-09-01","diary-1832","img3027","","","1.0000","date, Page context and imported HTML hash match"
"fragments/1832/09/02-img3027","LEGACY","MATCHED_EXACT","1805","1832-09-02","diary-1832","img3027","","","1.0000","date, Page context and imported HTML hash match"
"fragments/1832/09/03-img3028","LEGACY","MATCHED_EXACT","1806","1832-09-03","diary-1832","img3028","","","1.0000","date, Page context and imported HTML hash match"
"fragments/1832/09/04-img3028","LEGACY","MATCHED_EXACT","1807","1832-09-04","diary-1832","img3028","","","1.0000","date, Page context and imported HTML hash match"
"fragments/1832/09/05-img3028","LEGACY","MATCHED_EXACT","1808","1832-09-05","diary-1832","img3028","","","1.0000","date, Page context and imported HTML hash match"
"fragments/1832/09/06-img3028","LEGACY","MATCHED_EXACT","1809","1832-09-06","diary-1832","img3028","","","1.0000","date, Page context and imported HTML hash match"
"fragments/1832/09/07-img3028","LEGACY","MATCHED_EXACT","1810","1832-09-07","diary-1832","img3028","","","1.0000","date, Page context and imported HTML hash match"
"fragments/1832/09/08-img3028","LEGACY","MATCHED_EXACT","1811","1832-09-08","diary-1832","img3028","","","1.0000","date, Page context and imported HTML hash match"
"fragments/1832/09/09-img3028","LEGACY","MATCHED_EXACT","1812","1832-09-09","diary-1832","img3028","","","1.0000","date, Page context and imported HTML hash match"
"fragments/1832/09/10-img3029","LEGACY","MATCHED_EXACT","1813","1832-09-10","diary-1832","img3029","","","1.0000","date, Page context and imported HTML hash match"
"fragments/1832/09/11-img3029","LEGACY","MATCHED_EXACT","1814","1832-09-11","diary-1832","img3029","","","1.0000","date, Page context and imported HTML hash match"
"fragments/1832/09/12-img3029","LEGACY","MATCHED_EXACT","1815","1832-09-12","diary-1832","img3029","","","1.0000","date, Page context and imported HTML hash match"
"fragments/1832/09/13-img3029","LEGACY","MATCHED_EXACT","1816","1832-09-13","diary-1832","img3029","","","1.0000","date, Page context and imported HTML hash match"
"fragments/1832/09/14-img3029","LEGACY","MATCHED_EXACT","1817","1832-09-14","diary-1832","img3029","","","1.0000","date, Page context and imported HTML hash match"
"fragments/1832/09/15-img3029","LEGACY","MATCHED_EXACT","1818","1832-09-15","diary-1832","img3029","","","1.0000","date, Page context and imported HTML hash match"
"fragments/1832/09/16-img3029","LEGACY","MATCHED_EXACT","1819","1832-09-16","diary-1832","img3029","","","1.0000","date, Page context and imported HTML hash match"
"fragments/1832/09/17-img3030","LEGACY","MATCHED_EXACT","1820","1832-09-17","diary-1832","img3030","","","1.0000","date, Page context and imported HTML hash match"
"fragments/1832/09/18-img3030","LEGACY","MATCHED_EXACT","1821","1832-09-18","diary-1832","img3030","","","1.0000","date, Page context and imported HTML hash match"
"fragments/1832/09/19-img3030","LEGACY","MATCHED_EXACT","1822","1832-09-19","diary-1832","img3030","","","1.0000","date, Page context and imported HTML hash match"
"fragments/1832/09/20-img3030","LEGACY","MATCHED_EXACT","1823","1832-09-20","diary-1832","img3030","","","1.0000","date, Page context and imported HTML hash match"
"fragments/1832/09/21-img3030","LEGACY","MATCHED_EXACT","1824","1832-09-21","diary-1832","img3030","","","1.0000","date, Page context and imported HTML hash match"
"fragments/1832/09/22-img3030","LEGACY","MATCHED_EXACT","1825","1832-09-22","diary-1832","img3030","","","1.0000","date, Page context and imported HTML hash match"
"fragments/1832/09/23-img3030","LEGACY","MATCHED_EXACT","1826","1832-09-23","diary-1832","img3030","","","1.0000","date, Page context and imported HTML hash match"
"fragments/1832/09/24-img3031","LEGACY","MATCHED_EXACT","1827","1832-09-24","diary-1832","img3031","","","1.0000","date, Page context and imported HTML hash match"
"fragments/1832/09/25-img3031","LEGACY","MATCHED_EXACT","1828","1832-09-25","diary-1832","img3031","","","1.0000","date, Page context and imported HTML hash match"
"fragments/1832/09/26-img3031","LEGACY","MATCHED_EXACT","1829","1832-09-26","diary-1832","img3031","","","1.0000","date, Page context and imported HTML hash match"
"fragments/1832/09/27-img3031","LEGACY","MATCHED_EXACT","1830","1832-09-27","diary-1832","img3031","","","1.0000","date, Page context and imported HTML hash match"
"fragments/1832/09/28-img3031","LEGACY","MATCHED_EXACT","1831","1832-09-28","diary-1832","img3031","","","1.0000","date, Page context and imported HTML hash match"
"fragments/1832/09/29-img3031","LEGACY","MATCHED_EXACT","1832","1832-09-29","diary-1832","img3031","","","1.0000","date, Page context and imported HTML hash match"
"fragments/1832/09/30-img3031","LEGACY","MATCHED_EXACT","1833","1832-09-30","diary-1832","img3031","","","1.0000","date, Page context and imported HTML hash match"
"fragments/1832/10/01-img3032","LEGACY","MATCHED_EXACT","1834","1832-10-01","diary-1832","img3032","","","1.0000","date, Page context and imported HTML hash match"
"fragments/1832/10/02-img3032","LEGACY","MATCHED_EXACT","1835","1832-10-02","diary-1832","img3032","","","1.0000","date, Page context and imported HTML hash match"
"fragments/1832/10/03-img3032","LEGACY","MATCHED_EXACT","1836","1832-10-03","diary-1832","img3032","","","1.0000","date, Page context and imported HTML hash match"
"fragments/1832/10/04-img3032","LEGACY","MATCHED_EXACT","1837","1832-10-04","diary-1832","img3032","","","1.0000","date, Page context and imported HTML hash match"
"fragments/1832/10/05-img3032","LEGACY","MATCHED_EXACT","1838","1832-10-05","diary-1832","img3032","","","1.0000","date, Page context and imported HTML hash match"
"fragments/1832/10/06-img3032","LEGACY","MATCHED_EXACT","1839","1832-10-06","diary-1832","img3032","","","1.0000","date, Page context and imported HTML hash match"
"fragments/1832/10/07-img3032","LEGACY","MATCHED_EXACT","1840","1832-10-07","diary-1832","img3032","","","1.0000","date, Page context and imported HTML hash match"
"fragments/1832/10/08-img3033","LEGACY","MATCHED_EXACT","1841","1832-10-08","diary-1832","img3033","","","1.0000","date, Page context and imported HTML hash match"
"fragments/1832/10/09-img3033","LEGACY","MATCHED_EXACT","1842","1832-10-09","diary-1832","img3033","","","1.0000","date, Page context and imported HTML hash match"
"fragments/1832/10/10-img3033","LEGACY","MATCHED_EXACT","1843","1832-10-10","diary-1832","img3033","","","1.0000","date, Page context and imported HTML hash match"
"fragments/1832/10/11-img3033","LEGACY","MATCHED_EXACT","1844","1832-10-11","diary-1832","img3033","","","1.0000","date, Page context and imported HTML hash match"
"fragments/1832/10/12-img3033","LEGACY","MATCHED_EXACT","1845","1832-10-12","diary-1832","img3033","","","1.0000","date, Page context and imported HTML hash match"
"fragments/1832/10/13-img3033","LEGACY","MATCHED_EXACT","1846","1832-10-13","diary-1832","img3033","","","1.0000","date, Page context and imported HTML hash match"
"fragments/1832/10/14-img3033","LEGACY","MATCHED_EXACT","1847","1832-10-14","diary-1832","img3033","","","1.0000","date, Page context and imported HTML hash match"
"fragments/1832/10/15-img3034","LEGACY","MATCHED_EXACT","1848","1832-10-15","diary-1832","img3034","","","1.0000","date, Page context and imported HTML hash match"
"fragments/1832/10/16-img3034","LEGACY","MATCHED_EXACT","1849","1832-10-16","diary-1832","img3034","","","1.0000","date, Page context and imported HTML hash match"
"fragments/1832/10/17-img3034","LEGACY","MATCHED_EXACT","1850","1832-10-17","diary-1832","img3034","","","1.0000","date, Page context and imported HTML hash match"
"fragments/1832/10/18-img3034","LEGACY","MATCHED_EXACT","1851","1832-10-18","diary-1832","img3034","","","1.0000","date, Page context and imported HTML hash match"
"fragments/1832/10/19-img3034","LEGACY","MATCHED_EXACT","1852","1832-10-19","diary-1832","img3034","","","1.0000","date, Page context and imported HTML hash match"
"fragments/1832/10/20-img3034","LEGACY","MATCHED_EXACT","1853","1832-10-20","diary-1832","img3034","","","1.0000","date, Page context and imported HTML hash match"
"fragments/1832/10/21-img3034","LEGACY","MATCHED_EXACT","1854","1832-10-21","diary-1832","img3034","","","1.0000","date, Page context and imported HTML hash match"
"fragments/1832/10/22-img3035","LEGACY","MATCHED_EXACT","1855","1832-10-22","diary-1832","img3035","","","1.0000","date, Page context and imported HTML hash match"
"fragments/1832/10/23-img3035","LEGACY","MATCHED_EXACT","1856","1832-10-23","diary-1832","img3035","","","1.0000","date, Page context and imported HTML hash match"
"fragments/1832/10/24-img3035","LEGACY","MATCHED_EXACT","1857","1832-10-24","diary-1832","img3035","","","1.0000","date, Page context and imported HTML hash match"
"fragments/1832/10/25-img3035","LEGACY","MATCHED_EXACT","1858","1832-10-25","diary-1832","img3035","","","1.0000","date, Page context and imported HTML hash match"
"fragments/1832/10/26-img3035","LEGACY","MATCHED_EXACT","1859","1832-10-26","diary-1832","img3035","","","1.0000","date, Page context and imported HTML hash match"
"fragments/1832/10/27-img3035","LEGACY","MATCHED_EXACT","1860","1832-10-27","diary-1832","img3035","","","1.0000","date, Page context and imported HTML hash match"
"fragments/1832/10/28-img3035","LEGACY","MATCHED_EXACT","1861","1832-10-28","diary-1832","img3035","","","1.0000","date, Page context and imported HTML hash match"
"fragments/1832/10/29-img3036","LEGACY","MATCHED_EXACT","1862","1832-10-29","diary-1832","img3036","","","1.0000","date, Page context and imported HTML hash match"
"fragments/1832/10/30-img3036","LEGACY","MATCHED_EXACT","1863","1832-10-30","diary-1832","img3036","","","1.0000","date, Page context and imported HTML hash match"
"fragments/1832/10/31-img3036","LEGACY","MATCHED_EXACT","1864","1832-10-31","diary-1832","img3036","","","1.0000","date, Page context and imported HTML hash match"
"fragments/1832/11/01-img3036","LEGACY","MATCHED_EXACT","1865","1832-11-01","diary-1832","img3036","","","1.0000","date, Page context and imported HTML hash match"
"fragments/1832/11/02-img3036","LEGACY","MATCHED_EXACT","1866","1832-11-02","diary-1832","img3036","","","1.0000","date, Page context and imported HTML hash match"
"fragments/1832/11/03-img3036","LEGACY","MATCHED_EXACT","1867","1832-11-03","diary-1832","img3036","","","1.0000","date, Page context and imported HTML hash match"
"fragments/1832/11/04-img3036","LEGACY","MATCHED_EXACT","1868","1832-11-04","diary-1832","img3036","","","1.0000","date, Page context and imported HTML hash match"
"fragments/1832/11/05-img3037","LEGACY","MATCHED_EXACT","1869","1832-11-05","diary-1832","img3037","","","1.0000","date, Page context and imported HTML hash match"
"fragments/1832/11/06-img3037","LEGACY","MATCHED_EXACT","1870","1832-11-06","diary-1832","img3037","","","1.0000","date, Page context and imported HTML hash match"
"fragments/1832/11/07-img3037","LEGACY","MATCHED_EXACT","1871","1832-11-07","diary-1832","img3037","","","1.0000","date, Page context and imported HTML hash match"
"fragments/1832/11/08-img3037","LEGACY","MATCHED_EXACT","1872","1832-11-08","diary-1832","img3037","","","1.0000","date, Page context and imported HTML hash match"
"fragments/1832/11/09-img3037","LEGACY","MATCHED_EXACT","1873","1832-11-09","diary-1832","img3037","","","1.0000","date, Page context and imported HTML hash match"
"fragments/1832/11/10-img3037","LEGACY","MATCHED_EXACT","1874","1832-11-10","diary-1832","img3037","","","1.0000","date, Page context and imported HTML hash match"
"fragments/1832/11/11-img3037","LEGACY","MATCHED_EXACT","1875","1832-11-11","diary-1832","img3037","","","1.0000","date, Page context and imported HTML hash match"
"fragments/1832/11/12-img3038","LEGACY","MATCHED_EXACT","1876","1832-11-12","diary-1832","img3038","","","1.0000","date, Page context and imported HTML hash match"
"fragments/1832/11/13-img3038","LEGACY","MATCHED_EXACT","1877","1832-11-13","diary-1832","img3038","","","1.0000","date, Page context and imported HTML hash match"
"fragments/1832/11/14-img3038","LEGACY","MATCHED_EXACT","1878","1832-11-14","diary-1832","img3038","","","1.0000","date, Page context and imported HTML hash match"
"fragments/1832/11/15-img3038","LEGACY","MATCHED_EXACT","1879","1832-11-15","diary-1832","img3038","","","1.0000","date, Page context and imported HTML hash match"
"fragments/1832/11/16-img3038","LEGACY","MATCHED_EXACT","1880","1832-11-16","diary-1832","img3038","","","1.0000","date, Page context and imported HTML hash match"
"fragments/1832/11/17-img3038","LEGACY","MATCHED_EXACT","1881","1832-11-17","diary-1832","img3038","","","1.0000","date, Page context and imported HTML hash match"
"fragments/1832/11/18-img3038","LEGACY","MATCHED_EXACT","1882","1832-11-18","diary-1832","img3038","","","1.0000","date, Page context and imported HTML hash match"
"fragments/1832/11/19-img3039","LEGACY","MATCHED_EXACT","1883","1832-11-19","diary-1832","img3039","","","1.0000","date, Page context and imported HTML hash match"
"fragments/1832/11/20-img3039","LEGACY","MATCHED_EXACT","1884","1832-11-20","diary-1832","img3039","","","1.0000","date, Page context and imported HTML hash match"
"fragments/1832/11/21-img3039","LEGACY","MATCHED_EXACT","1885","1832-11-21","diary-1832","img3039","","","1.0000","date, Page context and imported HTML hash match"
"fragments/1832/11/22-img3039","LEGACY","MATCHED_EXACT","1886","1832-11-22","diary-1832","img3039","","","1.0000","date, Page context and imported HTML hash match"
"fragments/1832/11/23-img3039","LEGACY","MATCHED_EXACT","1887","1832-11-23","diary-1832","img3039","","","1.0000","date, Page context and imported HTML hash match"
"fragments/1832/11/24-img3039","LEGACY","MATCHED_EXACT","1888","1832-11-24","diary-1832","img3039","","","1.0000","date, Page context and imported HTML hash match"
"fragments/1832/11/25-img3039","LEGACY","MATCHED_EXACT","1889","1832-11-25","diary-1832","img3039","","","1.0000","date, Page context and imported HTML hash match"
"fragments/1832/11/26-img3040","LEGACY","MATCHED_EXACT","1890","1832-11-26","diary-1832","img3040","","","1.0000","date, Page context and imported HTML hash match"
"fragments/1832/11/27-img3040","LEGACY","MATCHED_EXACT","1891","1832-11-27","diary-1832","img3040","","","1.0000","date, Page context and imported HTML hash match"
"fragments/1832/11/28-img3040","LEGACY","MATCHED_EXACT","1892","1832-11-28","diary-1832","img3040","","","1.0000","date, Page context and imported HTML hash match"
"fragments/1832/11/29-img3040","LEGACY","MATCHED_EXACT","1893","1832-11-29","diary-1832","img3040","","","1.0000","date, Page context and imported HTML hash match"
"fragments/1832/11/30-img3040","LEGACY","MATCHED_EXACT","1894","1832-11-30","diary-1832","img3040","","","1.0000","date, Page context and imported HTML hash match"
"fragments/1832/12/01-img3040","LEGACY","MATCHED_EXACT","1895","1832-12-01","diary-1832","img3040","","","1.0000","date, Page context and imported HTML hash match"
"fragments/1832/12/02-img3040","LEGACY","MATCHED_EXACT","1896","1832-12-02","diary-1832","img3040","","","1.0000","date, Page context and imported HTML hash match"
"fragments/1832/12/03-img3041","LEGACY","MATCHED_EXACT","1897","1832-12-03","diary-1832","img3041","","","1.0000","date, Page context and imported HTML hash match"
"fragments/1832/12/04-img3041","LEGACY","MATCHED_EXACT","1898","1832-12-04","diary-1832","img3041","","","1.0000","date, Page context and imported HTML hash match"
"fragments/1832/12/05-img3041","LEGACY","MATCHED_EXACT","1899","1832-12-05","diary-1832","img3041","","","1.0000","date, Page context and imported HTML hash match"
"fragments/1832/12/06-img3041","LEGACY","MATCHED_EXACT","1900","1832-12-06","diary-1832","img3041","","","1.0000","date, Page context and imported HTML hash match"
"fragments/1832/12/07-img3041","LEGACY","MATCHED_EXACT","1901","1832-12-07","diary-1832","img3041","","","1.0000","date, Page context and imported HTML hash match"
"fragments/1832/12/08-img3041","LEGACY","MATCHED_EXACT","1902","1832-12-08","diary-1832","img3041","","","1.0000","date, Page context and imported HTML hash match"
"fragments/1832/12/09-img3041","LEGACY","MATCHED_EXACT","1903","1832-12-09","diary-1832","img3041","","","1.0000","date, Page context and imported HTML hash match"
"fragments/1832/12/10-img3042","LEGACY","MATCHED_EXACT","1904","1832-12-10","diary-1832","img3042","","","1.0000","date, Page context and imported HTML hash match"
"fragments/1832/12/11-img3042","LEGACY","MATCHED_EXACT","1905","1832-12-11","diary-1832","img3042","","","1.0000","date, Page context and imported HTML hash match"
"fragments/1832/12/12-img3042","LEGACY","MATCHED_EXACT","1906","1832-12-12","diary-1832","img3042","","","1.0000","date, Page context and imported HTML hash match"
"fragments/1832/12/13-img3042","LEGACY","MATCHED_EXACT","1907","1832-12-13","diary-1832","img3042","","","1.0000","date, Page context and imported HTML hash match"
"fragments/1832/12/14-img3042","LEGACY","MATCHED_EXACT","1908","1832-12-14","diary-1832","img3042","","","1.0000","date, Page context and imported HTML hash match"
"fragments/1832/12/15-img3042","LEGACY","MATCHED_EXACT","1909","1832-12-15","diary-1832","img3042","","","1.0000","date, Page context and imported HTML hash match"
"fragments/1832/12/16-img3042","LEGACY","MATCHED_EXACT","1910","1832-12-16","diary-1832","img3042","","","1.0000","date, Page context and imported HTML hash match"
"fragments/1832/12/17-img3043","LEGACY","MATCHED_EXACT","1911","1832-12-17","diary-1832","img3043","","","1.0000","date, Page context and imported HTML hash match"
"fragments/1832/12/18-img3043","LEGACY","MATCHED_EXACT","1912","1832-12-18","diary-1832","img3043","","","1.0000","date, Page context and imported HTML hash match"
"fragments/1832/12/19-img3043","LEGACY","MATCHED_EXACT","1913","1832-12-19","diary-1832","img3043","","","1.0000","date, Page context and imported HTML hash match"
"fragments/1832/12/20-img3043","LEGACY","MATCHED_EXACT","1914","1832-12-20","diary-1832","img3043","","","1.0000","date, Page context and imported HTML hash match"
"fragments/1832/12/21-img3043","LEGACY","MATCHED_EXACT","1915","1832-12-21","diary-1832","img3043","","","1.0000","date, Page context and imported HTML hash match"
"fragments/1832/12/22-img3043","LEGACY","MATCHED_EXACT","1916","1832-12-22","diary-1832","img3043","","","1.0000","date, Page context and imported HTML hash match"
"fragments/1832/12/23-img3043","LEGACY","MATCHED_EXACT","1917","1832-12-23","diary-1832","img3043","","","1.0000","date, Page context and imported HTML hash match"
"fragments/1832/12/24-img3044","LEGACY","MATCHED_EXACT","1918","1832-12-24","diary-1832","img3044","","","1.0000","date, Page context and imported HTML hash match"
"fragments/1832/12/25-img3044","LEGACY","MATCHED_EXACT","1919","1832-12-25","diary-1832","img3044","","","1.0000","date, Page context and imported HTML hash match"
"fragments/1832/12/26-img3044","LEGACY","MATCHED_EXACT","1920","1832-12-26","diary-1832","img3044","","","1.0000","date, Page context and imported HTML hash match"
"fragments/1832/12/27-img3044","LEGACY","MATCHED_EXACT","1921","1832-12-27","diary-1832","img3044","","","1.0000","date, Page context and imported HTML hash match"
"fragments/1832/12/28-img3044","LEGACY","MATCHED_EXACT","1922","1832-12-28","diary-1832","img3044","","","1.0000","date, Page context and imported HTML hash match"
"fragments/1832/12/29-img3044","LEGACY","MATCHED_EXACT","1923","1832-12-29","diary-1832","img3044","","","1.0000","date, Page context and imported HTML hash match"
"fragments/1832/12/30-img3044","LEGACY","MATCHED_EXACT","1924","1832-12-30","diary-1832","img3044","","","1.0000","date, Page context and imported HTML hash match"
"fragments/1832/12/31-img3044","LEGACY","MATCHED_EXACT","1925","1832-12-31","diary-1832","img3044","","","1.0000","date, Page context and imported HTML hash match"
"fragments/1834/01/01-dc-highlights-1834","LEGACY","MATCHED_EXACT","1926","1834-01-01","","","","","2.0000","date, Page context and imported HTML hash match"
"fragments/1834/01/01-img2693","LEGACY","MATCHED_EXACT","1927","1834-01-01","diary-1834","img2693","","","1.0000","date, Page context and imported HTML hash match"
"fragments/1834/01/02-img2693","LEGACY","MATCHED_EXACT","1928","1834-01-02","diary-1834","img2693","","","1.0000","date, Page context and imported HTML hash match"
"fragments/1834/01/03-img2693","LEGACY","MATCHED_EXACT","1929","1834-01-03","diary-1834","img2693","","","1.0000","date, Page context and imported HTML hash match"
"fragments/1834/01/04-img2693","LEGACY","MATCHED_EXACT","1930","1834-01-04","diary-1834","img2693","","","1.0000","date, Page context and imported HTML hash match"
"fragments/1834/01/05-img2694-left","LEGACY","MATCHED_EXACT","1931","1834-01-05","diary-1834","img2694","","","1.0000","date, Page context and imported HTML hash match"
"fragments/1834/01/06-img2694-left","LEGACY","MATCHED_EXACT","1932","1834-01-06","diary-1834","img2694","","","1.0000","date, Page context and imported HTML hash match"
"fragments/1834/01/07-b3-img2994-burnhopeside-hall","LEGACY","MATCHED_EXACT","1933","1834-01-07","","","","","1.0000","date, Page context and imported HTML hash match"
"fragments/1834/01/07-img2694-left","LEGACY","MATCHED_EXACT","1934","1834-01-07","diary-1834","img2694","","","2.0000","date, Page context and imported HTML hash match"
"fragments/1834/01/08-img2694-left","LEGACY","MATCHED_EXACT","1935","1834-01-08","diary-1834","img2694","","","1.0000","date, Page context and imported HTML hash match"
"fragments/1834/01/09-img2694-left","LEGACY","MATCHED_EXACT","1936","1834-01-09","diary-1834","img2694","","","1.0000","date, Page context and imported HTML hash match"
"fragments/1834/01/10-img2694-right","LEGACY","MATCHED_EXACT","1937","1834-01-10","diary-1834","img2694","","","1.0000","date, Page context and imported HTML hash match"
"fragments/1834/01/11-img2694-right","LEGACY","MATCHED_EXACT","1938","1834-01-11","diary-1834","img2694","","","1.0000","date, Page context and imported HTML hash match"
"fragments/1834/01/12-img2694-right","LEGACY","MATCHED_EXACT","1939","1834-01-12","diary-1834","img2694","","","1.0000","date, Page context and imported HTML hash match"
"fragments/1834/01/13-img2694-right","LEGACY","MATCHED_EXACT","1940","1834-01-13","diary-1834","img2694","","","1.0000","date, Page context and imported HTML hash match"
"fragments/1834/01/14-img2694-right","LEGACY","MATCHED_EXACT","1941","1834-01-14","diary-1834","img2694","","","1.0000","date, Page context and imported HTML hash match"
"fragments/1834/01/15-img2695-left","LEGACY","MATCHED_EXACT","1942","1834-01-15","diary-1834","img2695","","","1.0000","date, Page context and imported HTML hash match"
"fragments/1834/01/16-img2695-left","LEGACY","MATCHED_EXACT","1943","1834-01-16","diary-1834","img2695","","","1.0000","date, Page context and imported HTML hash match"
"fragments/1834/01/17-img2695-left","LEGACY","MATCHED_EXACT","1944","1834-01-17","diary-1834","img2695","","","1.0000","date, Page context and imported HTML hash match"
"fragments/1834/01/18-img2695-left","LEGACY","MATCHED_EXACT","1945","1834-01-18","diary-1834","img2695","","","1.0000","date, Page context and imported HTML hash match"
"fragments/1834/01/19-img2695-left","LEGACY","MATCHED_EXACT","1946","1834-01-19","diary-1834","img2695","","","1.0000","date, Page context and imported HTML hash match"
"fragments/1834/01/20-img2695-right","LEGACY","MATCHED_EXACT","1947","1834-01-20","diary-1834","img2695","","","1.0000","date, Page context and imported HTML hash match"
"fragments/1834/01/21-img2695-right","LEGACY","MATCHED_EXACT","1948","1834-01-21","diary-1834","img2695","","","1.0000","date, Page context and imported HTML hash match"
"fragments/1834/01/22-img2695-right","LEGACY","MATCHED_EXACT","1949","1834-01-22","diary-1834","img2695","","","1.0000","date, Page context and imported HTML hash match"
"fragments/1834/01/23-img2695-right","LEGACY","MATCHED_EXACT","1950","1834-01-23","diary-1834","img2695","","","1.0000","date, Page context and imported HTML hash match"
"fragments/1834/01/24-img2695-right","LEGACY","MATCHED_EXACT","1951","1834-01-24","diary-1834","img2695","","","1.0000","date, Page context and imported HTML hash match"
"fragments/1834/01/25-img2696-left","LEGACY","MATCHED_EXACT","1952","1834-01-25","diary-1834","img2696","","","1.0000","date, Page context and imported HTML hash match"
"fragments/1834/01/26-img2696-left","LEGACY","MATCHED_EXACT","1953","1834-01-26","diary-1834","img2696","","","1.0000","date, Page context and imported HTML hash match"
"fragments/1834/01/27-img2696-left","LEGACY","MATCHED_EXACT","1954","1834-01-27","diary-1834","img2696","","","1.0000","date, Page context and imported HTML hash match"
"fragments/1834/01/28-img2696-left","LEGACY","MATCHED_EXACT","1955","1834-01-28","diary-1834","img2696","","","1.0000","date, Page context and imported HTML hash match"
"fragments/1834/01/29-img2696-left","LEGACY","MATCHED_EXACT","1956","1834-01-29","diary-1834","img2696","","","1.0000","date, Page context and imported HTML hash match"
"fragments/1834/01/30-img2696-left","LEGACY","MATCHED_EXACT","1957","1834-01-30","diary-1834","img2696","","","1.0000","date, Page context and imported HTML hash match"
"fragments/1834/01/31-img2696-left","LEGACY","MATCHED_EXACT","1958","1834-01-31","diary-1834","img2696","","","1.0000","date, Page context and imported HTML hash match"
"fragments/1834/02/01-img2696-right","LEGACY","MATCHED_EXACT","1959","1834-02-01","diary-1834","img2696","","","1.0000","date, Page context and imported HTML hash match"
"fragments/1834/02/02-img2696-right","LEGACY","MATCHED_EXACT","1960","1834-02-02","diary-1834","img2696","","","1.0000","date, Page context and imported HTML hash match"
"fragments/1834/02/03-img2696-right","LEGACY","MATCHED_EXACT","1961","1834-02-03","diary-1834","img2696","","","1.0000","date, Page context and imported HTML hash match"
"fragments/1834/02/04-img2696-right","LEGACY","MATCHED_EXACT","1962","1834-02-04","diary-1834","img2696","","","1.0000","date, Page context and imported HTML hash match"
"fragments/1834/02/05-img2696-right","LEGACY","MATCHED_EXACT","1963","1834-02-05","diary-1834","img2696","","","1.0000","date, Page context and imported HTML hash match"
"fragments/1834/02/06-img2697-left","LEGACY","MATCHED_EXACT","1964","1834-02-06","diary-1834","img2697","","","1.0000","date, Page context and imported HTML hash match"
"fragments/1834/02/07-img2697-left","LEGACY","MATCHED_EXACT","1965","1834-02-07","diary-1834","img2697","","","1.0000","date, Page context and imported HTML hash match"
"fragments/1834/02/08-img2697-left","LEGACY","MATCHED_EXACT","1966","1834-02-08","diary-1834","img2697","","","1.0000","date, Page context and imported HTML hash match"
"fragments/1834/02/09-img2697-left","LEGACY","MATCHED_EXACT","1967","1834-02-09","diary-1834","img2697","","","1.0000","date, Page context and imported HTML hash match"
"fragments/1834/02/10-img2697-left","LEGACY","MATCHED_EXACT","1968","1834-02-10","diary-1834","img2697","","","1.0000","date, Page context and imported HTML hash match"
"fragments/1834/02/11-img2697-left","LEGACY","MATCHED_EXACT","1969","1834-02-11","diary-1834","img2697","","","1.0000","date, Page context and imported HTML hash match"
"fragments/1834/02/12-img2697-right","LEGACY","MATCHED_EXACT","1970","1834-02-12","diary-1834","img2697","","","1.0000","date, Page context and imported HTML hash match"
"fragments/1834/02/13-img2697-right","LEGACY","MATCHED_EXACT","1971","1834-02-13","diary-1834","img2697","","","1.0000","date, Page context and imported HTML hash match"
"fragments/1834/02/14-img2697-right","LEGACY","MATCHED_EXACT","1972","1834-02-14","diary-1834","img2697","","","1.0000","date, Page context and imported HTML hash match"
"fragments/1834/02/15-img2697-right","LEGACY","MATCHED_EXACT","1973","1834-02-15","diary-1834","img2697","","","1.0000","date, Page context and imported HTML hash match"
"fragments/1834/02/16-img2697-right","LEGACY","MATCHED_EXACT","1974","1834-02-16","diary-1834","img2697","","","1.0000","date, Page context and imported HTML hash match"
"fragments/1834/02/17-img2697-right","LEGACY","MATCHED_EXACT","1975","1834-02-17","diary-1834","img2697","","","1.0000","date, Page context and imported HTML hash match"
"fragments/1834/02/18-img2698-left","LEGACY","MATCHED_EXACT","1976","1834-02-18","diary-1834","img2698","","","1.0000","date, Page context and imported HTML hash match"
"fragments/1834/02/19-img2698-left","LEGACY","MATCHED_EXACT","1977","1834-02-19","diary-1834","img2698","","","1.0000","date, Page context and imported HTML hash match"
"fragments/1834/02/20-img2698-left","LEGACY","MATCHED_EXACT","1978","1834-02-20","diary-1834","img2698","","","1.0000","date, Page context and imported HTML hash match"
"fragments/1834/02/21-img2698-left","LEGACY","MATCHED_EXACT","1979","1834-02-21","diary-1834","img2698","","","1.0000","date, Page context and imported HTML hash match"
"fragments/1834/02/22-img2698-left","LEGACY","MATCHED_EXACT","1980","1834-02-22","diary-1834","img2698","","","1.0000","date, Page context and imported HTML hash match"
"fragments/1834/02/23-img2698-left","LEGACY","MATCHED_EXACT","1981","1834-02-23","diary-1834","img2698","","","1.0000","date, Page context and imported HTML hash match"
"fragments/1834/02/24-img2698-right","LEGACY","MATCHED_EXACT","1982","1834-02-24","diary-1834","img2698","","","1.0000","date, Page context and imported HTML hash match"
"fragments/1834/02/25-img2698-right","LEGACY","MATCHED_EXACT","1983","1834-02-25","diary-1834","img2698","","","1.0000","date, Page context and imported HTML hash match"
"fragments/1834/02/26-img2698-right","LEGACY","MATCHED_EXACT","1984","1834-02-26","diary-1834","img2698","","","1.0000","date, Page context and imported HTML hash match"
"fragments/1834/02/27-img2698-right","LEGACY","MATCHED_EXACT","1985","1834-02-27","diary-1834","img2698","","","1.0000","date, Page context and imported HTML hash match"
"fragments/1834/02/28-img2698-right","LEGACY","MATCHED_EXACT","1986","1834-02-28","diary-1834","img2698","","","1.0000","date, Page context and imported HTML hash match"
"fragments/1834/03/01-img2699-left","LEGACY","MATCHED_EXACT","1987","1834-03-01","diary-1834","img2699","","","1.0000","date, Page context and imported HTML hash match"
"fragments/1834/03/02-img2699-left","LEGACY","MATCHED_EXACT","1988","1834-03-02","diary-1834","img2699","","","1.0000","date, Page context and imported HTML hash match"
"fragments/1834/03/03-img2699-left","LEGACY","MATCHED_EXACT","1989","1834-03-03","diary-1834","img2699","","","1.0000","date, Page context and imported HTML hash match"
"fragments/1834/03/04-img2699-left","LEGACY","MATCHED_EXACT","1990","1834-03-04","diary-1834","img2699","","","1.0000","date, Page context and imported HTML hash match"
"fragments/1834/03/05-img2699-right","LEGACY","MATCHED_EXACT","1991","1834-03-05","diary-1834","img2699","","","1.0000","date, Page context and imported HTML hash match"
"fragments/1834/03/06-img2699-right","LEGACY","MATCHED_EXACT","1992","1834-03-06","diary-1834","img2699","","","1.0000","date, Page context and imported HTML hash match"
"fragments/1834/03/07-img2699-right","LEGACY","MATCHED_EXACT","1993","1834-03-07","diary-1834","img2699","","","1.0000","date, Page context and imported HTML hash match"
"fragments/1834/03/08-img2699-right","LEGACY","MATCHED_EXACT","1994","1834-03-08","diary-1834","img2699","","","1.0000","date, Page context and imported HTML hash match"
"fragments/1834/03/09-img2699-right","LEGACY","MATCHED_EXACT","1995","1834-03-09","diary-1834","img2699","","","1.0000","date, Page context and imported HTML hash match"
"fragments/1834/03/10-img2700-left","LEGACY","MATCHED_EXACT","1996","1834-03-10","diary-1834","img2700","","","1.0000","date, Page context and imported HTML hash match"
"fragments/1834/03/11-img2700-left","LEGACY","MATCHED_EXACT","1997","1834-03-11","diary-1834","img2700","","","1.0000","date, Page context and imported HTML hash match"
"fragments/1834/03/12-img2700-left","LEGACY","MATCHED_EXACT","1998","1834-03-12","diary-1834","img2700","","","1.0000","date, Page context and imported HTML hash match"
"fragments/1834/03/13-img2700-left","LEGACY","MATCHED_EXACT","1999","1834-03-13","diary-1834","img2700","","","1.0000","date, Page context and imported HTML hash match"
"fragments/1834/03/14-img2700-left","LEGACY","MATCHED_EXACT","2000","1834-03-14","diary-1834","img2700","","","1.0000","date, Page context and imported HTML hash match"
"fragments/1834/03/15-img2700-right","LEGACY","MATCHED_EXACT","2001","1834-03-15","diary-1834","img2700","","","1.0000","date, Page context and imported HTML hash match"
"fragments/1834/03/16-img2700-right","LEGACY","MATCHED_EXACT","2002","1834-03-16","diary-1834","img2700","","","1.0000","date, Page context and imported HTML hash match"
"fragments/1834/03/17-img2700-right","LEGACY","MATCHED_EXACT","2003","1834-03-17","diary-1834","img2700","","","1.0000","date, Page context and imported HTML hash match"
"fragments/1834/03/18-img2700-right","LEGACY","MATCHED_EXACT","2004","1834-03-18","diary-1834","img2700","","","1.0000","date, Page context and imported HTML hash match"
"fragments/1834/03/19-img2701-left","LEGACY","MATCHED_EXACT","2005","1834-03-19","diary-1834","img2701","","","1.0000","date, Page context and imported HTML hash match"
"fragments/1834/03/20-img2701-left","LEGACY","MATCHED_EXACT","2006","1834-03-20","diary-1834","img2701","","","1.0000","date, Page context and imported HTML hash match"
"fragments/1834/03/21-img2701-left","LEGACY","MATCHED_EXACT","2007","1834-03-21","diary-1834","img2701","","","1.0000","date, Page context and imported HTML hash match"
"fragments/1834/03/22-img2701-left","LEGACY","MATCHED_EXACT","2008","1834-03-22","diary-1834","img2701","","","1.0000","date, Page context and imported HTML hash match"
"fragments/1834/03/23-img2701-right","LEGACY","MATCHED_EXACT","2009","1834-03-23","diary-1834","img2701","","","1.0000","date, Page context and imported HTML hash match"
"fragments/1834/03/24-img2701-right","LEGACY","MATCHED_EXACT","2010","1834-03-24","diary-1834","img2701","","","1.0000","date, Page context and imported HTML hash match"
"fragments/1834/03/25-img2701-right","LEGACY","MATCHED_EXACT","2011","1834-03-25","diary-1834","img2701","","","1.0000","date, Page context and imported HTML hash match"
"fragments/1834/03/26-img2701-right","LEGACY","MATCHED_EXACT","2012","1834-03-26","diary-1834","img2701","","","1.0000","date, Page context and imported HTML hash match"
"fragments/1834/03/27-img2701-right","LEGACY","MATCHED_EXACT","2013","1834-03-27","diary-1834","img2701","","","1.0000","date, Page context and imported HTML hash match"
"fragments/1834/03/28-img2702-left","LEGACY","MATCHED_EXACT","2014","1834-03-28","diary-1834","img2702","","","1.0000","date, Page context and imported HTML hash match"
"fragments/1834/03/29-img2702-left","LEGACY","MATCHED_EXACT","2015","1834-03-29","diary-1834","img2702","","","1.0000","date, Page context and imported HTML hash match"
"fragments/1834/03/30-img2702-left","LEGACY","MATCHED_EXACT","2016","1834-03-30","diary-1834","img2702","","","1.0000","date, Page context and imported HTML hash match"
"fragments/1834/03/31-img2702-left","LEGACY","MATCHED_EXACT","2017","1834-03-31","diary-1834","img2702","","","1.0000","date, Page context and imported HTML hash match"
"fragments/1834/04/01-img2702-right","LEGACY","MATCHED_EXACT","2018","1834-04-01","diary-1834","img2702","","","1.0000","date, Page context and imported HTML hash match"
"fragments/1834/04/02-img2702-right","LEGACY","MATCHED_EXACT","2019","1834-04-02","diary-1834","img2702","","","1.0000","date, Page context and imported HTML hash match"
"fragments/1834/04/03-img2702-right","LEGACY","MATCHED_EXACT","2020","1834-04-03","diary-1834","img2702","","","1.0000","date, Page context and imported HTML hash match"
"fragments/1834/04/04-img2702-right","LEGACY","MATCHED_EXACT","2021","1834-04-04","diary-1834","img2702","","","1.0000","date, Page context and imported HTML hash match"
"fragments/1834/04/05-img2702-right","LEGACY","MATCHED_EXACT","2022","1834-04-05","diary-1834","img2702","","","1.0000","date, Page context and imported HTML hash match"
"fragments/1834/04/06-img2703-left","LEGACY","MATCHED_EXACT","2023","1834-04-06","diary-1834","img2703","","","1.0000","date, Page context and imported HTML hash match"
"fragments/1834/04/07-img2703-left","LEGACY","MATCHED_EXACT","2024","1834-04-07","diary-1834","img2703","","","1.0000","date, Page context and imported HTML hash match"
"fragments/1834/04/08-img2703-left","LEGACY","MATCHED_EXACT","2025","1834-04-08","diary-1834","img2703","","","1.0000","date, Page context and imported HTML hash match"
"fragments/1834/04/09-img2703-left","LEGACY","MATCHED_EXACT","2026","1834-04-09","diary-1834","img2703","","","1.0000","date, Page context and imported HTML hash match"
"fragments/1834/04/10-img2703-left","LEGACY","MATCHED_EXACT","2027","1834-04-10","diary-1834","img2703","","","1.0000","date, Page context and imported HTML hash match"
"fragments/1834/04/11-img2703-left","LEGACY","MATCHED_EXACT","2028","1834-04-11","diary-1834","img2703","","","1.0000","date, Page context and imported HTML hash match"
"fragments/1834/04/12-img2703-right","LEGACY","MATCHED_EXACT","2029","1834-04-12","diary-1834","img2703","","","1.0000","date, Page context and imported HTML hash match"
"fragments/1834/04/13-img2703-right","LEGACY","MATCHED_EXACT","2030","1834-04-13","diary-1834","img2703","","","1.0000","date, Page context and imported HTML hash match"
"fragments/1834/04/14-img2703-right","LEGACY","MATCHED_EXACT","2031","1834-04-14","diary-1834","img2703","","","1.0000","date, Page context and imported HTML hash match"
"fragments/1834/04/15-img2703-right","LEGACY","MATCHED_EXACT","2032","1834-04-15","diary-1834","img2703","","","1.0000","date, Page context and imported HTML hash match"
"fragments/1834/04/16-img2703-right","LEGACY","MATCHED_EXACT","2033","1834-04-16","diary-1834","img2703","","","1.0000","date, Page context and imported HTML hash match"
"fragments/1834/04/17-img2703-right","LEGACY","MATCHED_EXACT","2034","1834-04-17","diary-1834","img2703","","","1.0000","date, Page context and imported HTML hash match"
"fragments/1834/04/18-img2704-left","LEGACY","MATCHED_EXACT","2035","1834-04-18","diary-1834","img2704","","","1.0000","date, Page context and imported HTML hash match"
"fragments/1834/04/19-img2704-left","LEGACY","MATCHED_EXACT","2036","1834-04-19","diary-1834","img2704","","","1.0000","date, Page context and imported HTML hash match"
"fragments/1834/04/20-img2704-left","LEGACY","MATCHED_EXACT","2037","1834-04-20","diary-1834","img2704","","","1.0000","date, Page context and imported HTML hash match"
"fragments/1834/04/21-img2704-left","LEGACY","MATCHED_EXACT","2038","1834-04-21","diary-1834","img2704","","","1.0000","date, Page context and imported HTML hash match"
"fragments/1834/04/22-img2704-left","LEGACY","MATCHED_EXACT","2039","1834-04-22","diary-1834","img2704","","","1.0000","date, Page context and imported HTML hash match"
"fragments/1834/04/23-img2704-left","LEGACY","MATCHED_EXACT","2040","1834-04-23","diary-1834","img2704","","","1.0000","date, Page context and imported HTML hash match"
"fragments/1834/04/24-img2704-right","LEGACY","MATCHED_EXACT","2041","1834-04-24","diary-1834","img2704","","","1.0000","date, Page context and imported HTML hash match"
"fragments/1834/04/25-img2704-right","LEGACY","MATCHED_EXACT","2042","1834-04-25","diary-1834","img2704","","","1.0000","date, Page context and imported HTML hash match"
"fragments/1834/04/26-img2704-right","LEGACY","MATCHED_EXACT","2043","1834-04-26","diary-1834","img2704","","","1.0000","date, Page context and imported HTML hash match"
"fragments/1834/04/27-img2704-right","LEGACY","MATCHED_EXACT","2044","1834-04-27","diary-1834","img2704","","","1.0000","date, Page context and imported HTML hash match"
"fragments/1834/04/28-img2704-right","LEGACY","MATCHED_EXACT","2045","1834-04-28","diary-1834","img2704","","","1.0000","date, Page context and imported HTML hash match"
"fragments/1834/04/29-img2704-right","LEGACY","MATCHED_EXACT","2046","1834-04-29","diary-1834","img2704","","","1.0000","date, Page context and imported HTML hash match"
"fragments/1834/04/30-img2704-right","LEGACY","MATCHED_EXACT","2047","1834-04-30","diary-1834","img2704","","","1.0000","date, Page context and imported HTML hash match"
"fragments/1834/05/01-img2705-left","LEGACY","MATCHED_EXACT","2048","1834-05-01","diary-1834","img2705","","","1.0000","date, Page context and imported HTML hash match"
"fragments/1834/05/02-img2705-left","LEGACY","MATCHED_EXACT","2049","1834-05-02","diary-1834","img2705","","","1.0000","date, Page context and imported HTML hash match"
"fragments/1834/05/03-img2705-left","LEGACY","MATCHED_EXACT","2050","1834-05-03","diary-1834","img2705","","","1.0000","date, Page context and imported HTML hash match"
"fragments/1834/05/04-img2705-left","LEGACY","MATCHED_EXACT","2051","1834-05-04","diary-1834","img2705","","","1.0000","date, Page context and imported HTML hash match"
"fragments/1834/05/05-img2705-left","LEGACY","MATCHED_EXACT","2052","1834-05-05","diary-1834","img2705","","","1.0000","date, Page context and imported HTML hash match"
"fragments/1834/05/06-img2705-left","LEGACY","MATCHED_EXACT","2053","1834-05-06","diary-1834","img2705","","","1.0000","date, Page context and imported HTML hash match"
"fragments/1834/05/07-img2705-right","LEGACY","MATCHED_EXACT","2054","1834-05-07","diary-1834","img2705","","","1.0000","date, Page context and imported HTML hash match"
"fragments/1834/05/08-img2705-right","LEGACY","MATCHED_EXACT","2055","1834-05-08","diary-1834","img2705","","","1.0000","date, Page context and imported HTML hash match"
"fragments/1834/05/09-img2705-right","LEGACY","MATCHED_EXACT","2056","1834-05-09","diary-1834","img2705","","","1.0000","date, Page context and imported HTML hash match"
"fragments/1834/05/10-img2705-right","LEGACY","MATCHED_EXACT","2057","1834-05-10","diary-1834","img2705","","","1.0000","date, Page context and imported HTML hash match"
"fragments/1834/05/11-img2706-left","LEGACY","MATCHED_EXACT","2058","1834-05-11","diary-1834","img2706","","","1.0000","date, Page context and imported HTML hash match"
"fragments/1834/05/12-img2706-left","LEGACY","MATCHED_EXACT","2059","1834-05-12","diary-1834","img2706","","","1.0000","date, Page context and imported HTML hash match"
"fragments/1834/05/13-img2706-left","LEGACY","MATCHED_EXACT","2060","1834-05-13","diary-1834","img2706","","","1.0000","date, Page context and imported HTML hash match"
"fragments/1834/05/14-b3-img2706-benton-park-house","LEGACY","MATCHED_EXACT","2061","1834-05-14","","","","","1.0000","date, Page context and imported HTML hash match"
"fragments/1834/05/14-img2706-left","LEGACY","MATCHED_EXACT","2062","1834-05-14","diary-1834","img2706","","","2.0000","date, Page context and imported HTML hash match"
"fragments/1834/05/15-img2706-right","LEGACY","MATCHED_EXACT","2063","1834-05-15","diary-1834","img2706","","","1.0000","date, Page context and imported HTML hash match"
"fragments/1834/05/16-img2706-right","LEGACY","MATCHED_EXACT","2064","1834-05-16","diary-1834","img2706","","","1.0000","date, Page context and imported HTML hash match"
"fragments/1834/05/17-img2706-right","LEGACY","MATCHED_EXACT","2065","1834-05-17","diary-1834","img2706","","","1.0000","date, Page context and imported HTML hash match"
"fragments/1834/05/18-img2706-right","LEGACY","MATCHED_EXACT","2066","1834-05-18","diary-1834","img2706","","","1.0000","date, Page context and imported HTML hash match"
"fragments/1834/05/19-img2707-left","LEGACY","MATCHED_EXACT","2067","1834-05-19","diary-1834","img2707","","","1.0000","date, Page context and imported HTML hash match"
"fragments/1834/05/20-img2707-left","LEGACY","MATCHED_EXACT","2068","1834-05-20","diary-1834","img2707","","","1.0000","date, Page context and imported HTML hash match"
"fragments/1834/05/21-img2707-left","LEGACY","MATCHED_EXACT","2069","1834-05-21","diary-1834","img2707","","","1.0000","date, Page context and imported HTML hash match"
"fragments/1834/05/22-img2707-right","LEGACY","MATCHED_EXACT","2070","1834-05-22","diary-1834","img2707","","","1.0000","date, Page context and imported HTML hash match"
"fragments/1834/05/23-img2707-right","LEGACY","MATCHED_EXACT","2071","1834-05-23","diary-1834","img2707","","","1.0000","date, Page context and imported HTML hash match"
"fragments/1834/05/24-img2707-right","LEGACY","MATCHED_EXACT","2072","1834-05-24","diary-1834","img2707","","","1.0000","date, Page context and imported HTML hash match"
"fragments/1834/05/25-img2707-right","LEGACY","MATCHED_EXACT","2073","1834-05-25","diary-1834","img2707","","","1.0000","date, Page context and imported HTML hash match"
"fragments/1834/05/26-img2707-right","LEGACY","MATCHED_EXACT","2074","1834-05-26","diary-1834","img2707","","","1.0000","date, Page context and imported HTML hash match"
"fragments/1834/05/27-img2708-left","LEGACY","MATCHED_EXACT","2075","1834-05-27","diary-1834","img2708","","","1.0000","date, Page context and imported HTML hash match"
"fragments/1834/05/28-img2708-left","LEGACY","MATCHED_EXACT","2076","1834-05-28","diary-1834","img2708","","","1.0000","date, Page context and imported HTML hash match"
"fragments/1834/05/29-img2708-left","LEGACY","MATCHED_EXACT","2077","1834-05-29","diary-1834","img2708","","","1.0000","date, Page context and imported HTML hash match"
"fragments/1834/05/30-img2708-left","LEGACY","MATCHED_EXACT","2078","1834-05-30","diary-1834","img2708","","","1.0000","date, Page context and imported HTML hash match"
"fragments/1834/05/31-img2708-left","LEGACY","MATCHED_EXACT","2079","1834-05-31","diary-1834","img2708","","","1.0000","date, Page context and imported HTML hash match"
"fragments/1834/06/01-img2708-right","LEGACY","MATCHED_EXACT","2080","1834-06-01","diary-1834","img2708","","","1.0000","date, Page context and imported HTML hash match"
"fragments/1834/06/02-img2708-right","LEGACY","MATCHED_EXACT","2081","1834-06-02","diary-1834","img2708","","","1.0000","date, Page context and imported HTML hash match"
"fragments/1834/06/03-img2708-right","LEGACY","MATCHED_EXACT","2082","1834-06-03","diary-1834","img2708","","","1.0000","date, Page context and imported HTML hash match"
"fragments/1834/06/04-img2708-right","LEGACY","MATCHED_EXACT","2083","1834-06-04","diary-1834","img2708","","","1.0000","date, Page context and imported HTML hash match"
"fragments/1834/06/05-img2708-right","LEGACY","MATCHED_EXACT","2084","1834-06-05","diary-1834","img2708","","","1.0000","date, Page context and imported HTML hash match"
"fragments/1834/06/06-img2708-right","LEGACY","MATCHED_EXACT","2085","1834-06-06","diary-1834","img2708","","","1.0000","date, Page context and imported HTML hash match"
"fragments/1834/06/07-img2709-left","LEGACY","MATCHED_EXACT","2086","1834-06-07","diary-1834","img2709","","","1.0000","date, Page context and imported HTML hash match"
"fragments/1834/06/08-img2709-left","LEGACY","MATCHED_EXACT","2087","1834-06-08","diary-1834","img2709","","","1.0000","date, Page context and imported HTML hash match"
"fragments/1834/06/09-img2709-left","LEGACY","MATCHED_EXACT","2088","1834-06-09","diary-1834","img2709","","","1.0000","date, Page context and imported HTML hash match"
"fragments/1834/06/10-img2709-left","LEGACY","MATCHED_EXACT","2089","1834-06-10","diary-1834","img2709","","","1.0000","date, Page context and imported HTML hash match"
"fragments/1834/06/11-img2709-left","LEGACY","MATCHED_EXACT","2090","1834-06-11","diary-1834","img2709","","","1.0000","date, Page context and imported HTML hash match"
"fragments/1834/06/12-img2709-left","LEGACY","MATCHED_EXACT","2091","1834-06-12","diary-1834","img2709","","","1.0000","date, Page context and imported HTML hash match"
"fragments/1834/06/13-img2709-right","LEGACY","MATCHED_EXACT","2092","1834-06-13","diary-1834","img2709","","","1.0000","date, Page context and imported HTML hash match"
"fragments/1834/06/14-img2709-right","LEGACY","MATCHED_EXACT","2093","1834-06-14","diary-1834","img2709","","","1.0000","date, Page context and imported HTML hash match"
"fragments/1834/06/15-img2709-right","LEGACY","MATCHED_EXACT","2094","1834-06-15","diary-1834","img2709","","","1.0000","date, Page context and imported HTML hash match"
"fragments/1834/06/16-img2709-right","LEGACY","MATCHED_EXACT","2095","1834-06-16","diary-1834","img2709","","","1.0000","date, Page context and imported HTML hash match"
"fragments/1834/06/17-img2709-right","LEGACY","MATCHED_EXACT","2096","1834-06-17","diary-1834","img2709","","","1.0000","date, Page context and imported HTML hash match"
"fragments/1834/06/18-img2710-left","LEGACY","MATCHED_EXACT","2097","1834-06-18","diary-1834","img2710","","","1.0000","date, Page context and imported HTML hash match"
"fragments/1834/06/19-img2710-left","LEGACY","MATCHED_EXACT","2098","1834-06-19","diary-1834","img2710","","","1.0000","date, Page context and imported HTML hash match"
"fragments/1834/06/20-img2710-left","LEGACY","MATCHED_EXACT","2099","1834-06-20","diary-1834","img2710","","","1.0000","date, Page context and imported HTML hash match"
"fragments/1834/06/21-img2710-left","LEGACY","MATCHED_EXACT","2100","1834-06-21","diary-1834","img2710","","","1.0000","date, Page context and imported HTML hash match"
"fragments/1834/06/22-img2710-right","LEGACY","MATCHED_EXACT","2101","1834-06-22","diary-1834","img2710","","","1.0000","date, Page context and imported HTML hash match"
"fragments/1834/06/23-img2710-right","LEGACY","MATCHED_EXACT","2102","1834-06-23","diary-1834","img2710","","","1.0000","date, Page context and imported HTML hash match"
"fragments/1834/06/24-img2710-right","LEGACY","MATCHED_EXACT","2103","1834-06-24","diary-1834","img2710","","","1.0000","date, Page context and imported HTML hash match"
"fragments/1834/06/25-img2710-right","LEGACY","MATCHED_EXACT","2104","1834-06-25","diary-1834","img2710","","","1.0000","date, Page context and imported HTML hash match"
"fragments/1834/06/26-img2711-left","LEGACY","MATCHED_EXACT","2105","1834-06-26","diary-1834","img2711","","","1.0000","date, Page context and imported HTML hash match"
"fragments/1834/06/27-img2711-left","LEGACY","MATCHED_EXACT","2106","1834-06-27","diary-1834","img2711","","","1.0000","date, Page context and imported HTML hash match"
"fragments/1834/06/28-img2711-left","LEGACY","MATCHED_EXACT","2107","1834-06-28","diary-1834","img2711","","","1.0000","date, Page context and imported HTML hash match"
"fragments/1834/06/29-img2711-left","LEGACY","MATCHED_EXACT","2108","1834-06-29","diary-1834","img2711","","","1.0000","date, Page context and imported HTML hash match"
"fragments/1834/06/30-img2711-left","LEGACY","MATCHED_EXACT","2109","1834-06-30","diary-1834","img2711","","","1.0000","date, Page context and imported HTML hash match"
"fragments/1834/07/01-img2711-right","LEGACY","MATCHED_EXACT","2110","1834-07-01","diary-1834","img2711","","","1.0000","date, Page context and imported HTML hash match"
"fragments/1834/07/02-img2711-right","LEGACY","MATCHED_EXACT","2111","1834-07-02","diary-1834","img2711","","","1.0000","date, Page context and imported HTML hash match"
"fragments/1834/07/03-img2711-right","LEGACY","MATCHED_EXACT","2112","1834-07-03","diary-1834","img2711","","","1.0000","date, Page context and imported HTML hash match"
"fragments/1834/07/04-img2711-right","LEGACY","MATCHED_EXACT","2113","1834-07-04","diary-1834","img2711","","","1.0000","date, Page context and imported HTML hash match"
"fragments/1834/07/05-img2712-left","LEGACY","MATCHED_EXACT","2114","1834-07-05","diary-1834","img2712","","","1.0000","date, Page context and imported HTML hash match"
"fragments/1834/07/06-img2712-left","LEGACY","MATCHED_EXACT","2115","1834-07-06","diary-1834","img2712","","","1.0000","date, Page context and imported HTML hash match"
"fragments/1834/07/07-img2712-left","LEGACY","MATCHED_EXACT","2116","1834-07-07","diary-1834","img2712","","","1.0000","date, Page context and imported HTML hash match"
"fragments/1834/07/08-img2712-left","LEGACY","MATCHED_EXACT","2117","1834-07-08","diary-1834","img2712","","","1.0000","date, Page context and imported HTML hash match"
"fragments/1834/07/08-img2712-right","LEGACY","MISSING_FROM_DATABASE","","1834-07-08","diary-1834","img2712","","","","no unclaimed database row has the same date and Page context"
"fragments/1834/07/09-img2712-right","LEGACY","MATCHED_EXACT","2118","1834-07-09","diary-1834","img2712","","","1.0000","date, Page context and imported HTML hash match"
"fragments/1834/07/10-img2712-right","LEGACY","MATCHED_EXACT","2119","1834-07-10","diary-1834","img2712","","","1.0000","date, Page context and imported HTML hash match"
"fragments/1834/07/11-img2712-right","LEGACY","MATCHED_EXACT","2120","1834-07-11","diary-1834","img2712","","","1.0000","date, Page context and imported HTML hash match"
"fragments/1834/07/12-img2712-right","LEGACY","MATCHED_EXACT","2121","1834-07-12","diary-1834","img2712","","","1.0000","date, Page context and imported HTML hash match"
"fragments/1834/07/13-img2712-right","LEGACY","MATCHED_EXACT","2122","1834-07-13","diary-1834","img2712","","","1.0000","date, Page context and imported HTML hash match"
"fragments/1834/07/14-img2712-right","LEGACY","MATCHED_EXACT","2123","1834-07-14","diary-1834","img2712","","","1.0000","date, Page context and imported HTML hash match"
"fragments/1834/07/15-img2713-left","LEGACY","MATCHED_EXACT","2124","1834-07-15","diary-1834","img2713","","","1.0000","date, Page context and imported HTML hash match"
"fragments/1834/07/16-img2713-left","LEGACY","MATCHED_EXACT","2125","1834-07-16","diary-1834","img2713","","","1.0000","date, Page context and imported HTML hash match"
"fragments/1834/07/17-img2713-left","LEGACY","MATCHED_EXACT","2126","1834-07-17","diary-1834","img2713","","","1.0000","date, Page context and imported HTML hash match"
"fragments/1834/07/18-img2713-left","LEGACY","MATCHED_EXACT","2127","1834-07-18","diary-1834","img2713","","","1.0000","date, Page context and imported HTML hash match"
"fragments/1834/07/19-img2713-left","LEGACY","MATCHED_EXACT","2128","1834-07-19","diary-1834","img2713","","","1.0000","date, Page context and imported HTML hash match"
"fragments/1834/07/20-img2713-left","LEGACY","MATCHED_EXACT","2129","1834-07-20","diary-1834","img2713","","","1.0000","date, Page context and imported HTML hash match"
"fragments/1834/07/21-img2713-right","LEGACY","MATCHED_EXACT","2130","1834-07-21","diary-1834","img2713","","","1.0000","date, Page context and imported HTML hash match"
"fragments/1834/07/22-img2713-right","LEGACY","MATCHED_EXACT","2131","1834-07-22","diary-1834","img2713","","","1.0000","date, Page context and imported HTML hash match"
"fragments/1834/07/23-img2713-right","LEGACY","MATCHED_EXACT","2132","1834-07-23","diary-1834","img2713","","","1.0000","date, Page context and imported HTML hash match"
"fragments/1834/07/24-img2714-left","LEGACY","MATCHED_EXACT","2133","1834-07-24","diary-1834","img2714","","","1.0000","date, Page context and imported HTML hash match"
"fragments/1834/07/25-img2714-left","LEGACY","MATCHED_EXACT","2134","1834-07-25","diary-1834","img2714","","","1.0000","date, Page context and imported HTML hash match"
"fragments/1834/07/26-img2714-left","LEGACY","MATCHED_EXACT","2135","1834-07-26","diary-1834","img2714","","","1.0000","date, Page context and imported HTML hash match"
"fragments/1834/07/27-img2714-left","LEGACY","MATCHED_EXACT","2136","1834-07-27","diary-1834","img2714","","","1.0000","date, Page context and imported HTML hash match"
"fragments/1834/07/28-img2714-left","LEGACY","MATCHED_EXACT","2137","1834-07-28","diary-1834","img2714","","","1.0000","date, Page context and imported HTML hash match"
"fragments/1834/07/29-img2714-left","LEGACY","MATCHED_EXACT","2138","1834-07-29","diary-1834","img2714","","","1.0000","date, Page context and imported HTML hash match"
"fragments/1834/07/30-img2714-right","LEGACY","MATCHED_EXACT","2139","1834-07-30","diary-1834","img2714","","","1.0000","date, Page context and imported HTML hash match"
"fragments/1834/07/31-img2714-right","LEGACY","MATCHED_EXACT","2140","1834-07-31","diary-1834","img2714","","","1.0000","date, Page context and imported HTML hash match"
"fragments/1834/08/01-img2714-right","LEGACY","MATCHED_EXACT","2141","1834-08-01","diary-1834","img2714","","","1.0000","date, Page context and imported HTML hash match"
"fragments/1834/08/02-img2714-right","LEGACY","MATCHED_EXACT","2142","1834-08-02","diary-1834","img2714","","","1.0000","date, Page context and imported HTML hash match"
"fragments/1834/08/03-img2715-left","LEGACY","MATCHED_EXACT","2143","1834-08-03","diary-1834","img2715","","","1.0000","date, Page context and imported HTML hash match"
"fragments/1834/08/04-img2715-left","LEGACY","MATCHED_EXACT","2144","1834-08-04","diary-1834","img2715","","","1.0000","date, Page context and imported HTML hash match"
"fragments/1834/08/05-img2715-left","LEGACY","MATCHED_EXACT","2145","1834-08-05","diary-1834","img2715","","","1.0000","date, Page context and imported HTML hash match"
"fragments/1834/08/06-img2715-left","LEGACY","MATCHED_EXACT","2146","1834-08-06","diary-1834","img2715","","","1.0000","date, Page context and imported HTML hash match"
"fragments/1834/08/07-img2715-right","LEGACY","MATCHED_EXACT","2147","1834-08-07","diary-1834","img2715","","","1.0000","date, Page context and imported HTML hash match"
"fragments/1834/08/08-img2715-right","LEGACY","MATCHED_EXACT","2148","1834-08-08","diary-1834","img2715","","","1.0000","date, Page context and imported HTML hash match"
"fragments/1834/08/09-img2715-right","LEGACY","MATCHED_EXACT","2149","1834-08-09","diary-1834","img2715","","","1.0000","date, Page context and imported HTML hash match"
"fragments/1834/08/10-img2715-right","LEGACY","MATCHED_EXACT","2150","1834-08-10","diary-1834","img2715","","","1.0000","date, Page context and imported HTML hash match"
"fragments/1834/08/11-img2716-left","LEGACY","MATCHED_EXACT","2151","1834-08-11","diary-1834","img2716","","","1.0000","date, Page context and imported HTML hash match"
"fragments/1834/08/12-img2716-left","LEGACY","MATCHED_EXACT","2152","1834-08-12","diary-1834","img2716","","","1.0000","date, Page context and imported HTML hash match"
"fragments/1834/08/13-img2716-left","LEGACY","MATCHED_EXACT","2153","1834-08-13","diary-1834","img2716","","","1.0000","date, Page context and imported HTML hash match"
"fragments/1834/08/14-img2716-left","LEGACY","MATCHED_EXACT","2154","1834-08-14","diary-1834","img2716","","","1.0000","date, Page context and imported HTML hash match"
"fragments/1834/08/15-img2716-right","LEGACY","MATCHED_EXACT","2155","1834-08-15","diary-1834","img2716","","","1.0000","date, Page context and imported HTML hash match"
"fragments/1834/08/16-img2716-right","LEGACY","MATCHED_EXACT","2156","1834-08-16","diary-1834","img2716","","","1.0000","date, Page context and imported HTML hash match"
"fragments/1834/08/17-img2716-right","LEGACY","MATCHED_EXACT","2157","1834-08-17","diary-1834","img2716","","","1.0000","date, Page context and imported HTML hash match"
"fragments/1834/08/18-img2716-right","LEGACY","MATCHED_EXACT","2158","1834-08-18","diary-1834","img2716","","","1.0000","date, Page context and imported HTML hash match"
"fragments/1834/08/19-img2717-left","LEGACY","MATCHED_EXACT","2159","1834-08-19","diary-1834","img2717","","","1.0000","date, Page context and imported HTML hash match"
"fragments/1834/08/20-img2717-left","LEGACY","MATCHED_EXACT","2160","1834-08-20","diary-1834","img2717","","","1.0000","date, Page context and imported HTML hash match"
"fragments/1834/08/21-img2717-left","LEGACY","MATCHED_EXACT","2161","1834-08-21","diary-1834","img2717","","","1.0000","date, Page context and imported HTML hash match"
"fragments/1834/08/22-img2717-left","LEGACY","MATCHED_EXACT","2162","1834-08-22","diary-1834","img2717","","","1.0000","date, Page context and imported HTML hash match"
"fragments/1834/08/23-img2717-left","LEGACY","MATCHED_EXACT","2163","1834-08-23","diary-1834","img2717","","","1.0000","date, Page context and imported HTML hash match"
"fragments/1834/08/24-img2717-right","LEGACY","MATCHED_EXACT","2164","1834-08-24","diary-1834","img2717","","","1.0000","date, Page context and imported HTML hash match"
"fragments/1834/08/25-img2717-right","LEGACY","MATCHED_EXACT","2165","1834-08-25","diary-1834","img2717","","","1.0000","date, Page context and imported HTML hash match"
"fragments/1834/08/26-img2717-right","LEGACY","MATCHED_EXACT","2166","1834-08-26","diary-1834","img2717","","","1.0000","date, Page context and imported HTML hash match"
"fragments/1834/08/27-img2717-right","LEGACY","MATCHED_EXACT","2167","1834-08-27","diary-1834","img2717","","","1.0000","date, Page context and imported HTML hash match"
"fragments/1834/08/28-img2718-left","LEGACY","MATCHED_EXACT","2168","1834-08-28","diary-1834","img2718","","","1.0000","date, Page context and imported HTML hash match"
"fragments/1834/08/29-img2718-left","LEGACY","MATCHED_EXACT","2169","1834-08-29","diary-1834","img2718","","","1.0000","date, Page context and imported HTML hash match"
"fragments/1834/08/30-img2718-left","LEGACY","MATCHED_EXACT","2170","1834-08-30","diary-1834","img2718","","","1.0000","date, Page context and imported HTML hash match"
"fragments/1834/08/31-img2718-left","LEGACY","MATCHED_EXACT","2171","1834-08-31","diary-1834","img2718","","","1.0000","date, Page context and imported HTML hash match"
"fragments/1834/09/01-img2718-right","LEGACY","MATCHED_EXACT","2172","1834-09-01","diary-1834","img2718","","","1.0000","date, Page context and imported HTML hash match"
"fragments/1834/09/02-img2718-right","LEGACY","MATCHED_EXACT","2173","1834-09-02","diary-1834","img2718","","","1.0000","date, Page context and imported HTML hash match"
"fragments/1834/09/03-img2718-right","LEGACY","MATCHED_EXACT","2174","1834-09-03","diary-1834","img2718","","","1.0000","date, Page context and imported HTML hash match"
"fragments/1834/09/04-img2718-right","LEGACY","MATCHED_EXACT","2175","1834-09-04","diary-1834","img2718","","","1.0000","date, Page context and imported HTML hash match"
"fragments/1834/09/05-img2718-right","LEGACY","MATCHED_EXACT","2176","1834-09-05","diary-1834","img2718","","","1.0000","date, Page context and imported HTML hash match"
"fragments/1834/09/06-img2719-left","LEGACY","MATCHED_EXACT","2177","1834-09-06","diary-1834","img2719","","","1.0000","date, Page context and imported HTML hash match"
"fragments/1834/09/07-img2719-left","LEGACY","MATCHED_EXACT","2178","1834-09-07","diary-1834","img2719","","","1.0000","date, Page context and imported HTML hash match"
"fragments/1834/09/08-img2719-left","LEGACY","MATCHED_EXACT","2179","1834-09-08","diary-1834","img2719","","","1.0000","date, Page context and imported HTML hash match"
"fragments/1834/09/09-img2719-left","LEGACY","MATCHED_EXACT","2180","1834-09-09","diary-1834","img2719","","","1.0000","date, Page context and imported HTML hash match"
"fragments/1834/09/10-img2719-left","LEGACY","MATCHED_EXACT","2181","1834-09-10","diary-1834","img2719","","","1.0000","date, Page context and imported HTML hash match"
"fragments/1834/09/11-img2719-right","LEGACY","MATCHED_EXACT","2182","1834-09-11","diary-1834","img2719","","","1.0000","date, Page context and imported HTML hash match"
"fragments/1834/09/12-img2719-right","LEGACY","MATCHED_EXACT","2183","1834-09-12","diary-1834","img2719","","","1.0000","date, Page context and imported HTML hash match"
"fragments/1834/09/13-img2719-right","LEGACY","MATCHED_EXACT","2184","1834-09-13","diary-1834","img2719","","","1.0000","date, Page context and imported HTML hash match"
"fragments/1834/09/14-img2719-right","LEGACY","MATCHED_EXACT","2185","1834-09-14","diary-1834","img2719","","","1.0000","date, Page context and imported HTML hash match"
"fragments/1834/09/15-img2719-right","LEGACY","MATCHED_EXACT","2186","1834-09-15","diary-1834","img2719","","","1.0000","date, Page context and imported HTML hash match"
"fragments/1834/09/16-img2720-left","LEGACY","MATCHED_EXACT","2187","1834-09-16","diary-1834","img2720","","","1.0000","date, Page context and imported HTML hash match"
"fragments/1834/09/17-img2720-left","LEGACY","MATCHED_EXACT","2188","1834-09-17","diary-1834","img2720","","","1.0000","date, Page context and imported HTML hash match"
"fragments/1834/09/18-img2720-left","LEGACY","MATCHED_EXACT","2189","1834-09-18","diary-1834","img2720","","","1.0000","date, Page context and imported HTML hash match"
"fragments/1834/09/19-img2720-left","LEGACY","MATCHED_EXACT","2190","1834-09-19","diary-1834","img2720","","","1.0000","date, Page context and imported HTML hash match"
"fragments/1834/09/20-img2720-left","LEGACY","MATCHED_EXACT","2191","1834-09-20","diary-1834","img2720","","","1.0000","date, Page context and imported HTML hash match"
"fragments/1834/09/21-img2720-right","LEGACY","MATCHED_EXACT","2192","1834-09-21","diary-1834","img2720","","","1.0000","date, Page context and imported HTML hash match"
"fragments/1834/09/22-img2720-right","LEGACY","MATCHED_EXACT","2193","1834-09-22","diary-1834","img2720","","","1.0000","date, Page context and imported HTML hash match"
"fragments/1834/09/23-img2720-right","LEGACY","MATCHED_EXACT","2194","1834-09-23","diary-1834","img2720","","","1.0000","date, Page context and imported HTML hash match"
"fragments/1834/09/24-img2720-right","LEGACY","MATCHED_EXACT","2195","1834-09-24","diary-1834","img2720","","","1.0000","date, Page context and imported HTML hash match"
"fragments/1834/09/25-img2720-right","LEGACY","MATCHED_EXACT","2196","1834-09-25","diary-1834","img2720","","","1.0000","date, Page context and imported HTML hash match"
"fragments/1834/09/26-img2720-right","LEGACY","MATCHED_EXACT","2197","1834-09-26","diary-1834","img2720","","","1.0000","date, Page context and imported HTML hash match"
"fragments/1834/09/27-img2721-left","LEGACY","MATCHED_EXACT","2198","1834-09-27","diary-1834","img2721","","","1.0000","date, Page context and imported HTML hash match"
"fragments/1834/09/28-img2721-left","LEGACY","MATCHED_EXACT","2199","1834-09-28","diary-1834","img2721","","","1.0000","date, Page context and imported HTML hash match"
"fragments/1834/09/29-img2721-left","LEGACY","MATCHED_EXACT","2200","1834-09-29","diary-1834","img2721","","","1.0000","date, Page context and imported HTML hash match"
"fragments/1834/09/30-img2721-left","LEGACY","MATCHED_EXACT","2201","1834-09-30","diary-1834","img2721","","","1.0000","date, Page context and imported HTML hash match"
"fragments/1834/10/01-img2721-left","LEGACY","MATCHED_EXACT","2202","1834-10-01","diary-1834","img2721","","","1.0000","date, Page context and imported HTML hash match"
"fragments/1834/10/02-img2721-right","LEGACY","MATCHED_EXACT","2203","1834-10-02","diary-1834","img2721","","","1.0000","date, Page context and imported HTML hash match"
"fragments/1834/10/03-img2721-right","LEGACY","MATCHED_EXACT","2204","1834-10-03","diary-1834","img2721","","","1.0000","date, Page context and imported HTML hash match"
"fragments/1834/10/04-img2721-right","LEGACY","MATCHED_EXACT","2205","1834-10-04","diary-1834","img2721","","","1.0000","date, Page context and imported HTML hash match"
"fragments/1834/10/05-img2721-right","LEGACY","MATCHED_EXACT","2206","1834-10-05","diary-1834","img2721","","","1.0000","date, Page context and imported HTML hash match"
"fragments/1834/10/06-img2721-right","LEGACY","MATCHED_EXACT","2207","1834-10-06","diary-1834","img2721","","","1.0000","date, Page context and imported HTML hash match"
"fragments/1834/10/07-img2721-right","LEGACY","MATCHED_EXACT","2208","1834-10-07","diary-1834","img2721","","","1.0000","date, Page context and imported HTML hash match"
"fragments/1834/10/08-img2721-right","LEGACY","MATCHED_EXACT","2209","1834-10-08","diary-1834","img2721","","","1.0000","date, Page context and imported HTML hash match"
"fragments/1834/10/09-img2721-right","LEGACY","MATCHED_EXACT","2210","1834-10-09","diary-1834","img2721","","","1.0000","date, Page context and imported HTML hash match"
"fragments/1834/10/10-img2722-left","LEGACY","MATCHED_EXACT","2211","1834-10-10","diary-1834","img2722","","","1.0000","date, Page context and imported HTML hash match"
"fragments/1834/10/11-img2722-left","LEGACY","MATCHED_EXACT","2212","1834-10-11","diary-1834","img2722","","","1.0000","date, Page context and imported HTML hash match"
"fragments/1834/10/12-img2722-left","LEGACY","MATCHED_EXACT","2213","1834-10-12","diary-1834","img2722","","","1.0000","date, Page context and imported HTML hash match"
"fragments/1834/10/13-img2722-left","LEGACY","MATCHED_EXACT","2214","1834-10-13","diary-1834","img2722","","","1.0000","date, Page context and imported HTML hash match"
"fragments/1834/10/14-img2722-left","LEGACY","MATCHED_EXACT","2215","1834-10-14","diary-1834","img2722","","","1.0000","date, Page context and imported HTML hash match"
"fragments/1834/10/15-img2722-left","LEGACY","MATCHED_EXACT","2216","1834-10-15","diary-1834","img2722","","","1.0000","date, Page context and imported HTML hash match"
"fragments/1834/10/16-img2722-left","LEGACY","MATCHED_EXACT","2217","1834-10-16","diary-1834","img2722","","","1.0000","date, Page context and imported HTML hash match"
"fragments/1834/10/17-img2722-left","LEGACY","MATCHED_EXACT","2218","1834-10-17","diary-1834","img2722","","","1.0000","date, Page context and imported HTML hash match"
"fragments/1834/10/18-img2722-left","LEGACY","MATCHED_EXACT","2219","1834-10-18","diary-1834","img2722","","","1.0000","date, Page context and imported HTML hash match"
"fragments/1834/10/19-img2722-left","LEGACY","MATCHED_EXACT","2220","1834-10-19","diary-1834","img2722","","","1.0000","date, Page context and imported HTML hash match"
"fragments/1834/10/20-img2722-left","LEGACY","MATCHED_EXACT","2221","1834-10-20","diary-1834","img2722","","","1.0000","date, Page context and imported HTML hash match"
"fragments/1834/10/21-img2722-left","LEGACY","MATCHED_EXACT","2222","1834-10-21","diary-1834","img2722","","","1.0000","date, Page context and imported HTML hash match"
"fragments/1834/10/22-img2722-right","LEGACY","MATCHED_EXACT","2223","1834-10-22","diary-1834","img2722","","","1.0000","date, Page context and imported HTML hash match"
"fragments/1834/10/23-img2722-right","LEGACY","MATCHED_EXACT","2224","1834-10-23","diary-1834","img2722","","","1.0000","date, Page context and imported HTML hash match"
"fragments/1834/10/24-img2722-right","LEGACY","MATCHED_EXACT","2225","1834-10-24","diary-1834","img2722","","","1.0000","date, Page context and imported HTML hash match"
"fragments/1834/10/25-img2722-right","LEGACY","MATCHED_EXACT","2226","1834-10-25","diary-1834","img2722","","","1.0000","date, Page context and imported HTML hash match"
"fragments/1834/10/26-img2722-right","LEGACY","MATCHED_EXACT","2227","1834-10-26","diary-1834","img2722","","","1.0000","date, Page context and imported HTML hash match"
"fragments/1834/10/27-img2722-right","LEGACY","MATCHED_EXACT","2228","1834-10-27","diary-1834","img2722","","","1.0000","date, Page context and imported HTML hash match"
"fragments/1834/10/28-img2722-right","LEGACY","MATCHED_EXACT","2229","1834-10-28","diary-1834","img2722","","","1.0000","date, Page context and imported HTML hash match"
"fragments/1834/10/29-img2722-right","LEGACY","MATCHED_EXACT","2230","1834-10-29","diary-1834","img2722","","","1.0000","date, Page context and imported HTML hash match"
"fragments/1834/10/30-img2722-right","LEGACY","MATCHED_EXACT","2231","1834-10-30","diary-1834","img2722","","","1.0000","date, Page context and imported HTML hash match"
"fragments/1834/10/31-img2722-right","LEGACY","MATCHED_EXACT","2232","1834-10-31","diary-1834","img2722","","","1.0000","date, Page context and imported HTML hash match"
"fragments/1834/11/01-img2722-right","LEGACY","MATCHED_EXACT","2233","1834-11-01","diary-1834","img2722","","","1.0000","date, Page context and imported HTML hash match"
"fragments/1834/11/02-img2722-right","LEGACY","MATCHED_EXACT","2234","1834-11-02","diary-1834","img2722","","","1.0000","date, Page context and imported HTML hash match"
"fragments/1834/11/03-img2723-left","LEGACY","MATCHED_EXACT","2235","1834-11-03","diary-1834","img2723","","","1.0000","date, Page context and imported HTML hash match"
"fragments/1834/11/04-img2723-left","LEGACY","MATCHED_EXACT","2236","1834-11-04","diary-1834","img2723","","","1.0000","date, Page context and imported HTML hash match"
"fragments/1834/11/05-img2723-left","LEGACY","MATCHED_EXACT","2237","1834-11-05","diary-1834","img2723","","","1.0000","date, Page context and imported HTML hash match"
"fragments/1834/11/06-img2723-left","LEGACY","MATCHED_EXACT","2238","1834-11-06","diary-1834","img2723","","","1.0000","date, Page context and imported HTML hash match"
"fragments/1834/11/07-img2723-left","LEGACY","MATCHED_EXACT","2239","1834-11-07","diary-1834","img2723","","","1.0000","date, Page context and imported HTML hash match"
"fragments/1834/11/08-img2723-left","LEGACY","MATCHED_EXACT","2240","1834-11-08","diary-1834","img2723","","","1.0000","date, Page context and imported HTML hash match"
"fragments/1834/11/09-img2723-left","LEGACY","MATCHED_EXACT","2241","1834-11-09","diary-1834","img2723","","","1.0000","date, Page context and imported HTML hash match"
"fragments/1834/11/10-img2723-left","LEGACY","MATCHED_EXACT","2242","1834-11-10","diary-1834","img2723","","","1.0000","date, Page context and imported HTML hash match"
"fragments/1834/11/11-img2723-left","LEGACY","MATCHED_EXACT","2243","1834-11-11","diary-1834","img2723","","","1.0000","date, Page context and imported HTML hash match"
"fragments/1834/11/12-img2723-left","LEGACY","MATCHED_EXACT","2244","1834-11-12","diary-1834","img2723","","","1.0000","date, Page context and imported HTML hash match"
"fragments/1834/11/13-img2723-left","LEGACY","MATCHED_EXACT","2245","1834-11-13","diary-1834","img2723","","","1.0000","date, Page context and imported HTML hash match"
"fragments/1834/11/13-img2723-right","LEGACY","MISSING_FROM_DATABASE","","1834-11-13","diary-1834","img2723","","","","no unclaimed database row has the same date and Page context"
"fragments/1834/11/14-img2723-right","LEGACY","MATCHED_EXACT","2246","1834-11-14","diary-1834","img2723","","","1.0000","date, Page context and imported HTML hash match"
"fragments/1834/11/15-img2723-right","LEGACY","MATCHED_EXACT","2247","1834-11-15","diary-1834","img2723","","","1.0000","date, Page context and imported HTML hash match"
"fragments/1834/11/16-img2723-right","LEGACY","MATCHED_EXACT","2248","1834-11-16","diary-1834","img2723","","","1.0000","date, Page context and imported HTML hash match"
"fragments/1834/11/17-img2723-right","LEGACY","MATCHED_EXACT","2249","1834-11-17","diary-1834","img2723","","","1.0000","date, Page context and imported HTML hash match"
"fragments/1834/11/18-img2723-right","LEGACY","MATCHED_EXACT","2250","1834-11-18","diary-1834","img2723","","","1.0000","date, Page context and imported HTML hash match"
"fragments/1834/11/19-img2723-right","LEGACY","MATCHED_EXACT","2251","1834-11-19","diary-1834","img2723","","","1.0000","date, Page context and imported HTML hash match"
"fragments/1834/11/20-img2723-right","LEGACY","MATCHED_EXACT","2252","1834-11-20","diary-1834","img2723","","","1.0000","date, Page context and imported HTML hash match"
"fragments/1834/11/21-img2723-right","LEGACY","MATCHED_EXACT","2253","1834-11-21","diary-1834","img2723","","","1.0000","date, Page context and imported HTML hash match"
"fragments/1834/11/22-img2723-right","LEGACY","MATCHED_EXACT","2254","1834-11-22","diary-1834","img2723","","","1.0000","date, Page context and imported HTML hash match"
"fragments/1834/11/23-img2724-left","LEGACY","MATCHED_EXACT","2255","1834-11-23","diary-1834","img2724","","","1.0000","date, Page context and imported HTML hash match"
"fragments/1834/11/24-img2724-left","LEGACY","MATCHED_EXACT","2256","1834-11-24","diary-1834","img2724","","","1.0000","date, Page context and imported HTML hash match"
"fragments/1834/11/25-img2724-left","LEGACY","MATCHED_EXACT","2257","1834-11-25","diary-1834","img2724","","","1.0000","date, Page context and imported HTML hash match"
"fragments/1834/11/26-img2724-left","LEGACY","MATCHED_EXACT","2258","1834-11-26","diary-1834","img2724","","","1.0000","date, Page context and imported HTML hash match"
"fragments/1834/11/27-img2724-left","LEGACY","MATCHED_EXACT","2259","1834-11-27","diary-1834","img2724","","","1.0000","date, Page context and imported HTML hash match"
"fragments/1834/11/28-img2724-left","LEGACY","MATCHED_EXACT","2260","1834-11-28","diary-1834","img2724","","","1.0000","date, Page context and imported HTML hash match"
"fragments/1834/11/29-img2724-left","LEGACY","MATCHED_EXACT","2261","1834-11-29","diary-1834","img2724","","","1.0000","date, Page context and imported HTML hash match"
"fragments/1834/11/30-img2724-left","LEGACY","MATCHED_EXACT","2262","1834-11-30","diary-1834","img2724","","","1.0000","date, Page context and imported HTML hash match"
"fragments/1834/12/01-img2724-left","LEGACY","MATCHED_EXACT","2263","1834-12-01","diary-1834","img2724","","","1.0000","date, Page context and imported HTML hash match"
"fragments/1834/12/02-img2724-left","LEGACY","MATCHED_EXACT","2264","1834-12-02","diary-1834","img2724","","","1.0000","date, Page context and imported HTML hash match"
"fragments/1834/12/03-img2724-right","LEGACY","MATCHED_EXACT","2265","1834-12-03","diary-1834","img2724","","","1.0000","date, Page context and imported HTML hash match"
"fragments/1834/12/04-img2724-right","LEGACY","MATCHED_EXACT","2266","1834-12-04","diary-1834","img2724","","","1.0000","date, Page context and imported HTML hash match"
"fragments/1834/12/05-img2724-right","LEGACY","MATCHED_EXACT","2267","1834-12-05","diary-1834","img2724","","","1.0000","date, Page context and imported HTML hash match"
"fragments/1834/12/06-img2724-right","LEGACY","MATCHED_EXACT","2268","1834-12-06","diary-1834","img2724","","","1.0000","date, Page context and imported HTML hash match"
"fragments/1834/12/07-img2724-right","LEGACY","MATCHED_EXACT","2269","1834-12-07","diary-1834","img2724","","","1.0000","date, Page context and imported HTML hash match"
"fragments/1834/12/08-img2724-right","LEGACY","MATCHED_EXACT","2270","1834-12-08","diary-1834","img2724","","","1.0000","date, Page context and imported HTML hash match"
"fragments/1834/12/09-img2724-right","LEGACY","MATCHED_EXACT","2271","1834-12-09","diary-1834","img2724","","","1.0000","date, Page context and imported HTML hash match"
"fragments/1834/12/10-img2724-right","LEGACY","MATCHED_EXACT","2272","1834-12-10","diary-1834","img2724","","","1.0000","date, Page context and imported HTML hash match"
"fragments/1834/12/11-img2724-right","LEGACY","MATCHED_EXACT","2273","1834-12-11","diary-1834","img2724","","","1.0000","date, Page context and imported HTML hash match"
"fragments/1834/12/12-img2725-left","LEGACY","MATCHED_EXACT","2274","1834-12-12","diary-1834","img2725","","","1.0000","date, Page context and imported HTML hash match"
"fragments/1834/12/13-img2725-left","LEGACY","MATCHED_EXACT","2275","1834-12-13","diary-1834","img2725","","","1.0000","date, Page context and imported HTML hash match"
"fragments/1834/12/14-img2725-left","LEGACY","MATCHED_EXACT","2276","1834-12-14","diary-1834","img2725","","","1.0000","date, Page context and imported HTML hash match"
"fragments/1834/12/15-img2725-left","LEGACY","MATCHED_EXACT","2277","1834-12-15","diary-1834","img2725","","","1.0000","date, Page context and imported HTML hash match"
"fragments/1834/12/16-img2725-left","LEGACY","MATCHED_EXACT","2278","1834-12-16","diary-1834","img2725","","","1.0000","date, Page context and imported HTML hash match"
"fragments/1834/12/17-img2725-left","LEGACY","MATCHED_EXACT","2279","1834-12-17","diary-1834","img2725","","","1.0000","date, Page context and imported HTML hash match"
"fragments/1834/12/18-img2725-left","LEGACY","MATCHED_EXACT","2280","1834-12-18","diary-1834","img2725","","","1.0000","date, Page context and imported HTML hash match"
"fragments/1834/12/19-img2725-left","LEGACY","MATCHED_EXACT","2281","1834-12-19","diary-1834","img2725","","","1.0000","date, Page context and imported HTML hash match"
"fragments/1834/12/20-img2725-left","LEGACY","MATCHED_EXACT","2282","1834-12-20","diary-1834","img2725","","","1.0000","date, Page context and imported HTML hash match"
"fragments/1834/12/21-img2725-left","LEGACY","MATCHED_EXACT","2283","1834-12-21","diary-1834","img2725","","","1.0000","date, Page context and imported HTML hash match"
"fragments/1834/12/22-img2725-left","LEGACY","MATCHED_EXACT","2284","1834-12-22","diary-1834","img2725","","","1.0000","date, Page context and imported HTML hash match"
"fragments/1834/12/23-img2725-right","LEGACY","MATCHED_EXACT","2285","1834-12-23","diary-1834","img2725","","","1.0000","date, Page context and imported HTML hash match"
"fragments/1834/12/24-img2725-right","LEGACY","MATCHED_EXACT","2286","1834-12-24","diary-1834","img2725","","","1.0000","date, Page context and imported HTML hash match"
"fragments/1834/12/25-img2725-right","LEGACY","MATCHED_EXACT","2287","1834-12-25","diary-1834","img2725","","","1.0000","date, Page context and imported HTML hash match"
"fragments/1834/12/26-img2725-right","LEGACY","MATCHED_EXACT","2288","1834-12-26","diary-1834","img2725","","","1.0000","date, Page context and imported HTML hash match"
"fragments/1834/12/27-img2725-right","LEGACY","MATCHED_EXACT","2289","1834-12-27","diary-1834","img2725","","","1.0000","date, Page context and imported HTML hash match"
"fragments/1834/12/28-img2725-right","LEGACY","MATCHED_EXACT","2290","1834-12-28","diary-1834","img2725","","","1.0000","date, Page context and imported HTML hash match"
"fragments/1834/12/29-img2725-right","LEGACY","MATCHED_EXACT","2291","1834-12-29","diary-1834","img2725","","","1.0000","date, Page context and imported HTML hash match"
"fragments/1834/12/30-img2725-right","LEGACY","MATCHED_EXACT","2292","1834-12-30","diary-1834","img2725","","","1.0000","date, Page context and imported HTML hash match"
"fragments/1834/12/31-img2725-right","LEGACY","MATCHED_EXACT","2293","1834-12-31","diary-1834","img2725","","","1.0000","date, Page context and imported HTML hash match"
"fragments/1835/01/01-img2648-right","LEGACY","MATCHED_EXACT","2294","1835-01-01","diary-1835","img2648","","","1.0000","date, Page context and imported HTML hash match"
"fragments/1835/01/02-img2648-right","LEGACY","MATCHED_EXACT","2295","1835-01-02","diary-1835","img2648","","","1.0000","date, Page context and imported HTML hash match"
"fragments/1835/01/03-img2648-right","LEGACY","MATCHED_EXACT","2296","1835-01-03","diary-1835","img2648","","","1.0000","date, Page context and imported HTML hash match"
"fragments/1835/01/04-img2648-right","LEGACY","MATCHED_EXACT","2297","1835-01-04","diary-1835","img2648","","","1.0000","date, Page context and imported HTML hash match"
"fragments/1835/01/05-img2648-right","LEGACY","MATCHED_EXACT","2298","1835-01-05","diary-1835","img2648","","","1.0000","date, Page context and imported HTML hash match"
