plan_key,operation,database_fragment_id,source_key,date,existing_sequence,proposed_sequence,planning_order,resolution,content_action,database_image_candidate,target_fragment_type,type_basis,marquee_action,page_id,page_resolution,execution_stage,place_after,image_reference,inventory_classification,embedded_image_count,reviewed_by,reviewed_at,reason
database:4,RETAIN_EXISTING,4,fragments/1828/01/01-img2833-right,1828-01-01,1,1,1,AUTO_MATCHED_EXACT,MATCHED_CONTENT,false,MARQUEE,NO_EMBEDDED_IMAGE,KEEP_EXISTING,685,INVENTORY_MARQUEE,SAFE_TYPED_FRAGMENT_STAGE,,,ORDINARY_MARQUEE_CANDIDATE,0,,,
database:5,RETAIN_EXISTING,5,fragments/1828/01/01-img2834-left,1828-01-01,2,2,2,AUTO_MATCHED_EXACT,MATCHED_CONTENT,false,MARQUEE,NO_EMBEDDED_IMAGE,KEEP_EXISTING,686,INVENTORY_MARQUEE,SAFE_TYPED_FRAGMENT_STAGE,,,ORDINARY_MARQUEE_CANDIDATE,0,,,
database:1,RETAIN_EXISTING,1,fragments/1828/01/01-dc-highlights-1828,1828-01-01,3,3,3,AUTO_MATCHED_EXACT,MATCHED_CONTENT,false,MARQUEE,NO_EMBEDDED_IMAGE,KEEP_ABSENT,,UNRESOLVED,SAFE_TYPED_FRAGMENT_STAGE,,,ORPHAN_OR_INCONSISTENT,0,,,
database:2,RETAIN_EXISTING,2,fragments/1828/01/01-dn-img2832-introduction-1,1828-01-01,4,4,4,AUTO_MATCHED_EXACT,MATCHED_CONTENT,false,MARQUEE,NO_EMBEDDED_IMAGE,KEEP_ABSENT,,UNRESOLVED,SAFE_TYPED_FRAGMENT_STAGE,,,ORPHAN_OR_INCONSISTENT,0,,,
database:3,RETAIN_EXISTING,3,fragments/1828/01/01-do-img2832-introduction-2,1828-01-01,5,5,5,AUTO_MATCHED_EXACT,MATCHED_CONTENT,false,MARQUEE,NO_EMBEDDED_IMAGE,KEEP_ABSENT,,UNRESOLVED,SAFE_TYPED_FRAGMENT_STAGE,,,ORPHAN_OR_INCONSISTENT,0,,,
database:6,RETAIN_EXISTING,6,fragments/1828/01/02-img2834-right,1828-01-02,1,1,1,AUTO_MATCHED_EXACT,MATCHED_CONTENT,false,MARQUEE,NO_EMBEDDED_IMAGE,KEEP_EXISTING,686,INVENTORY_MARQUEE,SAFE_TYPED_FRAGMENT_STAGE,,,ORDINARY_MARQUEE_CANDIDATE,0,,,
database:7,RETAIN_EXISTING,7,fragments/1828/01/03-img2834-right,1828-01-03,1,1,1,AUTO_MATCHED_EXACT,MATCHED_CONTENT,false,MARQUEE,NO_EMBEDDED_IMAGE,KEEP_EXISTING,686,INVENTORY_MARQUEE,SAFE_TYPED_FRAGMENT_STAGE,,,ORDINARY_MARQUEE_CANDIDATE,0,,,
database:8,RETAIN_EXISTING,8,fragments/1828/01/04-img2834-right,1828-01-04,1,1,1,AUTO_MATCHED_EXACT,MATCHED_CONTENT,false,MARQUEE,NO_EMBEDDED_IMAGE,KEEP_EXISTING,686,INVENTORY_MARQUEE,SAFE_TYPED_FRAGMENT_STAGE,,,ORDINARY_MARQUEE_CANDIDATE,0,,,
database:9,RETAIN_EXISTING,9,fragments/1828/01/05-img2834-right,1828-01-05,1,1,1,AUTO_MATCHED_EXACT,MATCHED_CONTENT,false,MARQUEE,NO_EMBEDDED_IMAGE,KEEP_EXISTING,686,INVENTORY_MARQUEE,SAFE_TYPED_FRAGMENT_STAGE,,,ORDINARY_MARQUEE_CANDIDATE,0,,,
database:10,RETAIN_EXISTING,10,fragments/1828/01/06-img2835-left,1828-01-06,1,1,1,AUTO_MATCHED_EXACT,MATCHED_CONTENT,false,MARQUEE,NO_EMBEDDED_IMAGE,KEEP_EXISTING,687,INVENTORY_MARQUEE,SAFE_TYPED_FRAGMENT_STAGE,,,ORDINARY_MARQUEE_CANDIDATE,0,,,
database:11,RETAIN_EXISTING,11,fragments/1828/01/07-img2835-left,1828-01-07,1,1,1,AUTO_MATCHED_EXACT,MATCHED_CONTENT,false,MARQUEE,NO_EMBEDDED_IMAGE,KEEP_EXISTING,687,INVENTORY_MARQUEE,SAFE_TYPED_FRAGMENT_STAGE,,,ORDINARY_MARQUEE_CANDIDATE,0,,,
database:12,RETAIN_EXISTING,12,fragments/1828/01/08-img2835-left,1828-01-08,1,1,1,AUTO_MATCHED_EXACT,MATCHED_CONTENT,false,MARQUEE,NO_EMBEDDED_IMAGE,KEEP_EXISTING,687,INVENTORY_MARQUEE,SAFE_TYPED_FRAGMENT_STAGE,,,ORDINARY_MARQUEE_CANDIDATE,0,,,
database:13,RETAIN_EXISTING,13,fragments/1828/01/09-img2835-left,1828-01-09,1,1,1,AUTO_MATCHED_EXACT,MATCHED_CONTENT,false,MARQUEE,NO_EMBEDDED_IMAGE,KEEP_EXISTING,687,INVENTORY_MARQUEE,SAFE_TYPED_FRAGMENT_STAGE,,,ORDINARY_MARQUEE_CANDIDATE,0,,,
database:14,RETAIN_EXISTING,14,fragments/1828/01/10-img2835-left,1828-01-10,1,1,1,AUTO_MATCHED_EXACT,MATCHED_CONTENT,false,MARQUEE,NO_EMBEDDED_IMAGE,KEEP_EXISTING,687,INVENTORY_MARQUEE,SAFE_TYPED_FRAGMENT_STAGE,,,ORDINARY_MARQUEE_CANDIDATE,0,,,
database:15,RETAIN_EXISTING,15,fragments/1828/01/11-img2835-left,1828-01-11,1,1,1,AUTO_MATCHED_EXACT,MATCHED_CONTENT,false,MARQUEE,NO_EMBEDDED_IMAGE,KEEP_EXISTING,687,INVENTORY_MARQUEE,SAFE_TYPED_FRAGMENT_STAGE,,,ORDINARY_MARQUEE_CANDIDATE,0,,,
database:16,RETAIN_EXISTING,16,fragments/1828/01/12-img2835-right,1828-01-12,1,1,1,AUTO_MATCHED_EXACT,MATCHED_CONTENT,false,MARQUEE,NO_EMBEDDED_IMAGE,KEEP_EXISTING,687,INVENTORY_MARQUEE,SAFE_TYPED_FRAGMENT_STAGE,,,ORDINARY_MARQUEE_CANDIDATE,0,,,
database:17,RETAIN_EXISTING,17,fragments/1828/01/13-img2835-right,1828-01-13,1,1,1,AUTO_MATCHED_EXACT,MATCHED_CONTENT,false,MARQUEE,NO_EMBEDDED_IMAGE,KEEP_EXISTING,687,INVENTORY_MARQUEE,SAFE_TYPED_FRAGMENT_STAGE,,,ORDINARY_MARQUEE_CANDIDATE,0,,,
database:18,RETAIN_EXISTING,18,fragments/1828/01/14-img2835-right,1828-01-14,1,1,1,AUTO_MATCHED_EXACT,MATCHED_CONTENT,false,MARQUEE,NO_EMBEDDED_IMAGE,KEEP_EXISTING,687,INVENTORY_MARQUEE,SAFE_TYPED_FRAGMENT_STAGE,,,ORDINARY_MARQUEE_CANDIDATE,0,,,
database:19,RETAIN_EXISTING,19,fragments/1828/01/15-img2835-right,1828-01-15,1,1,1,AUTO_MATCHED_EXACT,MATCHED_CONTENT,false,MARQUEE,NO_EMBEDDED_IMAGE,KEEP_EXISTING,687,INVENTORY_MARQUEE,SAFE_TYPED_FRAGMENT_STAGE,,,ORDINARY_MARQUEE_CANDIDATE,0,,,
database:20,RETAIN_EXISTING,20,fragments/1828/01/16-img2835-right,1828-01-16,1,1,1,AUTO_MATCHED_EXACT,MATCHED_CONTENT,false,MARQUEE,NO_EMBEDDED_IMAGE,KEEP_EXISTING,687,INVENTORY_MARQUEE,SAFE_TYPED_FRAGMENT_STAGE,,,ORDINARY_MARQUEE_CANDIDATE,0,,,
database:21,RETAIN_EXISTING,21,fragments/1828/01/17-img2836-left,1828-01-17,1,1,1,AUTO_MATCHED_EXACT,MATCHED_CONTENT,false,MARQUEE,NO_EMBEDDED_IMAGE,KEEP_EXISTING,688,INVENTORY_MARQUEE,SAFE_TYPED_FRAGMENT_STAGE,,,ORDINARY_MARQUEE_CANDIDATE,0,,,
database:22,RETAIN_EXISTING,22,fragments/1828/01/18-img2836-left,1828-01-18,1,1,1,AUTO_MATCHED_EXACT,MATCHED_CONTENT,false,MARQUEE,NO_EMBEDDED_IMAGE,KEEP_EXISTING,688,INVENTORY_MARQUEE,SAFE_TYPED_FRAGMENT_STAGE,,,ORDINARY_MARQUEE_CANDIDATE,0,,,
database:23,RETAIN_EXISTING,23,fragments/1828/01/19-img2836-left,1828-01-19,1,1,1,AUTO_MATCHED_EXACT,MATCHED_CONTENT,false,MARQUEE,NO_EMBEDDED_IMAGE,KEEP_EXISTING,688,INVENTORY_MARQUEE,SAFE_TYPED_FRAGMENT_STAGE,,,ORDINARY_MARQUEE_CANDIDATE,0,,,
database:24,RETAIN_EXISTING,24,fragments/1828/01/20-img2836-left,1828-01-20,1,1,1,AUTO_MATCHED_EXACT,MATCHED_CONTENT,false,MARQUEE,NO_EMBEDDED_IMAGE,KEEP_EXISTING,688,INVENTORY_MARQUEE,SAFE_TYPED_FRAGMENT_STAGE,,,ORDINARY_MARQUEE_CANDIDATE,0,,,
database:25,RETAIN_EXISTING,25,fragments/1828/01/21-img2836-left,1828-01-21,1,1,1,AUTO_MATCHED_EXACT,MATCHED_CONTENT,false,MARQUEE,NO_EMBEDDED_IMAGE,KEEP_EXISTING,688,INVENTORY_MARQUEE,SAFE_TYPED_FRAGMENT_STAGE,,,ORDINARY_MARQUEE_CANDIDATE,0,,,
database:26,RETAIN_EXISTING,26,fragments/1828/01/22-img2836-right,1828-01-22,1,1,1,AUTO_MATCHED_EXACT,MATCHED_CONTENT,false,MARQUEE,NO_EMBEDDED_IMAGE,KEEP_EXISTING,688,INVENTORY_MARQUEE,SAFE_TYPED_FRAGMENT_STAGE,,,ORDINARY_MARQUEE_CANDIDATE,0,,,
database:27,RETAIN_EXISTING,27,fragments/1828/01/23-img2836-right,1828-01-23,1,1,1,AUTO_MATCHED_EXACT,MATCHED_CONTENT,false,MARQUEE,NO_EMBEDDED_IMAGE,KEEP_EXISTING,688,INVENTORY_MARQUEE,SAFE_TYPED_FRAGMENT_STAGE,,,ORDINARY_MARQUEE_CANDIDATE,0,,,
database:28,RETAIN_EXISTING,28,fragments/1828/01/24-img2836-right,1828-01-24,1,1,1,AUTO_MATCHED_EXACT,MATCHED_CONTENT,false,MARQUEE,NO_EMBEDDED_IMAGE,KEEP_EXISTING,688,INVENTORY_MARQUEE,SAFE_TYPED_FRAGMENT_STAGE,,,ORDINARY_MARQUEE_CANDIDATE,0,,,
database:29,RETAIN_EXISTING,29,fragments/1828/01/25-img2836-right,1828-01-25,1,1,1,AUTO_MATCHED_EXACT,MATCHED_CONTENT,false,MARQUEE,NO_EMBEDDED_IMAGE,KEEP_EXISTING,688,INVENTORY_MARQUEE,SAFE_TYPED_FRAGMENT_STAGE,,,ORDINARY_MARQUEE_CANDIDATE,0,,,
database:30,RETAIN_EXISTING,30,fragments/1828/01/26-img2836-right,1828-01-26,1,1,1,AUTO_MATCHED_EXACT,MATCHED_CONTENT,false,MARQUEE,NO_EMBEDDED_IMAGE,KEEP_EXISTING,688,INVENTORY_MARQUEE,SAFE_TYPED_FRAGMENT_STAGE,,,ORDINARY_MARQUEE_CANDIDATE,0,,,
database:31,RETAIN_EXISTING,31,fragments/1828/01/27-img2836-right,1828-01-27,1,1,1,AUTO_MATCHED_EXACT,MATCHED_CONTENT,false,MARQUEE,NO_EMBEDDED_IMAGE,KEEP_EXISTING,688,INVENTORY_MARQUEE,SAFE_TYPED_FRAGMENT_STAGE,,,ORDINARY_MARQUEE_CANDIDATE,0,,,
database:32,RETAIN_EXISTING,32,fragments/1828/01/28-img2837-left,1828-01-28,1,1,1,AUTO_MATCHED_EXACT,MATCHED_CONTENT,false,MARQUEE,NO_EMBEDDED_IMAGE,KEEP_EXISTING,689,INVENTORY_MARQUEE,SAFE_TYPED_FRAGMENT_STAGE,,,ORDINARY_MARQUEE_CANDIDATE,0,,,
database:33,RETAIN_EXISTING,33,fragments/1828/01/29-img2837-left,1828-01-29,1,1,1,AUTO_MATCHED_EXACT,MATCHED_CONTENT,false,MARQUEE,NO_EMBEDDED_IMAGE,KEEP_EXISTING,689,INVENTORY_MARQUEE,SAFE_TYPED_FRAGMENT_STAGE,,,ORDINARY_MARQUEE_CANDIDATE,0,,,
database:34,RETAIN_EXISTING,34,fragments/1828/01/30-img2837-left,1828-01-30,1,1,1,AUTO_MATCHED_EXACT,MATCHED_CONTENT,false,MARQUEE,NO_EMBEDDED_IMAGE,KEEP_EXISTING,689,INVENTORY_MARQUEE,SAFE_TYPED_FRAGMENT_STAGE,,,ORDINARY_MARQUEE_CANDIDATE,0,,,
database:35,RETAIN_EXISTING,35,fragments/1828/01/31-img2837-left,1828-01-31,1,1,1,AUTO_MATCHED_EXACT,MATCHED_CONTENT,false,MARQUEE,NO_EMBEDDED_IMAGE,KEEP_EXISTING,689,INVENTORY_MARQUEE,SAFE_TYPED_FRAGMENT_STAGE,,,ORDINARY_MARQUEE_CANDIDATE,0,,,
database:36,RETAIN_EXISTING,36,fragments/1828/02/01-img2837-left,1828-02-01,1,1,1,AUTO_MATCHED_EXACT,MATCHED_CONTENT,false,MARQUEE,NO_EMBEDDED_IMAGE,KEEP_EXISTING,689,INVENTORY_MARQUEE,SAFE_TYPED_FRAGMENT_STAGE,,,ORDINARY_MARQUEE_CANDIDATE,0,,,
database:37,RETAIN_EXISTING,37,fragments/1828/02/02-img2837-left,1828-02-02,1,1,1,AUTO_MATCHED_EXACT,MATCHED_CONTENT,false,MARQUEE,NO_EMBEDDED_IMAGE,KEEP_EXISTING,689,INVENTORY_MARQUEE,SAFE_TYPED_FRAGMENT_STAGE,,,ORDINARY_MARQUEE_CANDIDATE,0,,,
database:38,RETAIN_EXISTING,38,fragments/1828/02/03-img2837-right,1828-02-03,1,1,1,AUTO_MATCHED_EXACT,MATCHED_CONTENT,false,MARQUEE,NO_EMBEDDED_IMAGE,KEEP_EXISTING,689,INVENTORY_MARQUEE,SAFE_TYPED_FRAGMENT_STAGE,,,ORDINARY_MARQUEE_CANDIDATE,0,,,
database:39,RETAIN_EXISTING,39,fragments/1828/02/04-img2837-right,1828-02-04,1,1,1,AUTO_MATCHED_EXACT,MATCHED_CONTENT,false,MARQUEE,NO_EMBEDDED_IMAGE,KEEP_EXISTING,689,INVENTORY_MARQUEE,SAFE_TYPED_FRAGMENT_STAGE,,,ORDINARY_MARQUEE_CANDIDATE,0,,,
database:40,RETAIN_EXISTING,40,fragments/1828/02/05-img2837-right,1828-02-05,1,1,1,AUTO_MATCHED_EXACT,MATCHED_CONTENT,false,MARQUEE,NO_EMBEDDED_IMAGE,KEEP_EXISTING,689,INVENTORY_MARQUEE,SAFE_TYPED_FRAGMENT_STAGE,,,ORDINARY_MARQUEE_CANDIDATE,0,,,
database:41,RETAIN_EXISTING,41,fragments/1828/02/06-img2837-right,1828-02-06,1,1,1,AUTO_MATCHED_EXACT,MATCHED_CONTENT,false,MARQUEE,NO_EMBEDDED_IMAGE,KEEP_EXISTING,689,INVENTORY_MARQUEE,SAFE_TYPED_FRAGMENT_STAGE,,,ORDINARY_MARQUEE_CANDIDATE,0,,,
database:42,RETAIN_EXISTING,42,fragments/1828/02/07-img2837-right,1828-02-07,1,1,1,AUTO_MATCHED_EXACT,MATCHED_CONTENT,false,MARQUEE,NO_EMBEDDED_IMAGE,KEEP_EXISTING,689,INVENTORY_MARQUEE,SAFE_TYPED_FRAGMENT_STAGE,,,ORDINARY_MARQUEE_CANDIDATE,0,,,
database:43,RETAIN_EXISTING,43,fragments/1828/02/08-img2838-left,1828-02-08,1,1,1,AUTO_MATCHED_EXACT,MATCHED_CONTENT,false,MARQUEE,NO_EMBEDDED_IMAGE,KEEP_EXISTING,690,INVENTORY_MARQUEE,SAFE_TYPED_FRAGMENT_STAGE,,,ORDINARY_MARQUEE_CANDIDATE,0,,,
database:44,RETAIN_EXISTING,44,fragments/1828/02/09-img2838-left,1828-02-09,1,1,1,AUTO_MATCHED_EXACT,MATCHED_CONTENT,false,MARQUEE,NO_EMBEDDED_IMAGE,KEEP_EXISTING,690,INVENTORY_MARQUEE,SAFE_TYPED_FRAGMENT_STAGE,,,ORDINARY_MARQUEE_CANDIDATE,0,,,
database:45,RETAIN_EXISTING,45,fragments/1828/02/10-img2838-left,1828-02-10,1,1,1,AUTO_MATCHED_EXACT,MATCHED_CONTENT,false,MARQUEE,NO_EMBEDDED_IMAGE,KEEP_EXISTING,690,INVENTORY_MARQUEE,SAFE_TYPED_FRAGMENT_STAGE,,,ORDINARY_MARQUEE_CANDIDATE,0,,,
database:46,RETAIN_EXISTING,46,fragments/1828/02/11-img2838-left,1828-02-11,1,1,1,AUTO_MATCHED_EXACT,MATCHED_CONTENT,false,MARQUEE,NO_EMBEDDED_IMAGE,KEEP_EXISTING,690,INVENTORY_MARQUEE,SAFE_TYPED_FRAGMENT_STAGE,,,ORDINARY_MARQUEE_CANDIDATE,0,,,
database:47,RETAIN_EXISTING,47,fragments/1828/02/12-img2838-left,1828-02-12,1,1,1,AUTO_MATCHED_EXACT,MATCHED_CONTENT,false,MARQUEE,NO_EMBEDDED_IMAGE,KEEP_EXISTING,690,INVENTORY_MARQUEE,SAFE_TYPED_FRAGMENT_STAGE,,,ORDINARY_MARQUEE_CANDIDATE,0,,,
database:48,RETAIN_EXISTING,48,fragments/1828/02/13-img2838-left,1828-02-13,1,1,1,AUTO_MATCHED_EXACT,MATCHED_CONTENT,false,MARQUEE,NO_EMBEDDED_IMAGE,KEEP_EXISTING,690,INVENTORY_MARQUEE,SAFE_TYPED_FRAGMENT_STAGE,,,ORDINARY_MARQUEE_CANDIDATE,0,,,
database:49,RETAIN_EXISTING,49,fragments/1828/02/14-img2838-left,1828-02-14,1,1,1,AUTO_MATCHED_EXACT,MATCHED_CONTENT,false,MARQUEE,NO_EMBEDDED_IMAGE,KEEP_EXISTING,690,INVENTORY_MARQUEE,SAFE_TYPED_FRAGMENT_STAGE,,,ORDINARY_MARQUEE_CANDIDATE,0,,,
database:50,RETAIN_EXISTING,50,fragments/1828/02/15-img2838-right,1828-02-15,1,1,1,AUTO_MATCHED_EXACT,MATCHED_CONTENT,false,MARQUEE,NO_EMBEDDED_IMAGE,KEEP_EXISTING,690,INVENTORY_MARQUEE,SAFE_TYPED_FRAGMENT_STAGE,,,ORDINARY_MARQUEE_CANDIDATE,0,,,
database:51,RETAIN_EXISTING,51,fragments/1828/02/16-img2838-right,1828-02-16,1,1,1,AUTO_MATCHED_EXACT,MATCHED_CONTENT,false,MARQUEE,NO_EMBEDDED_IMAGE,KEEP_EXISTING,690,INVENTORY_MARQUEE,SAFE_TYPED_FRAGMENT_STAGE,,,ORDINARY_MARQUEE_CANDIDATE,0,,,
database:52,RETAIN_EXISTING,52,fragments/1828/02/17-img2838-right,1828-02-17,1,1,1,AUTO_MATCHED_EXACT,MATCHED_CONTENT,false,MARQUEE,NO_EMBEDDED_IMAGE,KEEP_EXISTING,690,INVENTORY_MARQUEE,SAFE_TYPED_FRAGMENT_STAGE,,,ORDINARY_MARQUEE_CANDIDATE,0,,,
database:53,RETAIN_EXISTING,53,fragments/1828/02/18-img2838-right,1828-02-18,1,1,1,AUTO_MATCHED_EXACT,MATCHED_CONTENT,false,MARQUEE,NO_EMBEDDED_IMAGE,KEEP_EXISTING,690,INVENTORY_MARQUEE,SAFE_TYPED_FRAGMENT_STAGE,,,ORDINARY_MARQUEE_CANDIDATE,0,,,
database:54,RETAIN_EXISTING,54,fragments/1828/02/19-img2838-right,1828-02-19,1,1,1,AUTO_MATCHED_EXACT,MATCHED_CONTENT,false,MARQUEE,NO_EMBEDDED_IMAGE,KEEP_EXISTING,690,INVENTORY_MARQUEE,SAFE_TYPED_FRAGMENT_STAGE,,,ORDINARY_MARQUEE_CANDIDATE,0,,,
database:55,RETAIN_EXISTING,55,fragments/1828/02/20-img2838-right,1828-02-20,1,1,1,AUTO_MATCHED_EXACT,MATCHED_CONTENT,false,MARQUEE,NO_EMBEDDED_IMAGE,KEEP_EXISTING,690,INVENTORY_MARQUEE,SAFE_TYPED_FRAGMENT_STAGE,,,ORDINARY_MARQUEE_CANDIDATE,0,,,
database:56,RETAIN_EXISTING,56,fragments/1828/02/21-img2838-right,1828-02-21,1,1,1,AUTO_MATCHED_EXACT,MATCHED_CONTENT,false,MARQUEE,NO_EMBEDDED_IMAGE,KEEP_EXISTING,690,INVENTORY_MARQUEE,SAFE_TYPED_FRAGMENT_STAGE,,,ORDINARY_MARQUEE_CANDIDATE,0,,,
database:57,RETAIN_EXISTING,57,fragments/1828/02/22-img2839-left,1828-02-22,1,1,1,AUTO_MATCHED_EXACT,MATCHED_CONTENT,false,MARQUEE,NO_EMBEDDED_IMAGE,KEEP_EXISTING,691,INVENTORY_MARQUEE,SAFE_TYPED_FRAGMENT_STAGE,,,ORDINARY_MARQUEE_CANDIDATE,0,,,
database:58,RETAIN_EXISTING,58,fragments/1828/02/23-img2839-left,1828-02-23,1,1,1,AUTO_MATCHED_EXACT,MATCHED_CONTENT,false,MARQUEE,NO_EMBEDDED_IMAGE,KEEP_EXISTING,691,INVENTORY_MARQUEE,SAFE_TYPED_FRAGMENT_STAGE,,,ORDINARY_MARQUEE_CANDIDATE,0,,,
database:59,RETAIN_EXISTING,59,fragments/1828/02/24-img2839-left,1828-02-24,1,1,1,AUTO_MATCHED_EXACT,MATCHED_CONTENT,false,MARQUEE,NO_EMBEDDED_IMAGE,KEEP_EXISTING,691,INVENTORY_MARQUEE,SAFE_TYPED_FRAGMENT_STAGE,,,ORDINARY_MARQUEE_CANDIDATE,0,,,
database:60,RETAIN_EXISTING,60,fragments/1828/02/25-img2839-left,1828-02-25,1,1,1,AUTO_MATCHED_EXACT,MATCHED_CONTENT,false,MARQUEE,NO_EMBEDDED_IMAGE,KEEP_EXISTING,691,INVENTORY_MARQUEE,SAFE_TYPED_FRAGMENT_STAGE,,,ORDINARY_MARQUEE_CANDIDATE,0,,,
database:61,RETAIN_EXISTING,61,fragments/1828/02/26-img2839-left,1828-02-26,1,1,1,AUTO_MATCHED_EXACT,MATCHED_CONTENT,false,MARQUEE,NO_EMBEDDED_IMAGE,KEEP_EXISTING,691,INVENTORY_MARQUEE,SAFE_TYPED_FRAGMENT_STAGE,,,ORDINARY_MARQUEE_CANDIDATE,0,,,
database:62,RETAIN_EXISTING,62,fragments/1828/02/27-img2839-left,1828-02-27,1,1,1,AUTO_MATCHED_EXACT,MATCHED_CONTENT,false,MARQUEE,NO_EMBEDDED_IMAGE,KEEP_EXISTING,691,INVENTORY_MARQUEE,SAFE_TYPED_FRAGMENT_STAGE,,,ORDINARY_MARQUEE_CANDIDATE,0,,,
database:63,RETAIN_EXISTING,63,fragments/1828/02/28-img2839-left,1828-02-28,1,1,1,AUTO_MATCHED_EXACT,MATCHED_CONTENT,false,MARQUEE,NO_EMBEDDED_IMAGE,KEEP_EXISTING,691,INVENTORY_MARQUEE,SAFE_TYPED_FRAGMENT_STAGE,,,ORDINARY_MARQUEE_CANDIDATE,0,,,
database:64,RETAIN_EXISTING,64,fragments/1828/02/29-img2839-left,1828-02-29,1,1,1,AUTO_MATCHED_EXACT,MATCHED_CONTENT,false,MARQUEE,NO_EMBEDDED_IMAGE,KEEP_EXISTING,691,INVENTORY_MARQUEE,SAFE_TYPED_FRAGMENT_STAGE,,,ORDINARY_MARQUEE_CANDIDATE,0,,,
database:65,RETAIN_EXISTING,65,fragments/1828/03/01-img2839-right,1828-03-01,1,1,1,AUTO_MATCHED_EXACT,MATCHED_CONTENT,false,MARQUEE,NO_EMBEDDED_IMAGE,KEEP_EXISTING,691,INVENTORY_MARQUEE,SAFE_TYPED_FRAGMENT_STAGE,,,ORDINARY_MARQUEE_CANDIDATE,0,,,
database:66,RETAIN_EXISTING,66,fragments/1828/03/02-img2839-right,1828-03-02,1,1,1,AUTO_MATCHED_EXACT,MATCHED_CONTENT,false,MARQUEE,NO_EMBEDDED_IMAGE,KEEP_EXISTING,691,INVENTORY_MARQUEE,SAFE_TYPED_FRAGMENT_STAGE,,,ORDINARY_MARQUEE_CANDIDATE,0,,,
database:67,RETAIN_EXISTING,67,fragments/1828/03/03-img2839-right,1828-03-03,1,1,1,AUTO_MATCHED_EXACT,MATCHED_CONTENT,false,MARQUEE,NO_EMBEDDED_IMAGE,KEEP_EXISTING,691,INVENTORY_MARQUEE,SAFE_TYPED_FRAGMENT_STAGE,,,ORDINARY_MARQUEE_CANDIDATE,0,,,
database:68,RETAIN_EXISTING,68,fragments/1828/03/04-img2839-right,1828-03-04,1,1,1,AUTO_MATCHED_EXACT,MATCHED_CONTENT,false,MARQUEE,NO_EMBEDDED_IMAGE,KEEP_EXISTING,691,INVENTORY_MARQUEE,SAFE_TYPED_FRAGMENT_STAGE,,,ORDINARY_MARQUEE_CANDIDATE,0,,,
database:69,RETAIN_EXISTING,69,fragments/1828/03/05-img2839-right,1828-03-05,1,1,1,AUTO_MATCHED_EXACT,MATCHED_CONTENT,false,MARQUEE,NO_EMBEDDED_IMAGE,KEEP_EXISTING,691,INVENTORY_MARQUEE,SAFE_TYPED_FRAGMENT_STAGE,,,ORDINARY_MARQUEE_CANDIDATE,0,,,
database:70,RETAIN_EXISTING,70,fragments/1828/03/06-img2839-right,1828-03-06,1,1,1,AUTO_MATCHED_EXACT,MATCHED_CONTENT,false,MARQUEE,NO_EMBEDDED_IMAGE,KEEP_EXISTING,691,INVENTORY_MARQUEE,SAFE_TYPED_FRAGMENT_STAGE,,,ORDINARY_MARQUEE_CANDIDATE,0,,,
database:71,RETAIN_EXISTING,71,fragments/1828/03/07-img2839-right,1828-03-07,1,1,1,AUTO_MATCHED_EXACT,MATCHED_CONTENT,false,MARQUEE,NO_EMBEDDED_IMAGE,KEEP_EXISTING,691,INVENTORY_MARQUEE,SAFE_TYPED_FRAGMENT_STAGE,,,ORDINARY_MARQUEE_CANDIDATE,0,,,
database:72,RETAIN_EXISTING,72,fragments/1828/03/08-img2839-right,1828-03-08,1,1,1,AUTO_MATCHED_EXACT,MATCHED_CONTENT,false,MARQUEE,NO_EMBEDDED_IMAGE,KEEP_EXISTING,691,INVENTORY_MARQUEE,SAFE_TYPED_FRAGMENT_STAGE,,,ORDINARY_MARQUEE_CANDIDATE,0,,,
database:73,RETAIN_EXISTING,73,fragments/1828/03/09-img2840-left,1828-03-09,1,1,1,AUTO_MATCHED_EXACT,MATCHED_CONTENT,false,MARQUEE,NO_EMBEDDED_IMAGE,KEEP_EXISTING,692,INVENTORY_MARQUEE,SAFE_TYPED_FRAGMENT_STAGE,,,ORDINARY_MARQUEE_CANDIDATE,0,,,
database:74,RETAIN_EXISTING,74,fragments/1828/03/10-img2840-left,1828-03-10,1,1,1,AUTO_MATCHED_EXACT,MATCHED_CONTENT,false,MARQUEE,NO_EMBEDDED_IMAGE,KEEP_EXISTING,692,INVENTORY_MARQUEE,SAFE_TYPED_FRAGMENT_STAGE,,,ORDINARY_MARQUEE_CANDIDATE,0,,,
database:75,RETAIN_EXISTING,75,fragments/1828/03/11-img2840-left,1828-03-11,1,1,1,AUTO_MATCHED_EXACT,MATCHED_CONTENT,false,MARQUEE,NO_EMBEDDED_IMAGE,KEEP_EXISTING,692,INVENTORY_MARQUEE,SAFE_TYPED_FRAGMENT_STAGE,,,ORDINARY_MARQUEE_CANDIDATE,0,,,
database:76,RETAIN_EXISTING,76,fragments/1828/03/12-img2840-left,1828-03-12,1,1,1,AUTO_MATCHED_EXACT,MATCHED_CONTENT,false,MARQUEE,NO_EMBEDDED_IMAGE,KEEP_EXISTING,692,INVENTORY_MARQUEE,SAFE_TYPED_FRAGMENT_STAGE,,,ORDINARY_MARQUEE_CANDIDATE,0,,,
database:77,RETAIN_EXISTING,77,fragments/1828/03/13-img2840-left,1828-03-13,1,1,1,AUTO_MATCHED_EXACT,MATCHED_CONTENT,false,MARQUEE,NO_EMBEDDED_IMAGE,KEEP_EXISTING,692,INVENTORY_MARQUEE,SAFE_TYPED_FRAGMENT_STAGE,,,ORDINARY_MARQUEE_CANDIDATE,0,,,
database:78,RETAIN_EXISTING,78,fragments/1828/03/14-img2840-left,1828-03-14,1,1,1,AUTO_MATCHED_EXACT,MATCHED_CONTENT,false,MARQUEE,NO_EMBEDDED_IMAGE,KEEP_EXISTING,692,INVENTORY_MARQUEE,SAFE_TYPED_FRAGMENT_STAGE,,,ORDINARY_MARQUEE_CANDIDATE,0,,,
database:79,RETAIN_EXISTING,79,fragments/1828/03/15-img2840-left,1828-03-15,1,1,1,AUTO_MATCHED_EXACT,MATCHED_CONTENT,false,MARQUEE,NO_EMBEDDED_IMAGE,KEEP_EXISTING,692,INVENTORY_MARQUEE,SAFE_TYPED_FRAGMENT_STAGE,,,ORDINARY_MARQUEE_CANDIDATE,0,,,
database:80,RETAIN_EXISTING,80,fragments/1828/03/16-img2840-left,1828-03-16,1,1,1,AUTO_MATCHED_EXACT,MATCHED_CONTENT,false,MARQUEE,NO_EMBEDDED_IMAGE,KEEP_EXISTING,692,INVENTORY_MARQUEE,SAFE_TYPED_FRAGMENT_STAGE,,,ORDINARY_MARQUEE_CANDIDATE,0,,,
database:81,RETAIN_EXISTING,81,fragments/1828/03/17-img2840-left,1828-03-17,1,1,1,AUTO_MATCHED_EXACT,MATCHED_CONTENT,false,MARQUEE,NO_EMBEDDED_IMAGE,KEEP_EXISTING,692,INVENTORY_MARQUEE,SAFE_TYPED_FRAGMENT_STAGE,,,ORDINARY_MARQUEE_CANDIDATE,0,,,
database:82,RETAIN_EXISTING,82,fragments/1828/03/18-img2840-right,1828-03-18,1,1,1,AUTO_MATCHED_EXACT,MATCHED_CONTENT,false,MARQUEE,NO_EMBEDDED_IMAGE,KEEP_EXISTING,692,INVENTORY_MARQUEE,SAFE_TYPED_FRAGMENT_STAGE,,,ORDINARY_MARQUEE_CANDIDATE,0,,,
database:83,RETAIN_EXISTING,83,fragments/1828/03/19-img2840-right,1828-03-19,1,1,1,AUTO_MATCHED_EXACT,MATCHED_CONTENT,false,MARQUEE,NO_EMBEDDED_IMAGE,KEEP_EXISTING,692,INVENTORY_MARQUEE,SAFE_TYPED_FRAGMENT_STAGE,,,ORDINARY_MARQUEE_CANDIDATE,0,,,
database:84,RETAIN_EXISTING,84,fragments/1828/03/20-b-img2840-image-map-whitley-park,1828-03-20,1,1,1,MATCH_EXACT,MATCHED_CONTENT,true,IMAGE,REVIEW_LEDGER_OVERRIDE,KEEP_ABSENT,,UNRESOLVED,DEFERRED_IMAGE_MIGRATION,,diary-1828-and-1829-and-jan-1830/images/img2840-image-map-whitley-park.jpg,ORPHAN_OR_INCONSISTENT,1,Richard,2026-09-09T18:51:00+01:00,Standard legacy image fragment; source and database rows were manually confirmed to represent the same fragment.
database:85,RETAIN_EXISTING,85,fragments/1828/03/20-img2840-right,1828-03-20,2,2,2,AUTO_MATCHED_EXACT,MATCHED_CONTENT,false,MARQUEE,NO_EMBEDDED_IMAGE,KEEP_EXISTING,692,INVENTORY_MARQUEE,SAFE_TYPED_FRAGMENT_STAGE,,,ORDINARY_MARQUEE_CANDIDATE,0,,,
database:86,RETAIN_EXISTING,86,fragments/1828/03/21-img2840-right,1828-03-21,1,1,1,AUTO_MATCHED_EXACT,MATCHED_CONTENT,false,MARQUEE,NO_EMBEDDED_IMAGE,KEEP_EXISTING,692,INVENTORY_MARQUEE,SAFE_TYPED_FRAGMENT_STAGE,,,ORDINARY_MARQUEE_CANDIDATE,0,,,
database:87,RETAIN_EXISTING,87,fragments/1828/03/22-img2840-right,1828-03-22,1,1,1,AUTO_MATCHED_EXACT,MATCHED_CONTENT,false,MARQUEE,NO_EMBEDDED_IMAGE,KEEP_EXISTING,692,INVENTORY_MARQUEE,SAFE_TYPED_FRAGMENT_STAGE,,,ORDINARY_MARQUEE_CANDIDATE,0,,,
database:88,RETAIN_EXISTING,88,fragments/1828/03/23-img2840-right,1828-03-23,1,1,1,AUTO_MATCHED_EXACT,MATCHED_CONTENT,false,MARQUEE,NO_EMBEDDED_IMAGE,KEEP_EXISTING,692,INVENTORY_MARQUEE,SAFE_TYPED_FRAGMENT_STAGE,,,ORDINARY_MARQUEE_CANDIDATE,0,,,
database:89,RETAIN_EXISTING,89,fragments/1828/03/24-img2840-right,1828-03-24,1,1,1,AUTO_MATCHED_EXACT,MATCHED_CONTENT,false,MARQUEE,NO_EMBEDDED_IMAGE,KEEP_EXISTING,692,INVENTORY_MARQUEE,SAFE_TYPED_FRAGMENT_STAGE,,,ORDINARY_MARQUEE_CANDIDATE,0,,,
database:90,RETAIN_EXISTING,90,fragments/1828/03/25-img2840-right,1828-03-25,1,1,1,AUTO_MATCHED_EXACT,MATCHED_CONTENT,false,MARQUEE,NO_EMBEDDED_IMAGE,KEEP_EXISTING,692,INVENTORY_MARQUEE,SAFE_TYPED_FRAGMENT_STAGE,,,ORDINARY_MARQUEE_CANDIDATE,0,,,
database:91,RETAIN_EXISTING,91,fragments/1828/03/26-img2841-left,1828-03-26,1,1,1,AUTO_MATCHED_EXACT,MATCHED_CONTENT,false,MARQUEE,NO_EMBEDDED_IMAGE,KEEP_EXISTING,693,INVENTORY_MARQUEE,SAFE_TYPED_FRAGMENT_STAGE,,,ORDINARY_MARQUEE_CANDIDATE,0,,,
database:92,RETAIN_EXISTING,92,fragments/1828/03/27-img2841-left,1828-03-27,1,1,1,AUTO_MATCHED_EXACT,MATCHED_CONTENT,false,MARQUEE,NO_EMBEDDED_IMAGE,KEEP_EXISTING,693,INVENTORY_MARQUEE,SAFE_TYPED_FRAGMENT_STAGE,,,ORDINARY_MARQUEE_CANDIDATE,0,,,
database:93,RETAIN_EXISTING,93,fragments/1828/03/28-img2841-left,1828-03-28,1,1,1,AUTO_MATCHED_EXACT,MATCHED_CONTENT,false,MARQUEE,NO_EMBEDDED_IMAGE,KEEP_EXISTING,693,INVENTORY_MARQUEE,SAFE_TYPED_FRAGMENT_STAGE,,,ORDINARY_MARQUEE_CANDIDATE,0,,,
database:94,RETAIN_EXISTING,94,fragments/1828/03/29-img2841-left,1828-03-29,1,1,1,AUTO_MATCHED_EXACT,MATCHED_CONTENT,false,MARQUEE,NO_EMBEDDED_IMAGE,KEEP_EXISTING,693,INVENTORY_MARQUEE,SAFE_TYPED_FRAGMENT_STAGE,,,ORDINARY_MARQUEE_CANDIDATE,0,,,
database:95,RETAIN_EXISTING,95,fragments/1828/03/30-img2841-left,1828-03-30,1,1,1,AUTO_MATCHED_EXACT,MATCHED_CONTENT,false,MARQUEE,NO_EMBEDDED_IMAGE,KEEP_EXISTING,693,INVENTORY_MARQUEE,SAFE_TYPED_FRAGMENT_STAGE,,,ORDINARY_MARQUEE_CANDIDATE,0,,,
database:96,RETAIN_EXISTING,96,fragments/1828/03/31-b-img2841-image-map-commercial-hotel,1828-03-31,1,1,1,AUTO_MATCHED_EXACT,MATCHED_CONTENT,true,IMAGE,DATABASE_EMBEDDED_IMAGE,KEEP_ABSENT,,UNRESOLVED,DEFERRED_IMAGE_MIGRATION,,images/img2841-image-map-commercial-hotel.jpg,ORPHAN_OR_INCONSISTENT,1,,,
database:97,RETAIN_EXISTING,97,fragments/1828/03/31-img2841-left,1828-03-31,2,2,2,AUTO_MATCHED_EXACT,MATCHED_CONTENT,false,MARQUEE,NO_EMBEDDED_IMAGE,KEEP_EXISTING,693,INVENTORY_MARQUEE,SAFE_TYPED_FRAGMENT_STAGE,,,ORDINARY_MARQUEE_CANDIDATE,0,,,
database:98,RETAIN_EXISTING,98,fragments/1828/04/01-img2841-right,1828-04-01,1,1,1,AUTO_MATCHED_EXACT,MATCHED_CONTENT,false,MARQUEE,NO_EMBEDDED_IMAGE,KEEP_EXISTING,693,INVENTORY_MARQUEE,SAFE_TYPED_FRAGMENT_STAGE,,,ORDINARY_MARQUEE_CANDIDATE,0,,,
database:99,RETAIN_EXISTING,99,fragments/1828/04/02-img2841-right,1828-04-02,1,1,1,AUTO_MATCHED_EXACT,MATCHED_CONTENT,false,MARQUEE,NO_EMBEDDED_IMAGE,KEEP_EXISTING,693,INVENTORY_MARQUEE,SAFE_TYPED_FRAGMENT_STAGE,,,ORDINARY_MARQUEE_CANDIDATE,0,,,
database:100,RETAIN_EXISTING,100,fragments/1828/04/03-img2841-right,1828-04-03,1,1,1,AUTO_MATCHED_EXACT,MATCHED_CONTENT,false,MARQUEE,NO_EMBEDDED_IMAGE,KEEP_EXISTING,693,INVENTORY_MARQUEE,SAFE_TYPED_FRAGMENT_STAGE,,,ORDINARY_MARQUEE_CANDIDATE,0,,,
database:101,RETAIN_EXISTING,101,fragments/1828/04/04-img2841-right,1828-04-04,1,1,1,AUTO_MATCHED_EXACT,MATCHED_CONTENT,false,MARQUEE,NO_EMBEDDED_IMAGE,KEEP_EXISTING,693,INVENTORY_MARQUEE,SAFE_TYPED_FRAGMENT_STAGE,,,ORDINARY_MARQUEE_CANDIDATE,0,,,
database:102,RETAIN_EXISTING,102,fragments/1828/04/05-img2841-right,1828-04-05,1,1,1,AUTO_MATCHED_EXACT,MATCHED_CONTENT,false,MARQUEE,NO_EMBEDDED_IMAGE,KEEP_EXISTING,693,INVENTORY_MARQUEE,SAFE_TYPED_FRAGMENT_STAGE,,,ORDINARY_MARQUEE_CANDIDATE,0,,,
database:103,RETAIN_EXISTING,103,fragments/1828/04/06-img2841-right,1828-04-06,1,1,1,AUTO_MATCHED_EXACT,MATCHED_CONTENT,false,MARQUEE,NO_EMBEDDED_IMAGE,KEEP_EXISTING,693,INVENTORY_MARQUEE,SAFE_TYPED_FRAGMENT_STAGE,,,ORDINARY_MARQUEE_CANDIDATE,0,,,
database:104,RETAIN_EXISTING,104,fragments/1828/04/07-img2841-right,1828-04-07,1,1,1,AUTO_MATCHED_EXACT,MATCHED_CONTENT,false,MARQUEE,NO_EMBEDDED_IMAGE,KEEP_EXISTING,693,INVENTORY_MARQUEE,SAFE_TYPED_FRAGMENT_STAGE,,,ORDINARY_MARQUEE_CANDIDATE,0,,,
database:105,RETAIN_EXISTING,105,fragments/1828/04/08-img2842-left,1828-04-08,1,1,1,AUTO_MATCHED_EXACT,MATCHED_CONTENT,false,MARQUEE,NO_EMBEDDED_IMAGE,KEEP_EXISTING,694,INVENTORY_MARQUEE,SAFE_TYPED_FRAGMENT_STAGE,,,ORDINARY_MARQUEE_CANDIDATE,0,,,
database:106,RETAIN_EXISTING,106,fragments/1828/04/09-img2842-left,1828-04-09,1,1,1,AUTO_MATCHED_EXACT,MATCHED_CONTENT,false,MARQUEE,NO_EMBEDDED_IMAGE,KEEP_EXISTING,694,INVENTORY_MARQUEE,SAFE_TYPED_FRAGMENT_STAGE,,,ORDINARY_MARQUEE_CANDIDATE,0,,,
database:107,RETAIN_EXISTING,107,fragments/1828/04/10-img2842-left,1828-04-10,1,1,1,AUTO_MATCHED_EXACT,MATCHED_CONTENT,false,MARQUEE,NO_EMBEDDED_IMAGE,KEEP_EXISTING,694,INVENTORY_MARQUEE,SAFE_TYPED_FRAGMENT_STAGE,,,ORDINARY_MARQUEE_CANDIDATE,0,,,
database:108,RETAIN_EXISTING,108,fragments/1828/04/11-img2842-left,1828-04-11,1,1,1,AUTO_MATCHED_EXACT,MATCHED_CONTENT,false,MARQUEE,NO_EMBEDDED_IMAGE,KEEP_EXISTING,694,INVENTORY_MARQUEE,SAFE_TYPED_FRAGMENT_STAGE,,,ORDINARY_MARQUEE_CANDIDATE,0,,,
database:109,RETAIN_EXISTING,109,fragments/1828/04/12-img2842-left,1828-04-12,1,1,1,AUTO_MATCHED_EXACT,MATCHED_CONTENT,false,MARQUEE,NO_EMBEDDED_IMAGE,KEEP_EXISTING,694,INVENTORY_MARQUEE,SAFE_TYPED_FRAGMENT_STAGE,,,ORDINARY_MARQUEE_CANDIDATE,0,,,
database:110,RETAIN_EXISTING,110,fragments/1828/04/13-img2842-left,1828-04-13,1,1,1,AUTO_MATCHED_EXACT,MATCHED_CONTENT,false,MARQUEE,NO_EMBEDDED_IMAGE,KEEP_EXISTING,694,INVENTORY_MARQUEE,SAFE_TYPED_FRAGMENT_STAGE,,,ORDINARY_MARQUEE_CANDIDATE,0,,,
database:111,RETAIN_EXISTING,111,fragments/1828/04/14-img2842-left,1828-04-14,1,1,1,AUTO_MATCHED_EXACT,MATCHED_CONTENT,false,MARQUEE,NO_EMBEDDED_IMAGE,KEEP_EXISTING,694,INVENTORY_MARQUEE,SAFE_TYPED_FRAGMENT_STAGE,,,ORDINARY_MARQUEE_CANDIDATE,0,,,
database:112,RETAIN_EXISTING,112,fragments/1828/04/15-img2842-right,1828-04-15,1,1,1,AUTO_MATCHED_EXACT,MATCHED_CONTENT,false,MARQUEE,NO_EMBEDDED_IMAGE,KEEP_EXISTING,694,INVENTORY_MARQUEE,SAFE_TYPED_FRAGMENT_STAGE,,,ORDINARY_MARQUEE_CANDIDATE,0,,,
database:113,RETAIN_EXISTING,113,fragments/1828/04/16-img2842-right,1828-04-16,1,1,1,AUTO_MATCHED_EXACT,MATCHED_CONTENT,false,MARQUEE,NO_EMBEDDED_IMAGE,KEEP_EXISTING,694,INVENTORY_MARQUEE,SAFE_TYPED_FRAGMENT_STAGE,,,ORDINARY_MARQUEE_CANDIDATE,0,,,
database:114,RETAIN_EXISTING,114,fragments/1828/04/17-b1-img2842-image-broomville-house,1828-04-17,1,1,1,AUTO_MATCHED_EXACT,MATCHED_CONTENT,true,IMAGE,DATABASE_EMBEDDED_IMAGE,KEEP_ABSENT,,UNRESOLVED,DEFERRED_IMAGE_MIGRATION,,images/img2842-image-broomville-house.jpg,ORPHAN_OR_INCONSISTENT,1,,,
database:115,RETAIN_EXISTING,115,fragments/1828/04/17-b2-img2842-image-clogrennane-house,1828-04-17,2,2,2,AUTO_MATCHED_EXACT,MATCHED_CONTENT,true,IMAGE,DATABASE_EMBEDDED_IMAGE,KEEP_ABSENT,,UNRESOLVED,DEFERRED_IMAGE_MIGRATION,,images/img2842-image-clogrennane-house.jpg,ORPHAN_OR_INCONSISTENT,1,,,
database:116,RETAIN_EXISTING,116,fragments/1828/04/17-b3-img2842-image-map-carlow,1828-04-17,3,3,3,AUTO_MATCHED_EXACT,MATCHED_CONTENT,true,IMAGE,DATABASE_EMBEDDED_IMAGE,KEEP_ABSENT,,UNRESOLVED,DEFERRED_IMAGE_MIGRATION,,images/img2842-image-map-carlow.jpg,ORPHAN_OR_INCONSISTENT,1,,,
database:117,RETAIN_EXISTING,117,fragments/1828/04/17-b4-img2842-image-map-dublin,1828-04-17,4,4,4,AUTO_MATCHED_EXACT,MATCHED_CONTENT,true,IMAGE,DATABASE_EMBEDDED_IMAGE,KEEP_ABSENT,,UNRESOLVED,DEFERRED_IMAGE_MIGRATION,,images/img2842-image-map-dublin.jpg,ORPHAN_OR_INCONSISTENT,1,,,
database:118,RETAIN_EXISTING,118,fragments/1828/04/17-b5-img2842-image-map-tynemouth-to-carlow,1828-04-17,5,5,5,AUTO_MATCHED_EXACT,MATCHED_CONTENT,true,IMAGE,DATABASE_EMBEDDED_IMAGE,KEEP_ABSENT,,UNRESOLVED,DEFERRED_IMAGE_MIGRATION,,images/img2842-image-map-tynemouth-to-carlow.jpg,ORPHAN_OR_INCONSISTENT,1,,,
database:119,RETAIN_EXISTING,119,fragments/1828/04/17-img2842-right,1828-04-17,6,6,6,AUTO_MATCHED_EXACT,MATCHED_CONTENT,false,MARQUEE,NO_EMBEDDED_IMAGE,KEEP_EXISTING,694,INVENTORY_MARQUEE,SAFE_TYPED_FRAGMENT_STAGE,,,ORDINARY_MARQUEE_CANDIDATE,0,,,
database:120,RETAIN_EXISTING,120,fragments/1828/04/17-img2843-left,1828-04-17,7,7,7,AUTO_MATCHED_EXACT,MATCHED_CONTENT,false,MARQUEE,NO_EMBEDDED_IMAGE,KEEP_EXISTING,695,INVENTORY_MARQUEE,SAFE_TYPED_FRAGMENT_STAGE,,,ORDINARY_MARQUEE_CANDIDATE,0,,,
database:121,RETAIN_EXISTING,121,fragments/1828/04/18-img2843-left,1828-04-18,1,1,1,AUTO_MATCHED_EXACT,MATCHED_CONTENT,false,MARQUEE,NO_EMBEDDED_IMAGE,KEEP_EXISTING,695,INVENTORY_MARQUEE,SAFE_TYPED_FRAGMENT_STAGE,,,ORDINARY_MARQUEE_CANDIDATE,0,,,
database:122,RETAIN_EXISTING,122,fragments/1828/04/19-img2843-left,1828-04-19,1,1,1,AUTO_MATCHED_EXACT,MATCHED_CONTENT,false,MARQUEE,NO_EMBEDDED_IMAGE,KEEP_EXISTING,695,INVENTORY_MARQUEE,SAFE_TYPED_FRAGMENT_STAGE,,,ORDINARY_MARQUEE_CANDIDATE,0,,,
database:123,RETAIN_EXISTING,123,fragments/1828/04/20-img2843-left,1828-04-20,1,1,1,AUTO_MATCHED_EXACT,MATCHED_CONTENT,false,MARQUEE,NO_EMBEDDED_IMAGE,KEEP_EXISTING,695,INVENTORY_MARQUEE,SAFE_TYPED_FRAGMENT_STAGE,,,ORDINARY_MARQUEE_CANDIDATE,0,,,
database:124,RETAIN_EXISTING,124,fragments/1828/04/21-img2843-right,1828-04-21,1,1,1,AUTO_MATCHED_EXACT,MATCHED_CONTENT,false,MARQUEE,NO_EMBEDDED_IMAGE,KEEP_EXISTING,695,INVENTORY_MARQUEE,SAFE_TYPED_FRAGMENT_STAGE,,,ORDINARY_MARQUEE_CANDIDATE,0,,,
database:125,RETAIN_EXISTING,125,fragments/1828/04/22-img2843-right,1828-04-22,1,1,1,AUTO_MATCHED_EXACT,MATCHED_CONTENT,false,MARQUEE,NO_EMBEDDED_IMAGE,KEEP_EXISTING,695,INVENTORY_MARQUEE,SAFE_TYPED_FRAGMENT_STAGE,,,ORDINARY_MARQUEE_CANDIDATE,0,,,
database:126,RETAIN_EXISTING,126,fragments/1828/04/23-img2843-right,1828-04-23,1,1,1,AUTO_MATCHED_EXACT,MATCHED_CONTENT,false,MARQUEE,NO_EMBEDDED_IMAGE,KEEP_EXISTING,695,INVENTORY_MARQUEE,SAFE_TYPED_FRAGMENT_STAGE,,,ORDINARY_MARQUEE_CANDIDATE,0,,,
database:127,RETAIN_EXISTING,127,fragments/1828/04/24-img2843-right,1828-04-24,1,1,1,AUTO_MATCHED_EXACT,MATCHED_CONTENT,false,MARQUEE,NO_EMBEDDED_IMAGE,KEEP_EXISTING,695,INVENTORY_MARQUEE,SAFE_TYPED_FRAGMENT_STAGE,,,ORDINARY_MARQUEE_CANDIDATE,0,,,
database:128,RETAIN_EXISTING,128,fragments/1828/04/25-img2843-right,1828-04-25,1,1,1,AUTO_MATCHED_EXACT,MATCHED_CONTENT,false,MARQUEE,NO_EMBEDDED_IMAGE,KEEP_EXISTING,695,INVENTORY_MARQUEE,SAFE_TYPED_FRAGMENT_STAGE,,,ORDINARY_MARQUEE_CANDIDATE,0,,,
database:129,RETAIN_EXISTING,129,fragments/1828/04/26-img2843-right,1828-04-26,1,1,1,AUTO_MATCHED_EXACT,MATCHED_CONTENT,false,MARQUEE,NO_EMBEDDED_IMAGE,KEEP_EXISTING,695,INVENTORY_MARQUEE,SAFE_TYPED_FRAGMENT_STAGE,,,ORDINARY_MARQUEE_CANDIDATE,0,,,
database:130,RETAIN_EXISTING,130,fragments/1828/04/27-img2844-left,1828-04-27,1,1,1,AUTO_MATCHED_EXACT,MATCHED_CONTENT,false,MARQUEE,NO_EMBEDDED_IMAGE,KEEP_EXISTING,696,INVENTORY_MARQUEE,SAFE_TYPED_FRAGMENT_STAGE,,,ORDINARY_MARQUEE_CANDIDATE,0,,,
database:131,RETAIN_EXISTING,131,fragments/1828/04/28-img2844-left,1828-04-28,1,1,1,AUTO_MATCHED_EXACT,MATCHED_CONTENT,false,MARQUEE,NO_EMBEDDED_IMAGE,KEEP_EXISTING,696,INVENTORY_MARQUEE,SAFE_TYPED_FRAGMENT_STAGE,,,ORDINARY_MARQUEE_CANDIDATE,0,,,
database:132,RETAIN_EXISTING,132,fragments/1828/04/29-img2844-left,1828-04-29,1,1,1,AUTO_MATCHED_EXACT,MATCHED_CONTENT,false,MARQUEE,NO_EMBEDDED_IMAGE,KEEP_EXISTING,696,INVENTORY_MARQUEE,SAFE_TYPED_FRAGMENT_STAGE,,,ORDINARY_MARQUEE_CANDIDATE,0,,,
database:133,RETAIN_EXISTING,133,fragments/1828/04/30-img2844-left,1828-04-30,1,1,1,AUTO_MATCHED_EXACT,MATCHED_CONTENT,false,MARQUEE,NO_EMBEDDED_IMAGE,KEEP_EXISTING,696,INVENTORY_MARQUEE,SAFE_TYPED_FRAGMENT_STAGE,,,ORDINARY_MARQUEE_CANDIDATE,0,,,
database:134,RETAIN_EXISTING,134,fragments/1828/05/01-img2844-left,1828-05-01,1,1,1,AUTO_MATCHED_EXACT,MATCHED_CONTENT,false,MARQUEE,NO_EMBEDDED_IMAGE,KEEP_EXISTING,696,INVENTORY_MARQUEE,SAFE_TYPED_FRAGMENT_STAGE,,,ORDINARY_MARQUEE_CANDIDATE,0,,,
database:135,RETAIN_EXISTING,135,fragments/1828/05/02-img2844-left,1828-05-02,1,1,1,AUTO_MATCHED_EXACT,MATCHED_CONTENT,false,MARQUEE,NO_EMBEDDED_IMAGE,KEEP_EXISTING,696,INVENTORY_MARQUEE,SAFE_TYPED_FRAGMENT_STAGE,,,ORDINARY_MARQUEE_CANDIDATE,0,,,
database:136,RETAIN_EXISTING,136,fragments/1828/05/03-img2844-right,1828-05-03,1,1,1,AUTO_MATCHED_EXACT,MATCHED_CONTENT,false,MARQUEE,NO_EMBEDDED_IMAGE,KEEP_EXISTING,696,INVENTORY_MARQUEE,SAFE_TYPED_FRAGMENT_STAGE,,,ORDINARY_MARQUEE_CANDIDATE,0,,,
database:137,RETAIN_EXISTING,137,fragments/1828/05/04-img2844-right,1828-05-04,1,1,1,AUTO_MATCHED_EXACT,MATCHED_CONTENT,false,MARQUEE,NO_EMBEDDED_IMAGE,KEEP_EXISTING,696,INVENTORY_MARQUEE,SAFE_TYPED_FRAGMENT_STAGE,,,ORDINARY_MARQUEE_CANDIDATE,0,,,
database:138,RETAIN_EXISTING,138,fragments/1828/05/05-img2844-right,1828-05-05,1,1,1,AUTO_MATCHED_EXACT,MATCHED_CONTENT,false,MARQUEE,NO_EMBEDDED_IMAGE,KEEP_EXISTING,696,INVENTORY_MARQUEE,SAFE_TYPED_FRAGMENT_STAGE,,,ORDINARY_MARQUEE_CANDIDATE,0,,,
database:139,RETAIN_EXISTING,139,fragments/1828/05/06-img2844-right,1828-05-06,1,1,1,AUTO_MATCHED_EXACT,MATCHED_CONTENT,false,MARQUEE,NO_EMBEDDED_IMAGE,KEEP_EXISTING,696,INVENTORY_MARQUEE,SAFE_TYPED_FRAGMENT_STAGE,,,ORDINARY_MARQUEE_CANDIDATE,0,,,
database:140,RETAIN_EXISTING,140,fragments/1828/05/07-img2844-right,1828-05-07,1,1,1,AUTO_MATCHED_EXACT,MATCHED_CONTENT,false,MARQUEE,NO_EMBEDDED_IMAGE,KEEP_EXISTING,696,INVENTORY_MARQUEE,SAFE_TYPED_FRAGMENT_STAGE,,,ORDINARY_MARQUEE_CANDIDATE,0,,,
database:141,RETAIN_EXISTING,141,fragments/1828/05/08-img2844-right,1828-05-08,1,1,1,AUTO_MATCHED_EXACT,MATCHED_CONTENT,false,MARQUEE,NO_EMBEDDED_IMAGE,KEEP_EXISTING,696,INVENTORY_MARQUEE,SAFE_TYPED_FRAGMENT_STAGE,,,ORDINARY_MARQUEE_CANDIDATE,0,,,
database:142,RETAIN_EXISTING,142,fragments/1828/05/09-img2845-left,1828-05-09,1,1,1,AUTO_MATCHED_EXACT,MATCHED_CONTENT,false,MARQUEE,NO_EMBEDDED_IMAGE,KEEP_EXISTING,697,INVENTORY_MARQUEE,SAFE_TYPED_FRAGMENT_STAGE,,,ORDINARY_MARQUEE_CANDIDATE,0,,,
database:143,RETAIN_EXISTING,143,fragments/1828/05/10-img2845-left,1828-05-10,1,1,1,AUTO_MATCHED_EXACT,MATCHED_CONTENT,false,MARQUEE,NO_EMBEDDED_IMAGE,KEEP_EXISTING,697,INVENTORY_MARQUEE,SAFE_TYPED_FRAGMENT_STAGE,,,ORDINARY_MARQUEE_CANDIDATE,0,,,
database:144,RETAIN_EXISTING,144,fragments/1828/05/11-img2845-left,1828-05-11,1,1,1,AUTO_MATCHED_EXACT,MATCHED_CONTENT,false,MARQUEE,NO_EMBEDDED_IMAGE,KEEP_EXISTING,697,INVENTORY_MARQUEE,SAFE_TYPED_FRAGMENT_STAGE,,,ORDINARY_MARQUEE_CANDIDATE,0,,,
database:145,RETAIN_EXISTING,145,fragments/1828/05/12-img2845-left,1828-05-12,1,1,1,AUTO_MATCHED_EXACT,MATCHED_CONTENT,false,MARQUEE,NO_EMBEDDED_IMAGE,KEEP_EXISTING,697,INVENTORY_MARQUEE,SAFE_TYPED_FRAGMENT_STAGE,,,ORDINARY_MARQUEE_CANDIDATE,0,,,
database:146,RETAIN_EXISTING,146,fragments/1828/05/13-img2845-left,1828-05-13,1,1,1,AUTO_MATCHED_EXACT,MATCHED_CONTENT,false,MARQUEE,NO_EMBEDDED_IMAGE,KEEP_EXISTING,697,INVENTORY_MARQUEE,SAFE_TYPED_FRAGMENT_STAGE,,,ORDINARY_MARQUEE_CANDIDATE,0,,,
database:147,RETAIN_EXISTING,147,fragments/1828/05/14-img2845-left,1828-05-14,1,1,1,AUTO_MATCHED_EXACT,MATCHED_CONTENT,false,MARQUEE,NO_EMBEDDED_IMAGE,KEEP_EXISTING,697,INVENTORY_MARQUEE,SAFE_TYPED_FRAGMENT_STAGE,,,ORDINARY_MARQUEE_CANDIDATE,0,,,
database:148,RETAIN_EXISTING,148,fragments/1828/05/15-img2845-left,1828-05-15,1,1,1,AUTO_MATCHED_EXACT,MATCHED_CONTENT,false,MARQUEE,NO_EMBEDDED_IMAGE,KEEP_EXISTING,697,INVENTORY_MARQUEE,SAFE_TYPED_FRAGMENT_STAGE,,,ORDINARY_MARQUEE_CANDIDATE,0,,,
database:149,RETAIN_EXISTING,149,fragments/1828/05/16-img2845-right,1828-05-16,1,1,1,AUTO_MATCHED_EXACT,MATCHED_CONTENT,false,MARQUEE,NO_EMBEDDED_IMAGE,KEEP_EXISTING,697,INVENTORY_MARQUEE,SAFE_TYPED_FRAGMENT_STAGE,,,ORDINARY_MARQUEE_CANDIDATE,0,,,
database:150,RETAIN_EXISTING,150,fragments/1828/05/17-img2845-right,1828-05-17,1,1,1,AUTO_MATCHED_EXACT,MATCHED_CONTENT,false,MARQUEE,NO_EMBEDDED_IMAGE,KEEP_EXISTING,697,INVENTORY_MARQUEE,SAFE_TYPED_FRAGMENT_STAGE,,,ORDINARY_MARQUEE_CANDIDATE,0,,,
database:151,RETAIN_EXISTING,151,fragments/1828/05/18-img2845-right,1828-05-18,1,1,1,AUTO_MATCHED_EXACT,MATCHED_CONTENT,false,MARQUEE,NO_EMBEDDED_IMAGE,KEEP_EXISTING,697,INVENTORY_MARQUEE,SAFE_TYPED_FRAGMENT_STAGE,,,ORDINARY_MARQUEE_CANDIDATE,0,,,
database:152,RETAIN_EXISTING,152,fragments/1828/05/19-img2845-right,1828-05-19,1,1,1,AUTO_MATCHED_EXACT,MATCHED_CONTENT,false,MARQUEE,NO_EMBEDDED_IMAGE,KEEP_EXISTING,697,INVENTORY_MARQUEE,SAFE_TYPED_FRAGMENT_STAGE,,,ORDINARY_MARQUEE_CANDIDATE,0,,,
database:153,RETAIN_EXISTING,153,fragments/1828/05/20-img2845-right,1828-05-20,1,1,1,AUTO_MATCHED_EXACT,MATCHED_CONTENT,false,MARQUEE,NO_EMBEDDED_IMAGE,KEEP_EXISTING,697,INVENTORY_MARQUEE,SAFE_TYPED_FRAGMENT_STAGE,,,ORDINARY_MARQUEE_CANDIDATE,0,,,
database:154,RETAIN_EXISTING,154,fragments/1828/05/21-img2846-left,1828-05-21,1,1,1,AUTO_MATCHED_EXACT,MATCHED_CONTENT,false,MARQUEE,NO_EMBEDDED_IMAGE,KEEP_EXISTING,698,INVENTORY_MARQUEE,SAFE_TYPED_FRAGMENT_STAGE,,,ORDINARY_MARQUEE_CANDIDATE,0,,,
database:155,RETAIN_EXISTING,155,fragments/1828/05/22-img2846-left,1828-05-22,1,1,1,AUTO_MATCHED_EXACT,MATCHED_CONTENT,false,MARQUEE,NO_EMBEDDED_IMAGE,KEEP_EXISTING,698,INVENTORY_MARQUEE,SAFE_TYPED_FRAGMENT_STAGE,,,ORDINARY_MARQUEE_CANDIDATE,0,,,
database:156,RETAIN_EXISTING,156,fragments/1828/05/23-img2846-left,1828-05-23,1,1,1,AUTO_MATCHED_EXACT,MATCHED_CONTENT,false,MARQUEE,NO_EMBEDDED_IMAGE,KEEP_EXISTING,698,INVENTORY_MARQUEE,SAFE_TYPED_FRAGMENT_STAGE,,,ORDINARY_MARQUEE_CANDIDATE,0,,,
database:157,RETAIN_EXISTING,157,fragments/1828/05/24-img2846-left,1828-05-24,1,1,1,AUTO_MATCHED_EXACT,MATCHED_CONTENT,false,MARQUEE,NO_EMBEDDED_IMAGE,KEEP_EXISTING,698,INVENTORY_MARQUEE,SAFE_TYPED_FRAGMENT_STAGE,,,ORDINARY_MARQUEE_CANDIDATE,0,,,
database:158,RETAIN_EXISTING,158,fragments/1828/05/25-img2846-left,1828-05-25,1,1,1,AUTO_MATCHED_EXACT,MATCHED_CONTENT,false,MARQUEE,NO_EMBEDDED_IMAGE,KEEP_EXISTING,698,INVENTORY_MARQUEE,SAFE_TYPED_FRAGMENT_STAGE,,,ORDINARY_MARQUEE_CANDIDATE,0,,,
database:159,RETAIN_EXISTING,159,fragments/1828/05/26-img2846-left,1828-05-26,1,1,1,AUTO_MATCHED_EXACT,MATCHED_CONTENT,false,MARQUEE,NO_EMBEDDED_IMAGE,KEEP_EXISTING,698,INVENTORY_MARQUEE,SAFE_TYPED_FRAGMENT_STAGE,,,ORDINARY_MARQUEE_CANDIDATE,0,,,
database:160,RETAIN_EXISTING,160,fragments/1828/05/27-img2846-left,1828-05-27,1,1,1,AUTO_MATCHED_EXACT,MATCHED_CONTENT,false,MARQUEE,NO_EMBEDDED_IMAGE,KEEP_EXISTING,698,INVENTORY_MARQUEE,SAFE_TYPED_FRAGMENT_STAGE,,,ORDINARY_MARQUEE_CANDIDATE,0,,,
database:161,RETAIN_EXISTING,161,fragments/1828/05/28-img2846-right,1828-05-28,1,1,1,AUTO_MATCHED_EXACT,MATCHED_CONTENT,false,MARQUEE,NO_EMBEDDED_IMAGE,KEEP_EXISTING,698,INVENTORY_MARQUEE,SAFE_TYPED_FRAGMENT_STAGE,,,ORDINARY_MARQUEE_CANDIDATE,0,,,
database:162,RETAIN_EXISTING,162,fragments/1828/05/29-img2846-right,1828-05-29,1,1,1,AUTO_MATCHED_EXACT,MATCHED_CONTENT,false,MARQUEE,NO_EMBEDDED_IMAGE,KEEP_EXISTING,698,INVENTORY_MARQUEE,SAFE_TYPED_FRAGMENT_STAGE,,,ORDINARY_MARQUEE_CANDIDATE,0,,,
database:163,RETAIN_EXISTING,163,fragments/1828/05/30-img2846-right,1828-05-30,1,1,1,AUTO_MATCHED_EXACT,MATCHED_CONTENT,false,MARQUEE,NO_EMBEDDED_IMAGE,KEEP_EXISTING,698,INVENTORY_MARQUEE,SAFE_TYPED_FRAGMENT_STAGE,,,ORDINARY_MARQUEE_CANDIDATE,0,,,
database:164,RETAIN_EXISTING,164,fragments/1828/05/31-img2846-right,1828-05-31,1,1,1,AUTO_MATCHED_EXACT,MATCHED_CONTENT,false,MARQUEE,NO_EMBEDDED_IMAGE,KEEP_EXISTING,698,INVENTORY_MARQUEE,SAFE_TYPED_FRAGMENT_STAGE,,,ORDINARY_MARQUEE_CANDIDATE,0,,,
database:165,RETAIN_EXISTING,165,fragments/1828/06/01-img2846-right,1828-06-01,1,1,1,AUTO_MATCHED_EXACT,MATCHED_CONTENT,false,MARQUEE,NO_EMBEDDED_IMAGE,KEEP_EXISTING,698,INVENTORY_MARQUEE,SAFE_TYPED_FRAGMENT_STAGE,,,ORDINARY_MARQUEE_CANDIDATE,0,,,
database:166,RETAIN_EXISTING,166,fragments/1828/06/02-img2846-right,1828-06-02,1,1,1,AUTO_MATCHED_EXACT,MATCHED_CONTENT,false,MARQUEE,NO_EMBEDDED_IMAGE,KEEP_EXISTING,698,INVENTORY_MARQUEE,SAFE_TYPED_FRAGMENT_STAGE,,,ORDINARY_MARQUEE_CANDIDATE,0,,,
database:167,RETAIN_EXISTING,167,fragments/1828/06/03-img2847-left,1828-06-03,1,1,1,AUTO_MATCHED_EXACT,MATCHED_CONTENT,false,MARQUEE,NO_EMBEDDED_IMAGE,KEEP_EXISTING,699,INVENTORY_MARQUEE,SAFE_TYPED_FRAGMENT_STAGE,,,ORDINARY_MARQUEE_CANDIDATE,0,,,
database:168,RETAIN_EXISTING,168,fragments/1828/06/04-img2847-left,1828-06-04,1,1,1,AUTO_MATCHED_EXACT,MATCHED_CONTENT,false,MARQUEE,NO_EMBEDDED_IMAGE,KEEP_EXISTING,699,INVENTORY_MARQUEE,SAFE_TYPED_FRAGMENT_STAGE,,,ORDINARY_MARQUEE_CANDIDATE,0,,,
database:169,RETAIN_EXISTING,169,fragments/1828/06/05-img2847-left,1828-06-05,1,1,1,AUTO_MATCHED_EXACT,MATCHED_CONTENT,false,MARQUEE,NO_EMBEDDED_IMAGE,KEEP_EXISTING,699,INVENTORY_MARQUEE,SAFE_TYPED_FRAGMENT_STAGE,,,ORDINARY_MARQUEE_CANDIDATE,0,,,
database:170,RETAIN_EXISTING,170,fragments/1828/06/06-img2847-left,1828-06-06,1,1,1,AUTO_MATCHED_EXACT,MATCHED_CONTENT,false,MARQUEE,NO_EMBEDDED_IMAGE,KEEP_EXISTING,699,INVENTORY_MARQUEE,SAFE_TYPED_FRAGMENT_STAGE,,,ORDINARY_MARQUEE_CANDIDATE,0,,,
database:171,RETAIN_EXISTING,171,fragments/1828/06/07-img2847-right,1828-06-07,1,1,1,AUTO_MATCHED_EXACT,MATCHED_CONTENT,false,MARQUEE,NO_EMBEDDED_IMAGE,KEEP_EXISTING,699,INVENTORY_MARQUEE,SAFE_TYPED_FRAGMENT_STAGE,,,ORDINARY_MARQUEE_CANDIDATE,0,,,
database:172,RETAIN_EXISTING,172,fragments/1828/06/08-img2847-right,1828-06-08,1,1,1,AUTO_MATCHED_EXACT,MATCHED_CONTENT,false,MARQUEE,NO_EMBEDDED_IMAGE,KEEP_EXISTING,699,INVENTORY_MARQUEE,SAFE_TYPED_FRAGMENT_STAGE,,,ORDINARY_MARQUEE_CANDIDATE,0,,,
database:173,RETAIN_EXISTING,173,fragments/1828/06/09-img2847-right,1828-06-09,1,1,1,AUTO_MATCHED_EXACT,MATCHED_CONTENT,false,MARQUEE,NO_EMBEDDED_IMAGE,KEEP_EXISTING,699,INVENTORY_MARQUEE,SAFE_TYPED_FRAGMENT_STAGE,,,ORDINARY_MARQUEE_CANDIDATE,0,,,
database:174,RETAIN_EXISTING,174,fragments/1828/06/10-img2847-right,1828-06-10,1,1,1,AUTO_MATCHED_EXACT,MATCHED_CONTENT,false,MARQUEE,NO_EMBEDDED_IMAGE,KEEP_EXISTING,699,INVENTORY_MARQUEE,SAFE_TYPED_FRAGMENT_STAGE,,,ORDINARY_MARQUEE_CANDIDATE,0,,,
database:175,RETAIN_EXISTING,175,fragments/1828/06/11-img2847-right,1828-06-11,1,1,1,AUTO_MATCHED_EXACT,MATCHED_CONTENT,false,MARQUEE,NO_EMBEDDED_IMAGE,KEEP_EXISTING,699,INVENTORY_MARQUEE,SAFE_TYPED_FRAGMENT_STAGE,,,ORDINARY_MARQUEE_CANDIDATE,0,,,
database:176,RETAIN_EXISTING,176,fragments/1828/06/12-img2848-left,1828-06-12,1,1,1,AUTO_MATCHED_EXACT,MATCHED_CONTENT,false,MARQUEE,NO_EMBEDDED_IMAGE,KEEP_EXISTING,700,INVENTORY_MARQUEE,SAFE_TYPED_FRAGMENT_STAGE,,,ORDINARY_MARQUEE_CANDIDATE,0,,,
database:177,RETAIN_EXISTING,177,fragments/1828/06/13-img2848-left,1828-06-13,1,1,1,AUTO_MATCHED_EXACT,MATCHED_CONTENT,false,MARQUEE,NO_EMBEDDED_IMAGE,KEEP_EXISTING,700,INVENTORY_MARQUEE,SAFE_TYPED_FRAGMENT_STAGE,,,ORDINARY_MARQUEE_CANDIDATE,0,,,
database:178,RETAIN_EXISTING,178,fragments/1828/06/14-img2848-left,1828-06-14,1,1,1,AUTO_MATCHED_EXACT,MATCHED_CONTENT,false,MARQUEE,NO_EMBEDDED_IMAGE,KEEP_EXISTING,700,INVENTORY_MARQUEE,SAFE_TYPED_FRAGMENT_STAGE,,,ORDINARY_MARQUEE_CANDIDATE,0,,,
database:179,RETAIN_EXISTING,179,fragments/1828/06/15-img2848-left,1828-06-15,1,1,1,AUTO_MATCHED_EXACT,MATCHED_CONTENT,false,MARQUEE,NO_EMBEDDED_IMAGE,KEEP_EXISTING,700,INVENTORY_MARQUEE,SAFE_TYPED_FRAGMENT_STAGE,,,ORDINARY_MARQUEE_CANDIDATE,0,,,
database:180,RETAIN_EXISTING,180,fragments/1828/06/16-img2848-left,1828-06-16,1,1,1,AUTO_MATCHED_EXACT,MATCHED_CONTENT,false,MARQUEE,NO_EMBEDDED_IMAGE,KEEP_EXISTING,700,INVENTORY_MARQUEE,SAFE_TYPED_FRAGMENT_STAGE,,,ORDINARY_MARQUEE_CANDIDATE,0,,,
database:181,RETAIN_EXISTING,181,fragments/1828/06/17-img2848-left,1828-06-17,1,1,1,AUTO_MATCHED_EXACT,MATCHED_CONTENT,false,MARQUEE,NO_EMBEDDED_IMAGE,KEEP_EXISTING,700,INVENTORY_MARQUEE,SAFE_TYPED_FRAGMENT_STAGE,,,ORDINARY_MARQUEE_CANDIDATE,0,,,
database:182,RETAIN_EXISTING,182,fragments/1828/06/18-img2848-left,1828-06-18,1,1,1,AUTO_MATCHED_EXACT,MATCHED_CONTENT,false,MARQUEE,NO_EMBEDDED_IMAGE,KEEP_EXISTING,700,INVENTORY_MARQUEE,SAFE_TYPED_FRAGMENT_STAGE,,,ORDINARY_MARQUEE_CANDIDATE,0,,,
database:183,RETAIN_EXISTING,183,fragments/1828/06/19-img2848-right,1828-06-19,1,1,1,AUTO_MATCHED_EXACT,MATCHED_CONTENT,false,MARQUEE,NO_EMBEDDED_IMAGE,KEEP_EXISTING,700,INVENTORY_MARQUEE,SAFE_TYPED_FRAGMENT_STAGE,,,ORDINARY_MARQUEE_CANDIDATE,0,,,
database:184,RETAIN_EXISTING,184,fragments/1828/06/20-img2848-right,1828-06-20,1,1,1,AUTO_MATCHED_EXACT,MATCHED_CONTENT,false,MARQUEE,NO_EMBEDDED_IMAGE,KEEP_EXISTING,700,INVENTORY_MARQUEE,SAFE_TYPED_FRAGMENT_STAGE,,,ORDINARY_MARQUEE_CANDIDATE,0,,,
database:185,RETAIN_EXISTING,185,fragments/1828/06/21-img2848-right,1828-06-21,1,1,1,AUTO_MATCHED_EXACT,MATCHED_CONTENT,false,MARQUEE,NO_EMBEDDED_IMAGE,KEEP_EXISTING,700,INVENTORY_MARQUEE,SAFE_TYPED_FRAGMENT_STAGE,,,ORDINARY_MARQUEE_CANDIDATE,0,,,
database:186,RETAIN_EXISTING,186,fragments/1828/06/22-img2848-right,1828-06-22,1,1,1,AUTO_MATCHED_EXACT,MATCHED_CONTENT,false,MARQUEE,NO_EMBEDDED_IMAGE,KEEP_EXISTING,700,INVENTORY_MARQUEE,SAFE_TYPED_FRAGMENT_STAGE,,,ORDINARY_MARQUEE_CANDIDATE,0,,,
database:187,RETAIN_EXISTING,187,fragments/1828/06/23-img2848-right,1828-06-23,1,1,1,AUTO_MATCHED_EXACT,MATCHED_CONTENT,false,MARQUEE,NO_EMBEDDED_IMAGE,KEEP_EXISTING,700,INVENTORY_MARQUEE,SAFE_TYPED_FRAGMENT_STAGE,,,ORDINARY_MARQUEE_CANDIDATE,0,,,
database:188,RETAIN_EXISTING,188,fragments/1828/06/24-img2849-left,1828-06-24,1,1,1,AUTO_MATCHED_EXACT,MATCHED_CONTENT,false,MARQUEE,NO_EMBEDDED_IMAGE,KEEP_EXISTING,701,INVENTORY_MARQUEE,SAFE_TYPED_FRAGMENT_STAGE,,,ORDINARY_MARQUEE_CANDIDATE,0,,,
database:189,RETAIN_EXISTING,189,fragments/1828/06/25-img2849-left,1828-06-25,1,1,1,AUTO_MATCHED_EXACT,MATCHED_CONTENT,false,MARQUEE,NO_EMBEDDED_IMAGE,KEEP_EXISTING,701,INVENTORY_MARQUEE,SAFE_TYPED_FRAGMENT_STAGE,,,ORDINARY_MARQUEE_CANDIDATE,0,,,
database:190,RETAIN_EXISTING,190,fragments/1828/06/26-img2849-left,1828-06-26,1,1,1,AUTO_MATCHED_EXACT,MATCHED_CONTENT,false,MARQUEE,NO_EMBEDDED_IMAGE,KEEP_EXISTING,701,INVENTORY_MARQUEE,SAFE_TYPED_FRAGMENT_STAGE,,,ORDINARY_MARQUEE_CANDIDATE,0,,,
database:191,RETAIN_EXISTING,191,fragments/1828/06/27-img2849-left,1828-06-27,1,1,1,AUTO_MATCHED_EXACT,MATCHED_CONTENT,false,MARQUEE,NO_EMBEDDED_IMAGE,KEEP_EXISTING,701,INVENTORY_MARQUEE,SAFE_TYPED_FRAGMENT_STAGE,,,ORDINARY_MARQUEE_CANDIDATE,0,,,
database:192,RETAIN_EXISTING,192,fragments/1828/06/28-img2849-left,1828-06-28,1,1,1,AUTO_MATCHED_EXACT,MATCHED_CONTENT,false,MARQUEE,NO_EMBEDDED_IMAGE,KEEP_EXISTING,701,INVENTORY_MARQUEE,SAFE_TYPED_FRAGMENT_STAGE,,,ORDINARY_MARQUEE_CANDIDATE,0,,,
database:193,RETAIN_EXISTING,193,fragments/1828/06/29-img2849-right,1828-06-29,1,1,1,AUTO_MATCHED_EXACT,MATCHED_CONTENT,false,MARQUEE,NO_EMBEDDED_IMAGE,KEEP_EXISTING,701,INVENTORY_MARQUEE,SAFE_TYPED_FRAGMENT_STAGE,,,ORDINARY_MARQUEE_CANDIDATE,0,,,
database:194,RETAIN_EXISTING,194,fragments/1828/06/30-img2849-right,1828-06-30,1,1,1,AUTO_MATCHED_EXACT,MATCHED_CONTENT,false,MARQUEE,NO_EMBEDDED_IMAGE,KEEP_EXISTING,701,INVENTORY_MARQUEE,SAFE_TYPED_FRAGMENT_STAGE,,,ORDINARY_MARQUEE_CANDIDATE,0,,,
database:195,RETAIN_EXISTING,195,fragments/1828/07/01-img2849-right,1828-07-01,1,1,1,AUTO_MATCHED_EXACT,MATCHED_CONTENT,false,MARQUEE,NO_EMBEDDED_IMAGE,KEEP_EXISTING,701,INVENTORY_MARQUEE,SAFE_TYPED_FRAGMENT_STAGE,,,ORDINARY_MARQUEE_CANDIDATE,0,,,
database:196,RETAIN_EXISTING,196,fragments/1828/07/02-img2849-right,1828-07-02,1,1,1,AUTO_MATCHED_EXACT,MATCHED_CONTENT,false,MARQUEE,NO_EMBEDDED_IMAGE,KEEP_EXISTING,701,INVENTORY_MARQUEE,SAFE_TYPED_FRAGMENT_STAGE,,,ORDINARY_MARQUEE_CANDIDATE,0,,,
database:197,RETAIN_EXISTING,197,fragments/1828/07/03-img2849-right,1828-07-03,1,1,1,AUTO_MATCHED_EXACT,MATCHED_CONTENT,false,MARQUEE,NO_EMBEDDED_IMAGE,KEEP_EXISTING,701,INVENTORY_MARQUEE,SAFE_TYPED_FRAGMENT_STAGE,,,ORDINARY_MARQUEE_CANDIDATE,0,,,
database:198,RETAIN_EXISTING,198,fragments/1828/07/04-img2849-right,1828-07-04,1,1,1,AUTO_MATCHED_EXACT,MATCHED_CONTENT,false,MARQUEE,NO_EMBEDDED_IMAGE,KEEP_EXISTING,701,INVENTORY_MARQUEE,SAFE_TYPED_FRAGMENT_STAGE,,,ORDINARY_MARQUEE_CANDIDATE,0,,,
database:199,RETAIN_EXISTING,199,fragments/1828/07/05-img2850-left,1828-07-05,1,1,1,AUTO_MATCHED_EXACT,MATCHED_CONTENT,false,MARQUEE,NO_EMBEDDED_IMAGE,KEEP_EXISTING,702,INVENTORY_MARQUEE,SAFE_TYPED_FRAGMENT_STAGE,,,ORDINARY_MARQUEE_CANDIDATE,0,,,
database:200,RETAIN_EXISTING,200,fragments/1828/07/06-img2850-left,1828-07-06,1,1,1,AUTO_MATCHED_EXACT,MATCHED_CONTENT,false,MARQUEE,NO_EMBEDDED_IMAGE,KEEP_EXISTING,702,INVENTORY_MARQUEE,SAFE_TYPED_FRAGMENT_STAGE,,,ORDINARY_MARQUEE_CANDIDATE,0,,,
database:201,RETAIN_EXISTING,201,fragments/1828/07/07-img2850-left,1828-07-07,1,1,1,AUTO_MATCHED_EXACT,MATCHED_CONTENT,false,MARQUEE,NO_EMBEDDED_IMAGE,KEEP_EXISTING,702,INVENTORY_MARQUEE,SAFE_TYPED_FRAGMENT_STAGE,,,ORDINARY_MARQUEE_CANDIDATE,0,,,
database:202,RETAIN_EXISTING,202,fragments/1828/07/08-img2850-left,1828-07-08,1,1,1,AUTO_MATCHED_EXACT,MATCHED_CONTENT,false,MARQUEE,NO_EMBEDDED_IMAGE,KEEP_EXISTING,702,INVENTORY_MARQUEE,SAFE_TYPED_FRAGMENT_STAGE,,,ORDINARY_MARQUEE_CANDIDATE,0,,,
database:203,RETAIN_EXISTING,203,fragments/1828/07/09-img2850-left,1828-07-09,1,1,1,AUTO_MATCHED_EXACT,MATCHED_CONTENT,false,MARQUEE,NO_EMBEDDED_IMAGE,KEEP_EXISTING,702,INVENTORY_MARQUEE,SAFE_TYPED_FRAGMENT_STAGE,,,ORDINARY_MARQUEE_CANDIDATE,0,,,
database:204,RETAIN_EXISTING,204,fragments/1828/07/10-img2850-left,1828-07-10,1,1,1,AUTO_MATCHED_EXACT,MATCHED_CONTENT,false,MARQUEE,NO_EMBEDDED_IMAGE,KEEP_EXISTING,702,INVENTORY_MARQUEE,SAFE_TYPED_FRAGMENT_STAGE,,,ORDINARY_MARQUEE_CANDIDATE,0,,,
database:205,RETAIN_EXISTING,205,fragments/1828/07/11-img2850-right,1828-07-11,1,1,1,AUTO_MATCHED_EXACT,MATCHED_CONTENT,false,MARQUEE,NO_EMBEDDED_IMAGE,KEEP_EXISTING,702,INVENTORY_MARQUEE,SAFE_TYPED_FRAGMENT_STAGE,,,ORDINARY_MARQUEE_CANDIDATE,0,,,
database:206,RETAIN_EXISTING,206,fragments/1828/07/12-img2850-right,1828-07-12,1,1,1,AUTO_MATCHED_EXACT,MATCHED_CONTENT,false,MARQUEE,NO_EMBEDDED_IMAGE,KEEP_EXISTING,702,INVENTORY_MARQUEE,SAFE_TYPED_FRAGMENT_STAGE,,,ORDINARY_MARQUEE_CANDIDATE,0,,,
database:207,RETAIN_EXISTING,207,fragments/1828/07/13-img2850-right,1828-07-13,1,1,1,AUTO_MATCHED_EXACT,MATCHED_CONTENT,false,MARQUEE,NO_EMBEDDED_IMAGE,KEEP_EXISTING,702,INVENTORY_MARQUEE,SAFE_TYPED_FRAGMENT_STAGE,,,ORDINARY_MARQUEE_CANDIDATE,0,,,
database:208,RETAIN_EXISTING,208,fragments/1828/07/14-img2850-right,1828-07-14,1,1,1,AUTO_MATCHED_EXACT,MATCHED_CONTENT,false,MARQUEE,NO_EMBEDDED_IMAGE,KEEP_EXISTING,702,INVENTORY_MARQUEE,SAFE_TYPED_FRAGMENT_STAGE,,,ORDINARY_MARQUEE_CANDIDATE,0,,,
database:209,RETAIN_EXISTING,209,fragments/1828/07/15-img2850-right,1828-07-15,1,1,1,AUTO_MATCHED_EXACT,MATCHED_CONTENT,false,MARQUEE,NO_EMBEDDED_IMAGE,KEEP_EXISTING,702,INVENTORY_MARQUEE,SAFE_TYPED_FRAGMENT_STAGE,,,ORDINARY_MARQUEE_CANDIDATE,0,,,
database:210,RETAIN_EXISTING,210,fragments/1828/07/16-img2851-left,1828-07-16,1,1,1,AUTO_MATCHED_EXACT,MATCHED_CONTENT,false,MARQUEE,NO_EMBEDDED_IMAGE,KEEP_EXISTING,703,INVENTORY_MARQUEE,SAFE_TYPED_FRAGMENT_STAGE,,,ORDINARY_MARQUEE_CANDIDATE,0,,,
database:211,RETAIN_EXISTING,211,fragments/1828/07/17-img2851-left,1828-07-17,1,1,1,AUTO_MATCHED_EXACT,MATCHED_CONTENT,false,MARQUEE,NO_EMBEDDED_IMAGE,KEEP_EXISTING,703,INVENTORY_MARQUEE,SAFE_TYPED_FRAGMENT_STAGE,,,ORDINARY_MARQUEE_CANDIDATE,0,,,
database:212,RETAIN_EXISTING,212,fragments/1828/07/18-img2851-left,1828-07-18,1,1,1,AUTO_MATCHED_EXACT,MATCHED_CONTENT,false,MARQUEE,NO_EMBEDDED_IMAGE,KEEP_EXISTING,703,INVENTORY_MARQUEE,SAFE_TYPED_FRAGMENT_STAGE,,,ORDINARY_MARQUEE_CANDIDATE,0,,,
database:213,RETAIN_EXISTING,213,fragments/1828/07/19-img2851-left,1828-07-19,1,1,1,AUTO_MATCHED_EXACT,MATCHED_CONTENT,false,MARQUEE,NO_EMBEDDED_IMAGE,KEEP_EXISTING,703,INVENTORY_MARQUEE,SAFE_TYPED_FRAGMENT_STAGE,,,ORDINARY_MARQUEE_CANDIDATE,0,,,
database:214,RETAIN_EXISTING,214,fragments/1828/07/20-img2851-left,1828-07-20,1,1,1,AUTO_MATCHED_EXACT,MATCHED_CONTENT,false,MARQUEE,NO_EMBEDDED_IMAGE,KEEP_EXISTING,703,INVENTORY_MARQUEE,SAFE_TYPED_FRAGMENT_STAGE,,,ORDINARY_MARQUEE_CANDIDATE,0,,,
database:215,RETAIN_EXISTING,215,fragments/1828/07/21-img2851-left,1828-07-21,1,1,1,AUTO_MATCHED_EXACT,MATCHED_CONTENT,false,MARQUEE,NO_EMBEDDED_IMAGE,KEEP_EXISTING,703,INVENTORY_MARQUEE,SAFE_TYPED_FRAGMENT_STAGE,,,ORDINARY_MARQUEE_CANDIDATE,0,,,
database:216,RETAIN_EXISTING,216,fragments/1828/07/22-img2851-left,1828-07-22,1,1,1,AUTO_MATCHED_EXACT,MATCHED_CONTENT,false,MARQUEE,NO_EMBEDDED_IMAGE,KEEP_EXISTING,703,INVENTORY_MARQUEE,SAFE_TYPED_FRAGMENT_STAGE,,,ORDINARY_MARQUEE_CANDIDATE,0,,,
database:217,RETAIN_EXISTING,217,fragments/1828/07/23-img2851-left,1828-07-23,1,1,1,AUTO_MATCHED_EXACT,MATCHED_CONTENT,false,MARQUEE,NO_EMBEDDED_IMAGE,KEEP_EXISTING,703,INVENTORY_MARQUEE,SAFE_TYPED_FRAGMENT_STAGE,,,ORDINARY_MARQUEE_CANDIDATE,0,,,
database:218,RETAIN_EXISTING,218,fragments/1828/07/24-img2851-right,1828-07-24,1,1,1,AUTO_MATCHED_EXACT,MATCHED_CONTENT,false,MARQUEE,NO_EMBEDDED_IMAGE,KEEP_EXISTING,703,INVENTORY_MARQUEE,SAFE_TYPED_FRAGMENT_STAGE,,,ORDINARY_MARQUEE_CANDIDATE,0,,,
database:219,RETAIN_EXISTING,219,fragments/1828/07/25-img2851-right,1828-07-25,1,1,1,AUTO_MATCHED_EXACT,MATCHED_CONTENT,false,MARQUEE,NO_EMBEDDED_IMAGE,KEEP_EXISTING,703,INVENTORY_MARQUEE,SAFE_TYPED_FRAGMENT_STAGE,,,ORDINARY_MARQUEE_CANDIDATE,0,,,
database:220,RETAIN_EXISTING,220,fragments/1828/07/26-img2851-right,1828-07-26,1,1,1,AUTO_MATCHED_EXACT,MATCHED_CONTENT,false,MARQUEE,NO_EMBEDDED_IMAGE,KEEP_EXISTING,703,INVENTORY_MARQUEE,SAFE_TYPED_FRAGMENT_STAGE,,,ORDINARY_MARQUEE_CANDIDATE,0,,,
database:221,RETAIN_EXISTING,221,fragments/1828/07/27-img2851-right,1828-07-27,1,1,1,AUTO_MATCHED_EXACT,MATCHED_CONTENT,false,MARQUEE,NO_EMBEDDED_IMAGE,KEEP_EXISTING,703,INVENTORY_MARQUEE,SAFE_TYPED_FRAGMENT_STAGE,,,ORDINARY_MARQUEE_CANDIDATE,0,,,
database:222,RETAIN_EXISTING,222,fragments/1828/07/28-img2851-right,1828-07-28,1,1,1,AUTO_MATCHED_EXACT,MATCHED_CONTENT,false,MARQUEE,NO_EMBEDDED_IMAGE,KEEP_EXISTING,703,INVENTORY_MARQUEE,SAFE_TYPED_FRAGMENT_STAGE,,,ORDINARY_MARQUEE_CANDIDATE,0,,,
database:223,RETAIN_EXISTING,223,fragments/1828/07/29-img2851-right,1828-07-29,1,1,1,AUTO_MATCHED_EXACT,MATCHED_CONTENT,false,MARQUEE,NO_EMBEDDED_IMAGE,KEEP_EXISTING,703,INVENTORY_MARQUEE,SAFE_TYPED_FRAGMENT_STAGE,,,ORDINARY_MARQUEE_CANDIDATE,0,,,
database:224,RETAIN_EXISTING,224,fragments/1828/07/30-img2851-right,1828-07-30,1,1,1,AUTO_MATCHED_EXACT,MATCHED_CONTENT,false,MARQUEE,NO_EMBEDDED_IMAGE,KEEP_EXISTING,703,INVENTORY_MARQUEE,SAFE_TYPED_FRAGMENT_STAGE,,,ORDINARY_MARQUEE_CANDIDATE,0,,,
database:225,RETAIN_EXISTING,225,fragments/1828/07/31-img2851-right,1828-07-31,1,1,1,AUTO_MATCHED_EXACT,MATCHED_CONTENT,false,MARQUEE,NO_EMBEDDED_IMAGE,KEEP_EXISTING,703,INVENTORY_MARQUEE,SAFE_TYPED_FRAGMENT_STAGE,,,ORDINARY_MARQUEE_CANDIDATE,0,,,
database:226,RETAIN_EXISTING,226,fragments/1828/08/01-b-img2852-image-black-middens,1828-08-01,1,1,1,AUTO_MATCHED_EXACT,MATCHED_CONTENT,true,IMAGE,DATABASE_EMBEDDED_IMAGE,KEEP_ABSENT,,UNRESOLVED,DEFERRED_IMAGE_MIGRATION,,images/img2852-image-black-middens.jpg,ORPHAN_OR_INCONSISTENT,1,,,
database:227,RETAIN_EXISTING,227,fragments/1828/08/01-img2852-left,1828-08-01,2,2,2,AUTO_MATCHED_EXACT,MATCHED_CONTENT,false,MARQUEE,NO_EMBEDDED_IMAGE,KEEP_EXISTING,704,INVENTORY_MARQUEE,SAFE_TYPED_FRAGMENT_STAGE,,,ORDINARY_MARQUEE_CANDIDATE,0,,,
database:228,RETAIN_EXISTING,228,fragments/1828/08/02-img2852-left,1828-08-02,1,1,1,AUTO_MATCHED_EXACT,MATCHED_CONTENT,false,MARQUEE,NO_EMBEDDED_IMAGE,KEEP_EXISTING,704,INVENTORY_MARQUEE,SAFE_TYPED_FRAGMENT_STAGE,,,ORDINARY_MARQUEE_CANDIDATE,0,,,
database:229,RETAIN_EXISTING,229,fragments/1828/08/03-img2852-left,1828-08-03,1,1,1,AUTO_MATCHED_EXACT,MATCHED_CONTENT,false,MARQUEE,NO_EMBEDDED_IMAGE,KEEP_EXISTING,704,INVENTORY_MARQUEE,SAFE_TYPED_FRAGMENT_STAGE,,,ORDINARY_MARQUEE_CANDIDATE,0,,,
database:230,RETAIN_EXISTING,230,fragments/1828/08/04-img2852-left,1828-08-04,1,1,1,AUTO_MATCHED_EXACT,MATCHED_CONTENT,false,MARQUEE,NO_EMBEDDED_IMAGE,KEEP_EXISTING,704,INVENTORY_MARQUEE,SAFE_TYPED_FRAGMENT_STAGE,,,ORDINARY_MARQUEE_CANDIDATE,0,,,
database:231,RETAIN_EXISTING,231,fragments/1828/08/05-img2852-left,1828-08-05,1,1,1,AUTO_MATCHED_EXACT,MATCHED_CONTENT,false,MARQUEE,NO_EMBEDDED_IMAGE,KEEP_EXISTING,704,INVENTORY_MARQUEE,SAFE_TYPED_FRAGMENT_STAGE,,,ORDINARY_MARQUEE_CANDIDATE,0,,,
database:232,RETAIN_EXISTING,232,fragments/1828/08/06-img2852-left,1828-08-06,1,1,1,AUTO_MATCHED_EXACT,MATCHED_CONTENT,false,MARQUEE,NO_EMBEDDED_IMAGE,KEEP_EXISTING,704,INVENTORY_MARQUEE,SAFE_TYPED_FRAGMENT_STAGE,,,ORDINARY_MARQUEE_CANDIDATE,0,,,
database:233,RETAIN_EXISTING,233,fragments/1828/08/07-b-img2852-image-hope-voyage,1828-08-07,1,1,1,AUTO_MATCHED_EXACT,MATCHED_CONTENT,true,IMAGE,DATABASE_EMBEDDED_IMAGE,KEEP_ABSENT,,UNRESOLVED,DEFERRED_IMAGE_MIGRATION,,images/img2852-image-hope-voyage.jpg,ORPHAN_OR_INCONSISTENT,1,,,
database:234,RETAIN_EXISTING,234,fragments/1828/08/07-img2852-right,1828-08-07,2,2,2,AUTO_MATCHED_EXACT,MATCHED_CONTENT,false,MARQUEE,NO_EMBEDDED_IMAGE,KEEP_EXISTING,704,INVENTORY_MARQUEE,SAFE_TYPED_FRAGMENT_STAGE,,,ORDINARY_MARQUEE_CANDIDATE,0,,,
database:235,RETAIN_EXISTING,235,fragments/1828/08/08-img2852-right,1828-08-08,1,1,1,AUTO_MATCHED_EXACT,MATCHED_CONTENT,false,MARQUEE,NO_EMBEDDED_IMAGE,KEEP_EXISTING,704,INVENTORY_MARQUEE,SAFE_TYPED_FRAGMENT_STAGE,,,ORDINARY_MARQUEE_CANDIDATE,0,,,
database:236,RETAIN_EXISTING,236,fragments/1828/08/09-img2852-right,1828-08-09,1,1,1,AUTO_MATCHED_EXACT,MATCHED_CONTENT,false,MARQUEE,NO_EMBEDDED_IMAGE,KEEP_EXISTING,704,INVENTORY_MARQUEE,SAFE_TYPED_FRAGMENT_STAGE,,,ORDINARY_MARQUEE_CANDIDATE,0,,,
database:237,RETAIN_EXISTING,237,fragments/1828/08/10-img2852-right,1828-08-10,1,1,1,AUTO_MATCHED_EXACT,MATCHED_CONTENT,false,MARQUEE,NO_EMBEDDED_IMAGE,KEEP_EXISTING,704,INVENTORY_MARQUEE,SAFE_TYPED_FRAGMENT_STAGE,,,ORDINARY_MARQUEE_CANDIDATE,0,,,
database:238,RETAIN_EXISTING,238,fragments/1828/08/11-img2853-left,1828-08-11,1,1,1,AUTO_MATCHED_EXACT,MATCHED_CONTENT,false,MARQUEE,NO_EMBEDDED_IMAGE,KEEP_EXISTING,705,INVENTORY_MARQUEE,SAFE_TYPED_FRAGMENT_STAGE,,,ORDINARY_MARQUEE_CANDIDATE,0,,,
database:239,RETAIN_EXISTING,239,fragments/1828/08/12-img2853-left,1828-08-12,1,1,1,AUTO_MATCHED_EXACT,MATCHED_CONTENT,false,MARQUEE,NO_EMBEDDED_IMAGE,KEEP_EXISTING,705,INVENTORY_MARQUEE,SAFE_TYPED_FRAGMENT_STAGE,,,ORDINARY_MARQUEE_CANDIDATE,0,,,
database:240,RETAIN_EXISTING,240,fragments/1828/08/13-img2853-left,1828-08-13,1,1,1,AUTO_MATCHED_EXACT,MATCHED_CONTENT,false,MARQUEE,NO_EMBEDDED_IMAGE,KEEP_EXISTING,705,INVENTORY_MARQUEE,SAFE_TYPED_FRAGMENT_STAGE,,,ORDINARY_MARQUEE_CANDIDATE,0,,,
database:2299,UPDATE_EXISTING_FROM_SOURCE,2299,fragments/1828/08/14-img2853-left,1828-08-14,1,1,1,MATCH_EDITED_KEEP_SOURCE,USE_SOURCE,false,MARQUEE,NO_EMBEDDED_IMAGE,KEEP_EXISTING,705,INVENTORY_MARQUEE,SAFE_TYPED_FRAGMENT_STAGE,,,ORDINARY_MARQUEE_CANDIDATE,0,Richard,2026-09-09T18:59:00+01:00,The database version has multiple &nbsp;.
database:241,UPDATE_EXISTING_FROM_SOURCE,241,fragments/1828/08/14-img2853-right,1828-08-14,2,2,2,MATCH_EDITED_KEEP_SOURCE,USE_SOURCE,false,MARQUEE,NO_EMBEDDED_IMAGE,KEEP_EXISTING,705,INVENTORY_MARQUEE,SAFE_TYPED_FRAGMENT_STAGE,,,ORDINARY_MARQUEE_CANDIDATE,0,Richard,2026-09-09T18:56:00+01:00,The database version contains multiple &nbsp;.
database:242,RETAIN_EXISTING,242,fragments/1828/08/15-img2853-right,1828-08-15,1,1,1,AUTO_MATCHED_EXACT,MATCHED_CONTENT,false,MARQUEE,NO_EMBEDDED_IMAGE,KEEP_EXISTING,705,INVENTORY_MARQUEE,SAFE_TYPED_FRAGMENT_STAGE,,,ORDINARY_MARQUEE_CANDIDATE,0,,,
database:243,RETAIN_EXISTING,243,fragments/1828/08/16-img2853-right,1828-08-16,1,1,1,AUTO_MATCHED_EXACT,MATCHED_CONTENT,false,MARQUEE,NO_EMBEDDED_IMAGE,KEEP_EXISTING,705,INVENTORY_MARQUEE,SAFE_TYPED_FRAGMENT_STAGE,,,ORDINARY_MARQUEE_CANDIDATE,0,,,
database:244,RETAIN_EXISTING,244,fragments/1828/08/17-img2853-right,1828-08-17,1,1,1,AUTO_MATCHED_EXACT,MATCHED_CONTENT,false,MARQUEE,NO_EMBEDDED_IMAGE,KEEP_EXISTING,705,INVENTORY_MARQUEE,SAFE_TYPED_FRAGMENT_STAGE,,,ORDINARY_MARQUEE_CANDIDATE,0,,,
database:245,RETAIN_EXISTING,245,fragments/1828/08/18-img2854-left,1828-08-18,1,1,1,AUTO_MATCHED_EXACT,MATCHED_CONTENT,false,MARQUEE,NO_EMBEDDED_IMAGE,KEEP_EXISTING,706,INVENTORY_MARQUEE,SAFE_TYPED_FRAGMENT_STAGE,,,ORDINARY_MARQUEE_CANDIDATE,0,,,
database:246,RETAIN_EXISTING,246,fragments/1828/08/19-img2854-left,1828-08-19,1,1,1,AUTO_MATCHED_EXACT,MATCHED_CONTENT,false,MARQUEE,NO_EMBEDDED_IMAGE,KEEP_EXISTING,706,INVENTORY_MARQUEE,SAFE_TYPED_FRAGMENT_STAGE,,,ORDINARY_MARQUEE_CANDIDATE,0,,,
database:247,RETAIN_EXISTING,247,fragments/1828/08/20-img2854-left,1828-08-20,1,1,1,AUTO_MATCHED_EXACT,MATCHED_CONTENT,false,MARQUEE,NO_EMBEDDED_IMAGE,KEEP_EXISTING,706,INVENTORY_MARQUEE,SAFE_TYPED_FRAGMENT_STAGE,,,ORDINARY_MARQUEE_CANDIDATE,0,,,
database:248,RETAIN_EXISTING,248,fragments/1828/08/21-img2854-left,1828-08-21,1,1,1,AUTO_MATCHED_EXACT,MATCHED_CONTENT,false,MARQUEE,NO_EMBEDDED_IMAGE,KEEP_EXISTING,706,INVENTORY_MARQUEE,SAFE_TYPED_FRAGMENT_STAGE,,,ORDINARY_MARQUEE_CANDIDATE,0,,,
database:249,RETAIN_EXISTING,249,fragments/1828/08/22-img2854-left,1828-08-22,1,1,1,AUTO_MATCHED_EXACT,MATCHED_CONTENT,false,MARQUEE,NO_EMBEDDED_IMAGE,KEEP_EXISTING,706,INVENTORY_MARQUEE,SAFE_TYPED_FRAGMENT_STAGE,,,ORDINARY_MARQUEE_CANDIDATE,0,,,
database:250,RETAIN_EXISTING,250,fragments/1828/08/23-img2854-left,1828-08-23,1,1,1,AUTO_MATCHED_EXACT,MATCHED_CONTENT,false,MARQUEE,NO_EMBEDDED_IMAGE,KEEP_EXISTING,706,INVENTORY_MARQUEE,SAFE_TYPED_FRAGMENT_STAGE,,,ORDINARY_MARQUEE_CANDIDATE,0,,,
database:251,RETAIN_EXISTING,251,fragments/1828/08/24-img2854-right,1828-08-24,1,1,1,AUTO_MATCHED_EXACT,MATCHED_CONTENT,false,MARQUEE,NO_EMBEDDED_IMAGE,KEEP_EXISTING,706,INVENTORY_MARQUEE,SAFE_TYPED_FRAGMENT_STAGE,,,ORDINARY_MARQUEE_CANDIDATE,0,,,
database:252,RETAIN_EXISTING,252,fragments/1828/08/25-img2854-right,1828-08-25,1,1,1,AUTO_MATCHED_EXACT,MATCHED_CONTENT,false,MARQUEE,NO_EMBEDDED_IMAGE,KEEP_EXISTING,706,INVENTORY_MARQUEE,SAFE_TYPED_FRAGMENT_STAGE,,,ORDINARY_MARQUEE_CANDIDATE,0,,,
database:253,RETAIN_EXISTING,253,fragments/1828/08/26-img2854-right,1828-08-26,1,1,1,AUTO_MATCHED_EXACT,MATCHED_CONTENT,false,MARQUEE,NO_EMBEDDED_IMAGE,KEEP_EXISTING,706,INVENTORY_MARQUEE,SAFE_TYPED_FRAGMENT_STAGE,,,ORDINARY_MARQUEE_CANDIDATE,0,,,
database:254,RETAIN_EXISTING,254,fragments/1828/08/27-img2854-right,1828-08-27,1,1,1,AUTO_MATCHED_EXACT,MATCHED_CONTENT,false,MARQUEE,NO_EMBEDDED_IMAGE,KEEP_EXISTING,706,INVENTORY_MARQUEE,SAFE_TYPED_FRAGMENT_STAGE,,,ORDINARY_MARQUEE_CANDIDATE,0,,,
database:255,RETAIN_EXISTING,255,fragments/1828/08/28-img2855-left,1828-08-28,1,1,1,AUTO_MATCHED_EXACT,MATCHED_CONTENT,false,MARQUEE,NO_EMBEDDED_IMAGE,KEEP_EXISTING,707,INVENTORY_MARQUEE,SAFE_TYPED_FRAGMENT_STAGE,,,ORDINARY_MARQUEE_CANDIDATE,0,,,
database:256,RETAIN_EXISTING,256,fragments/1828/08/29-img2855-left,1828-08-29,1,1,1,AUTO_MATCHED_EXACT,MATCHED_CONTENT,false,MARQUEE,NO_EMBEDDED_IMAGE,KEEP_EXISTING,707,INVENTORY_MARQUEE,SAFE_TYPED_FRAGMENT_STAGE,,,ORDINARY_MARQUEE_CANDIDATE,0,,,
database:257,RETAIN_EXISTING,257,fragments/1828/08/30-b1-img2855-image-appuldurcombe-house,1828-08-30,1,1,1,AUTO_MATCHED_EXACT,MATCHED_CONTENT,true,IMAGE,DATABASE_EMBEDDED_IMAGE,KEEP_ABSENT,,UNRESOLVED,DEFERRED_IMAGE_MIGRATION,,images/img2855-image-appuldurcombe-house.jpg,ORPHAN_OR_INCONSISTENT,1,,,
database:258,RETAIN_EXISTING,258,fragments/1828/08/30-b2-img2855-image-isle-of-wight,1828-08-30,2,2,2,AUTO_MATCHED_EXACT,MATCHED_CONTENT,true,IMAGE,DATABASE_EMBEDDED_IMAGE,KEEP_ABSENT,,UNRESOLVED,DEFERRED_IMAGE_MIGRATION,,images/img2855-image-isle-of-wight.jpg,ORPHAN_OR_INCONSISTENT,1,,,
database:259,RETAIN_EXISTING,259,fragments/1828/08/30-b3-img2855-image-navarino-house,1828-08-30,3,3,3,AUTO_MATCHED_EXACT,MATCHED_CONTENT,true,IMAGE,DATABASE_EMBEDDED_IMAGE,KEEP_ABSENT,,UNRESOLVED,DEFERRED_IMAGE_MIGRATION,,images/img2855-image-navarino-house.jpg,ORPHAN_OR_INCONSISTENT,1,,,
database:260,RETAIN_EXISTING,260,fragments/1828/08/30-b4-img2855-image-navarino-house-map,1828-08-30,4,4,4,AUTO_MATCHED_EXACT,MATCHED_CONTENT,true,IMAGE,DATABASE_EMBEDDED_IMAGE,KEEP_ABSENT,,UNRESOLVED,DEFERRED_IMAGE_MIGRATION,,images/img2855-image-navarino-house-map.png,ORPHAN_OR_INCONSISTENT,1,,,
database:261,RETAIN_EXISTING,261,fragments/1828/08/30-img2855-left,1828-08-30,5,5,5,AUTO_MATCHED_EXACT,MATCHED_CONTENT,false,MARQUEE,NO_EMBEDDED_IMAGE,KEEP_EXISTING,707,INVENTORY_MARQUEE,SAFE_TYPED_FRAGMENT_STAGE,,,ORDINARY_MARQUEE_CANDIDATE,0,,,
database:262,RETAIN_EXISTING,262,fragments/1828/08/31-img2855-right,1828-08-31,1,1,1,AUTO_MATCHED_EXACT,MATCHED_CONTENT,false,MARQUEE,NO_EMBEDDED_IMAGE,KEEP_EXISTING,707,INVENTORY_MARQUEE,SAFE_TYPED_FRAGMENT_STAGE,,,ORDINARY_MARQUEE_CANDIDATE,0,,,
database:263,RETAIN_EXISTING,263,fragments/1828/09/01-img2855-right,1828-09-01,1,1,1,AUTO_MATCHED_EXACT,MATCHED_CONTENT,false,MARQUEE,NO_EMBEDDED_IMAGE,KEEP_EXISTING,707,INVENTORY_MARQUEE,SAFE_TYPED_FRAGMENT_STAGE,,,ORDINARY_MARQUEE_CANDIDATE,0,,,
database:264,RETAIN_EXISTING,264,fragments/1828/09/02-img2856-left,1828-09-02,1,1,1,AUTO_MATCHED_EXACT,MATCHED_CONTENT,false,MARQUEE,NO_EMBEDDED_IMAGE,KEEP_EXISTING,708,INVENTORY_MARQUEE,SAFE_TYPED_FRAGMENT_STAGE,,,ORDINARY_MARQUEE_CANDIDATE,0,,,
database:265,RETAIN_EXISTING,265,fragments/1828/09/03-img2856-left,1828-09-03,1,1,1,AUTO_MATCHED_EXACT,MATCHED_CONTENT,false,MARQUEE,NO_EMBEDDED_IMAGE,KEEP_EXISTING,708,INVENTORY_MARQUEE,SAFE_TYPED_FRAGMENT_STAGE,,,ORDINARY_MARQUEE_CANDIDATE,0,,,
database:266,RETAIN_EXISTING,266,fragments/1828/09/04-img2856-left,1828-09-04,1,1,1,AUTO_MATCHED_EXACT,MATCHED_CONTENT,false,MARQUEE,NO_EMBEDDED_IMAGE,KEEP_EXISTING,708,INVENTORY_MARQUEE,SAFE_TYPED_FRAGMENT_STAGE,,,ORDINARY_MARQUEE_CANDIDATE,0,,,
database:267,RETAIN_EXISTING,267,fragments/1828/09/05-img2856-left,1828-09-05,1,1,1,AUTO_MATCHED_EXACT,MATCHED_CONTENT,false,MARQUEE,NO_EMBEDDED_IMAGE,KEEP_EXISTING,708,INVENTORY_MARQUEE,SAFE_TYPED_FRAGMENT_STAGE,,,ORDINARY_MARQUEE_CANDIDATE,0,,,
database:268,RETAIN_EXISTING,268,fragments/1828/09/06-img2856-left,1828-09-06,1,1,1,AUTO_MATCHED_EXACT,MATCHED_CONTENT,false,MARQUEE,NO_EMBEDDED_IMAGE,KEEP_EXISTING,708,INVENTORY_MARQUEE,SAFE_TYPED_FRAGMENT_STAGE,,,ORDINARY_MARQUEE_CANDIDATE,0,,,
database:269,RETAIN_EXISTING,269,fragments/1828/09/07-img2856-right,1828-09-07,1,1,1,AUTO_MATCHED_EXACT,MATCHED_CONTENT,false,MARQUEE,NO_EMBEDDED_IMAGE,KEEP_EXISTING,708,INVENTORY_MARQUEE,SAFE_TYPED_FRAGMENT_STAGE,,,ORDINARY_MARQUEE_CANDIDATE,0,,,
database:270,RETAIN_EXISTING,270,fragments/1828/09/08-img2856-right,1828-09-08,1,1,1,AUTO_MATCHED_EXACT,MATCHED_CONTENT,false,MARQUEE,NO_EMBEDDED_IMAGE,KEEP_EXISTING,708,INVENTORY_MARQUEE,SAFE_TYPED_FRAGMENT_STAGE,,,ORDINARY_MARQUEE_CANDIDATE,0,,,
database:271,RETAIN_EXISTING,271,fragments/1828/09/09-img2856-right,1828-09-09,1,1,1,AUTO_MATCHED_EXACT,MATCHED_CONTENT,false,MARQUEE,NO_EMBEDDED_IMAGE,KEEP_EXISTING,708,INVENTORY_MARQUEE,SAFE_TYPED_FRAGMENT_STAGE,,,ORDINARY_MARQUEE_CANDIDATE,0,,,
database:272,RETAIN_EXISTING,272,fragments/1828/09/10-img2856-right,1828-09-10,1,1,1,AUTO_MATCHED_EXACT,MATCHED_CONTENT,false,MARQUEE,NO_EMBEDDED_IMAGE,KEEP_EXISTING,708,INVENTORY_MARQUEE,SAFE_TYPED_FRAGMENT_STAGE,,,ORDINARY_MARQUEE_CANDIDATE,0,,,
database:273,RETAIN_EXISTING,273,fragments/1828/09/11-img2856-right,1828-09-11,1,1,1,AUTO_MATCHED_EXACT,MATCHED_CONTENT,false,MARQUEE,NO_EMBEDDED_IMAGE,KEEP_EXISTING,708,INVENTORY_MARQUEE,SAFE_TYPED_FRAGMENT_STAGE,,,ORDINARY_MARQUEE_CANDIDATE,0,,,
database:274,RETAIN_EXISTING,274,fragments/1828/09/12-img2856-right,1828-09-12,1,1,1,AUTO_MATCHED_EXACT,MATCHED_CONTENT,false,MARQUEE,NO_EMBEDDED_IMAGE,KEEP_EXISTING,708,INVENTORY_MARQUEE,SAFE_TYPED_FRAGMENT_STAGE,,,ORDINARY_MARQUEE_CANDIDATE,0,,,
database:275,RETAIN_EXISTING,275,fragments/1828/09/13-img2856-right,1828-09-13,1,1,1,AUTO_MATCHED_EXACT,MATCHED_CONTENT,false,MARQUEE,NO_EMBEDDED_IMAGE,KEEP_EXISTING,708,INVENTORY_MARQUEE,SAFE_TYPED_FRAGMENT_STAGE,,,ORDINARY_MARQUEE_CANDIDATE,0,,,
database:276,RETAIN_EXISTING,276,fragments/1828/09/14-img2857-left,1828-09-14,1,1,1,AUTO_MATCHED_EXACT,MATCHED_CONTENT,false,MARQUEE,NO_EMBEDDED_IMAGE,KEEP_EXISTING,709,INVENTORY_MARQUEE,SAFE_TYPED_FRAGMENT_STAGE,,,ORDINARY_MARQUEE_CANDIDATE,0,,,
database:277,RETAIN_EXISTING,277,fragments/1828/09/15-img2857-left,1828-09-15,1,1,1,AUTO_MATCHED_EXACT,MATCHED_CONTENT,false,MARQUEE,NO_EMBEDDED_IMAGE,KEEP_EXISTING,709,INVENTORY_MARQUEE,SAFE_TYPED_FRAGMENT_STAGE,,,ORDINARY_MARQUEE_CANDIDATE,0,,,
database:278,RETAIN_EXISTING,278,fragments/1828/09/16-img2857-left,1828-09-16,1,1,1,AUTO_MATCHED_EXACT,MATCHED_CONTENT,false,MARQUEE,NO_EMBEDDED_IMAGE,KEEP_EXISTING,709,INVENTORY_MARQUEE,SAFE_TYPED_FRAGMENT_STAGE,,,ORDINARY_MARQUEE_CANDIDATE,0,,,
database:279,RETAIN_EXISTING,279,fragments/1828/09/17-img2857-left,1828-09-17,1,1,1,AUTO_MATCHED_EXACT,MATCHED_CONTENT,false,MARQUEE,NO_EMBEDDED_IMAGE,KEEP_EXISTING,709,INVENTORY_MARQUEE,SAFE_TYPED_FRAGMENT_STAGE,,,ORDINARY_MARQUEE_CANDIDATE,0,,,
database:280,RETAIN_EXISTING,280,fragments/1828/09/18-img2857-left,1828-09-18,1,1,1,AUTO_MATCHED_EXACT,MATCHED_CONTENT,false,MARQUEE,NO_EMBEDDED_IMAGE,KEEP_EXISTING,709,INVENTORY_MARQUEE,SAFE_TYPED_FRAGMENT_STAGE,,,ORDINARY_MARQUEE_CANDIDATE,0,,,
database:281,RETAIN_EXISTING,281,fragments/1828/09/19-img2857-left,1828-09-19,1,1,1,AUTO_MATCHED_EXACT,MATCHED_CONTENT,false,MARQUEE,NO_EMBEDDED_IMAGE,KEEP_EXISTING,709,INVENTORY_MARQUEE,SAFE_TYPED_FRAGMENT_STAGE,,,ORDINARY_MARQUEE_CANDIDATE,0,,,
database:282,RETAIN_EXISTING,282,fragments/1828/09/20-img2857-left,1828-09-20,1,1,1,AUTO_MATCHED_EXACT,MATCHED_CONTENT,false,MARQUEE,NO_EMBEDDED_IMAGE,KEEP_EXISTING,709,INVENTORY_MARQUEE,SAFE_TYPED_FRAGMENT_STAGE,,,ORDINARY_MARQUEE_CANDIDATE,0,,,
database:283,RETAIN_EXISTING,283,fragments/1828/09/21-img2857-right,1828-09-21,1,1,1,AUTO_MATCHED_EXACT,MATCHED_CONTENT,false,MARQUEE,NO_EMBEDDED_IMAGE,KEEP_EXISTING,709,INVENTORY_MARQUEE,SAFE_TYPED_FRAGMENT_STAGE,,,ORDINARY_MARQUEE_CANDIDATE,0,,,
database:284,RETAIN_EXISTING,284,fragments/1828/09/22-img2857-right,1828-09-22,1,1,1,AUTO_MATCHED_EXACT,MATCHED_CONTENT,false,MARQUEE,NO_EMBEDDED_IMAGE,KEEP_EXISTING,709,INVENTORY_MARQUEE,SAFE_TYPED_FRAGMENT_STAGE,,,ORDINARY_MARQUEE_CANDIDATE,0,,,
database:285,RETAIN_EXISTING,285,fragments/1828/09/23-img2857-right,1828-09-23,1,1,1,AUTO_MATCHED_EXACT,MATCHED_CONTENT,false,MARQUEE,NO_EMBEDDED_IMAGE,KEEP_EXISTING,709,INVENTORY_MARQUEE,SAFE_TYPED_FRAGMENT_STAGE,,,ORDINARY_MARQUEE_CANDIDATE,0,,,
database:286,RETAIN_EXISTING,286,fragments/1828/09/24-img2857-right,1828-09-24,1,1,1,AUTO_MATCHED_EXACT,MATCHED_CONTENT,false,MARQUEE,NO_EMBEDDED_IMAGE,KEEP_EXISTING,709,INVENTORY_MARQUEE,SAFE_TYPED_FRAGMENT_STAGE,,,ORDINARY_MARQUEE_CANDIDATE,0,,,
database:287,RETAIN_EXISTING,287,fragments/1828/09/25-img2857-right,1828-09-25,1,1,1,AUTO_MATCHED_EXACT,MATCHED_CONTENT,false,MARQUEE,NO_EMBEDDED_IMAGE,KEEP_EXISTING,709,INVENTORY_MARQUEE,SAFE_TYPED_FRAGMENT_STAGE,,,ORDINARY_MARQUEE_CANDIDATE,0,,,
database:288,RETAIN_EXISTING,288,fragments/1828/09/26-img2857-right,1828-09-26,1,1,1,AUTO_MATCHED_EXACT,MATCHED_CONTENT,false,MARQUEE,NO_EMBEDDED_IMAGE,KEEP_EXISTING,709,INVENTORY_MARQUEE,SAFE_TYPED_FRAGMENT_STAGE,,,ORDINARY_MARQUEE_CANDIDATE,0,,,
database:289,RETAIN_EXISTING,289,fragments/1828/09/27-img2858-left,1828-09-27,1,1,1,AUTO_MATCHED_EXACT,MATCHED_CONTENT,false,MARQUEE,NO_EMBEDDED_IMAGE,KEEP_EXISTING,710,INVENTORY_MARQUEE,SAFE_TYPED_FRAGMENT_STAGE,,,ORDINARY_MARQUEE_CANDIDATE,0,,,
database:290,RETAIN_EXISTING,290,fragments/1828/09/28-img2858-left,1828-09-28,1,1,1,AUTO_MATCHED_EXACT,MATCHED_CONTENT,false,MARQUEE,NO_EMBEDDED_IMAGE,KEEP_EXISTING,710,INVENTORY_MARQUEE,SAFE_TYPED_FRAGMENT_STAGE,,,ORDINARY_MARQUEE_CANDIDATE,0,,,
database:291,RETAIN_EXISTING,291,fragments/1828/09/29-img2858-left,1828-09-29,1,1,1,AUTO_MATCHED_EXACT,MATCHED_CONTENT,false,MARQUEE,NO_EMBEDDED_IMAGE,KEEP_EXISTING,710,INVENTORY_MARQUEE,SAFE_TYPED_FRAGMENT_STAGE,,,ORDINARY_MARQUEE_CANDIDATE,0,,,
database:292,RETAIN_EXISTING,292,fragments/1828/09/30-img2858-left,1828-09-30,1,1,1,AUTO_MATCHED_EXACT,MATCHED_CONTENT,false,MARQUEE,NO_EMBEDDED_IMAGE,KEEP_EXISTING,710,INVENTORY_MARQUEE,SAFE_TYPED_FRAGMENT_STAGE,,,ORDINARY_MARQUEE_CANDIDATE,0,,,
database:293,RETAIN_EXISTING,293,fragments/1828/10/01-img2858-left,1828-10-01,1,1,1,AUTO_MATCHED_EXACT,MATCHED_CONTENT,false,MARQUEE,NO_EMBEDDED_IMAGE,KEEP_EXISTING,710,INVENTORY_MARQUEE,SAFE_TYPED_FRAGMENT_STAGE,,,ORDINARY_MARQUEE_CANDIDATE,0,,,
database:294,RETAIN_EXISTING,294,fragments/1828/10/02-img2858-right,1828-10-02,1,1,1,AUTO_MATCHED_EXACT,MATCHED_CONTENT,false,MARQUEE,NO_EMBEDDED_IMAGE,KEEP_EXISTING,710,INVENTORY_MARQUEE,SAFE_TYPED_FRAGMENT_STAGE,,,ORDINARY_MARQUEE_CANDIDATE,0,,,
database:295,RETAIN_EXISTING,295,fragments/1828/10/03-img2858-right,1828-10-03,1,1,1,AUTO_MATCHED_EXACT,MATCHED_CONTENT,false,MARQUEE,NO_EMBEDDED_IMAGE,KEEP_EXISTING,710,INVENTORY_MARQUEE,SAFE_TYPED_FRAGMENT_STAGE,,,ORDINARY_MARQUEE_CANDIDATE,0,,,
database:296,RETAIN_EXISTING,296,fragments/1828/10/04-img2858-right,1828-10-04,1,1,1,AUTO_MATCHED_EXACT,MATCHED_CONTENT,false,MARQUEE,NO_EMBEDDED_IMAGE,KEEP_EXISTING,710,INVENTORY_MARQUEE,SAFE_TYPED_FRAGMENT_STAGE,,,ORDINARY_MARQUEE_CANDIDATE,0,,,
database:297,RETAIN_EXISTING,297,fragments/1828/10/05-img2858-right,1828-10-05,1,1,1,AUTO_MATCHED_EXACT,MATCHED_CONTENT,false,MARQUEE,NO_EMBEDDED_IMAGE,KEEP_EXISTING,710,INVENTORY_MARQUEE,SAFE_TYPED_FRAGMENT_STAGE,,,ORDINARY_MARQUEE_CANDIDATE,0,,,
database:298,RETAIN_EXISTING,298,fragments/1828/10/06-img2858-right,1828-10-06,1,1,1,AUTO_MATCHED_EXACT,MATCHED_CONTENT,false,MARQUEE,NO_EMBEDDED_IMAGE,KEEP_EXISTING,710,INVENTORY_MARQUEE,SAFE_TYPED_FRAGMENT_STAGE,,,ORDINARY_MARQUEE_CANDIDATE,0,,,
database:299,RETAIN_EXISTING,299,fragments/1828/10/06-img2859-left,1828-10-06,2,2,2,AUTO_MATCHED_EXACT,MATCHED_CONTENT,false,MARQUEE,NO_EMBEDDED_IMAGE,KEEP_EXISTING,711,INVENTORY_MARQUEE,SAFE_TYPED_FRAGMENT_STAGE,,,ORDINARY_MARQUEE_CANDIDATE,0,,,
database:300,RETAIN_EXISTING,300,fragments/1828/10/07-img2859-left,1828-10-07,1,1,1,AUTO_MATCHED_EXACT,MATCHED_CONTENT,false,MARQUEE,NO_EMBEDDED_IMAGE,KEEP_EXISTING,711,INVENTORY_MARQUEE,SAFE_TYPED_FRAGMENT_STAGE,,,ORDINARY_MARQUEE_CANDIDATE,0,,,
database:301,RETAIN_EXISTING,301,fragments/1828/10/08-img2859-left,1828-10-08,1,1,1,AUTO_MATCHED_EXACT,MATCHED_CONTENT,false,MARQUEE,NO_EMBEDDED_IMAGE,KEEP_EXISTING,711,INVENTORY_MARQUEE,SAFE_TYPED_FRAGMENT_STAGE,,,ORDINARY_MARQUEE_CANDIDATE,0,,,
database:302,RETAIN_EXISTING,302,fragments/1828/10/09-img2859-left,1828-10-09,1,1,1,AUTO_MATCHED_EXACT,MATCHED_CONTENT,false,MARQUEE,NO_EMBEDDED_IMAGE,KEEP_EXISTING,711,INVENTORY_MARQUEE,SAFE_TYPED_FRAGMENT_STAGE,,,ORDINARY_MARQUEE_CANDIDATE,0,,,
database:303,RETAIN_EXISTING,303,fragments/1828/10/10-img2859-right,1828-10-10,1,1,1,AUTO_MATCHED_EXACT,MATCHED_CONTENT,false,MARQUEE,NO_EMBEDDED_IMAGE,KEEP_EXISTING,711,INVENTORY_MARQUEE,SAFE_TYPED_FRAGMENT_STAGE,,,ORDINARY_MARQUEE_CANDIDATE,0,,,
database:304,RETAIN_EXISTING,304,fragments/1828/10/11-img2859-right,1828-10-11,1,1,1,AUTO_MATCHED_EXACT,MATCHED_CONTENT,false,MARQUEE,NO_EMBEDDED_IMAGE,KEEP_EXISTING,711,INVENTORY_MARQUEE,SAFE_TYPED_FRAGMENT_STAGE,,,ORDINARY_MARQUEE_CANDIDATE,0,,,
database:305,RETAIN_EXISTING,305,fragments/1828/10/12-img2859-right,1828-10-12,1,1,1,AUTO_MATCHED_EXACT,MATCHED_CONTENT,false,MARQUEE,NO_EMBEDDED_IMAGE,KEEP_EXISTING,711,INVENTORY_MARQUEE,SAFE_TYPED_FRAGMENT_STAGE,,,ORDINARY_MARQUEE_CANDIDATE,0,,,
database:306,RETAIN_EXISTING,306,fragments/1828/10/13-img2859-right,1828-10-13,1,1,1,AUTO_MATCHED_EXACT,MATCHED_CONTENT,false,MARQUEE,NO_EMBEDDED_IMAGE,KEEP_EXISTING,711,INVENTORY_MARQUEE,SAFE_TYPED_FRAGMENT_STAGE,,,ORDINARY_MARQUEE_CANDIDATE,0,,,
database:307,RETAIN_EXISTING,307,fragments/1828/10/14-img2859-right,1828-10-14,1,1,1,AUTO_MATCHED_EXACT,MATCHED_CONTENT,false,MARQUEE,NO_EMBEDDED_IMAGE,KEEP_EXISTING,711,INVENTORY_MARQUEE,SAFE_TYPED_FRAGMENT_STAGE,,,ORDINARY_MARQUEE_CANDIDATE,0,,,
database:308,RETAIN_EXISTING,308,fragments/1828/10/15-img2859-right,1828-10-15,1,1,1,AUTO_MATCHED_EXACT,MATCHED_CONTENT,false,MARQUEE,NO_EMBEDDED_IMAGE,KEEP_EXISTING,711,INVENTORY_MARQUEE,SAFE_TYPED_FRAGMENT_STAGE,,,ORDINARY_MARQUEE_CANDIDATE,0,,,
database:309,RETAIN_EXISTING,309,fragments/1828/10/16-img2860-left,1828-10-16,1,1,1,AUTO_MATCHED_EXACT,MATCHED_CONTENT,false,MARQUEE,NO_EMBEDDED_IMAGE,KEEP_EXISTING,712,INVENTORY_MARQUEE,SAFE_TYPED_FRAGMENT_STAGE,,,ORDINARY_MARQUEE_CANDIDATE,0,,,
database:310,RETAIN_EXISTING,310,fragments/1828/10/17-b-img2860-image-map-alnwick-tyneside,1828-10-17,1,1,1,AUTO_MATCHED_EXACT,MATCHED_CONTENT,true,IMAGE,DATABASE_EMBEDDED_IMAGE,KEEP_ABSENT,,UNRESOLVED,DEFERRED_IMAGE_MIGRATION,,images/img2860-image-map-alnwick-tyneside.jpg,ORPHAN_OR_INCONSISTENT,1,,,
database:311,RETAIN_EXISTING,311,fragments/1828/10/17-img2860-left,1828-10-17,2,2,2,AUTO_MATCHED_EXACT,MATCHED_CONTENT,false,MARQUEE,NO_EMBEDDED_IMAGE,KEEP_EXISTING,712,INVENTORY_MARQUEE,SAFE_TYPED_FRAGMENT_STAGE,,,ORDINARY_MARQUEE_CANDIDATE,0,,,
database:312,RETAIN_EXISTING,312,fragments/1828/10/18-img2860-left,1828-10-18,1,1,1,AUTO_MATCHED_EXACT,MATCHED_CONTENT,false,MARQUEE,NO_EMBEDDED_IMAGE,KEEP_EXISTING,712,INVENTORY_MARQUEE,SAFE_TYPED_FRAGMENT_STAGE,,,ORDINARY_MARQUEE_CANDIDATE,0,,,
database:313,RETAIN_EXISTING,313,fragments/1828/10/19-img2860-left,1828-10-19,1,1,1,AUTO_MATCHED_EXACT,MATCHED_CONTENT,false,MARQUEE,NO_EMBEDDED_IMAGE,KEEP_EXISTING,712,INVENTORY_MARQUEE,SAFE_TYPED_FRAGMENT_STAGE,,,ORDINARY_MARQUEE_CANDIDATE,0,,,
database:314,RETAIN_EXISTING,314,fragments/1828/10/20-img2860-left,1828-10-20,1,1,1,AUTO_MATCHED_EXACT,MATCHED_CONTENT,false,MARQUEE,NO_EMBEDDED_IMAGE,KEEP_EXISTING,712,INVENTORY_MARQUEE,SAFE_TYPED_FRAGMENT_STAGE,,,ORDINARY_MARQUEE_CANDIDATE,0,,,
database:315,RETAIN_EXISTING,315,fragments/1828/10/21-img2860-left,1828-10-21,1,1,1,AUTO_MATCHED_EXACT,MATCHED_CONTENT,false,MARQUEE,NO_EMBEDDED_IMAGE,KEEP_EXISTING,712,INVENTORY_MARQUEE,SAFE_TYPED_FRAGMENT_STAGE,,,ORDINARY_MARQUEE_CANDIDATE,0,,,
database:316,RETAIN_EXISTING,316,fragments/1828/10/22-img2860-right,1828-10-22,1,1,1,AUTO_MATCHED_EXACT,MATCHED_CONTENT,false,MARQUEE,NO_EMBEDDED_IMAGE,KEEP_EXISTING,712,INVENTORY_MARQUEE,SAFE_TYPED_FRAGMENT_STAGE,,,ORDINARY_MARQUEE_CANDIDATE,0,,,
database:317,RETAIN_EXISTING,317,fragments/1828/10/23-img2860-right,1828-10-23,1,1,1,AUTO_MATCHED_EXACT,MATCHED_CONTENT,false,MARQUEE,NO_EMBEDDED_IMAGE,KEEP_EXISTING,712,INVENTORY_MARQUEE,SAFE_TYPED_FRAGMENT_STAGE,,,ORDINARY_MARQUEE_CANDIDATE,0,,,
database:318,RETAIN_EXISTING,318,fragments/1828/10/24-img2860-right,1828-10-24,1,1,1,AUTO_MATCHED_EXACT,MATCHED_CONTENT,false,MARQUEE,NO_EMBEDDED_IMAGE,KEEP_EXISTING,712,INVENTORY_MARQUEE,SAFE_TYPED_FRAGMENT_STAGE,,,ORDINARY_MARQUEE_CANDIDATE,0,,,
database:319,RETAIN_EXISTING,319,fragments/1828/10/25-img2860-right,1828-10-25,1,1,1,AUTO_MATCHED_EXACT,MATCHED_CONTENT,false,MARQUEE,NO_EMBEDDED_IMAGE,KEEP_EXISTING,712,INVENTORY_MARQUEE,SAFE_TYPED_FRAGMENT_STAGE,,,ORDINARY_MARQUEE_CANDIDATE,0,,,
database:320,RETAIN_EXISTING,320,fragments/1828/10/26-img2860-right,1828-10-26,1,1,1,AUTO_MATCHED_EXACT,MATCHED_CONTENT,false,MARQUEE,NO_EMBEDDED_IMAGE,KEEP_EXISTING,712,INVENTORY_MARQUEE,SAFE_TYPED_FRAGMENT_STAGE,,,ORDINARY_MARQUEE_CANDIDATE,0,,,
database:321,RETAIN_EXISTING,321,fragments/1828/10/27-img2860-right,1828-10-27,1,1,1,AUTO_MATCHED_EXACT,MATCHED_CONTENT,false,MARQUEE,NO_EMBEDDED_IMAGE,KEEP_EXISTING,712,INVENTORY_MARQUEE,SAFE_TYPED_FRAGMENT_STAGE,,,ORDINARY_MARQUEE_CANDIDATE,0,,,
database:322,RETAIN_EXISTING,322,fragments/1828/10/28-img2860-right,1828-10-28,1,1,1,AUTO_MATCHED_EXACT,MATCHED_CONTENT,false,MARQUEE,NO_EMBEDDED_IMAGE,KEEP_EXISTING,712,INVENTORY_MARQUEE,SAFE_TYPED_FRAGMENT_STAGE,,,ORDINARY_MARQUEE_CANDIDATE,0,,,
database:323,RETAIN_EXISTING,323,fragments/1828/10/29-img2860-right,1828-10-29,1,1,1,AUTO_MATCHED_EXACT,MATCHED_CONTENT,false,MARQUEE,NO_EMBEDDED_IMAGE,KEEP_EXISTING,712,INVENTORY_MARQUEE,SAFE_TYPED_FRAGMENT_STAGE,,,ORDINARY_MARQUEE_CANDIDATE,0,,,
database:324,RETAIN_EXISTING,324,fragments/1828/10/30-img2861-left,1828-10-30,1,1,1,AUTO_MATCHED_EXACT,MATCHED_CONTENT,false,MARQUEE,NO_EMBEDDED_IMAGE,KEEP_EXISTING,713,INVENTORY_MARQUEE,SAFE_TYPED_FRAGMENT_STAGE,,,ORDINARY_MARQUEE_CANDIDATE,0,,,
database:325,RETAIN_EXISTING,325,fragments/1828/10/31-img2861-left,1828-10-31,1,1,1,AUTO_MATCHED_EXACT,MATCHED_CONTENT,false,MARQUEE,NO_EMBEDDED_IMAGE,KEEP_EXISTING,713,INVENTORY_MARQUEE,SAFE_TYPED_FRAGMENT_STAGE,,,ORDINARY_MARQUEE_CANDIDATE,0,,,
database:326,RETAIN_EXISTING,326,fragments/1828/11/01-img2861-left,1828-11-01,1,1,1,AUTO_MATCHED_EXACT,MATCHED_CONTENT,false,MARQUEE,NO_EMBEDDED_IMAGE,KEEP_EXISTING,713,INVENTORY_MARQUEE,SAFE_TYPED_FRAGMENT_STAGE,,,ORDINARY_MARQUEE_CANDIDATE,0,,,
database:327,RETAIN_EXISTING,327,fragments/1828/11/02-img2861-left,1828-11-02,1,1,1,AUTO_MATCHED_EXACT,MATCHED_CONTENT,false,MARQUEE,NO_EMBEDDED_IMAGE,KEEP_EXISTING,713,INVENTORY_MARQUEE,SAFE_TYPED_FRAGMENT_STAGE,,,ORDINARY_MARQUEE_CANDIDATE,0,,,
database:328,RETAIN_EXISTING,328,fragments/1828/11/03-img2861-left,1828-11-03,1,1,1,AUTO_MATCHED_EXACT,MATCHED_CONTENT,false,MARQUEE,NO_EMBEDDED_IMAGE,KEEP_EXISTING,713,INVENTORY_MARQUEE,SAFE_TYPED_FRAGMENT_STAGE,,,ORDINARY_MARQUEE_CANDIDATE,0,,,
database:329,RETAIN_EXISTING,329,fragments/1828/11/04-img2861-right,1828-11-04,1,1,1,AUTO_MATCHED_EXACT,MATCHED_CONTENT,false,MARQUEE,NO_EMBEDDED_IMAGE,KEEP_EXISTING,713,INVENTORY_MARQUEE,SAFE_TYPED_FRAGMENT_STAGE,,,ORDINARY_MARQUEE_CANDIDATE,0,,,
database:330,RETAIN_EXISTING,330,fragments/1828/11/05-img2861-right,1828-11-05,1,1,1,AUTO_MATCHED_EXACT,MATCHED_CONTENT,false,MARQUEE,NO_EMBEDDED_IMAGE,KEEP_EXISTING,713,INVENTORY_MARQUEE,SAFE_TYPED_FRAGMENT_STAGE,,,ORDINARY_MARQUEE_CANDIDATE,0,,,
database:331,RETAIN_EXISTING,331,fragments/1828/11/06-img2861-right,1828-11-06,1,1,1,AUTO_MATCHED_EXACT,MATCHED_CONTENT,false,MARQUEE,NO_EMBEDDED_IMAGE,KEEP_EXISTING,713,INVENTORY_MARQUEE,SAFE_TYPED_FRAGMENT_STAGE,,,ORDINARY_MARQUEE_CANDIDATE,0,,,
database:332,RETAIN_EXISTING,332,fragments/1828/11/07-img2861-right,1828-11-07,1,1,1,AUTO_MATCHED_EXACT,MATCHED_CONTENT,false,MARQUEE,NO_EMBEDDED_IMAGE,KEEP_EXISTING,713,INVENTORY_MARQUEE,SAFE_TYPED_FRAGMENT_STAGE,,,ORDINARY_MARQUEE_CANDIDATE,0,,,
database:333,RETAIN_EXISTING,333,fragments/1828/11/08-img2861-right,1828-11-08,1,1,1,AUTO_MATCHED_EXACT,MATCHED_CONTENT,false,MARQUEE,NO_EMBEDDED_IMAGE,KEEP_EXISTING,713,INVENTORY_MARQUEE,SAFE_TYPED_FRAGMENT_STAGE,,,ORDINARY_MARQUEE_CANDIDATE,0,,,
database:334,RETAIN_EXISTING,334,fragments/1828/11/09-img2861-right,1828-11-09,1,1,1,AUTO_MATCHED_EXACT,MATCHED_CONTENT,false,MARQUEE,NO_EMBEDDED_IMAGE,KEEP_EXISTING,713,INVENTORY_MARQUEE,SAFE_TYPED_FRAGMENT_STAGE,,,ORDINARY_MARQUEE_CANDIDATE,0,,,
database:335,RETAIN_EXISTING,335,fragments/1828/11/10-img2862-left,1828-11-10,1,1,1,AUTO_MATCHED_EXACT,MATCHED_CONTENT,false,MARQUEE,NO_EMBEDDED_IMAGE,KEEP_EXISTING,714,INVENTORY_MARQUEE,SAFE_TYPED_FRAGMENT_STAGE,,,ORDINARY_MARQUEE_CANDIDATE,0,,,
database:336,RETAIN_EXISTING,336,fragments/1828/11/11-img2862-left,1828-11-11,1,1,1,AUTO_MATCHED_EXACT,MATCHED_CONTENT,false,MARQUEE,NO_EMBEDDED_IMAGE,KEEP_EXISTING,714,INVENTORY_MARQUEE,SAFE_TYPED_FRAGMENT_STAGE,,,ORDINARY_MARQUEE_CANDIDATE,0,,,
database:337,RETAIN_EXISTING,337,fragments/1828/11/12-img2862-left,1828-11-12,1,1,1,AUTO_MATCHED_EXACT,MATCHED_CONTENT,false,MARQUEE,NO_EMBEDDED_IMAGE,KEEP_EXISTING,714,INVENTORY_MARQUEE,SAFE_TYPED_FRAGMENT_STAGE,,,ORDINARY_MARQUEE_CANDIDATE,0,,,
database:338,RETAIN_EXISTING,338,fragments/1828/11/13-img2862-left,1828-11-13,1,1,1,AUTO_MATCHED_EXACT,MATCHED_CONTENT,false,MARQUEE,NO_EMBEDDED_IMAGE,KEEP_EXISTING,714,INVENTORY_MARQUEE,SAFE_TYPED_FRAGMENT_STAGE,,,ORDINARY_MARQUEE_CANDIDATE,0,,,
database:339,RETAIN_EXISTING,339,fragments/1828/11/14-img2862-left,1828-11-14,1,1,1,AUTO_MATCHED_EXACT,MATCHED_CONTENT,false,MARQUEE,NO_EMBEDDED_IMAGE,KEEP_EXISTING,714,INVENTORY_MARQUEE,SAFE_TYPED_FRAGMENT_STAGE,,,ORDINARY_MARQUEE_CANDIDATE,0,,,
database:340,RETAIN_EXISTING,340,fragments/1828/11/15-img2862-right,1828-11-15,1,1,1,AUTO_MATCHED_EXACT,MATCHED_CONTENT,false,MARQUEE,NO_EMBEDDED_IMAGE,KEEP_EXISTING,714,INVENTORY_MARQUEE,SAFE_TYPED_FRAGMENT_STAGE,,,ORDINARY_MARQUEE_CANDIDATE,0,,,
database:341,RETAIN_EXISTING,341,fragments/1828/11/16-img2862-right,1828-11-16,1,1,1,AUTO_MATCHED_EXACT,MATCHED_CONTENT,false,MARQUEE,NO_EMBEDDED_IMAGE,KEEP_EXISTING,714,INVENTORY_MARQUEE,SAFE_TYPED_FRAGMENT_STAGE,,,ORDINARY_MARQUEE_CANDIDATE,0,,,
database:342,RETAIN_EXISTING,342,fragments/1828/11/17-img2862-right,1828-11-17,1,1,1,AUTO_MATCHED_EXACT,MATCHED_CONTENT,false,MARQUEE,NO_EMBEDDED_IMAGE,KEEP_EXISTING,714,INVENTORY_MARQUEE,SAFE_TYPED_FRAGMENT_STAGE,,,ORDINARY_MARQUEE_CANDIDATE,0,,,
database:343,RETAIN_EXISTING,343,fragments/1828/11/18-img2862-right,1828-11-18,1,1,1,AUTO_MATCHED_EXACT,MATCHED_CONTENT,false,MARQUEE,NO_EMBEDDED_IMAGE,KEEP_EXISTING,714,INVENTORY_MARQUEE,SAFE_TYPED_FRAGMENT_STAGE,,,ORDINARY_MARQUEE_CANDIDATE,0,,,
database:344,RETAIN_EXISTING,344,fragments/1828/11/19-img2862-right,1828-11-19,1,1,1,AUTO_MATCHED_EXACT,MATCHED_CONTENT,false,MARQUEE,NO_EMBEDDED_IMAGE,KEEP_EXISTING,714,INVENTORY_MARQUEE,SAFE_TYPED_FRAGMENT_STAGE,,,ORDINARY_MARQUEE_CANDIDATE,0,,,
database:345,RETAIN_EXISTING,345,fragments/1828/11/20-img2862-right,1828-11-20,1,1,1,AUTO_MATCHED_EXACT,MATCHED_CONTENT,false,MARQUEE,NO_EMBEDDED_IMAGE,KEEP_EXISTING,714,INVENTORY_MARQUEE,SAFE_TYPED_FRAGMENT_STAGE,,,ORDINARY_MARQUEE_CANDIDATE,0,,,
database:346,RETAIN_EXISTING,346,fragments/1828/11/21-img2863-left,1828-11-21,1,1,1,AUTO_MATCHED_EXACT,MATCHED_CONTENT,false,MARQUEE,NO_EMBEDDED_IMAGE,KEEP_EXISTING,715,INVENTORY_MARQUEE,SAFE_TYPED_FRAGMENT_STAGE,,,ORDINARY_MARQUEE_CANDIDATE,0,,,
database:347,RETAIN_EXISTING,347,fragments/1828/11/22-img2863-left,1828-11-22,1,1,1,AUTO_MATCHED_EXACT,MATCHED_CONTENT,false,MARQUEE,NO_EMBEDDED_IMAGE,KEEP_EXISTING,715,INVENTORY_MARQUEE,SAFE_TYPED_FRAGMENT_STAGE,,,ORDINARY_MARQUEE_CANDIDATE,0,,,
database:348,RETAIN_EXISTING,348,fragments/1828/11/23-img2863-left,1828-11-23,1,1,1,AUTO_MATCHED_EXACT,MATCHED_CONTENT,false,MARQUEE,NO_EMBEDDED_IMAGE,KEEP_EXISTING,715,INVENTORY_MARQUEE,SAFE_TYPED_FRAGMENT_STAGE,,,ORDINARY_MARQUEE_CANDIDATE,0,,,
database:349,RETAIN_EXISTING,349,fragments/1828/11/24-img2863-left,1828-11-24,1,1,1,AUTO_MATCHED_EXACT,MATCHED_CONTENT,false,MARQUEE,NO_EMBEDDED_IMAGE,KEEP_EXISTING,715,INVENTORY_MARQUEE,SAFE_TYPED_FRAGMENT_STAGE,,,ORDINARY_MARQUEE_CANDIDATE,0,,,
database:350,RETAIN_EXISTING,350,fragments/1828/11/25-img2863-left,1828-11-25,1,1,1,AUTO_MATCHED_EXACT,MATCHED_CONTENT,false,MARQUEE,NO_EMBEDDED_IMAGE,KEEP_EXISTING,715,INVENTORY_MARQUEE,SAFE_TYPED_FRAGMENT_STAGE,,,ORDINARY_MARQUEE_CANDIDATE,0,,,
database:351,RETAIN_EXISTING,351,fragments/1828/11/26-img2863-left,1828-11-26,1,1,1,AUTO_MATCHED_EXACT,MATCHED_CONTENT,false,MARQUEE,NO_EMBEDDED_IMAGE,KEEP_EXISTING,715,INVENTORY_MARQUEE,SAFE_TYPED_FRAGMENT_STAGE,,,ORDINARY_MARQUEE_CANDIDATE,0,,,
database:352,RETAIN_EXISTING,352,fragments/1828/11/27-img2863-right,1828-11-27,1,1,1,AUTO_MATCHED_EXACT,MATCHED_CONTENT,false,MARQUEE,NO_EMBEDDED_IMAGE,KEEP_EXISTING,715,INVENTORY_MARQUEE,SAFE_TYPED_FRAGMENT_STAGE,,,ORDINARY_MARQUEE_CANDIDATE,0,,,
database:353,RETAIN_EXISTING,353,fragments/1828/11/28-img2863-right,1828-11-28,1,1,1,AUTO_MATCHED_EXACT,MATCHED_CONTENT,false,MARQUEE,NO_EMBEDDED_IMAGE,KEEP_EXISTING,715,INVENTORY_MARQUEE,SAFE_TYPED_FRAGMENT_STAGE,,,ORDINARY_MARQUEE_CANDIDATE,0,,,
database:354,RETAIN_EXISTING,354,fragments/1828/11/29-img2863-right,1828-11-29,1,1,1,AUTO_MATCHED_EXACT,MATCHED_CONTENT,false,MARQUEE,NO_EMBEDDED_IMAGE,KEEP_EXISTING,715,INVENTORY_MARQUEE,SAFE_TYPED_FRAGMENT_STAGE,,,ORDINARY_MARQUEE_CANDIDATE,0,,,
database:355,RETAIN_EXISTING,355,fragments/1828/11/30-img2863-right,1828-11-30,1,1,1,AUTO_MATCHED_EXACT,MATCHED_CONTENT,false,MARQUEE,NO_EMBEDDED_IMAGE,KEEP_EXISTING,715,INVENTORY_MARQUEE,SAFE_TYPED_FRAGMENT_STAGE,,,ORDINARY_MARQUEE_CANDIDATE,0,,,
database:356,RETAIN_EXISTING,356,fragments/1828/12/01-img2864-left,1828-12-01,1,1,1,AUTO_MATCHED_EXACT,MATCHED_CONTENT,false,MARQUEE,NO_EMBEDDED_IMAGE,KEEP_EXISTING,716,INVENTORY_MARQUEE,SAFE_TYPED_FRAGMENT_STAGE,,,ORDINARY_MARQUEE_CANDIDATE,0,,,
database:357,RETAIN_EXISTING,357,fragments/1828/12/02-img2864-left,1828-12-02,1,1,1,AUTO_MATCHED_EXACT,MATCHED_CONTENT,false,MARQUEE,NO_EMBEDDED_IMAGE,KEEP_EXISTING,716,INVENTORY_MARQUEE,SAFE_TYPED_FRAGMENT_STAGE,,,ORDINARY_MARQUEE_CANDIDATE,0,,,
database:358,RETAIN_EXISTING,358,fragments/1828/12/03-img2864-left,1828-12-03,1,1,1,AUTO_MATCHED_EXACT,MATCHED_CONTENT,false,MARQUEE,NO_EMBEDDED_IMAGE,KEEP_EXISTING,716,INVENTORY_MARQUEE,SAFE_TYPED_FRAGMENT_STAGE,,,ORDINARY_MARQUEE_CANDIDATE,0,,,
database:359,RETAIN_EXISTING,359,fragments/1828/12/04-img2864-left,1828-12-04,1,1,1,AUTO_MATCHED_EXACT,MATCHED_CONTENT,false,MARQUEE,NO_EMBEDDED_IMAGE,KEEP_EXISTING,716,INVENTORY_MARQUEE,SAFE_TYPED_FRAGMENT_STAGE,,,ORDINARY_MARQUEE_CANDIDATE,0,,,
database:360,RETAIN_EXISTING,360,fragments/1828/12/05-img2864-right,1828-12-05,1,1,1,AUTO_MATCHED_EXACT,MATCHED_CONTENT,false,MARQUEE,NO_EMBEDDED_IMAGE,KEEP_EXISTING,716,INVENTORY_MARQUEE,SAFE_TYPED_FRAGMENT_STAGE,,,ORDINARY_MARQUEE_CANDIDATE,0,,,
database:361,RETAIN_EXISTING,361,fragments/1828/12/06-img2864-right,1828-12-06,1,1,1,AUTO_MATCHED_EXACT,MATCHED_CONTENT,false,MARQUEE,NO_EMBEDDED_IMAGE,KEEP_EXISTING,716,INVENTORY_MARQUEE,SAFE_TYPED_FRAGMENT_STAGE,,,ORDINARY_MARQUEE_CANDIDATE,0,,,
database:362,RETAIN_EXISTING,362,fragments/1828/12/07-img2864-right,1828-12-07,1,1,1,AUTO_MATCHED_EXACT,MATCHED_CONTENT,false,MARQUEE,NO_EMBEDDED_IMAGE,KEEP_EXISTING,716,INVENTORY_MARQUEE,SAFE_TYPED_FRAGMENT_STAGE,,,ORDINARY_MARQUEE_CANDIDATE,0,,,
database:363,RETAIN_EXISTING,363,fragments/1828/12/08-img2864-right,1828-12-08,1,1,1,AUTO_MATCHED_EXACT,MATCHED_CONTENT,false,MARQUEE,NO_EMBEDDED_IMAGE,KEEP_EXISTING,716,INVENTORY_MARQUEE,SAFE_TYPED_FRAGMENT_STAGE,,,ORDINARY_MARQUEE_CANDIDATE,0,,,
database:364,RETAIN_EXISTING,364,fragments/1828/12/09-img2865-left,1828-12-09,1,1,1,AUTO_MATCHED_EXACT,MATCHED_CONTENT,false,MARQUEE,NO_EMBEDDED_IMAGE,KEEP_EXISTING,717,INVENTORY_MARQUEE,SAFE_TYPED_FRAGMENT_STAGE,,,ORDINARY_MARQUEE_CANDIDATE,0,,,
database:365,RETAIN_EXISTING,365,fragments/1828/12/10-img2865-left,1828-12-10,1,1,1,AUTO_MATCHED_EXACT,MATCHED_CONTENT,false,MARQUEE,NO_EMBEDDED_IMAGE,KEEP_EXISTING,717,INVENTORY_MARQUEE,SAFE_TYPED_FRAGMENT_STAGE,,,ORDINARY_MARQUEE_CANDIDATE,0,,,
database:366,RETAIN_EXISTING,366,fragments/1828/12/11-img2865-left,1828-12-11,1,1,1,AUTO_MATCHED_EXACT,MATCHED_CONTENT,false,MARQUEE,NO_EMBEDDED_IMAGE,KEEP_EXISTING,717,INVENTORY_MARQUEE,SAFE_TYPED_FRAGMENT_STAGE,,,ORDINARY_MARQUEE_CANDIDATE,0,,,
database:367,RETAIN_EXISTING,367,fragments/1828/12/12-img2865-left,1828-12-12,1,1,1,AUTO_MATCHED_EXACT,MATCHED_CONTENT,false,MARQUEE,NO_EMBEDDED_IMAGE,KEEP_EXISTING,717,INVENTORY_MARQUEE,SAFE_TYPED_FRAGMENT_STAGE,,,ORDINARY_MARQUEE_CANDIDATE,0,,,
database:368,RETAIN_EXISTING,368,fragments/1828/12/13-img2865-left,1828-12-13,1,1,1,AUTO_MATCHED_EXACT,MATCHED_CONTENT,false,MARQUEE,NO_EMBEDDED_IMAGE,KEEP_EXISTING,717,INVENTORY_MARQUEE,SAFE_TYPED_FRAGMENT_STAGE,,,ORDINARY_MARQUEE_CANDIDATE,0,,,
database:369,RETAIN_EXISTING,369,fragments/1828/12/14-img2865-left,1828-12-14,1,1,1,AUTO_MATCHED_EXACT,MATCHED_CONTENT,false,MARQUEE,NO_EMBEDDED_IMAGE,KEEP_EXISTING,717,INVENTORY_MARQUEE,SAFE_TYPED_FRAGMENT_STAGE,,,ORDINARY_MARQUEE_CANDIDATE,0,,,
database:370,RETAIN_EXISTING,370,fragments/1828/12/15-img2865-right,1828-12-15,1,1,1,AUTO_MATCHED_EXACT,MATCHED_CONTENT,false,MARQUEE,NO_EMBEDDED_IMAGE,KEEP_EXISTING,717,INVENTORY_MARQUEE,SAFE_TYPED_FRAGMENT_STAGE,,,ORDINARY_MARQUEE_CANDIDATE,0,,,
database:371,RETAIN_EXISTING,371,fragments/1828/12/16-img2865-right,1828-12-16,1,1,1,AUTO_MATCHED_EXACT,MATCHED_CONTENT,false,MARQUEE,NO_EMBEDDED_IMAGE,KEEP_EXISTING,717,INVENTORY_MARQUEE,SAFE_TYPED_FRAGMENT_STAGE,,,ORDINARY_MARQUEE_CANDIDATE,0,,,
database:372,RETAIN_EXISTING,372,fragments/1828/12/17-img2865-right,1828-12-17,1,1,1,AUTO_MATCHED_EXACT,MATCHED_CONTENT,false,MARQUEE,NO_EMBEDDED_IMAGE,KEEP_EXISTING,717,INVENTORY_MARQUEE,SAFE_TYPED_FRAGMENT_STAGE,,,ORDINARY_MARQUEE_CANDIDATE,0,,,
database:373,RETAIN_EXISTING,373,fragments/1828/12/18-img2865-right,1828-12-18,1,1,1,AUTO_MATCHED_EXACT,MATCHED_CONTENT,false,MARQUEE,NO_EMBEDDED_IMAGE,KEEP_EXISTING,717,INVENTORY_MARQUEE,SAFE_TYPED_FRAGMENT_STAGE,,,ORDINARY_MARQUEE_CANDIDATE,0,,,
database:374,RETAIN_EXISTING,374,fragments/1828/12/19-img2865-right,1828-12-19,1,1,1,AUTO_MATCHED_EXACT,MATCHED_CONTENT,false,MARQUEE,NO_EMBEDDED_IMAGE,KEEP_EXISTING,717,INVENTORY_MARQUEE,SAFE_TYPED_FRAGMENT_STAGE,,,ORDINARY_MARQUEE_CANDIDATE,0,,,
database:375,RETAIN_EXISTING,375,fragments/1828/12/20-img2866-left,1828-12-20,1,1,1,AUTO_MATCHED_EXACT,MATCHED_CONTENT,false,MARQUEE,NO_EMBEDDED_IMAGE,KEEP_EXISTING,718,INVENTORY_MARQUEE,SAFE_TYPED_FRAGMENT_STAGE,,,ORDINARY_MARQUEE_CANDIDATE,0,,,
database:376,RETAIN_EXISTING,376,fragments/1828/12/21-img2866-left,1828-12-21,1,1,1,AUTO_MATCHED_EXACT,MATCHED_CONTENT,false,MARQUEE,NO_EMBEDDED_IMAGE,KEEP_EXISTING,718,INVENTORY_MARQUEE,SAFE_TYPED_FRAGMENT_STAGE,,,ORDINARY_MARQUEE_CANDIDATE,0,,,
database:377,RETAIN_EXISTING,377,fragments/1828/12/22-img2866-left,1828-12-22,1,1,1,AUTO_MATCHED_EXACT,MATCHED_CONTENT,false,MARQUEE,NO_EMBEDDED_IMAGE,KEEP_EXISTING,718,INVENTORY_MARQUEE,SAFE_TYPED_FRAGMENT_STAGE,,,ORDINARY_MARQUEE_CANDIDATE,0,,,
database:378,RETAIN_EXISTING,378,fragments/1828/12/23-img2866-left,1828-12-23,1,1,1,AUTO_MATCHED_EXACT,MATCHED_CONTENT,false,MARQUEE,NO_EMBEDDED_IMAGE,KEEP_EXISTING,718,INVENTORY_MARQUEE,SAFE_TYPED_FRAGMENT_STAGE,,,ORDINARY_MARQUEE_CANDIDATE,0,,,
database:379,RETAIN_EXISTING,379,fragments/1828/12/24-img2866-left,1828-12-24,1,1,1,AUTO_MATCHED_EXACT,MATCHED_CONTENT,false,MARQUEE,NO_EMBEDDED_IMAGE,KEEP_EXISTING,718,INVENTORY_MARQUEE,SAFE_TYPED_FRAGMENT_STAGE,,,ORDINARY_MARQUEE_CANDIDATE,0,,,
database:380,RETAIN_EXISTING,380,fragments/1828/12/25-img2866-left,1828-12-25,1,1,1,AUTO_MATCHED_EXACT,MATCHED_CONTENT,false,MARQUEE,NO_EMBEDDED_IMAGE,KEEP_EXISTING,718,INVENTORY_MARQUEE,SAFE_TYPED_FRAGMENT_STAGE,,,ORDINARY_MARQUEE_CANDIDATE,0,,,
database:381,RETAIN_EXISTING,381,fragments/1828/12/26-img2866-right,1828-12-26,1,1,1,AUTO_MATCHED_EXACT,MATCHED_CONTENT,false,MARQUEE,NO_EMBEDDED_IMAGE,KEEP_EXISTING,718,INVENTORY_MARQUEE,SAFE_TYPED_FRAGMENT_STAGE,,,ORDINARY_MARQUEE_CANDIDATE,0,,,
database:382,RETAIN_EXISTING,382,fragments/1828/12/27-img2866-right,1828-12-27,1,1,1,AUTO_MATCHED_EXACT,MATCHED_CONTENT,false,MARQUEE,NO_EMBEDDED_IMAGE,KEEP_EXISTING,718,INVENTORY_MARQUEE,SAFE_TYPED_FRAGMENT_STAGE,,,ORDINARY_MARQUEE_CANDIDATE,0,,,
database:383,RETAIN_EXISTING,383,fragments/1828/12/28-img2866-right,1828-12-28,1,1,1,AUTO_MATCHED_EXACT,MATCHED_CONTENT,false,MARQUEE,NO_EMBEDDED_IMAGE,KEEP_EXISTING,718,INVENTORY_MARQUEE,SAFE_TYPED_FRAGMENT_STAGE,,,ORDINARY_MARQUEE_CANDIDATE,0,,,
database:384,RETAIN_EXISTING,384,fragments/1828/12/29-img2866-right,1828-12-29,1,1,1,AUTO_MATCHED_EXACT,MATCHED_CONTENT,false,MARQUEE,NO_EMBEDDED_IMAGE,KEEP_EXISTING,718,INVENTORY_MARQUEE,SAFE_TYPED_FRAGMENT_STAGE,,,ORDINARY_MARQUEE_CANDIDATE,0,,,
database:385,RETAIN_EXISTING,385,fragments/1828/12/30-img2867-left,1828-12-30,1,1,1,AUTO_MATCHED_EXACT,MATCHED_CONTENT,false,MARQUEE,NO_EMBEDDED_IMAGE,KEEP_EXISTING,719,INVENTORY_MARQUEE,SAFE_TYPED_FRAGMENT_STAGE,,,ORDINARY_MARQUEE_CANDIDATE,0,,,
database:386,RETAIN_EXISTING,386,fragments/1828/12/31-img2867-left,1828-12-31,1,1,1,AUTO_MATCHED_EXACT,MATCHED_CONTENT,false,MARQUEE,NO_EMBEDDED_IMAGE,KEEP_EXISTING,719,INVENTORY_MARQUEE,SAFE_TYPED_FRAGMENT_STAGE,,,ORDINARY_MARQUEE_CANDIDATE,0,,,
database:388,RETAIN_EXISTING,388,fragments/1829/01/01-img2867-right,1829-01-01,1,1,1,AUTO_MATCHED_EXACT,MATCHED_CONTENT,false,MARQUEE,NO_EMBEDDED_IMAGE,KEEP_EXISTING,719,INVENTORY_MARQUEE,SAFE_TYPED_FRAGMENT_STAGE,,,ORDINARY_MARQUEE_CANDIDATE,0,,,
database:387,RETAIN_EXISTING,387,fragments/1829/01/01-dc-highlights-1829,1829-01-01,2,2,2,AUTO_MATCHED_EXACT,MATCHED_CONTENT,false,MARQUEE,NO_EMBEDDED_IMAGE,KEEP_ABSENT,,UNRESOLVED,SAFE_TYPED_FRAGMENT_STAGE,,,ORPHAN_OR_INCONSISTENT,0,,,
database:389,RETAIN_EXISTING,389,fragments/1829/01/02-img2867-right,1829-01-02,1,1,1,AUTO_MATCHED_EXACT,MATCHED_CONTENT,false,MARQUEE,NO_EMBEDDED_IMAGE,KEEP_EXISTING,719,INVENTORY_MARQUEE,SAFE_TYPED_FRAGMENT_STAGE,,,ORDINARY_MARQUEE_CANDIDATE,0,,,
database:390,RETAIN_EXISTING,390,fragments/1829/01/03-img2867-right,1829-01-03,1,1,1,AUTO_MATCHED_EXACT,MATCHED_CONTENT,false,MARQUEE,NO_EMBEDDED_IMAGE,KEEP_EXISTING,719,INVENTORY_MARQUEE,SAFE_TYPED_FRAGMENT_STAGE,,,ORDINARY_MARQUEE_CANDIDATE,0,,,
database:391,RETAIN_EXISTING,391,fragments/1829/01/04-img2867-right,1829-01-04,1,1,1,AUTO_MATCHED_EXACT,MATCHED_CONTENT,false,MARQUEE,NO_EMBEDDED_IMAGE,KEEP_EXISTING,719,INVENTORY_MARQUEE,SAFE_TYPED_FRAGMENT_STAGE,,,ORDINARY_MARQUEE_CANDIDATE,0,,,
database:392,RETAIN_EXISTING,392,fragments/1829/01/05-img2868-left,1829-01-05,1,1,1,AUTO_MATCHED_EXACT,MATCHED_CONTENT,false,MARQUEE,NO_EMBEDDED_IMAGE,KEEP_EXISTING,720,INVENTORY_MARQUEE,SAFE_TYPED_FRAGMENT_STAGE,,,ORDINARY_MARQUEE_CANDIDATE,0,,,
database:393,RETAIN_EXISTING,393,fragments/1829/01/06-img2868-left,1829-01-06,1,1,1,AUTO_MATCHED_EXACT,MATCHED_CONTENT,false,MARQUEE,NO_EMBEDDED_IMAGE,KEEP_EXISTING,720,INVENTORY_MARQUEE,SAFE_TYPED_FRAGMENT_STAGE,,,ORDINARY_MARQUEE_CANDIDATE,0,,,
database:394,RETAIN_EXISTING,394,fragments/1829/01/07-img2868-left,1829-01-07,1,1,1,AUTO_MATCHED_EXACT,MATCHED_CONTENT,false,MARQUEE,NO_EMBEDDED_IMAGE,KEEP_EXISTING,720,INVENTORY_MARQUEE,SAFE_TYPED_FRAGMENT_STAGE,,,ORDINARY_MARQUEE_CANDIDATE,0,,,
database:395,RETAIN_EXISTING,395,fragments/1829/01/08-img2868-left,1829-01-08,1,1,1,AUTO_MATCHED_EXACT,MATCHED_CONTENT,false,MARQUEE,NO_EMBEDDED_IMAGE,KEEP_EXISTING,720,INVENTORY_MARQUEE,SAFE_TYPED_FRAGMENT_STAGE,,,ORDINARY_MARQUEE_CANDIDATE,0,,,
database:2300,UPDATE_EXISTING_FROM_SOURCE,2300,fragments/1829/01/08-img2868-right,1829-01-08,2,2,2,MATCH_EDITED_KEEP_SOURCE,USE_SOURCE,false,MARQUEE,NO_EMBEDDED_IMAGE,KEEP_EXISTING,720,INVENTORY_MARQUEE,SAFE_TYPED_FRAGMENT_STAGE,,,ORDINARY_MARQUEE_CANDIDATE,0,Richard,2026-09-10T08:07:00+01:00,The database version has multiple &nbsp;.
database:396,RETAIN_EXISTING,396,fragments/1829/01/09-img2868-right,1829-01-09,1,1,1,AUTO_MATCHED_EXACT,MATCHED_CONTENT,false,MARQUEE,NO_EMBEDDED_IMAGE,KEEP_EXISTING,720,INVENTORY_MARQUEE,SAFE_TYPED_FRAGMENT_STAGE,,,ORDINARY_MARQUEE_CANDIDATE,0,,,
database:397,RETAIN_EXISTING,397,fragments/1829/01/10-img2868-right,1829-01-10,1,1,1,AUTO_MATCHED_EXACT,MATCHED_CONTENT,false,MARQUEE,NO_EMBEDDED_IMAGE,KEEP_EXISTING,720,INVENTORY_MARQUEE,SAFE_TYPED_FRAGMENT_STAGE,,,ORDINARY_MARQUEE_CANDIDATE,0,,,
database:398,RETAIN_EXISTING,398,fragments/1829/01/11-img2868-right,1829-01-11,1,1,1,AUTO_MATCHED_EXACT,MATCHED_CONTENT,false,MARQUEE,NO_EMBEDDED_IMAGE,KEEP_EXISTING,720,INVENTORY_MARQUEE,SAFE_TYPED_FRAGMENT_STAGE,,,ORDINARY_MARQUEE_CANDIDATE,0,,,
database:399,RETAIN_EXISTING,399,fragments/1829/01/12-img2868-right,1829-01-12,1,1,1,AUTO_MATCHED_EXACT,MATCHED_CONTENT,false,MARQUEE,NO_EMBEDDED_IMAGE,KEEP_EXISTING,720,INVENTORY_MARQUEE,SAFE_TYPED_FRAGMENT_STAGE,,,ORDINARY_MARQUEE_CANDIDATE,0,,,
database:400,RETAIN_EXISTING,400,fragments/1829/01/13-img2868-right,1829-01-13,1,1,1,AUTO_MATCHED_EXACT,MATCHED_CONTENT,false,MARQUEE,NO_EMBEDDED_IMAGE,KEEP_EXISTING,720,INVENTORY_MARQUEE,SAFE_TYPED_FRAGMENT_STAGE,,,ORDINARY_MARQUEE_CANDIDATE,0,,,
database:401,RETAIN_EXISTING,401,fragments/1829/01/14-img2869-left,1829-01-14,1,1,1,AUTO_MATCHED_EXACT,MATCHED_CONTENT,false,MARQUEE,NO_EMBEDDED_IMAGE,KEEP_EXISTING,721,INVENTORY_MARQUEE,SAFE_TYPED_FRAGMENT_STAGE,,,ORDINARY_MARQUEE_CANDIDATE,0,,,
database:402,RETAIN_EXISTING,402,fragments/1829/01/15-img2869-left,1829-01-15,1,1,1,AUTO_MATCHED_EXACT,MATCHED_CONTENT,false,MARQUEE,NO_EMBEDDED_IMAGE,KEEP_EXISTING,721,INVENTORY_MARQUEE,SAFE_TYPED_FRAGMENT_STAGE,,,ORDINARY_MARQUEE_CANDIDATE,0,,,
database:403,RETAIN_EXISTING,403,fragments/1829/01/16-img2869-left,1829-01-16,1,1,1,AUTO_MATCHED_EXACT,MATCHED_CONTENT,false,MARQUEE,NO_EMBEDDED_IMAGE,KEEP_EXISTING,721,INVENTORY_MARQUEE,SAFE_TYPED_FRAGMENT_STAGE,,,ORDINARY_MARQUEE_CANDIDATE,0,,,
database:404,RETAIN_EXISTING,404,fragments/1829/01/17-img2869-left,1829-01-17,1,1,1,AUTO_MATCHED_EXACT,MATCHED_CONTENT,false,MARQUEE,NO_EMBEDDED_IMAGE,KEEP_EXISTING,721,INVENTORY_MARQUEE,SAFE_TYPED_FRAGMENT_STAGE,,,ORDINARY_MARQUEE_CANDIDATE,0,,,
database:405,RETAIN_EXISTING,405,fragments/1829/01/18-img2869-left,1829-01-18,1,1,1,AUTO_MATCHED_EXACT,MATCHED_CONTENT,false,MARQUEE,NO_EMBEDDED_IMAGE,KEEP_EXISTING,721,INVENTORY_MARQUEE,SAFE_TYPED_FRAGMENT_STAGE,,,ORDINARY_MARQUEE_CANDIDATE,0,,,
database:406,RETAIN_EXISTING,406,fragments/1829/01/19-img2869-left,1829-01-19,1,1,1,AUTO_MATCHED_EXACT,MATCHED_CONTENT,false,MARQUEE,NO_EMBEDDED_IMAGE,KEEP_EXISTING,721,INVENTORY_MARQUEE,SAFE_TYPED_FRAGMENT_STAGE,,,ORDINARY_MARQUEE_CANDIDATE,0,,,
database:407,RETAIN_EXISTING,407,fragments/1829/01/20-img2869-right,1829-01-20,1,1,1,AUTO_MATCHED_EXACT,MATCHED_CONTENT,false,MARQUEE,NO_EMBEDDED_IMAGE,KEEP_EXISTING,721,INVENTORY_MARQUEE,SAFE_TYPED_FRAGMENT_STAGE,,,ORDINARY_MARQUEE_CANDIDATE,0,,,
database:408,RETAIN_EXISTING,408,fragments/1829/01/21-img2869-right,1829-01-21,1,1,1,AUTO_MATCHED_EXACT,MATCHED_CONTENT,false,MARQUEE,NO_EMBEDDED_IMAGE,KEEP_EXISTING,721,INVENTORY_MARQUEE,SAFE_TYPED_FRAGMENT_STAGE,,,ORDINARY_MARQUEE_CANDIDATE,0,,,
database:409,RETAIN_EXISTING,409,fragments/1829/01/22-img2869-right,1829-01-22,1,1,1,AUTO_MATCHED_EXACT,MATCHED_CONTENT,false,MARQUEE,NO_EMBEDDED_IMAGE,KEEP_EXISTING,721,INVENTORY_MARQUEE,SAFE_TYPED_FRAGMENT_STAGE,,,ORDINARY_MARQUEE_CANDIDATE,0,,,
database:410,RETAIN_EXISTING,410,fragments/1829/01/23-img2869-right,1829-01-23,1,1,1,AUTO_MATCHED_EXACT,MATCHED_CONTENT,false,MARQUEE,NO_EMBEDDED_IMAGE,KEEP_EXISTING,721,INVENTORY_MARQUEE,SAFE_TYPED_FRAGMENT_STAGE,,,ORDINARY_MARQUEE_CANDIDATE,0,,,
database:411,RETAIN_EXISTING,411,fragments/1829/01/24-img2869-right,1829-01-24,1,1,1,AUTO_MATCHED_EXACT,MATCHED_CONTENT,false,MARQUEE,NO_EMBEDDED_IMAGE,KEEP_EXISTING,721,INVENTORY_MARQUEE,SAFE_TYPED_FRAGMENT_STAGE,,,ORDINARY_MARQUEE_CANDIDATE,0,,,
database:412,RETAIN_EXISTING,412,fragments/1829/01/25-img2870-left,1829-01-25,1,1,1,AUTO_MATCHED_EXACT,MATCHED_CONTENT,false,MARQUEE,NO_EMBEDDED_IMAGE,KEEP_EXISTING,722,INVENTORY_MARQUEE,SAFE_TYPED_FRAGMENT_STAGE,,,ORDINARY_MARQUEE_CANDIDATE,0,,,
database:413,RETAIN_EXISTING,413,fragments/1829/01/26-img2870-left,1829-01-26,1,1,1,AUTO_MATCHED_EXACT,MATCHED_CONTENT,false,MARQUEE,NO_EMBEDDED_IMAGE,KEEP_EXISTING,722,INVENTORY_MARQUEE,SAFE_TYPED_FRAGMENT_STAGE,,,ORDINARY_MARQUEE_CANDIDATE,0,,,
database:414,RETAIN_EXISTING,414,fragments/1829/01/27-img2870-left,1829-01-27,1,1,1,AUTO_MATCHED_EXACT,MATCHED_CONTENT,false,MARQUEE,NO_EMBEDDED_IMAGE,KEEP_EXISTING,722,INVENTORY_MARQUEE,SAFE_TYPED_FRAGMENT_STAGE,,,ORDINARY_MARQUEE_CANDIDATE,0,,,
database:415,RETAIN_EXISTING,415,fragments/1829/01/28-img2870-left,1829-01-28,1,1,1,AUTO_MATCHED_EXACT,MATCHED_CONTENT,false,MARQUEE,NO_EMBEDDED_IMAGE,KEEP_EXISTING,722,INVENTORY_MARQUEE,SAFE_TYPED_FRAGMENT_STAGE,,,ORDINARY_MARQUEE_CANDIDATE,0,,,
database:416,RETAIN_EXISTING,416,fragments/1829/01/29-img2870-left,1829-01-29,1,1,1,AUTO_MATCHED_EXACT,MATCHED_CONTENT,false,MARQUEE,NO_EMBEDDED_IMAGE,KEEP_EXISTING,722,INVENTORY_MARQUEE,SAFE_TYPED_FRAGMENT_STAGE,,,ORDINARY_MARQUEE_CANDIDATE,0,,,
database:417,RETAIN_EXISTING,417,fragments/1829/01/30-img2870-right,1829-01-30,1,1,1,AUTO_MATCHED_EXACT,MATCHED_CONTENT,false,MARQUEE,NO_EMBEDDED_IMAGE,KEEP_EXISTING,722,INVENTORY_MARQUEE,SAFE_TYPED_FRAGMENT_STAGE,,,ORDINARY_MARQUEE_CANDIDATE,0,,,
database:418,RETAIN_EXISTING,418,fragments/1829/01/31-img2870-right,1829-01-31,1,1,1,AUTO_MATCHED_EXACT,MATCHED_CONTENT,false,MARQUEE,NO_EMBEDDED_IMAGE,KEEP_EXISTING,722,INVENTORY_MARQUEE,SAFE_TYPED_FRAGMENT_STAGE,,,ORDINARY_MARQUEE_CANDIDATE,0,,,
database:419,RETAIN_EXISTING,419,fragments/1829/02/01-img2870-right,1829-02-01,1,1,1,AUTO_MATCHED_EXACT,MATCHED_CONTENT,false,MARQUEE,NO_EMBEDDED_IMAGE,KEEP_EXISTING,722,INVENTORY_MARQUEE,SAFE_TYPED_FRAGMENT_STAGE,,,ORDINARY_MARQUEE_CANDIDATE,0,,,
database:420,RETAIN_EXISTING,420,fragments/1829/02/02-img2870-right,1829-02-02,1,1,1,AUTO_MATCHED_EXACT,MATCHED_CONTENT,false,MARQUEE,NO_EMBEDDED_IMAGE,KEEP_EXISTING,722,INVENTORY_MARQUEE,SAFE_TYPED_FRAGMENT_STAGE,,,ORDINARY_MARQUEE_CANDIDATE,0,,,
database:421,RETAIN_EXISTING,421,fragments/1829/02/03-img2870-right,1829-02-03,1,1,1,AUTO_MATCHED_EXACT,MATCHED_CONTENT,false,MARQUEE,NO_EMBEDDED_IMAGE,KEEP_EXISTING,722,INVENTORY_MARQUEE,SAFE_TYPED_FRAGMENT_STAGE,,,ORDINARY_MARQUEE_CANDIDATE,0,,,
database:422,RETAIN_EXISTING,422,fragments/1829/02/04-img2871-left,1829-02-04,1,1,1,AUTO_MATCHED_EXACT,MATCHED_CONTENT,false,MARQUEE,NO_EMBEDDED_IMAGE,KEEP_EXISTING,723,INVENTORY_MARQUEE,SAFE_TYPED_FRAGMENT_STAGE,,,ORDINARY_MARQUEE_CANDIDATE,0,,,
database:423,RETAIN_EXISTING,423,fragments/1829/02/05-img2871-left,1829-02-05,1,1,1,AUTO_MATCHED_EXACT,MATCHED_CONTENT,false,MARQUEE,NO_EMBEDDED_IMAGE,KEEP_EXISTING,723,INVENTORY_MARQUEE,SAFE_TYPED_FRAGMENT_STAGE,,,ORDINARY_MARQUEE_CANDIDATE,0,,,
database:424,RETAIN_EXISTING,424,fragments/1829/02/06-img2871-left,1829-02-06,1,1,1,AUTO_MATCHED_EXACT,MATCHED_CONTENT,false,MARQUEE,NO_EMBEDDED_IMAGE,KEEP_EXISTING,723,INVENTORY_MARQUEE,SAFE_TYPED_FRAGMENT_STAGE,,,ORDINARY_MARQUEE_CANDIDATE,0,,,
database:425,RETAIN_EXISTING,425,fragments/1829/02/07-img2871-left,1829-02-07,1,1,1,AUTO_MATCHED_EXACT,MATCHED_CONTENT,false,MARQUEE,NO_EMBEDDED_IMAGE,KEEP_EXISTING,723,INVENTORY_MARQUEE,SAFE_TYPED_FRAGMENT_STAGE,,,ORDINARY_MARQUEE_CANDIDATE,0,,,
database:426,RETAIN_EXISTING,426,fragments/1829/02/08-img2871-left,1829-02-08,1,1,1,AUTO_MATCHED_EXACT,MATCHED_CONTENT,false,MARQUEE,NO_EMBEDDED_IMAGE,KEEP_EXISTING,723,INVENTORY_MARQUEE,SAFE_TYPED_FRAGMENT_STAGE,,,ORDINARY_MARQUEE_CANDIDATE,0,,,
database:427,RETAIN_EXISTING,427,fragments/1829/02/09-img2871-right,1829-02-09,1,1,1,AUTO_MATCHED_EXACT,MATCHED_CONTENT,false,MARQUEE,NO_EMBEDDED_IMAGE,KEEP_EXISTING,723,INVENTORY_MARQUEE,SAFE_TYPED_FRAGMENT_STAGE,,,ORDINARY_MARQUEE_CANDIDATE,0,,,
database:428,RETAIN_EXISTING,428,fragments/1829/02/10-img2871-right,1829-02-10,1,1,1,AUTO_MATCHED_EXACT,MATCHED_CONTENT,false,MARQUEE,NO_EMBEDDED_IMAGE,KEEP_EXISTING,723,INVENTORY_MARQUEE,SAFE_TYPED_FRAGMENT_STAGE,,,ORDINARY_MARQUEE_CANDIDATE,0,,,
database:429,RETAIN_EXISTING,429,fragments/1829/02/11-img2871-right,1829-02-11,1,1,1,AUTO_MATCHED_EXACT,MATCHED_CONTENT,false,MARQUEE,NO_EMBEDDED_IMAGE,KEEP_EXISTING,723,INVENTORY_MARQUEE,SAFE_TYPED_FRAGMENT_STAGE,,,ORDINARY_MARQUEE_CANDIDATE,0,,,
database:430,RETAIN_EXISTING,430,fragments/1829/02/12-img2871-right,1829-02-12,1,1,1,AUTO_MATCHED_EXACT,MATCHED_CONTENT,false,MARQUEE,NO_EMBEDDED_IMAGE,KEEP_EXISTING,723,INVENTORY_MARQUEE,SAFE_TYPED_FRAGMENT_STAGE,,,ORDINARY_MARQUEE_CANDIDATE,0,,,
database:431,RETAIN_EXISTING,431,fragments/1829/02/13-img2872-left,1829-02-13,1,1,1,AUTO_MATCHED_EXACT,MATCHED_CONTENT,false,MARQUEE,NO_EMBEDDED_IMAGE,KEEP_EXISTING,724,INVENTORY_MARQUEE,SAFE_TYPED_FRAGMENT_STAGE,,,ORDINARY_MARQUEE_CANDIDATE,0,,,
database:432,RETAIN_EXISTING,432,fragments/1829/02/14-img2872-left,1829-02-14,1,1,1,AUTO_MATCHED_EXACT,MATCHED_CONTENT,false,MARQUEE,NO_EMBEDDED_IMAGE,KEEP_EXISTING,724,INVENTORY_MARQUEE,SAFE_TYPED_FRAGMENT_STAGE,,,ORDINARY_MARQUEE_CANDIDATE,0,,,
database:433,RETAIN_EXISTING,433,fragments/1829/02/15-img2872-left,1829-02-15,1,1,1,AUTO_MATCHED_EXACT,MATCHED_CONTENT,false,MARQUEE,NO_EMBEDDED_IMAGE,KEEP_EXISTING,724,INVENTORY_MARQUEE,SAFE_TYPED_FRAGMENT_STAGE,,,ORDINARY_MARQUEE_CANDIDATE,0,,,
database:434,RETAIN_EXISTING,434,fragments/1829/02/16-img2872-left,1829-02-16,1,1,1,AUTO_MATCHED_EXACT,MATCHED_CONTENT,false,MARQUEE,NO_EMBEDDED_IMAGE,KEEP_EXISTING,724,INVENTORY_MARQUEE,SAFE_TYPED_FRAGMENT_STAGE,,,ORDINARY_MARQUEE_CANDIDATE,0,,,
database:435,RETAIN_EXISTING,435,fragments/1829/02/17-img2872-right,1829-02-17,1,1,1,AUTO_MATCHED_EXACT,MATCHED_CONTENT,false,MARQUEE,NO_EMBEDDED_IMAGE,KEEP_EXISTING,724,INVENTORY_MARQUEE,SAFE_TYPED_FRAGMENT_STAGE,,,ORDINARY_MARQUEE_CANDIDATE,0,,,
database:436,RETAIN_EXISTING,436,fragments/1829/02/18-img2872-right,1829-02-18,1,1,1,AUTO_MATCHED_EXACT,MATCHED_CONTENT,false,MARQUEE,NO_EMBEDDED_IMAGE,KEEP_EXISTING,724,INVENTORY_MARQUEE,SAFE_TYPED_FRAGMENT_STAGE,,,ORDINARY_MARQUEE_CANDIDATE,0,,,
database:437,RETAIN_EXISTING,437,fragments/1829/02/19-img2872-right,1829-02-19,1,1,1,AUTO_MATCHED_EXACT,MATCHED_CONTENT,false,MARQUEE,NO_EMBEDDED_IMAGE,KEEP_EXISTING,724,INVENTORY_MARQUEE,SAFE_TYPED_FRAGMENT_STAGE,,,ORDINARY_MARQUEE_CANDIDATE,0,,,
database:438,RETAIN_EXISTING,438,fragments/1829/02/20-img2872-right,1829-02-20,1,1,1,AUTO_MATCHED_EXACT,MATCHED_CONTENT,false,MARQUEE,NO_EMBEDDED_IMAGE,KEEP_EXISTING,724,INVENTORY_MARQUEE,SAFE_TYPED_FRAGMENT_STAGE,,,ORDINARY_MARQUEE_CANDIDATE,0,,,
database:439,RETAIN_EXISTING,439,fragments/1829/02/21-img2873-left,1829-02-21,1,1,1,AUTO_MATCHED_EXACT,MATCHED_CONTENT,false,MARQUEE,NO_EMBEDDED_IMAGE,KEEP_EXISTING,725,INVENTORY_MARQUEE,SAFE_TYPED_FRAGMENT_STAGE,,,ORDINARY_MARQUEE_CANDIDATE,0,,,
database:440,RETAIN_EXISTING,440,fragments/1829/02/22-img2873-left,1829-02-22,1,1,1,AUTO_MATCHED_EXACT,MATCHED_CONTENT,false,MARQUEE,NO_EMBEDDED_IMAGE,KEEP_EXISTING,725,INVENTORY_MARQUEE,SAFE_TYPED_FRAGMENT_STAGE,,,ORDINARY_MARQUEE_CANDIDATE,0,,,
database:441,RETAIN_EXISTING,441,fragments/1829/02/23-img2873-left,1829-02-23,1,1,1,AUTO_MATCHED_EXACT,MATCHED_CONTENT,false,MARQUEE,NO_EMBEDDED_IMAGE,KEEP_EXISTING,725,INVENTORY_MARQUEE,SAFE_TYPED_FRAGMENT_STAGE,,,ORDINARY_MARQUEE_CANDIDATE,0,,,
database:442,RETAIN_EXISTING,442,fragments/1829/02/24-img2873-left,1829-02-24,1,1,1,AUTO_MATCHED_EXACT,MATCHED_CONTENT,false,MARQUEE,NO_EMBEDDED_IMAGE,KEEP_EXISTING,725,INVENTORY_MARQUEE,SAFE_TYPED_FRAGMENT_STAGE,,,ORDINARY_MARQUEE_CANDIDATE,0,,,
database:443,RETAIN_EXISTING,443,fragments/1829/02/25-img2873-right,1829-02-25,1,1,1,AUTO_MATCHED_EXACT,MATCHED_CONTENT,false,MARQUEE,NO_EMBEDDED_IMAGE,KEEP_EXISTING,725,INVENTORY_MARQUEE,SAFE_TYPED_FRAGMENT_STAGE,,,ORDINARY_MARQUEE_CANDIDATE,0,,,
database:444,RETAIN_EXISTING,444,fragments/1829/02/26-img2873-right,1829-02-26,1,1,1,AUTO_MATCHED_EXACT,MATCHED_CONTENT,false,MARQUEE,NO_EMBEDDED_IMAGE,KEEP_EXISTING,725,INVENTORY_MARQUEE,SAFE_TYPED_FRAGMENT_STAGE,,,ORDINARY_MARQUEE_CANDIDATE,0,,,
database:445,RETAIN_EXISTING,445,fragments/1829/02/27-img2873-right,1829-02-27,1,1,1,AUTO_MATCHED_EXACT,MATCHED_CONTENT,false,MARQUEE,NO_EMBEDDED_IMAGE,KEEP_EXISTING,725,INVENTORY_MARQUEE,SAFE_TYPED_FRAGMENT_STAGE,,,ORDINARY_MARQUEE_CANDIDATE,0,,,
database:446,RETAIN_EXISTING,446,fragments/1829/02/28-img2873-right,1829-02-28,1,1,1,AUTO_MATCHED_EXACT,MATCHED_CONTENT,false,MARQUEE,NO_EMBEDDED_IMAGE,KEEP_EXISTING,725,INVENTORY_MARQUEE,SAFE_TYPED_FRAGMENT_STAGE,,,ORDINARY_MARQUEE_CANDIDATE,0,,,
database:447,RETAIN_EXISTING,447,fragments/1829/03/01-img2874-left,1829-03-01,1,1,1,AUTO_MATCHED_EXACT,MATCHED_CONTENT,false,MARQUEE,NO_EMBEDDED_IMAGE,KEEP_EXISTING,726,INVENTORY_MARQUEE,SAFE_TYPED_FRAGMENT_STAGE,,,ORDINARY_MARQUEE_CANDIDATE,0,,,
database:448,RETAIN_EXISTING,448,fragments/1829/03/02-img2874-left,1829-03-02,1,1,1,AUTO_MATCHED_EXACT,MATCHED_CONTENT,false,MARQUEE,NO_EMBEDDED_IMAGE,KEEP_EXISTING,726,INVENTORY_MARQUEE,SAFE_TYPED_FRAGMENT_STAGE,,,ORDINARY_MARQUEE_CANDIDATE,0,,,
database:449,RETAIN_EXISTING,449,fragments/1829/03/03-img2874-left,1829-03-03,1,1,1,AUTO_MATCHED_EXACT,MATCHED_CONTENT,false,MARQUEE,NO_EMBEDDED_IMAGE,KEEP_EXISTING,726,INVENTORY_MARQUEE,SAFE_TYPED_FRAGMENT_STAGE,,,ORDINARY_MARQUEE_CANDIDATE,0,,,
database:450,RETAIN_EXISTING,450,fragments/1829/03/04-img2874-left,1829-03-04,1,1,1,AUTO_MATCHED_EXACT,MATCHED_CONTENT,false,MARQUEE,NO_EMBEDDED_IMAGE,KEEP_EXISTING,726,INVENTORY_MARQUEE,SAFE_TYPED_FRAGMENT_STAGE,,,ORDINARY_MARQUEE_CANDIDATE,0,,,
database:451,RETAIN_EXISTING,451,fragments/1829/03/05-img2874-left,1829-03-05,1,1,1,AUTO_MATCHED_EXACT,MATCHED_CONTENT,false,MARQUEE,NO_EMBEDDED_IMAGE,KEEP_EXISTING,726,INVENTORY_MARQUEE,SAFE_TYPED_FRAGMENT_STAGE,,,ORDINARY_MARQUEE_CANDIDATE,0,,,
database:452,RETAIN_EXISTING,452,fragments/1829/03/06-img2874-right,1829-03-06,1,1,1,AUTO_MATCHED_EXACT,MATCHED_CONTENT,false,MARQUEE,NO_EMBEDDED_IMAGE,KEEP_EXISTING,726,INVENTORY_MARQUEE,SAFE_TYPED_FRAGMENT_STAGE,,,ORDINARY_MARQUEE_CANDIDATE,0,,,
database:453,RETAIN_EXISTING,453,fragments/1829/03/07-img2874-right,1829-03-07,1,1,1,AUTO_MATCHED_EXACT,MATCHED_CONTENT,false,MARQUEE,NO_EMBEDDED_IMAGE,KEEP_EXISTING,726,INVENTORY_MARQUEE,SAFE_TYPED_FRAGMENT_STAGE,,,ORDINARY_MARQUEE_CANDIDATE,0,,,
database:454,RETAIN_EXISTING,454,fragments/1829/03/08-img2874-right,1829-03-08,1,1,1,AUTO_MATCHED_EXACT,MATCHED_CONTENT,false,MARQUEE,NO_EMBEDDED_IMAGE,KEEP_EXISTING,726,INVENTORY_MARQUEE,SAFE_TYPED_FRAGMENT_STAGE,,,ORDINARY_MARQUEE_CANDIDATE,0,,,
database:455,RETAIN_EXISTING,455,fragments/1829/03/09-img2874-right,1829-03-09,1,1,1,AUTO_MATCHED_EXACT,MATCHED_CONTENT,false,MARQUEE,NO_EMBEDDED_IMAGE,KEEP_EXISTING,726,INVENTORY_MARQUEE,SAFE_TYPED_FRAGMENT_STAGE,,,ORDINARY_MARQUEE_CANDIDATE,0,,,
database:456,RETAIN_EXISTING,456,fragments/1829/03/10-img2874-right,1829-03-10,1,1,1,AUTO_MATCHED_EXACT,MATCHED_CONTENT,false,MARQUEE,NO_EMBEDDED_IMAGE,KEEP_EXISTING,726,INVENTORY_MARQUEE,SAFE_TYPED_FRAGMENT_STAGE,,,ORDINARY_MARQUEE_CANDIDATE,0,,,
database:457,RETAIN_EXISTING,457,fragments/1829/03/11-img2875-left,1829-03-11,1,1,1,AUTO_MATCHED_EXACT,MATCHED_CONTENT,false,MARQUEE,NO_EMBEDDED_IMAGE,KEEP_EXISTING,727,INVENTORY_MARQUEE,SAFE_TYPED_FRAGMENT_STAGE,,,ORDINARY_MARQUEE_CANDIDATE,0,,,
database:458,RETAIN_EXISTING,458,fragments/1829/03/12-img2875-left,1829-03-12,1,1,1,AUTO_MATCHED_EXACT,MATCHED_CONTENT,false,MARQUEE,NO_EMBEDDED_IMAGE,KEEP_EXISTING,727,INVENTORY_MARQUEE,SAFE_TYPED_FRAGMENT_STAGE,,,ORDINARY_MARQUEE_CANDIDATE,0,,,
database:459,RETAIN_EXISTING,459,fragments/1829/03/13-img2875-left,1829-03-13,1,1,1,AUTO_MATCHED_EXACT,MATCHED_CONTENT,false,MARQUEE,NO_EMBEDDED_IMAGE,KEEP_EXISTING,727,INVENTORY_MARQUEE,SAFE_TYPED_FRAGMENT_STAGE,,,ORDINARY_MARQUEE_CANDIDATE,0,,,
database:460,RETAIN_EXISTING,460,fragments/1829/03/14-img2875-left,1829-03-14,1,1,1,AUTO_MATCHED_EXACT,MATCHED_CONTENT,false,MARQUEE,NO_EMBEDDED_IMAGE,KEEP_EXISTING,727,INVENTORY_MARQUEE,SAFE_TYPED_FRAGMENT_STAGE,,,ORDINARY_MARQUEE_CANDIDATE,0,,,
database:461,RETAIN_EXISTING,461,fragments/1829/03/15-img2875-left,1829-03-15,1,1,1,AUTO_MATCHED_EXACT,MATCHED_CONTENT,false,MARQUEE,NO_EMBEDDED_IMAGE,KEEP_EXISTING,727,INVENTORY_MARQUEE,SAFE_TYPED_FRAGMENT_STAGE,,,ORDINARY_MARQUEE_CANDIDATE,0,,,
database:462,RETAIN_EXISTING,462,fragments/1829/03/16-img2875-left,1829-03-16,1,1,1,AUTO_MATCHED_EXACT,MATCHED_CONTENT,false,MARQUEE,NO_EMBEDDED_IMAGE,KEEP_EXISTING,727,INVENTORY_MARQUEE,SAFE_TYPED_FRAGMENT_STAGE,,,ORDINARY_MARQUEE_CANDIDATE,0,,,
database:463,RETAIN_EXISTING,463,fragments/1829/03/17-img2875-right,1829-03-17,1,1,1,AUTO_MATCHED_EXACT,MATCHED_CONTENT,false,MARQUEE,NO_EMBEDDED_IMAGE,KEEP_EXISTING,727,INVENTORY_MARQUEE,SAFE_TYPED_FRAGMENT_STAGE,,,ORDINARY_MARQUEE_CANDIDATE,0,,,
database:464,RETAIN_EXISTING,464,fragments/1829/03/18-img2875-right,1829-03-18,1,1,1,AUTO_MATCHED_EXACT,MATCHED_CONTENT,false,MARQUEE,NO_EMBEDDED_IMAGE,KEEP_EXISTING,727,INVENTORY_MARQUEE,SAFE_TYPED_FRAGMENT_STAGE,,,ORDINARY_MARQUEE_CANDIDATE,0,,,
database:465,RETAIN_EXISTING,465,fragments/1829/03/19-img2875-right,1829-03-19,1,1,1,AUTO_MATCHED_EXACT,MATCHED_CONTENT,false,MARQUEE,NO_EMBEDDED_IMAGE,KEEP_EXISTING,727,INVENTORY_MARQUEE,SAFE_TYPED_FRAGMENT_STAGE,,,ORDINARY_MARQUEE_CANDIDATE,0,,,
database:466,RETAIN_EXISTING,466,fragments/1829/03/20-img2876-left,1829-03-20,1,1,1,AUTO_MATCHED_EXACT,MATCHED_CONTENT,false,MARQUEE,NO_EMBEDDED_IMAGE,KEEP_EXISTING,728,INVENTORY_MARQUEE,SAFE_TYPED_FRAGMENT_STAGE,,,ORDINARY_MARQUEE_CANDIDATE,0,,,
database:467,RETAIN_EXISTING,467,fragments/1829/03/21-img2876-left,1829-03-21,1,1,1,AUTO_MATCHED_EXACT,MATCHED_CONTENT,false,MARQUEE,NO_EMBEDDED_IMAGE,KEEP_EXISTING,728,INVENTORY_MARQUEE,SAFE_TYPED_FRAGMENT_STAGE,,,ORDINARY_MARQUEE_CANDIDATE,0,,,
database:468,RETAIN_EXISTING,468,fragments/1829/03/22-img2876-left,1829-03-22,1,1,1,AUTO_MATCHED_EXACT,MATCHED_CONTENT,false,MARQUEE,NO_EMBEDDED_IMAGE,KEEP_EXISTING,728,INVENTORY_MARQUEE,SAFE_TYPED_FRAGMENT_STAGE,,,ORDINARY_MARQUEE_CANDIDATE,0,,,
database:469,RETAIN_EXISTING,469,fragments/1829/03/23-img2876-left,1829-03-23,1,1,1,AUTO_MATCHED_EXACT,MATCHED_CONTENT,false,MARQUEE,NO_EMBEDDED_IMAGE,KEEP_EXISTING,728,INVENTORY_MARQUEE,SAFE_TYPED_FRAGMENT_STAGE,,,ORDINARY_MARQUEE_CANDIDATE,0,,,
database:470,RETAIN_EXISTING,470,fragments/1829/03/24-img2876-right,1829-03-24,1,1,1,AUTO_MATCHED_EXACT,MATCHED_CONTENT,false,MARQUEE,NO_EMBEDDED_IMAGE,KEEP_EXISTING,728,INVENTORY_MARQUEE,SAFE_TYPED_FRAGMENT_STAGE,,,ORDINARY_MARQUEE_CANDIDATE,0,,,
database:471,RETAIN_EXISTING,471,fragments/1829/03/25-img2876-right,1829-03-25,1,1,1,AUTO_MATCHED_EXACT,MATCHED_CONTENT,false,MARQUEE,NO_EMBEDDED_IMAGE,KEEP_EXISTING,728,INVENTORY_MARQUEE,SAFE_TYPED_FRAGMENT_STAGE,,,ORDINARY_MARQUEE_CANDIDATE,0,,,
database:472,RETAIN_EXISTING,472,fragments/1829/03/26-img2876-right,1829-03-26,1,1,1,AUTO_MATCHED_EXACT,MATCHED_CONTENT,false,MARQUEE,NO_EMBEDDED_IMAGE,KEEP_EXISTING,728,INVENTORY_MARQUEE,SAFE_TYPED_FRAGMENT_STAGE,,,ORDINARY_MARQUEE_CANDIDATE,0,,,
database:473,RETAIN_EXISTING,473,fragments/1829/03/27-img2876-right,1829-03-27,1,1,1,AUTO_MATCHED_EXACT,MATCHED_CONTENT,false,MARQUEE,NO_EMBEDDED_IMAGE,KEEP_EXISTING,728,INVENTORY_MARQUEE,SAFE_TYPED_FRAGMENT_STAGE,,,ORDINARY_MARQUEE_CANDIDATE,0,,,
database:474,RETAIN_EXISTING,474,fragments/1829/03/28-img2876-right,1829-03-28,1,1,1,AUTO_MATCHED_EXACT,MATCHED_CONTENT,false,MARQUEE,NO_EMBEDDED_IMAGE,KEEP_EXISTING,728,INVENTORY_MARQUEE,SAFE_TYPED_FRAGMENT_STAGE,,,ORDINARY_MARQUEE_CANDIDATE,0,,,
database:475,RETAIN_EXISTING,475,fragments/1829/03/29-img2876-right,1829-03-29,1,1,1,AUTO_MATCHED_EXACT,MATCHED_CONTENT,false,MARQUEE,NO_EMBEDDED_IMAGE,KEEP_EXISTING,728,INVENTORY_MARQUEE,SAFE_TYPED_FRAGMENT_STAGE,,,ORDINARY_MARQUEE_CANDIDATE,0,,,
database:476,RETAIN_EXISTING,476,fragments/1829/03/30-img2877-left,1829-03-30,1,1,1,AUTO_MATCHED_EXACT,MATCHED_CONTENT,false,MARQUEE,NO_EMBEDDED_IMAGE,KEEP_EXISTING,729,INVENTORY_MARQUEE,SAFE_TYPED_FRAGMENT_STAGE,,,ORDINARY_MARQUEE_CANDIDATE,0,,,
database:477,RETAIN_EXISTING,477,fragments/1829/03/31-img2877-left,1829-03-31,1,1,1,AUTO_MATCHED_EXACT,MATCHED_CONTENT,false,MARQUEE,NO_EMBEDDED_IMAGE,KEEP_EXISTING,729,INVENTORY_MARQUEE,SAFE_TYPED_FRAGMENT_STAGE,,,ORDINARY_MARQUEE_CANDIDATE,0,,,
database:478,RETAIN_EXISTING,478,fragments/1829/04/01-img2877-left,1829-04-01,1,1,1,AUTO_MATCHED_EXACT,MATCHED_CONTENT,false,MARQUEE,NO_EMBEDDED_IMAGE,KEEP_EXISTING,729,INVENTORY_MARQUEE,SAFE_TYPED_FRAGMENT_STAGE,,,ORDINARY_MARQUEE_CANDIDATE,0,,,
database:479,RETAIN_EXISTING,479,fragments/1829/04/02-img2877-left,1829-04-02,1,1,1,AUTO_MATCHED_EXACT,MATCHED_CONTENT,false,MARQUEE,NO_EMBEDDED_IMAGE,KEEP_EXISTING,729,INVENTORY_MARQUEE,SAFE_TYPED_FRAGMENT_STAGE,,,ORDINARY_MARQUEE_CANDIDATE,0,,,
database:480,RETAIN_EXISTING,480,fragments/1829/04/03-img2877-left,1829-04-03,1,1,1,AUTO_MATCHED_EXACT,MATCHED_CONTENT,false,MARQUEE,NO_EMBEDDED_IMAGE,KEEP_EXISTING,729,INVENTORY_MARQUEE,SAFE_TYPED_FRAGMENT_STAGE,,,ORDINARY_MARQUEE_CANDIDATE,0,,,
database:481,RETAIN_EXISTING,481,fragments/1829/04/04-img2877-right,1829-04-04,1,1,1,AUTO_MATCHED_EXACT,MATCHED_CONTENT,false,MARQUEE,NO_EMBEDDED_IMAGE,KEEP_EXISTING,729,INVENTORY_MARQUEE,SAFE_TYPED_FRAGMENT_STAGE,,,ORDINARY_MARQUEE_CANDIDATE,0,,,
database:482,RETAIN_EXISTING,482,fragments/1829/04/05-img2877-right,1829-04-05,1,1,1,AUTO_MATCHED_EXACT,MATCHED_CONTENT,false,MARQUEE,NO_EMBEDDED_IMAGE,KEEP_EXISTING,729,INVENTORY_MARQUEE,SAFE_TYPED_FRAGMENT_STAGE,,,ORDINARY_MARQUEE_CANDIDATE,0,,,
database:483,RETAIN_EXISTING,483,fragments/1829/04/06-img2877-right,1829-04-06,1,1,1,AUTO_MATCHED_EXACT,MATCHED_CONTENT,false,MARQUEE,NO_EMBEDDED_IMAGE,KEEP_EXISTING,729,INVENTORY_MARQUEE,SAFE_TYPED_FRAGMENT_STAGE,,,ORDINARY_MARQUEE_CANDIDATE,0,,,
database:484,RETAIN_EXISTING,484,fragments/1829/04/07-img2877-right,1829-04-07,1,1,1,AUTO_MATCHED_EXACT,MATCHED_CONTENT,false,MARQUEE,NO_EMBEDDED_IMAGE,KEEP_EXISTING,729,INVENTORY_MARQUEE,SAFE_TYPED_FRAGMENT_STAGE,,,ORDINARY_MARQUEE_CANDIDATE,0,,,
database:485,RETAIN_EXISTING,485,fragments/1829/04/08-img2877-right,1829-04-08,1,1,1,AUTO_MATCHED_EXACT,MATCHED_CONTENT,false,MARQUEE,NO_EMBEDDED_IMAGE,KEEP_EXISTING,729,INVENTORY_MARQUEE,SAFE_TYPED_FRAGMENT_STAGE,,,ORDINARY_MARQUEE_CANDIDATE,0,,,
database:486,RETAIN_EXISTING,486,fragments/1829/04/09-img2878-left,1829-04-09,1,1,1,AUTO_MATCHED_EXACT,MATCHED_CONTENT,false,MARQUEE,NO_EMBEDDED_IMAGE,KEEP_EXISTING,730,INVENTORY_MARQUEE,SAFE_TYPED_FRAGMENT_STAGE,,,ORDINARY_MARQUEE_CANDIDATE,0,,,
database:487,RETAIN_EXISTING,487,fragments/1829/04/10-img2878-left,1829-04-10,1,1,1,AUTO_MATCHED_EXACT,MATCHED_CONTENT,false,MARQUEE,NO_EMBEDDED_IMAGE,KEEP_EXISTING,730,INVENTORY_MARQUEE,SAFE_TYPED_FRAGMENT_STAGE,,,ORDINARY_MARQUEE_CANDIDATE,0,,,
database:488,RETAIN_EXISTING,488,fragments/1829/04/11-img2878-left,1829-04-11,1,1,1,AUTO_MATCHED_EXACT,MATCHED_CONTENT,false,MARQUEE,NO_EMBEDDED_IMAGE,KEEP_EXISTING,730,INVENTORY_MARQUEE,SAFE_TYPED_FRAGMENT_STAGE,,,ORDINARY_MARQUEE_CANDIDATE,0,,,
database:489,RETAIN_EXISTING,489,fragments/1829/04/12-img2878-left,1829-04-12,1,1,1,AUTO_MATCHED_EXACT,MATCHED_CONTENT,false,MARQUEE,NO_EMBEDDED_IMAGE,KEEP_EXISTING,730,INVENTORY_MARQUEE,SAFE_TYPED_FRAGMENT_STAGE,,,ORDINARY_MARQUEE_CANDIDATE,0,,,
database:490,RETAIN_EXISTING,490,fragments/1829/04/13-img2878-right,1829-04-13,1,1,1,AUTO_MATCHED_EXACT,MATCHED_CONTENT,false,MARQUEE,NO_EMBEDDED_IMAGE,KEEP_EXISTING,730,INVENTORY_MARQUEE,SAFE_TYPED_FRAGMENT_STAGE,,,ORDINARY_MARQUEE_CANDIDATE,0,,,
database:491,RETAIN_EXISTING,491,fragments/1829/04/14-img2878-right,1829-04-14,1,1,1,AUTO_MATCHED_EXACT,MATCHED_CONTENT,false,MARQUEE,NO_EMBEDDED_IMAGE,KEEP_EXISTING,730,INVENTORY_MARQUEE,SAFE_TYPED_FRAGMENT_STAGE,,,ORDINARY_MARQUEE_CANDIDATE,0,,,
database:492,RETAIN_EXISTING,492,fragments/1829/04/15-img2878-right,1829-04-15,1,1,1,AUTO_MATCHED_EXACT,MATCHED_CONTENT,false,MARQUEE,NO_EMBEDDED_IMAGE,KEEP_EXISTING,730,INVENTORY_MARQUEE,SAFE_TYPED_FRAGMENT_STAGE,,,ORDINARY_MARQUEE_CANDIDATE,0,,,
database:493,RETAIN_EXISTING,493,fragments/1829/04/16-img2878-right,1829-04-16,1,1,1,MATCH_EDITED_KEEP_DATABASE,KEEP_DATABASE,false,MARQUEE,NO_EMBEDDED_IMAGE,KEEP_EXISTING,730,INVENTORY_MARQUEE,SAFE_TYPED_FRAGMENT_STAGE,,,ORDINARY_MARQUEE_CANDIDATE,0,Richard,2026-09-09T19:03:00+01:00,The day's text is split between 2 pages. This one is at the bottom right of img2878.
database:2301,UPDATE_EXISTING_FROM_SOURCE,2301,fragments/1829/04/16-img2878-left-continuation,1829-04-16,2,2,2,MATCH_EDITED_KEEP_SOURCE,USE_SOURCE,false,MARQUEE,NO_EMBEDDED_IMAGE,KEEP_EXISTING,730,INVENTORY_MARQUEE,SAFE_TYPED_FRAGMENT_STAGE,fragments/1829/04/16-img2878-right,,ORDINARY_MARQUEE_CANDIDATE,0,Richard,2026-09-09T19:03:00+01:00,The database version has multiple &nbsp;.
database:494,RETAIN_EXISTING,494,fragments/1829/04/17-img2879-left,1829-04-17,1,1,1,AUTO_MATCHED_EXACT,MATCHED_CONTENT,false,MARQUEE,NO_EMBEDDED_IMAGE,KEEP_EXISTING,731,INVENTORY_MARQUEE,SAFE_TYPED_FRAGMENT_STAGE,,,ORDINARY_MARQUEE_CANDIDATE,0,,,
database:495,RETAIN_EXISTING,495,fragments/1829/04/18-img2879-left,1829-04-18,1,1,1,AUTO_MATCHED_EXACT,MATCHED_CONTENT,false,MARQUEE,NO_EMBEDDED_IMAGE,KEEP_EXISTING,731,INVENTORY_MARQUEE,SAFE_TYPED_FRAGMENT_STAGE,,,ORDINARY_MARQUEE_CANDIDATE,0,,,
database:496,RETAIN_EXISTING,496,fragments/1829/04/19-img2879-left,1829-04-19,1,1,1,AUTO_MATCHED_EXACT,MATCHED_CONTENT,false,MARQUEE,NO_EMBEDDED_IMAGE,KEEP_EXISTING,731,INVENTORY_MARQUEE,SAFE_TYPED_FRAGMENT_STAGE,,,ORDINARY_MARQUEE_CANDIDATE,0,,,
database:497,RETAIN_EXISTING,497,fragments/1829/04/20-img2879-left,1829-04-20,1,1,1,AUTO_MATCHED_EXACT,MATCHED_CONTENT,false,MARQUEE,NO_EMBEDDED_IMAGE,KEEP_EXISTING,731,INVENTORY_MARQUEE,SAFE_TYPED_FRAGMENT_STAGE,,,ORDINARY_MARQUEE_CANDIDATE,0,,,
database:498,RETAIN_EXISTING,498,fragments/1829/04/21-img2879-right,1829-04-21,1,1,1,AUTO_MATCHED_EXACT,MATCHED_CONTENT,false,MARQUEE,NO_EMBEDDED_IMAGE,KEEP_EXISTING,731,INVENTORY_MARQUEE,SAFE_TYPED_FRAGMENT_STAGE,,,ORDINARY_MARQUEE_CANDIDATE,0,,,
database:499,RETAIN_EXISTING,499,fragments/1829/04/22-img2879-right,1829-04-22,1,1,1,AUTO_MATCHED_EXACT,MATCHED_CONTENT,false,MARQUEE,NO_EMBEDDED_IMAGE,KEEP_EXISTING,731,INVENTORY_MARQUEE,SAFE_TYPED_FRAGMENT_STAGE,,,ORDINARY_MARQUEE_CANDIDATE,0,,,
database:500,RETAIN_EXISTING,500,fragments/1829/04/23-img2879-right,1829-04-23,1,1,1,AUTO_MATCHED_EXACT,MATCHED_CONTENT,false,MARQUEE,NO_EMBEDDED_IMAGE,KEEP_EXISTING,731,INVENTORY_MARQUEE,SAFE_TYPED_FRAGMENT_STAGE,,,ORDINARY_MARQUEE_CANDIDATE,0,,,
database:501,RETAIN_EXISTING,501,fragments/1829/04/24-img2879-right,1829-04-24,1,1,1,AUTO_MATCHED_EXACT,MATCHED_CONTENT,false,MARQUEE,NO_EMBEDDED_IMAGE,KEEP_EXISTING,731,INVENTORY_MARQUEE,SAFE_TYPED_FRAGMENT_STAGE,,,ORDINARY_MARQUEE_CANDIDATE,0,,,
database:502,RETAIN_EXISTING,502,fragments/1829/04/25-img2880-left,1829-04-25,1,1,1,AUTO_MATCHED_EXACT,MATCHED_CONTENT,false,MARQUEE,NO_EMBEDDED_IMAGE,KEEP_EXISTING,732,INVENTORY_MARQUEE,SAFE_TYPED_FRAGMENT_STAGE,,,ORDINARY_MARQUEE_CANDIDATE,0,,,
database:503,RETAIN_EXISTING,503,fragments/1829/04/26-img2880-left,1829-04-26,1,1,1,AUTO_MATCHED_EXACT,MATCHED_CONTENT,false,MARQUEE,NO_EMBEDDED_IMAGE,KEEP_EXISTING,732,INVENTORY_MARQUEE,SAFE_TYPED_FRAGMENT_STAGE,,,ORDINARY_MARQUEE_CANDIDATE,0,,,
database:504,RETAIN_EXISTING,504,fragments/1829/04/27-img2880-left,1829-04-27,1,1,1,AUTO_MATCHED_EXACT,MATCHED_CONTENT,false,MARQUEE,NO_EMBEDDED_IMAGE,KEEP_EXISTING,732,INVENTORY_MARQUEE,SAFE_TYPED_FRAGMENT_STAGE,,,ORDINARY_MARQUEE_CANDIDATE,0,,,
database:505,RETAIN_EXISTING,505,fragments/1829/04/28-img2880-left,1829-04-28,1,1,1,AUTO_MATCHED_EXACT,MATCHED_CONTENT,false,MARQUEE,NO_EMBEDDED_IMAGE,KEEP_EXISTING,732,INVENTORY_MARQUEE,SAFE_TYPED_FRAGMENT_STAGE,,,ORDINARY_MARQUEE_CANDIDATE,0,,,
database:506,RETAIN_EXISTING,506,fragments/1829/04/29-img2880-right,1829-04-29,1,1,1,AUTO_MATCHED_EXACT,MATCHED_CONTENT,false,MARQUEE,NO_EMBEDDED_IMAGE,KEEP_EXISTING,732,INVENTORY_MARQUEE,SAFE_TYPED_FRAGMENT_STAGE,,,ORDINARY_MARQUEE_CANDIDATE,0,,,
database:507,RETAIN_EXISTING,507,fragments/1829/04/30-img2880-right,1829-04-30,1,1,1,AUTO_MATCHED_EXACT,MATCHED_CONTENT,false,MARQUEE,NO_EMBEDDED_IMAGE,KEEP_EXISTING,732,INVENTORY_MARQUEE,SAFE_TYPED_FRAGMENT_STAGE,,,ORDINARY_MARQUEE_CANDIDATE,0,,,
database:508,RETAIN_EXISTING,508,fragments/1829/05/01-img2880-right,1829-05-01,1,1,1,AUTO_MATCHED_EXACT,MATCHED_CONTENT,false,MARQUEE,NO_EMBEDDED_IMAGE,KEEP_EXISTING,732,INVENTORY_MARQUEE,SAFE_TYPED_FRAGMENT_STAGE,,,ORDINARY_MARQUEE_CANDIDATE,0,,,
database:509,RETAIN_EXISTING,509,fragments/1829/05/02-img2880-right,1829-05-02,1,1,1,AUTO_MATCHED_EXACT,MATCHED_CONTENT,false,MARQUEE,NO_EMBEDDED_IMAGE,KEEP_EXISTING,732,INVENTORY_MARQUEE,SAFE_TYPED_FRAGMENT_STAGE,,,ORDINARY_MARQUEE_CANDIDATE,0,,,
database:510,RETAIN_EXISTING,510,fragments/1829/05/03-img2880-right,1829-05-03,1,1,1,AUTO_MATCHED_EXACT,MATCHED_CONTENT,false,MARQUEE,NO_EMBEDDED_IMAGE,KEEP_EXISTING,732,INVENTORY_MARQUEE,SAFE_TYPED_FRAGMENT_STAGE,,,ORDINARY_MARQUEE_CANDIDATE,0,,,
database:511,RETAIN_EXISTING,511,fragments/1829/05/04-img2881-left,1829-05-04,1,1,1,AUTO_MATCHED_EXACT,MATCHED_CONTENT,false,MARQUEE,NO_EMBEDDED_IMAGE,KEEP_EXISTING,733,INVENTORY_MARQUEE,SAFE_TYPED_FRAGMENT_STAGE,,,ORDINARY_MARQUEE_CANDIDATE,0,,,
database:512,RETAIN_EXISTING,512,fragments/1829/05/05-img2881-left,1829-05-05,1,1,1,AUTO_MATCHED_EXACT,MATCHED_CONTENT,false,MARQUEE,NO_EMBEDDED_IMAGE,KEEP_EXISTING,733,INVENTORY_MARQUEE,SAFE_TYPED_FRAGMENT_STAGE,,,ORDINARY_MARQUEE_CANDIDATE,0,,,
database:513,RETAIN_EXISTING,513,fragments/1829/05/06-img2881-left,1829-05-06,1,1,1,AUTO_MATCHED_EXACT,MATCHED_CONTENT,false,MARQUEE,NO_EMBEDDED_IMAGE,KEEP_EXISTING,733,INVENTORY_MARQUEE,SAFE_TYPED_FRAGMENT_STAGE,,,ORDINARY_MARQUEE_CANDIDATE,0,,,
database:514,RETAIN_EXISTING,514,fragments/1829/05/07-img2881-left,1829-05-07,1,1,1,AUTO_MATCHED_EXACT,MATCHED_CONTENT,false,MARQUEE,NO_EMBEDDED_IMAGE,KEEP_EXISTING,733,INVENTORY_MARQUEE,SAFE_TYPED_FRAGMENT_STAGE,,,ORDINARY_MARQUEE_CANDIDATE,0,,,
database:515,RETAIN_EXISTING,515,fragments/1829/05/08-img2881-left,1829-05-08,1,1,1,AUTO_MATCHED_EXACT,MATCHED_CONTENT,false,MARQUEE,NO_EMBEDDED_IMAGE,KEEP_EXISTING,733,INVENTORY_MARQUEE,SAFE_TYPED_FRAGMENT_STAGE,,,ORDINARY_MARQUEE_CANDIDATE,0,,,
database:516,RETAIN_EXISTING,516,fragments/1829/05/09-img2881-right,1829-05-09,1,1,1,AUTO_MATCHED_EXACT,MATCHED_CONTENT,false,MARQUEE,NO_EMBEDDED_IMAGE,KEEP_EXISTING,733,INVENTORY_MARQUEE,SAFE_TYPED_FRAGMENT_STAGE,,,ORDINARY_MARQUEE_CANDIDATE,0,,,
database:517,RETAIN_EXISTING,517,fragments/1829/05/10-img2881-right,1829-05-10,1,1,1,AUTO_MATCHED_EXACT,MATCHED_CONTENT,false,MARQUEE,NO_EMBEDDED_IMAGE,KEEP_EXISTING,733,INVENTORY_MARQUEE,SAFE_TYPED_FRAGMENT_STAGE,,,ORDINARY_MARQUEE_CANDIDATE,0,,,
database:518,RETAIN_EXISTING,518,fragments/1829/05/11-img2881-right,1829-05-11,1,1,1,AUTO_MATCHED_EXACT,MATCHED_CONTENT,false,MARQUEE,NO_EMBEDDED_IMAGE,KEEP_EXISTING,733,INVENTORY_MARQUEE,SAFE_TYPED_FRAGMENT_STAGE,,,ORDINARY_MARQUEE_CANDIDATE,0,,,
database:519,RETAIN_EXISTING,519,fragments/1829/05/12-img2881-right,1829-05-12,1,1,1,AUTO_MATCHED_EXACT,MATCHED_CONTENT,false,MARQUEE,NO_EMBEDDED_IMAGE,KEEP_EXISTING,733,INVENTORY_MARQUEE,SAFE_TYPED_FRAGMENT_STAGE,,,ORDINARY_MARQUEE_CANDIDATE,0,,,
database:520,RETAIN_EXISTING,520,fragments/1829/05/13-img2882-left,1829-05-13,1,1,1,AUTO_MATCHED_EXACT,MATCHED_CONTENT,false,MARQUEE,NO_EMBEDDED_IMAGE,KEEP_EXISTING,734,INVENTORY_MARQUEE,SAFE_TYPED_FRAGMENT_STAGE,,,ORDINARY_MARQUEE_CANDIDATE,0,,,
database:521,RETAIN_EXISTING,521,fragments/1829/05/14-img2882-left,1829-05-14,1,1,1,AUTO_MATCHED_EXACT,MATCHED_CONTENT,false,MARQUEE,NO_EMBEDDED_IMAGE,KEEP_EXISTING,734,INVENTORY_MARQUEE,SAFE_TYPED_FRAGMENT_STAGE,,,ORDINARY_MARQUEE_CANDIDATE,0,,,
database:522,RETAIN_EXISTING,522,fragments/1829/05/15-img2882-left,1829-05-15,1,1,1,AUTO_MATCHED_EXACT,MATCHED_CONTENT,false,MARQUEE,NO_EMBEDDED_IMAGE,KEEP_EXISTING,734,INVENTORY_MARQUEE,SAFE_TYPED_FRAGMENT_STAGE,,,ORDINARY_MARQUEE_CANDIDATE,0,,,
database:523,RETAIN_EXISTING,523,fragments/1829/05/16-img2882-left,1829-05-16,1,1,1,AUTO_MATCHED_EXACT,MATCHED_CONTENT,false,MARQUEE,NO_EMBEDDED_IMAGE,KEEP_EXISTING,734,INVENTORY_MARQUEE,SAFE_TYPED_FRAGMENT_STAGE,,,ORDINARY_MARQUEE_CANDIDATE,0,,,
database:524,RETAIN_EXISTING,524,fragments/1829/05/17-img2882-left,1829-05-17,1,1,1,AUTO_MATCHED_EXACT,MATCHED_CONTENT,false,MARQUEE,NO_EMBEDDED_IMAGE,KEEP_EXISTING,734,INVENTORY_MARQUEE,SAFE_TYPED_FRAGMENT_STAGE,,,ORDINARY_MARQUEE_CANDIDATE,0,,,
database:2302,UPDATE_EXISTING_FROM_SOURCE,2302,fragments/1829/05/17-img2882-right,1829-05-17,2,2,2,MATCH_EDITED_KEEP_SOURCE,USE_SOURCE,false,MARQUEE,NO_EMBEDDED_IMAGE,KEEP_EXISTING,734,INVENTORY_MARQUEE,SAFE_TYPED_FRAGMENT_STAGE,,,ORDINARY_MARQUEE_CANDIDATE,0,Richard,2026-09-09T19:03:00+01:00,The database version has multiple &nbsp;.
database:525,RETAIN_EXISTING,525,fragments/1829/05/18-img2882-right,1829-05-18,1,1,1,AUTO_MATCHED_EXACT,MATCHED_CONTENT,false,MARQUEE,NO_EMBEDDED_IMAGE,KEEP_EXISTING,734,INVENTORY_MARQUEE,SAFE_TYPED_FRAGMENT_STAGE,,,ORDINARY_MARQUEE_CANDIDATE,0,,,
database:526,RETAIN_EXISTING,526,fragments/1829/05/19-img2882-right,1829-05-19,1,1,1,AUTO_MATCHED_EXACT,MATCHED_CONTENT,false,MARQUEE,NO_EMBEDDED_IMAGE,KEEP_EXISTING,734,INVENTORY_MARQUEE,SAFE_TYPED_FRAGMENT_STAGE,,,ORDINARY_MARQUEE_CANDIDATE,0,,,
database:527,RETAIN_EXISTING,527,fragments/1829/05/20-img2882-right,1829-05-20,1,1,1,AUTO_MATCHED_EXACT,MATCHED_CONTENT,false,MARQUEE,NO_EMBEDDED_IMAGE,KEEP_EXISTING,734,INVENTORY_MARQUEE,SAFE_TYPED_FRAGMENT_STAGE,,,ORDINARY_MARQUEE_CANDIDATE,0,,,
database:528,RETAIN_EXISTING,528,fragments/1829/05/21-img2882-right,1829-05-21,1,1,1,AUTO_MATCHED_EXACT,MATCHED_CONTENT,false,MARQUEE,NO_EMBEDDED_IMAGE,KEEP_EXISTING,734,INVENTORY_MARQUEE,SAFE_TYPED_FRAGMENT_STAGE,,,ORDINARY_MARQUEE_CANDIDATE,0,,,
database:529,RETAIN_EXISTING,529,fragments/1829/05/22-img2883-left,1829-05-22,1,1,1,AUTO_MATCHED_EXACT,MATCHED_CONTENT,false,MARQUEE,NO_EMBEDDED_IMAGE,KEEP_EXISTING,735,INVENTORY_MARQUEE,SAFE_TYPED_FRAGMENT_STAGE,,,ORDINARY_MARQUEE_CANDIDATE,0,,,
database:530,RETAIN_EXISTING,530,fragments/1829/05/23-img2883-left,1829-05-23,1,1,1,AUTO_MATCHED_EXACT,MATCHED_CONTENT,false,MARQUEE,NO_EMBEDDED_IMAGE,KEEP_EXISTING,735,INVENTORY_MARQUEE,SAFE_TYPED_FRAGMENT_STAGE,,,ORDINARY_MARQUEE_CANDIDATE,0,,,
database:531,RETAIN_EXISTING,531,fragments/1829/05/24-img2883-left,1829-05-24,1,1,1,AUTO_MATCHED_EXACT,MATCHED_CONTENT,false,MARQUEE,NO_EMBEDDED_IMAGE,KEEP_EXISTING,735,INVENTORY_MARQUEE,SAFE_TYPED_FRAGMENT_STAGE,,,ORDINARY_MARQUEE_CANDIDATE,0,,,
database:532,RETAIN_EXISTING,532,fragments/1829/05/25-img2883-right,1829-05-25,1,1,1,AUTO_MATCHED_EXACT,MATCHED_CONTENT,false,MARQUEE,NO_EMBEDDED_IMAGE,KEEP_EXISTING,735,INVENTORY_MARQUEE,SAFE_TYPED_FRAGMENT_STAGE,,,ORDINARY_MARQUEE_CANDIDATE,0,,,
database:533,RETAIN_EXISTING,533,fragments/1829/05/26-img2883-right,1829-05-26,1,1,1,AUTO_MATCHED_EXACT,MATCHED_CONTENT,false,MARQUEE,NO_EMBEDDED_IMAGE,KEEP_EXISTING,735,INVENTORY_MARQUEE,SAFE_TYPED_FRAGMENT_STAGE,,,ORDINARY_MARQUEE_CANDIDATE,0,,,
database:534,RETAIN_EXISTING,534,fragments/1829/05/27-img2883-right,1829-05-27,1,1,1,AUTO_MATCHED_EXACT,MATCHED_CONTENT,false,MARQUEE,NO_EMBEDDED_IMAGE,KEEP_EXISTING,735,INVENTORY_MARQUEE,SAFE_TYPED_FRAGMENT_STAGE,,,ORDINARY_MARQUEE_CANDIDATE,0,,,
database:535,RETAIN_EXISTING,535,fragments/1829/05/28-img2883-right,1829-05-28,1,1,1,AUTO_MATCHED_EXACT,MATCHED_CONTENT,false,MARQUEE,NO_EMBEDDED_IMAGE,KEEP_EXISTING,735,INVENTORY_MARQUEE,SAFE_TYPED_FRAGMENT_STAGE,,,ORDINARY_MARQUEE_CANDIDATE,0,,,
database:536,RETAIN_EXISTING,536,fragments/1829/05/29-img2884-left,1829-05-29,1,1,1,AUTO_MATCHED_EXACT,MATCHED_CONTENT,false,MARQUEE,NO_EMBEDDED_IMAGE,KEEP_EXISTING,736,INVENTORY_MARQUEE,SAFE_TYPED_FRAGMENT_STAGE,,,ORDINARY_MARQUEE_CANDIDATE,0,,,
database:537,RETAIN_EXISTING,537,fragments/1829/05/30-img2884-left,1829-05-30,1,1,1,AUTO_MATCHED_EXACT,MATCHED_CONTENT,false,MARQUEE,NO_EMBEDDED_IMAGE,KEEP_EXISTING,736,INVENTORY_MARQUEE,SAFE_TYPED_FRAGMENT_STAGE,,,ORDINARY_MARQUEE_CANDIDATE,0,,,
database:538,RETAIN_EXISTING,538,fragments/1829/05/31-img2884-left,1829-05-31,1,1,1,AUTO_MATCHED_EXACT,MATCHED_CONTENT,false,MARQUEE,NO_EMBEDDED_IMAGE,KEEP_EXISTING,736,INVENTORY_MARQUEE,SAFE_TYPED_FRAGMENT_STAGE,,,ORDINARY_MARQUEE_CANDIDATE,0,,,
database:539,RETAIN_EXISTING,539,fragments/1829/06/01-img2884-right,1829-06-01,1,1,1,AUTO_MATCHED_EXACT,MATCHED_CONTENT,false,MARQUEE,NO_EMBEDDED_IMAGE,KEEP_EXISTING,736,INVENTORY_MARQUEE,SAFE_TYPED_FRAGMENT_STAGE,,,ORDINARY_MARQUEE_CANDIDATE,0,,,
database:540,RETAIN_EXISTING,540,fragments/1829/06/02-img2884-right,1829-06-02,1,1,1,AUTO_MATCHED_EXACT,MATCHED_CONTENT,false,MARQUEE,NO_EMBEDDED_IMAGE,KEEP_EXISTING,736,INVENTORY_MARQUEE,SAFE_TYPED_FRAGMENT_STAGE,,,ORDINARY_MARQUEE_CANDIDATE,0,,,
database:541,RETAIN_EXISTING,541,fragments/1829/06/03-img2884-right,1829-06-03,1,1,1,AUTO_MATCHED_EXACT,MATCHED_CONTENT,false,MARQUEE,NO_EMBEDDED_IMAGE,KEEP_EXISTING,736,INVENTORY_MARQUEE,SAFE_TYPED_FRAGMENT_STAGE,,,ORDINARY_MARQUEE_CANDIDATE,0,,,
database:542,RETAIN_EXISTING,542,fragments/1829/06/03-img2898-left,1829-06-03,2,2,2,AUTO_MATCHED_EXACT,MATCHED_CONTENT,false,MARQUEE,NO_EMBEDDED_IMAGE,KEEP_EXISTING,750,INVENTORY_MARQUEE,SAFE_TYPED_FRAGMENT_STAGE,,,ORDINARY_MARQUEE_CANDIDATE,0,,,
database:543,RETAIN_EXISTING,543,fragments/1829/06/04-img2884-right,1829-06-04,1,1,1,AUTO_MATCHED_EXACT,MATCHED_CONTENT,false,MARQUEE,NO_EMBEDDED_IMAGE,KEEP_EXISTING,736,INVENTORY_MARQUEE,SAFE_TYPED_FRAGMENT_STAGE,,,ORDINARY_MARQUEE_CANDIDATE,0,,,
database:544,RETAIN_EXISTING,544,fragments/1829/06/05-b1-img2885-image-baltic-map,1829-06-05,1,1,1,AUTO_MATCHED_EXACT,MATCHED_CONTENT,true,IMAGE,DATABASE_EMBEDDED_IMAGE,KEEP_ABSENT,,UNRESOLVED,DEFERRED_IMAGE_MIGRATION,,images/img2885-image-baltic-map.png,ORPHAN_OR_INCONSISTENT,1,,,
database:545,RETAIN_EXISTING,545,fragments/1829/06/05-b2-img2885-image-copenhagen-large-map,1829-06-05,2,2,2,AUTO_MATCHED_EXACT,MATCHED_CONTENT,true,IMAGE,DATABASE_EMBEDDED_IMAGE,KEEP_ABSENT,,UNRESOLVED,DEFERRED_IMAGE_MIGRATION,,images/img2885-image-copenhagen-large-map.png,ORPHAN_OR_INCONSISTENT,1,,,
database:546,RETAIN_EXISTING,546,fragments/1829/06/05-b3-img2885-image-copenhagen-map,1829-06-05,3,3,3,AUTO_MATCHED_EXACT,MATCHED_CONTENT,true,IMAGE,DATABASE_EMBEDDED_IMAGE,KEEP_ABSENT,,UNRESOLVED,DEFERRED_IMAGE_MIGRATION,,images/img2885-image-copenhagen-map.png,ORPHAN_OR_INCONSISTENT,1,,,
database:547,RETAIN_EXISTING,547,fragments/1829/06/05-b4-img2891-image-copenhagen-east,1829-06-05,4,4,4,AUTO_MATCHED_EXACT,MATCHED_CONTENT,true,IMAGE,DATABASE_EMBEDDED_IMAGE,KEEP_ABSENT,,UNRESOLVED,DEFERRED_IMAGE_MIGRATION,,images/img2891-image-copenhagen-east.png,ORPHAN_OR_INCONSISTENT,1,,,
database:548,RETAIN_EXISTING,548,fragments/1829/06/05-img2885-left,1829-06-05,5,5,5,AUTO_MATCHED_EXACT,MATCHED_CONTENT,false,MARQUEE,NO_EMBEDDED_IMAGE,KEEP_EXISTING,737,INVENTORY_MARQUEE,SAFE_TYPED_FRAGMENT_STAGE,,,ORDINARY_MARQUEE_CANDIDATE,0,,,
database:549,RETAIN_EXISTING,549,fragments/1829/06/06-img2885-left,1829-06-06,1,1,1,AUTO_MATCHED_EXACT,MATCHED_CONTENT,false,MARQUEE,NO_EMBEDDED_IMAGE,KEEP_EXISTING,737,INVENTORY_MARQUEE,SAFE_TYPED_FRAGMENT_STAGE,,,ORDINARY_MARQUEE_CANDIDATE,0,,,
database:550,RETAIN_EXISTING,550,fragments/1829/06/07-img2885-left,1829-06-07,1,1,1,AUTO_MATCHED_EXACT,MATCHED_CONTENT,false,MARQUEE,NO_EMBEDDED_IMAGE,KEEP_EXISTING,737,INVENTORY_MARQUEE,SAFE_TYPED_FRAGMENT_STAGE,,,ORDINARY_MARQUEE_CANDIDATE,0,,,
database:2303,RETAIN_EXISTING,2303,,1829-06-08,1,1,1,PRESERVE_DATABASE_ONLY,KEEP_DATABASE,false,MARQUEE,NO_EMBEDDED_IMAGE,KEEP_EXISTING,737,INVENTORY_MARQUEE,SAFE_TYPED_FRAGMENT_STAGE,,,ORDINARY_MARQUEE_CANDIDATE,0,Richard,2026-09-10T08:29:00+01:00,There is no source for this one.
database:551,RETAIN_EXISTING,551,fragments/1829/06/08-img2885-left,1829-06-08,2,2,2,AUTO_MATCHED_EXACT,MATCHED_CONTENT,false,MARQUEE,NO_EMBEDDED_IMAGE,KEEP_EXISTING,737,INVENTORY_MARQUEE,SAFE_TYPED_FRAGMENT_STAGE,,,ORDINARY_MARQUEE_CANDIDATE,0,,,
database:552,RETAIN_EXISTING,552,fragments/1829/06/09-img2885-right,1829-06-09,1,1,1,AUTO_MATCHED_EXACT,MATCHED_CONTENT,false,MARQUEE,NO_EMBEDDED_IMAGE,KEEP_EXISTING,737,INVENTORY_MARQUEE,SAFE_TYPED_FRAGMENT_STAGE,,,ORDINARY_MARQUEE_CANDIDATE,0,,,
database:553,RETAIN_EXISTING,553,fragments/1829/06/10-img2885-right,1829-06-10,1,1,1,AUTO_MATCHED_EXACT,MATCHED_CONTENT,false,MARQUEE,NO_EMBEDDED_IMAGE,KEEP_EXISTING,737,INVENTORY_MARQUEE,SAFE_TYPED_FRAGMENT_STAGE,,,ORDINARY_MARQUEE_CANDIDATE,0,,,
database:554,RETAIN_EXISTING,554,fragments/1829/06/11-img2886-left,1829-06-11,1,1,1,AUTO_MATCHED_EXACT,MATCHED_CONTENT,false,MARQUEE,NO_EMBEDDED_IMAGE,KEEP_EXISTING,738,INVENTORY_MARQUEE,SAFE_TYPED_FRAGMENT_STAGE,,,ORDINARY_MARQUEE_CANDIDATE,0,,,
database:555,RETAIN_EXISTING,555,fragments/1829/06/12-img2886-left,1829-06-12,1,1,1,AUTO_MATCHED_EXACT,MATCHED_CONTENT,false,MARQUEE,NO_EMBEDDED_IMAGE,KEEP_EXISTING,738,INVENTORY_MARQUEE,SAFE_TYPED_FRAGMENT_STAGE,,,ORDINARY_MARQUEE_CANDIDATE,0,,,
database:556,RETAIN_EXISTING,556,fragments/1829/06/13-img2886-right,1829-06-13,1,1,1,AUTO_MATCHED_EXACT,MATCHED_CONTENT,false,MARQUEE,NO_EMBEDDED_IMAGE,KEEP_EXISTING,738,INVENTORY_MARQUEE,SAFE_TYPED_FRAGMENT_STAGE,,,ORDINARY_MARQUEE_CANDIDATE,0,,,
database:557,RETAIN_EXISTING,557,fragments/1829/06/14-img2887-left,1829-06-14,1,1,1,AUTO_MATCHED_EXACT,MATCHED_CONTENT,false,MARQUEE,NO_EMBEDDED_IMAGE,KEEP_EXISTING,739,INVENTORY_MARQUEE,SAFE_TYPED_FRAGMENT_STAGE,,,ORDINARY_MARQUEE_CANDIDATE,0,,,
database:558,RETAIN_EXISTING,558,fragments/1829/06/15-img2887-right,1829-06-15,1,1,1,AUTO_MATCHED_EXACT,MATCHED_CONTENT,false,MARQUEE,NO_EMBEDDED_IMAGE,KEEP_EXISTING,739,INVENTORY_MARQUEE,SAFE_TYPED_FRAGMENT_STAGE,,,ORDINARY_MARQUEE_CANDIDATE,0,,,
database:559,RETAIN_EXISTING,559,fragments/1829/06/16-img2887-right,1829-06-16,1,1,1,AUTO_MATCHED_EXACT,MATCHED_CONTENT,false,MARQUEE,NO_EMBEDDED_IMAGE,KEEP_EXISTING,739,INVENTORY_MARQUEE,SAFE_TYPED_FRAGMENT_STAGE,,,ORDINARY_MARQUEE_CANDIDATE,0,,,
database:560,RETAIN_EXISTING,560,fragments/1829/06/16-img2888-left,1829-06-16,2,2,2,AUTO_MATCHED_EXACT,MATCHED_CONTENT,false,MARQUEE,NO_EMBEDDED_IMAGE,KEEP_EXISTING,740,INVENTORY_MARQUEE,SAFE_TYPED_FRAGMENT_STAGE,,,ORDINARY_MARQUEE_CANDIDATE,0,,,
database:561,RETAIN_EXISTING,561,fragments/1829/06/17-img2888-left,1829-06-17,1,1,1,AUTO_MATCHED_EXACT,MATCHED_CONTENT,false,MARQUEE,NO_EMBEDDED_IMAGE,KEEP_EXISTING,740,INVENTORY_MARQUEE,SAFE_TYPED_FRAGMENT_STAGE,,,ORDINARY_MARQUEE_CANDIDATE,0,,,
database:562,RETAIN_EXISTING,562,fragments/1829/06/18-img2888-right,1829-06-18,1,1,1,AUTO_MATCHED_EXACT,MATCHED_CONTENT,false,MARQUEE,NO_EMBEDDED_IMAGE,KEEP_EXISTING,740,INVENTORY_MARQUEE,SAFE_TYPED_FRAGMENT_STAGE,,,ORDINARY_MARQUEE_CANDIDATE,0,,,
database:563,RETAIN_EXISTING,563,fragments/1829/06/18-img2889-left,1829-06-18,2,2,2,AUTO_MATCHED_EXACT,MATCHED_CONTENT,false,MARQUEE,NO_EMBEDDED_IMAGE,KEEP_EXISTING,741,INVENTORY_MARQUEE,SAFE_TYPED_FRAGMENT_STAGE,,,ORDINARY_MARQUEE_CANDIDATE,0,,,
database:564,RETAIN_EXISTING,564,fragments/1829/06/19-img2889-left,1829-06-19,1,1,1,AUTO_MATCHED_EXACT,MATCHED_CONTENT,false,MARQUEE,NO_EMBEDDED_IMAGE,KEEP_EXISTING,741,INVENTORY_MARQUEE,SAFE_TYPED_FRAGMENT_STAGE,,,ORDINARY_MARQUEE_CANDIDATE,0,,,
database:2304,UPDATE_EXISTING_FROM_SOURCE,2304,fragments/1829/06/19-img2889-right,1829-06-19,2,2,2,MATCH_EDITED_KEEP_SOURCE,USE_SOURCE,false,MARQUEE,NO_EMBEDDED_IMAGE,KEEP_EXISTING,741,INVENTORY_MARQUEE,SAFE_TYPED_FRAGMENT_STAGE,,,ORDINARY_MARQUEE_CANDIDATE,0,Richard,2026-09-10T08:32:00+01:00,The database version contains multiple &nbsp;.
database:566,UPDATE_EXISTING_FROM_SOURCE,566,fragments/1829/06/20-img2889-right,1829-06-20,1,1,1,MATCH_EDITED_KEEP_SOURCE,USE_SOURCE,false,MARQUEE,NO_EMBEDDED_IMAGE,KEEP_EXISTING,741,INVENTORY_MARQUEE,SAFE_TYPED_FRAGMENT_STAGE,,,ORDINARY_MARQUEE_CANDIDATE,0,Richard,2026-09-09T19:15:00+01:00,The database version contains multiple &nbsp;.
database:2305,UPDATE_EXISTING_FROM_SOURCE,2305,fragments/1829/06/20-img2890-left,1829-06-20,2,2,2,MATCH_EDITED_KEEP_SOURCE,USE_SOURCE,false,MARQUEE,NO_EMBEDDED_IMAGE,KEEP_EXISTING,742,INVENTORY_MARQUEE,SAFE_TYPED_FRAGMENT_STAGE,,,ORDINARY_MARQUEE_CANDIDATE,0,Richard,2026-09-09T15:36:00+01:00,The database version contains multiple &nbsp;.
database:567,UPDATE_EXISTING_FROM_SOURCE,567,fragments/1829/06/20-img2890-right,1829-06-20,3,3,3,MATCH_EDITED_KEEP_SOURCE,USE_SOURCE,false,MARQUEE,NO_EMBEDDED_IMAGE,KEEP_EXISTING,742,INVENTORY_MARQUEE,SAFE_TYPED_FRAGMENT_STAGE,,,ORDINARY_MARQUEE_CANDIDATE,0,Richard,2026-09-09T15:36:00+01:00,The database version contains multiple &nbsp;.
database:568,UPDATE_EXISTING_FROM_SOURCE,568,fragments/1829/06/20-img2891-left,1829-06-20,4,4,4,MATCH_EDITED_KEEP_SOURCE,USE_SOURCE,false,MARQUEE,NO_EMBEDDED_IMAGE,KEEP_EXISTING,743,INVENTORY_MARQUEE,SAFE_TYPED_FRAGMENT_STAGE,,,ORDINARY_MARQUEE_CANDIDATE,0,Richard,2026-09-09T19:30:00+01:00,The database version contains multiple &nbsp;.
database:565,RETAIN_EXISTING,565,fragments/1829/06/20-dem-img2885-petersburg-voyage-commences,1829-06-20,5,5,5,AUTO_MATCHED_EXACT,MATCHED_CONTENT,true,IMAGE,DATABASE_EMBEDDED_IMAGE,KEEP_ABSENT,,UNRESOLVED,DEFERRED_IMAGE_MIGRATION,,images/img2891-image-copenhagen-east.png,ORPHAN_OR_INCONSISTENT,1,,,
database:569,RETAIN_EXISTING,569,fragments/1829/06/21-img2891-right,1829-06-21,1,1,1,AUTO_MATCHED_EXACT,MATCHED_CONTENT,false,MARQUEE,NO_EMBEDDED_IMAGE,KEEP_EXISTING,743,INVENTORY_MARQUEE,SAFE_TYPED_FRAGMENT_STAGE,,,ORDINARY_MARQUEE_CANDIDATE,0,,,
database:570,RETAIN_EXISTING,570,fragments/1829/06/22-img2891-right,1829-06-22,1,1,1,AUTO_MATCHED_EXACT,MATCHED_CONTENT,false,MARQUEE,NO_EMBEDDED_IMAGE,KEEP_EXISTING,743,INVENTORY_MARQUEE,SAFE_TYPED_FRAGMENT_STAGE,,,ORDINARY_MARQUEE_CANDIDATE,0,,,
database:571,RETAIN_EXISTING,571,fragments/1829/06/23-img2891-right,1829-06-23,1,1,1,AUTO_MATCHED_EXACT,MATCHED_CONTENT,false,MARQUEE,NO_EMBEDDED_IMAGE,KEEP_EXISTING,743,INVENTORY_MARQUEE,SAFE_TYPED_FRAGMENT_STAGE,,,ORDINARY_MARQUEE_CANDIDATE,0,,,
database:572,RETAIN_EXISTING,572,fragments/1829/06/23-img2892-left,1829-06-23,2,2,2,AUTO_MATCHED_EXACT,MATCHED_CONTENT,false,MARQUEE,NO_EMBEDDED_IMAGE,KEEP_EXISTING,744,INVENTORY_MARQUEE,SAFE_TYPED_FRAGMENT_STAGE,,,ORDINARY_MARQUEE_CANDIDATE,0,,,
database:573,RETAIN_EXISTING,573,fragments/1829/06/24-img2892-left,1829-06-24,1,1,1,AUTO_MATCHED_EXACT,MATCHED_CONTENT,false,MARQUEE,NO_EMBEDDED_IMAGE,KEEP_EXISTING,744,INVENTORY_MARQUEE,SAFE_TYPED_FRAGMENT_STAGE,,,ORDINARY_MARQUEE_CANDIDATE,0,,,
database:2306,UPDATE_EXISTING_FROM_SOURCE,2306,fragments/1829/06/25-img2892-left,1829-06-25,1,1,1,MATCH_EDITED_KEEP_SOURCE,USE_SOURCE,false,MARQUEE,NO_EMBEDDED_IMAGE,KEEP_EXISTING,744,INVENTORY_MARQUEE,SAFE_TYPED_FRAGMENT_STAGE,,,ORDINARY_MARQUEE_CANDIDATE,0,Richard,2026-09-09T19:47:00+01:00,The database version contains unnecessary multiple &nbsp;.
database:574,UPDATE_EXISTING_FROM_SOURCE,574,fragments/1829/06/25-img2892-right,1829-06-25,2,2,2,MATCH_EDITED_KEEP_SOURCE,USE_SOURCE,false,MARQUEE,NO_EMBEDDED_IMAGE,KEEP_EXISTING,744,INVENTORY_MARQUEE,SAFE_TYPED_FRAGMENT_STAGE,,,ORDINARY_MARQUEE_CANDIDATE,0,Richard,2026-09-09T19:30:00+01:00,The database version contains unnecessary multiple &nbsp;.
database:575,RETAIN_EXISTING,575,fragments/1829/06/26-b3-img2892-image-baltic,1829-06-26,1,1,1,AUTO_MATCHED_EXACT,MATCHED_CONTENT,true,IMAGE,DATABASE_EMBEDDED_IMAGE,KEEP_ABSENT,,UNRESOLVED,DEFERRED_IMAGE_MIGRATION,,images/img2892-image-baltic.png,ORPHAN_OR_INCONSISTENT,1,,,
database:576,RETAIN_EXISTING,576,fragments/1829/06/26-img2892-right,1829-06-26,2,2,2,AUTO_MATCHED_EXACT,MATCHED_CONTENT,false,MARQUEE,NO_EMBEDDED_IMAGE,KEEP_EXISTING,744,INVENTORY_MARQUEE,SAFE_TYPED_FRAGMENT_STAGE,,,ORDINARY_MARQUEE_CANDIDATE,0,,,
database:577,UPDATE_EXISTING_FROM_SOURCE,577,fragments/1829/06/26-img2893-left,1829-06-26,3,3,3,MATCH_EDITED_KEEP_SOURCE,USE_SOURCE,false,MARQUEE,NO_EMBEDDED_IMAGE,KEEP_EXISTING,745,INVENTORY_MARQUEE,SAFE_TYPED_FRAGMENT_STAGE,,,ORDINARY_MARQUEE_CANDIDATE,0,Richard,2026-09-09T15:36:00+01:00,The original text is good.
database:578,RETAIN_EXISTING,578,fragments/1829/06/27-b3-img2893-image-kopu-lighthouse,1829-06-27,1,1,1,AUTO_MATCHED_EXACT,MATCHED_CONTENT,true,IMAGE,DATABASE_EMBEDDED_IMAGE,KEEP_ABSENT,,UNRESOLVED,DEFERRED_IMAGE_MIGRATION,,images/img2893-image-kopu-lighthouse.jpg,ORPHAN_OR_INCONSISTENT,1,,,
database:579,RETAIN_EXISTING,579,fragments/1829/06/27-img2893-left,1829-06-27,2,2,2,AUTO_MATCHED_EXACT,MATCHED_CONTENT,false,MARQUEE,NO_EMBEDDED_IMAGE,KEEP_EXISTING,745,INVENTORY_MARQUEE,SAFE_TYPED_FRAGMENT_STAGE,,,ORDINARY_MARQUEE_CANDIDATE,0,,,
database:580,RETAIN_EXISTING,580,fragments/1829/06/28-img2893-right,1829-06-28,1,1,1,AUTO_MATCHED_EXACT,MATCHED_CONTENT,false,MARQUEE,NO_EMBEDDED_IMAGE,KEEP_EXISTING,745,INVENTORY_MARQUEE,SAFE_TYPED_FRAGMENT_STAGE,,,ORDINARY_MARQUEE_CANDIDATE,0,,,
database:581,RETAIN_EXISTING,581,fragments/1829/06/29-img2894-left,1829-06-29,1,1,1,AUTO_MATCHED_EXACT,MATCHED_CONTENT,false,MARQUEE,NO_EMBEDDED_IMAGE,KEEP_EXISTING,746,INVENTORY_MARQUEE,SAFE_TYPED_FRAGMENT_STAGE,,,ORDINARY_MARQUEE_CANDIDATE,0,,,
database:2307,UPDATE_EXISTING_FROM_SOURCE,2307,fragments/1829/06/29-img2894-right,1829-06-29,2,2,2,MATCH_EDITED_KEEP_SOURCE,USE_SOURCE,false,MARQUEE,NO_EMBEDDED_IMAGE,KEEP_EXISTING,746,INVENTORY_MARQUEE,SAFE_TYPED_FRAGMENT_STAGE,,,ORDINARY_MARQUEE_CANDIDATE,0,Richard,2026-09-09T19:49:00+01:00,The database version contains unnecessary multiple &nbsp;.
database:582,RETAIN_EXISTING,582,fragments/1829/06/30-img2894-right,1829-06-30,1,1,1,AUTO_MATCHED_EXACT,MATCHED_CONTENT,false,MARQUEE,NO_EMBEDDED_IMAGE,KEEP_EXISTING,746,INVENTORY_MARQUEE,SAFE_TYPED_FRAGMENT_STAGE,,,ORDINARY_MARQUEE_CANDIDATE,0,,,
database:583,RETAIN_EXISTING,583,fragments/1829/06/30-img2895-left,1829-06-30,2,2,2,AUTO_MATCHED_EXACT,MATCHED_CONTENT,false,MARQUEE,NO_EMBEDDED_IMAGE,KEEP_EXISTING,747,INVENTORY_MARQUEE,SAFE_TYPED_FRAGMENT_STAGE,,,ORDINARY_MARQUEE_CANDIDATE,0,,,
source:fragments/1829/06/30-img2895-right,CREATE_FRAGMENT,,fragments/1829/06/30-img2895-right,1829-06-30,,3,3,CREATE_MISSING,USE_SOURCE,false,MARQUEE,REVIEW_LEDGER_OVERRIDE,ENSURE_MARQUEE_EXISTS,747,PLACEMENT_ANCHOR,RECONCILIATION_CREATE_STAGE,fragments/1829/06/30-img2895-left,,,0,Richard,2026-09-10T11:31:34+01:00,Valid source fragment suppressed by the legacy sequence collision behaviour.
database:584,RETAIN_EXISTING,584,fragments/1829/07/01-img2895-right,1829-07-01,1,1,1,AUTO_MATCHED_EXACT,MATCHED_CONTENT,false,MARQUEE,NO_EMBEDDED_IMAGE,KEEP_EXISTING,747,INVENTORY_MARQUEE,SAFE_TYPED_FRAGMENT_STAGE,,,ORDINARY_MARQUEE_CANDIDATE,0,,,
database:585,RETAIN_EXISTING,585,fragments/1829/07/01-img2896-left,1829-07-01,2,2,2,AUTO_MATCHED_EXACT,MATCHED_CONTENT,false,MARQUEE,NO_EMBEDDED_IMAGE,KEEP_EXISTING,748,INVENTORY_MARQUEE,SAFE_TYPED_FRAGMENT_STAGE,,,ORDINARY_MARQUEE_CANDIDATE,0,,,
database:586,RETAIN_EXISTING,586,fragments/1829/07/02-img2896-left,1829-07-02,1,1,1,AUTO_MATCHED_EXACT,MATCHED_CONTENT,false,MARQUEE,NO_EMBEDDED_IMAGE,KEEP_EXISTING,748,INVENTORY_MARQUEE,SAFE_TYPED_FRAGMENT_STAGE,,,ORDINARY_MARQUEE_CANDIDATE,0,,,
source:fragments/1829/07/02-img2896-right,CREATE_FRAGMENT,,fragments/1829/07/02-img2896-right,1829-07-02,,1.5,2,CREATE_MISSING,USE_SOURCE,false,MARQUEE,REVIEW_LEDGER_OVERRIDE,ENSURE_MARQUEE_EXISTS,748,PLACEMENT_ANCHOR,RECONCILIATION_CREATE_STAGE,fragments/1829/07/02-img2896-left,,,0,Richard,2026-09-10T11:31:34+01:00,Valid source fragment suppressed by the legacy sequence collision behaviour.
database:587,RETAIN_EXISTING,587,fragments/1829/07/02-img2897-left,1829-07-02,2,2,3,AUTO_MATCHED_EXACT,MATCHED_CONTENT,false,MARQUEE,NO_EMBEDDED_IMAGE,KEEP_EXISTING,749,INVENTORY_MARQUEE,SAFE_TYPED_FRAGMENT_STAGE,,,ORDINARY_MARQUEE_CANDIDATE,0,,,
source:fragments/1829/07/02-img2897-right,CREATE_FRAGMENT,,fragments/1829/07/02-img2897-right,1829-07-02,,3,4,CREATE_MISSING,USE_SOURCE,false,MARQUEE,REVIEW_LEDGER_OVERRIDE,ENSURE_MARQUEE_EXISTS,749,PLACEMENT_ANCHOR,RECONCILIATION_CREATE_STAGE,fragments/1829/07/02-img2897-left,,,0,Richard,2026-09-10T11:31:34+01:00,Valid source fragment suppressed by the legacy sequence collision behaviour.
database:588,RETAIN_EXISTING,588,fragments/1829/07/03-img2897-right,1829-07-03,1,1,1,AUTO_MATCHED_EXACT,MATCHED_CONTENT,false,MARQUEE,NO_EMBEDDED_IMAGE,KEEP_EXISTING,749,INVENTORY_MARQUEE,SAFE_TYPED_FRAGMENT_STAGE,,,ORDINARY_MARQUEE_CANDIDATE,0,,,
database:589,RETAIN_EXISTING,589,fragments/1829/07/04-img2898-right,1829-07-04,1,1,1,AUTO_MATCHED_EXACT,MATCHED_CONTENT,false,MARQUEE,NO_EMBEDDED_IMAGE,KEEP_EXISTING,750,INVENTORY_MARQUEE,SAFE_TYPED_FRAGMENT_STAGE,,,ORDINARY_MARQUEE_CANDIDATE,0,,,
database:590,RETAIN_EXISTING,590,fragments/1829/07/04-img2899-left,1829-07-04,2,2,2,AUTO_MATCHED_EXACT,MATCHED_CONTENT,false,MARQUEE,NO_EMBEDDED_IMAGE,KEEP_EXISTING,751,INVENTORY_MARQUEE,SAFE_TYPED_FRAGMENT_STAGE,,,ORDINARY_MARQUEE_CANDIDATE,0,,,
database:591,RETAIN_EXISTING,591,fragments/1829/07/05-img2899-left,1829-07-05,1,1,1,AUTO_MATCHED_EXACT,MATCHED_CONTENT,false,MARQUEE,NO_EMBEDDED_IMAGE,KEEP_EXISTING,751,INVENTORY_MARQUEE,SAFE_TYPED_FRAGMENT_STAGE,,,ORDINARY_MARQUEE_CANDIDATE,0,,,
source:fragments/1829/07/05-img2899-right,CREATE_FRAGMENT,,fragments/1829/07/05-img2899-right,1829-07-05,,2,2,CREATE_MISSING,USE_SOURCE,false,MARQUEE,REVIEW_LEDGER_OVERRIDE,ENSURE_MARQUEE_EXISTS,751,PLACEMENT_ANCHOR,RECONCILIATION_CREATE_STAGE,fragments/1829/07/05-img2899-left,,,0,Richard,2026-09-10T11:31:34+01:00,Valid source fragment suppressed by the legacy sequence collision behaviour.
database:592,RETAIN_EXISTING,592,fragments/1829/07/06-img2899-right,1829-07-06,1,1,1,AUTO_MATCHED_EXACT,MATCHED_CONTENT,false,MARQUEE,NO_EMBEDDED_IMAGE,KEEP_EXISTING,751,INVENTORY_MARQUEE,SAFE_TYPED_FRAGMENT_STAGE,,,ORDINARY_MARQUEE_CANDIDATE,0,,,
database:593,RETAIN_EXISTING,593,fragments/1829/07/07-b1-img2900-peter-and-paul-cathedral-st-petersburg,1829-07-07,1,1,1,AUTO_MATCHED_EXACT,MATCHED_CONTENT,true,IMAGE,DATABASE_EMBEDDED_IMAGE,KEEP_ABSENT,,UNRESOLVED,DEFERRED_IMAGE_MIGRATION,,images/img2900-peter-and-paul-cathedral-st-petersburg.jpg,ORPHAN_OR_INCONSISTENT,1,,,
database:594,RETAIN_EXISTING,594,fragments/1829/07/07-b2-img2900-st-petersburg-map,1829-07-07,2,2,2,AUTO_MATCHED_EXACT,MATCHED_CONTENT,true,IMAGE,DATABASE_EMBEDDED_IMAGE,KEEP_ABSENT,,UNRESOLVED,DEFERRED_IMAGE_MIGRATION,,images/img2900-image-st-petersburg-map.png,ORPHAN_OR_INCONSISTENT,1,,,
database:595,RETAIN_EXISTING,595,fragments/1829/07/07-b3-img2900-st-petersburg-map-large,1829-07-07,3,3,3,AUTO_MATCHED_EXACT,MATCHED_CONTENT,true,IMAGE,DATABASE_EMBEDDED_IMAGE,KEEP_ABSENT,,UNRESOLVED,DEFERRED_IMAGE_MIGRATION,,images/img2900-image-st-petersburg-map-large.png,ORPHAN_OR_INCONSISTENT,1,,,
database:596,RETAIN_EXISTING,596,fragments/1829/07/07-b4-img2900-room-plan,1829-07-07,4,4,4,AUTO_MATCHED_EXACT,MATCHED_CONTENT,true,IMAGE,DATABASE_EMBEDDED_IMAGE,KEEP_ABSENT,,UNRESOLVED,DEFERRED_IMAGE_MIGRATION,,images/img2900-image-room-plan.png,ORPHAN_OR_INCONSISTENT,1,,,
database:597,RETAIN_EXISTING,597,fragments/1829/07/07-img2900-left,1829-07-07,5,5,5,AUTO_MATCHED_EXACT,MATCHED_CONTENT,false,MARQUEE,NO_EMBEDDED_IMAGE,KEEP_EXISTING,752,INVENTORY_MARQUEE,SAFE_TYPED_FRAGMENT_STAGE,,,ORDINARY_MARQUEE_CANDIDATE,0,,,
source:fragments/1829/07/07-img2900-right,CREATE_FRAGMENT,,fragments/1829/07/07-img2900-right,1829-07-07,,6,6,CREATE_MISSING,USE_SOURCE,false,MARQUEE,REVIEW_LEDGER_OVERRIDE,ENSURE_MARQUEE_EXISTS,752,PLACEMENT_ANCHOR,RECONCILIATION_CREATE_STAGE,fragments/1829/07/07-img2900-left,,,0,Richard,2026-09-10T11:31:34+01:00,Valid source fragment suppressed by the legacy sequence collision behaviour.
database:598,RETAIN_EXISTING,598,fragments/1829/07/08-b1-img2900-hermitage-3,1829-07-08,1,1,1,AUTO_MATCHED_EXACT,MATCHED_CONTENT,true,IMAGE,DATABASE_EMBEDDED_IMAGE,KEEP_ABSENT,,UNRESOLVED,DEFERRED_IMAGE_MIGRATION,,images/img2900-image-hermitage.png,ORPHAN_OR_INCONSISTENT,1,,,
database:599,RETAIN_EXISTING,599,fragments/1829/07/08-b2-img2900-hermitage-2,1829-07-08,2,2,2,AUTO_MATCHED_EXACT,MATCHED_CONTENT,true,IMAGE,DATABASE_EMBEDDED_IMAGE,KEEP_ABSENT,,UNRESOLVED,DEFERRED_IMAGE_MIGRATION,,images/img2900-image-the-jordan-staircase-state-hermitage-museum-st-petersburg-russia-B2KPFE.jpg,ORPHAN_OR_INCONSISTENT,1,,,
database:600,RETAIN_EXISTING,600,fragments/1829/07/08-b3-img2900-hermitage-1,1829-07-08,3,3,3,AUTO_MATCHED_EXACT,MATCHED_CONTENT,true,IMAGE,DATABASE_EMBEDDED_IMAGE,KEEP_ABSENT,,UNRESOLVED,DEFERRED_IMAGE_MIGRATION,,images/img2900-image-san_pietroburgo_ermitage_02_palazzo_inverno_jpg_1200_630_cover_85.jpg,ORPHAN_OR_INCONSISTENT,1,,,
database:601,RETAIN_EXISTING,601,fragments/1829/07/08-img2900-right,1829-07-08,4,4,4,AUTO_MATCHED_EXACT,MATCHED_CONTENT,false,MARQUEE,NO_EMBEDDED_IMAGE,KEEP_EXISTING,752,INVENTORY_MARQUEE,SAFE_TYPED_FRAGMENT_STAGE,,,ORDINARY_MARQUEE_CANDIDATE,0,,,
database:602,RETAIN_EXISTING,602,fragments/1829/07/08-img2901-left,1829-07-08,5,5,5,AUTO_MATCHED_EXACT,MATCHED_CONTENT,false,MARQUEE,NO_EMBEDDED_IMAGE,KEEP_EXISTING,753,INVENTORY_MARQUEE,SAFE_TYPED_FRAGMENT_STAGE,,,ORDINARY_MARQUEE_CANDIDATE,0,,,
source:fragments/1829/07/08-img2901-right,CREATE_FRAGMENT,,fragments/1829/07/08-img2901-right,1829-07-08,,6,6,CREATE_MISSING,USE_SOURCE,false,MARQUEE,REVIEW_LEDGER_OVERRIDE,ENSURE_MARQUEE_EXISTS,753,PLACEMENT_ANCHOR,RECONCILIATION_CREATE_STAGE,fragments/1829/07/08-img2901-left,,,0,Richard,2026-09-10T11:31:34+01:00,Valid source fragment suppressed by the legacy sequence collision behaviour.
database:603,RETAIN_EXISTING,603,fragments/1829/07/09-img2901-right,1829-07-09,1,1,1,AUTO_MATCHED_EXACT,MATCHED_CONTENT,false,MARQUEE,NO_EMBEDDED_IMAGE,KEEP_EXISTING,753,INVENTORY_MARQUEE,SAFE_TYPED_FRAGMENT_STAGE,,,ORDINARY_MARQUEE_CANDIDATE,0,,,
database:604,RETAIN_EXISTING,604,fragments/1829/07/09-img2902-left,1829-07-09,2,2,2,AUTO_MATCHED_EXACT,MATCHED_CONTENT,false,MARQUEE,NO_EMBEDDED_IMAGE,KEEP_EXISTING,754,INVENTORY_MARQUEE,SAFE_TYPED_FRAGMENT_STAGE,,,ORDINARY_MARQUEE_CANDIDATE,0,,,
source:fragments/1829/07/09-img2902-right,CREATE_FRAGMENT,,fragments/1829/07/09-img2902-right,1829-07-09,,3,3,CREATE_MISSING,USE_SOURCE,false,MARQUEE,REVIEW_LEDGER_OVERRIDE,ENSURE_MARQUEE_EXISTS,754,PLACEMENT_ANCHOR,RECONCILIATION_CREATE_STAGE,fragments/1829/07/09-img2902-left,,,0,Richard,2026-09-10T11:31:34+01:00,Valid source fragment suppressed by the legacy sequence collision behaviour.
database:605,RETAIN_EXISTING,605,fragments/1829/07/10-img2903-left,1829-07-10,1,1,1,AUTO_MATCHED_EXACT,MATCHED_CONTENT,false,MARQUEE,NO_EMBEDDED_IMAGE,KEEP_EXISTING,755,INVENTORY_MARQUEE,SAFE_TYPED_FRAGMENT_STAGE,,,ORDINARY_MARQUEE_CANDIDATE,0,,,
database:606,RETAIN_EXISTING,606,fragments/1829/07/11-b3-img2903-st-isaac-church,1829-07-11,1,1,1,AUTO_MATCHED_EXACT,MATCHED_CONTENT,true,IMAGE,DATABASE_EMBEDDED_IMAGE,KEEP_ABSENT,,UNRESOLVED,DEFERRED_IMAGE_MIGRATION,,images/img2903-image-st-isaac-church.png,ORPHAN_OR_INCONSISTENT,1,,,
database:607,RETAIN_EXISTING,607,fragments/1829/07/11-img2903-left,1829-07-11,2,2,2,AUTO_MATCHED_EXACT,MATCHED_CONTENT,false,MARQUEE,NO_EMBEDDED_IMAGE,KEEP_EXISTING,755,INVENTORY_MARQUEE,SAFE_TYPED_FRAGMENT_STAGE,,,ORDINARY_MARQUEE_CANDIDATE,0,,,
source:fragments/1829/07/11-img2903-right,CREATE_FRAGMENT,,fragments/1829/07/11-img2903-right,1829-07-11,,3,3,CREATE_MISSING,USE_SOURCE,false,MARQUEE,REVIEW_LEDGER_OVERRIDE,ENSURE_MARQUEE_EXISTS,755,PLACEMENT_ANCHOR,RECONCILIATION_CREATE_STAGE,fragments/1829/07/11-img2903-left,,,0,Richard,2026-09-10T11:31:34+01:00,Valid source fragment suppressed by the legacy sequence collision behaviour.
database:608,RETAIN_EXISTING,608,fragments/1829/07/12-img2903-right,1829-07-12,1,1,1,AUTO_MATCHED_EXACT,MATCHED_CONTENT,false,MARQUEE,NO_EMBEDDED_IMAGE,KEEP_EXISTING,755,INVENTORY_MARQUEE,SAFE_TYPED_FRAGMENT_STAGE,,,ORDINARY_MARQUEE_CANDIDATE,0,,,
database:609,RETAIN_EXISTING,609,fragments/1829/07/13-img2903-right,1829-07-13,1,1,1,AUTO_MATCHED_EXACT,MATCHED_CONTENT,false,MARQUEE,NO_EMBEDDED_IMAGE,KEEP_EXISTING,755,INVENTORY_MARQUEE,SAFE_TYPED_FRAGMENT_STAGE,,,ORDINARY_MARQUEE_CANDIDATE,0,,,
database:610,RETAIN_EXISTING,610,fragments/1829/07/13-img2904-left,1829-07-13,2,2,2,AUTO_MATCHED_EXACT,MATCHED_CONTENT,false,MARQUEE,NO_EMBEDDED_IMAGE,KEEP_EXISTING,756,INVENTORY_MARQUEE,SAFE_TYPED_FRAGMENT_STAGE,,,ORDINARY_MARQUEE_CANDIDATE,0,,,
database:611,RETAIN_EXISTING,611,fragments/1829/07/14-b1-img2904-monastery-alexander-nevsky-lavra-1,1829-07-14,1,1,1,AUTO_MATCHED_EXACT,MATCHED_CONTENT,true,IMAGE,DATABASE_EMBEDDED_IMAGE,KEEP_ABSENT,,UNRESOLVED,DEFERRED_IMAGE_MIGRATION,,images/img2903-image-main-entrance-to-alexander-nevsky-monastery-in-st-petersburg.jpg,ORPHAN_OR_INCONSISTENT,1,,,
database:612,RETAIN_EXISTING,612,fragments/1829/07/14-b2-img2904-monastery-alexander-nevsky-lavra-2,1829-07-14,2,2,2,AUTO_MATCHED_EXACT,MATCHED_CONTENT,true,IMAGE,DATABASE_EMBEDDED_IMAGE,KEEP_ABSENT,,UNRESOLVED,DEFERRED_IMAGE_MIGRATION,,images/img2903-image-alexander-nevsky-monastery-st-petersburg-5.jpg,ORPHAN_OR_INCONSISTENT,1,,,
database:613,RETAIN_EXISTING,613,fragments/1829/07/14-b3-img2904-monastery-alexander-nevsky-lavra-3,1829-07-14,3,3,3,AUTO_MATCHED_EXACT,MATCHED_CONTENT,true,IMAGE,DATABASE_EMBEDDED_IMAGE,KEEP_ABSENT,,UNRESOLVED,DEFERRED_IMAGE_MIGRATION,,images/img2903-image-st-petersberg-alexander-nevsky-lavra-private-tour-528435.jpg,ORPHAN_OR_INCONSISTENT,1,,,
database:614,RETAIN_EXISTING,614,fragments/1829/07/14-img2904-right,1829-07-14,4,4,4,AUTO_MATCHED_EXACT,MATCHED_CONTENT,false,MARQUEE,NO_EMBEDDED_IMAGE,KEEP_EXISTING,756,INVENTORY_MARQUEE,SAFE_TYPED_FRAGMENT_STAGE,,,ORDINARY_MARQUEE_CANDIDATE,0,,,
database:615,RETAIN_EXISTING,615,fragments/1829/07/14-img2905-left,1829-07-14,5,5,5,AUTO_MATCHED_EXACT,MATCHED_CONTENT,false,MARQUEE,NO_EMBEDDED_IMAGE,KEEP_EXISTING,757,INVENTORY_MARQUEE,SAFE_TYPED_FRAGMENT_STAGE,,,ORDINARY_MARQUEE_CANDIDATE,0,,,
database:616,RETAIN_EXISTING,616,fragments/1829/07/15-img2905-left,1829-07-15,1,1,1,AUTO_MATCHED_EXACT,MATCHED_CONTENT,false,MARQUEE,NO_EMBEDDED_IMAGE,KEEP_EXISTING,757,INVENTORY_MARQUEE,SAFE_TYPED_FRAGMENT_STAGE,,,ORDINARY_MARQUEE_CANDIDATE,0,,,
source:fragments/1829/07/15-img2905-right,CREATE_FRAGMENT,,fragments/1829/07/15-img2905-right,1829-07-15,,2,2,CREATE_MISSING,USE_SOURCE,false,MARQUEE,REVIEW_LEDGER_OVERRIDE,ENSURE_MARQUEE_EXISTS,757,PLACEMENT_ANCHOR,RECONCILIATION_CREATE_STAGE,fragments/1829/07/15-img2905-left,,,0,Richard,2026-09-10T11:31:34+01:00,Valid source fragment suppressed by the legacy sequence collision behaviour.
database:617,RETAIN_EXISTING,617,fragments/1829/07/16-img2906-left,1829-07-16,1,1,1,AUTO_MATCHED_EXACT,MATCHED_CONTENT,false,MARQUEE,NO_EMBEDDED_IMAGE,KEEP_EXISTING,758,INVENTORY_MARQUEE,SAFE_TYPED_FRAGMENT_STAGE,,,ORDINARY_MARQUEE_CANDIDATE,0,,,
source:fragments/1829/07/16-img2906-right,CREATE_FRAGMENT,,fragments/1829/07/16-img2906-right,1829-07-16,,2,2,CREATE_MISSING,USE_SOURCE,false,MARQUEE,REVIEW_LEDGER_OVERRIDE,ENSURE_MARQUEE_EXISTS,758,PLACEMENT_ANCHOR,RECONCILIATION_CREATE_STAGE,fragments/1829/07/16-img2906-left,,,0,Richard,2026-09-10T11:31:34+01:00,Valid source fragment suppressed by the legacy sequence collision behaviour.
database:618,RETAIN_EXISTING,618,fragments/1829/07/17-img2906-right,1829-07-17,1,1,1,AUTO_MATCHED_EXACT,MATCHED_CONTENT,false,MARQUEE,NO_EMBEDDED_IMAGE,KEEP_EXISTING,758,INVENTORY_MARQUEE,SAFE_TYPED_FRAGMENT_STAGE,,,ORDINARY_MARQUEE_CANDIDATE,0,,,
database:619,RETAIN_EXISTING,619,fragments/1829/07/17-img2907-left,1829-07-17,2,2,2,AUTO_MATCHED_EXACT,MATCHED_CONTENT,false,MARQUEE,NO_EMBEDDED_IMAGE,KEEP_EXISTING,759,INVENTORY_MARQUEE,SAFE_TYPED_FRAGMENT_STAGE,,,ORDINARY_MARQUEE_CANDIDATE,0,,,
database:620,RETAIN_EXISTING,620,fragments/1829/07/18-img2907-left,1829-07-18,1,1,1,AUTO_MATCHED_EXACT,MATCHED_CONTENT,false,MARQUEE,NO_EMBEDDED_IMAGE,KEEP_EXISTING,759,INVENTORY_MARQUEE,SAFE_TYPED_FRAGMENT_STAGE,,,ORDINARY_MARQUEE_CANDIDATE,0,,,
database:621,RETAIN_EXISTING,621,fragments/1829/07/19-img2907-right,1829-07-19,1,1,1,AUTO_MATCHED_EXACT,MATCHED_CONTENT,false,MARQUEE,NO_EMBEDDED_IMAGE,KEEP_EXISTING,759,INVENTORY_MARQUEE,SAFE_TYPED_FRAGMENT_STAGE,,,ORDINARY_MARQUEE_CANDIDATE,0,,,
database:622,RETAIN_EXISTING,622,fragments/1829/07/20-img2907-right,1829-07-20,1,1,1,AUTO_MATCHED_EXACT,MATCHED_CONTENT,false,MARQUEE,NO_EMBEDDED_IMAGE,KEEP_EXISTING,759,INVENTORY_MARQUEE,SAFE_TYPED_FRAGMENT_STAGE,,,ORDINARY_MARQUEE_CANDIDATE,0,,,
database:623,RETAIN_EXISTING,623,fragments/1829/07/21-img2908-left,1829-07-21,1,1,1,AUTO_MATCHED_EXACT,MATCHED_CONTENT,false,MARQUEE,NO_EMBEDDED_IMAGE,KEEP_EXISTING,760,INVENTORY_MARQUEE,SAFE_TYPED_FRAGMENT_STAGE,,,ORDINARY_MARQUEE_CANDIDATE,0,,,
database:624,RETAIN_EXISTING,624,fragments/1829/07/22-img2908-left,1829-07-22,1,1,1,AUTO_MATCHED_EXACT,MATCHED_CONTENT,false,MARQUEE,NO_EMBEDDED_IMAGE,KEEP_EXISTING,760,INVENTORY_MARQUEE,SAFE_TYPED_FRAGMENT_STAGE,,,ORDINARY_MARQUEE_CANDIDATE,0,,,
database:625,RETAIN_EXISTING,625,fragments/1829/07/23-img2908-left,1829-07-23,1,1,1,AUTO_MATCHED_EXACT,MATCHED_CONTENT,false,MARQUEE,NO_EMBEDDED_IMAGE,KEEP_EXISTING,760,INVENTORY_MARQUEE,SAFE_TYPED_FRAGMENT_STAGE,,,ORDINARY_MARQUEE_CANDIDATE,0,,,
source:fragments/1829/07/23-img2908-right,CREATE_FRAGMENT,,fragments/1829/07/23-img2908-right,1829-07-23,,2,2,CREATE_MISSING,USE_SOURCE,false,MARQUEE,REVIEW_LEDGER_OVERRIDE,ENSURE_MARQUEE_EXISTS,760,PLACEMENT_ANCHOR,RECONCILIATION_CREATE_STAGE,fragments/1829/07/23-img2908-left,,,0,Richard,2026-09-10T11:31:34+01:00,Valid source fragment suppressed by the legacy sequence collision behaviour.
database:626,RETAIN_EXISTING,626,fragments/1829/07/24-img2908-right,1829-07-24,1,1,1,AUTO_MATCHED_EXACT,MATCHED_CONTENT,false,MARQUEE,NO_EMBEDDED_IMAGE,KEEP_EXISTING,760,INVENTORY_MARQUEE,SAFE_TYPED_FRAGMENT_STAGE,,,ORDINARY_MARQUEE_CANDIDATE,0,,,
database:627,RETAIN_EXISTING,627,fragments/1829/07/25-img2908-right,1829-07-25,1,1,1,AUTO_MATCHED_EXACT,MATCHED_CONTENT,false,MARQUEE,NO_EMBEDDED_IMAGE,KEEP_EXISTING,760,INVENTORY_MARQUEE,SAFE_TYPED_FRAGMENT_STAGE,,,ORDINARY_MARQUEE_CANDIDATE,0,,,
database:628,RETAIN_EXISTING,628,fragments/1829/07/25-img2909-left,1829-07-25,2,2,2,AUTO_MATCHED_EXACT,MATCHED_CONTENT,false,MARQUEE,NO_EMBEDDED_IMAGE,KEEP_EXISTING,761,INVENTORY_MARQUEE,SAFE_TYPED_FRAGMENT_STAGE,,,ORDINARY_MARQUEE_CANDIDATE,0,,,
database:629,RETAIN_EXISTING,629,fragments/1829/07/26-img2909-left,1829-07-26,1,1,1,AUTO_MATCHED_EXACT,MATCHED_CONTENT,false,MARQUEE,NO_EMBEDDED_IMAGE,KEEP_EXISTING,761,INVENTORY_MARQUEE,SAFE_TYPED_FRAGMENT_STAGE,,,ORDINARY_MARQUEE_CANDIDATE,0,,,
database:630,RETAIN_EXISTING,630,fragments/1829/07/27-img2909-left,1829-07-27,1,1,1,AUTO_MATCHED_EXACT,MATCHED_CONTENT,false,MARQUEE,NO_EMBEDDED_IMAGE,KEEP_EXISTING,761,INVENTORY_MARQUEE,SAFE_TYPED_FRAGMENT_STAGE,,,ORDINARY_MARQUEE_CANDIDATE,0,,,
database:631,RETAIN_EXISTING,631,fragments/1829/07/28-img2909-right,1829-07-28,1,1,1,AUTO_MATCHED_EXACT,MATCHED_CONTENT,false,MARQUEE,NO_EMBEDDED_IMAGE,KEEP_EXISTING,761,INVENTORY_MARQUEE,SAFE_TYPED_FRAGMENT_STAGE,,,ORDINARY_MARQUEE_CANDIDATE,0,,,
database:632,RETAIN_EXISTING,632,fragments/1829/07/29-b1-img2910-roderick-random-and-peregrine-pickle-1,1829-07-29,1,1,1,AUTO_MATCHED_EXACT,MATCHED_CONTENT,true,IMAGE,DATABASE_EMBEDDED_IMAGE,KEEP_ABSENT,,UNRESOLVED,DEFERRED_IMAGE_MIGRATION,,images/img2910-commodore-trunnion-and-jack-hatchway.jpg,ORPHAN_OR_INCONSISTENT,1,,,
database:633,RETAIN_EXISTING,633,fragments/1829/07/29-b2-img2910-roderick-random-and-peregrine-pickle-2,1829-07-29,2,2,2,AUTO_MATCHED_EXACT,MATCHED_CONTENT,true,IMAGE,DATABASE_EMBEDDED_IMAGE,KEEP_ABSENT,,UNRESOLVED,DEFERRED_IMAGE_MIGRATION,,images/img2910-peregrine-pickle-1st-edition.png,ORPHAN_OR_INCONSISTENT,1,,,
database:634,RETAIN_EXISTING,634,fragments/1829/07/29-img2909-right,1829-07-29,3,3,3,AUTO_MATCHED_EXACT,MATCHED_CONTENT,false,MARQUEE,NO_EMBEDDED_IMAGE,KEEP_EXISTING,761,INVENTORY_MARQUEE,SAFE_TYPED_FRAGMENT_STAGE,,,ORDINARY_MARQUEE_CANDIDATE,0,,,
database:635,RETAIN_EXISTING,635,fragments/1829/07/30-img2909-right,1829-07-30,1,1,1,AUTO_MATCHED_EXACT,MATCHED_CONTENT,false,MARQUEE,NO_EMBEDDED_IMAGE,KEEP_EXISTING,761,INVENTORY_MARQUEE,SAFE_TYPED_FRAGMENT_STAGE,,,ORDINARY_MARQUEE_CANDIDATE,0,,,
database:636,RETAIN_EXISTING,636,fragments/1829/07/30-img2910-left,1829-07-30,2,2,2,AUTO_MATCHED_EXACT,MATCHED_CONTENT,false,MARQUEE,NO_EMBEDDED_IMAGE,KEEP_EXISTING,762,INVENTORY_MARQUEE,SAFE_TYPED_FRAGMENT_STAGE,,,ORDINARY_MARQUEE_CANDIDATE,0,,,
database:637,RETAIN_EXISTING,637,fragments/1829/07/31-img2910-left,1829-07-31,1,1,1,AUTO_MATCHED_EXACT,MATCHED_CONTENT,false,MARQUEE,NO_EMBEDDED_IMAGE,KEEP_EXISTING,762,INVENTORY_MARQUEE,SAFE_TYPED_FRAGMENT_STAGE,,,ORDINARY_MARQUEE_CANDIDATE,0,,,
database:638,RETAIN_EXISTING,638,fragments/1829/08/01-img2910-left,1829-08-01,1,1,1,AUTO_MATCHED_EXACT,MATCHED_CONTENT,false,MARQUEE,NO_EMBEDDED_IMAGE,KEEP_EXISTING,762,INVENTORY_MARQUEE,SAFE_TYPED_FRAGMENT_STAGE,,,ORDINARY_MARQUEE_CANDIDATE,0,,,
database:639,RETAIN_EXISTING,639,fragments/1829/08/02-img2910-right,1829-08-02,1,1,1,AUTO_MATCHED_EXACT,MATCHED_CONTENT,false,MARQUEE,NO_EMBEDDED_IMAGE,KEEP_EXISTING,762,INVENTORY_MARQUEE,SAFE_TYPED_FRAGMENT_STAGE,,,ORDINARY_MARQUEE_CANDIDATE,0,,,
database:640,RETAIN_EXISTING,640,fragments/1829/08/03-img2910-right,1829-08-03,1,1,1,AUTO_MATCHED_EXACT,MATCHED_CONTENT,false,MARQUEE,NO_EMBEDDED_IMAGE,KEEP_EXISTING,762,INVENTORY_MARQUEE,SAFE_TYPED_FRAGMENT_STAGE,,,ORDINARY_MARQUEE_CANDIDATE,0,,,
database:641,RETAIN_EXISTING,641,fragments/1829/08/04-img2911-left,1829-08-04,1,1,1,AUTO_MATCHED_EXACT,MATCHED_CONTENT,false,MARQUEE,NO_EMBEDDED_IMAGE,KEEP_EXISTING,763,INVENTORY_MARQUEE,SAFE_TYPED_FRAGMENT_STAGE,,,ORDINARY_MARQUEE_CANDIDATE,0,,,
database:642,RETAIN_EXISTING,642,fragments/1829/08/05-img2911-left,1829-08-05,1,1,1,AUTO_MATCHED_EXACT,MATCHED_CONTENT,false,MARQUEE,NO_EMBEDDED_IMAGE,KEEP_EXISTING,763,INVENTORY_MARQUEE,SAFE_TYPED_FRAGMENT_STAGE,,,ORDINARY_MARQUEE_CANDIDATE,0,,,
source:fragments/1829/08/05-img2911-right,CREATE_FRAGMENT,,fragments/1829/08/05-img2911-right,1829-08-05,,2,2,CREATE_MISSING,USE_SOURCE,false,MARQUEE,REVIEW_LEDGER_OVERRIDE,ENSURE_MARQUEE_EXISTS,763,PLACEMENT_ANCHOR,RECONCILIATION_CREATE_STAGE,fragments/1829/08/05-img2911-left,,,0,Richard,2026-09-10T11:31:34+01:00,Valid source fragment suppressed by the legacy sequence collision behaviour.
database:643,RETAIN_EXISTING,643,fragments/1829/08/06-img2911-right,1829-08-06,1,1,1,AUTO_MATCHED_EXACT,MATCHED_CONTENT,false,MARQUEE,NO_EMBEDDED_IMAGE,KEEP_EXISTING,763,INVENTORY_MARQUEE,SAFE_TYPED_FRAGMENT_STAGE,,,ORDINARY_MARQUEE_CANDIDATE,0,,,
database:644,RETAIN_EXISTING,644,fragments/1829/08/07-img2912-left,1829-08-07,1,1,1,AUTO_MATCHED_EXACT,MATCHED_CONTENT,false,MARQUEE,NO_EMBEDDED_IMAGE,KEEP_EXISTING,764,INVENTORY_MARQUEE,SAFE_TYPED_FRAGMENT_STAGE,,,ORDINARY_MARQUEE_CANDIDATE,0,,,
database:645,RETAIN_EXISTING,645,fragments/1829/08/08-img2912-left,1829-08-08,1,1,1,AUTO_MATCHED_EXACT,MATCHED_CONTENT,false,MARQUEE,NO_EMBEDDED_IMAGE,KEEP_EXISTING,764,INVENTORY_MARQUEE,SAFE_TYPED_FRAGMENT_STAGE,,,ORDINARY_MARQUEE_CANDIDATE,0,,,
source:fragments/1829/08/08-img2912-right,CREATE_FRAGMENT,,fragments/1829/08/08-img2912-right,1829-08-08,,2,2,CREATE_MISSING,USE_SOURCE,false,MARQUEE,REVIEW_LEDGER_OVERRIDE,ENSURE_MARQUEE_EXISTS,764,PLACEMENT_ANCHOR,RECONCILIATION_CREATE_STAGE,fragments/1829/08/08-img2912-left,,,0,Richard,2026-09-10T11:31:34+01:00,Valid source fragment suppressed by the legacy sequence collision behaviour.
database:646,RETAIN_EXISTING,646,fragments/1829/08/09-img2912-right,1829-08-09,1,1,1,AUTO_MATCHED_EXACT,MATCHED_CONTENT,false,MARQUEE,NO_EMBEDDED_IMAGE,KEEP_EXISTING,764,INVENTORY_MARQUEE,SAFE_TYPED_FRAGMENT_STAGE,,,ORDINARY_MARQUEE_CANDIDATE,0,,,
database:647,RETAIN_EXISTING,647,fragments/1829/08/10-img2912-right,1829-08-10,1,1,1,AUTO_MATCHED_EXACT,MATCHED_CONTENT,false,MARQUEE,NO_EMBEDDED_IMAGE,KEEP_EXISTING,764,INVENTORY_MARQUEE,SAFE_TYPED_FRAGMENT_STAGE,,,ORDINARY_MARQUEE_CANDIDATE,0,,,
database:648,RETAIN_EXISTING,648,fragments/1829/08/11-img2912-right,1829-08-11,1,1,1,AUTO_MATCHED_EXACT,MATCHED_CONTENT,false,MARQUEE,NO_EMBEDDED_IMAGE,KEEP_EXISTING,764,INVENTORY_MARQUEE,SAFE_TYPED_FRAGMENT_STAGE,,,ORDINARY_MARQUEE_CANDIDATE,0,,,
database:649,RETAIN_EXISTING,649,fragments/1829/08/11-img2913-left,1829-08-11,2,2,2,AUTO_MATCHED_EXACT,MATCHED_CONTENT,false,MARQUEE,NO_EMBEDDED_IMAGE,KEEP_EXISTING,765,INVENTORY_MARQUEE,SAFE_TYPED_FRAGMENT_STAGE,,,ORDINARY_MARQUEE_CANDIDATE,0,,,
database:650,RETAIN_EXISTING,650,fragments/1829/08/12-img2913-left,1829-08-12,1,1,1,AUTO_MATCHED_EXACT,MATCHED_CONTENT,false,MARQUEE,NO_EMBEDDED_IMAGE,KEEP_EXISTING,765,INVENTORY_MARQUEE,SAFE_TYPED_FRAGMENT_STAGE,,,ORDINARY_MARQUEE_CANDIDATE,0,,,
database:651,RETAIN_EXISTING,651,fragments/1829/08/13-img2913-right,1829-08-13,1,1,1,AUTO_MATCHED_EXACT,MATCHED_CONTENT,false,MARQUEE,NO_EMBEDDED_IMAGE,KEEP_EXISTING,765,INVENTORY_MARQUEE,SAFE_TYPED_FRAGMENT_STAGE,,,ORDINARY_MARQUEE_CANDIDATE,0,,,
database:652,RETAIN_EXISTING,652,fragments/1829/08/14-img2913-right,1829-08-14,1,1,1,AUTO_MATCHED_EXACT,MATCHED_CONTENT,false,MARQUEE,NO_EMBEDDED_IMAGE,KEEP_EXISTING,765,INVENTORY_MARQUEE,SAFE_TYPED_FRAGMENT_STAGE,,,ORDINARY_MARQUEE_CANDIDATE,0,,,
database:653,RETAIN_EXISTING,653,fragments/1829/08/14-img2914-left,1829-08-14,2,2,2,AUTO_MATCHED_EXACT,MATCHED_CONTENT,false,MARQUEE,NO_EMBEDDED_IMAGE,KEEP_EXISTING,766,INVENTORY_MARQUEE,SAFE_TYPED_FRAGMENT_STAGE,,,ORDINARY_MARQUEE_CANDIDATE,0,,,
database:654,RETAIN_EXISTING,654,fragments/1829/08/15-img2914-left,1829-08-15,1,1,1,AUTO_MATCHED_EXACT,MATCHED_CONTENT,false,MARQUEE,NO_EMBEDDED_IMAGE,KEEP_EXISTING,766,INVENTORY_MARQUEE,SAFE_TYPED_FRAGMENT_STAGE,,,ORDINARY_MARQUEE_CANDIDATE,0,,,
source:fragments/1829/08/15-img2914-right,CREATE_FRAGMENT,,fragments/1829/08/15-img2914-right,1829-08-15,,2,2,CREATE_MISSING,USE_SOURCE,false,MARQUEE,REVIEW_LEDGER_OVERRIDE,ENSURE_MARQUEE_EXISTS,766,PLACEMENT_ANCHOR,RECONCILIATION_CREATE_STAGE,fragments/1829/08/15-img2914-left,,,0,Richard,2026-09-10T11:31:34+01:00,Valid source fragment suppressed by the legacy sequence collision behaviour.
database:655,RETAIN_EXISTING,655,fragments/1829/08/16-img2914-right,1829-08-16,1,1,1,AUTO_MATCHED_EXACT,MATCHED_CONTENT,false,MARQUEE,NO_EMBEDDED_IMAGE,KEEP_EXISTING,766,INVENTORY_MARQUEE,SAFE_TYPED_FRAGMENT_STAGE,,,ORDINARY_MARQUEE_CANDIDATE,0,,,
database:656,RETAIN_EXISTING,656,fragments/1829/08/17-img2914-right,1829-08-17,1,1,1,AUTO_MATCHED_EXACT,MATCHED_CONTENT,false,MARQUEE,NO_EMBEDDED_IMAGE,KEEP_EXISTING,766,INVENTORY_MARQUEE,SAFE_TYPED_FRAGMENT_STAGE,,,ORDINARY_MARQUEE_CANDIDATE,0,,,
database:657,RETAIN_EXISTING,657,fragments/1829/08/17-img2915-left,1829-08-17,2,2,2,AUTO_MATCHED_EXACT,MATCHED_CONTENT,false,MARQUEE,NO_EMBEDDED_IMAGE,KEEP_EXISTING,767,INVENTORY_MARQUEE,SAFE_TYPED_FRAGMENT_STAGE,,,ORDINARY_MARQUEE_CANDIDATE,0,,,
database:658,RETAIN_EXISTING,658,fragments/1829/08/18-img2915-left,1829-08-18,1,1,1,AUTO_MATCHED_EXACT,MATCHED_CONTENT,false,MARQUEE,NO_EMBEDDED_IMAGE,KEEP_EXISTING,767,INVENTORY_MARQUEE,SAFE_TYPED_FRAGMENT_STAGE,,,ORDINARY_MARQUEE_CANDIDATE,0,,,
database:659,RETAIN_EXISTING,659,fragments/1829/08/19-img2915-left,1829-08-19,1,1,1,AUTO_MATCHED_EXACT,MATCHED_CONTENT,false,MARQUEE,NO_EMBEDDED_IMAGE,KEEP_EXISTING,767,INVENTORY_MARQUEE,SAFE_TYPED_FRAGMENT_STAGE,,,ORDINARY_MARQUEE_CANDIDATE,0,,,
database:660,RETAIN_EXISTING,660,fragments/1829/08/20-img2915-left,1829-08-20,1,1,1,AUTO_MATCHED_EXACT,MATCHED_CONTENT,false,MARQUEE,NO_EMBEDDED_IMAGE,KEEP_EXISTING,767,INVENTORY_MARQUEE,SAFE_TYPED_FRAGMENT_STAGE,,,ORDINARY_MARQUEE_CANDIDATE,0,,,
source:fragments/1829/08/20-img2915-right,CREATE_FRAGMENT,,fragments/1829/08/20-img2915-right,1829-08-20,,2,2,CREATE_MISSING,USE_SOURCE,false,MARQUEE,REVIEW_LEDGER_OVERRIDE,ENSURE_MARQUEE_EXISTS,767,PLACEMENT_ANCHOR,RECONCILIATION_CREATE_STAGE,fragments/1829/08/20-img2915-left,,,0,Richard,2026-09-10T11:31:34+01:00,Valid source fragment suppressed by the legacy sequence collision behaviour.
database:661,RETAIN_EXISTING,661,fragments/1829/08/21-img2915-right,1829-08-21,1,1,1,AUTO_MATCHED_EXACT,MATCHED_CONTENT,false,MARQUEE,NO_EMBEDDED_IMAGE,KEEP_EXISTING,767,INVENTORY_MARQUEE,SAFE_TYPED_FRAGMENT_STAGE,,,ORDINARY_MARQUEE_CANDIDATE,0,,,
database:662,RETAIN_EXISTING,662,fragments/1829/08/22-img2916-left,1829-08-22,1,1,1,AUTO_MATCHED_EXACT,MATCHED_CONTENT,false,MARQUEE,NO_EMBEDDED_IMAGE,KEEP_EXISTING,768,INVENTORY_MARQUEE,SAFE_TYPED_FRAGMENT_STAGE,,,ORDINARY_MARQUEE_CANDIDATE,0,,,
source:fragments/1829/08/22-img2916-right,CREATE_FRAGMENT,,fragments/1829/08/22-img2916-right,1829-08-22,,2,2,CREATE_MISSING,USE_SOURCE,false,MARQUEE,REVIEW_LEDGER_OVERRIDE,ENSURE_MARQUEE_EXISTS,768,PLACEMENT_ANCHOR,RECONCILIATION_CREATE_STAGE,fragments/1829/08/22-img2916-left,,,0,Richard,2026-09-10T11:31:34+01:00,Valid source fragment suppressed by the legacy sequence collision behaviour.
database:663,RETAIN_EXISTING,663,fragments/1829/08/23-img2916-right,1829-08-23,1,1,1,AUTO_MATCHED_EXACT,MATCHED_CONTENT,false,MARQUEE,NO_EMBEDDED_IMAGE,KEEP_EXISTING,768,INVENTORY_MARQUEE,SAFE_TYPED_FRAGMENT_STAGE,,,ORDINARY_MARQUEE_CANDIDATE,0,,,
database:664,RETAIN_EXISTING,664,fragments/1829/08/23-img2917-left,1829-08-23,2,2,2,AUTO_MATCHED_EXACT,MATCHED_CONTENT,false,MARQUEE,NO_EMBEDDED_IMAGE,KEEP_EXISTING,769,INVENTORY_MARQUEE,SAFE_TYPED_FRAGMENT_STAGE,,,ORDINARY_MARQUEE_CANDIDATE,0,,,
database:665,RETAIN_EXISTING,665,fragments/1829/08/24-img2917-left,1829-08-24,1,1,1,AUTO_MATCHED_EXACT,MATCHED_CONTENT,false,MARQUEE,NO_EMBEDDED_IMAGE,KEEP_EXISTING,769,INVENTORY_MARQUEE,SAFE_TYPED_FRAGMENT_STAGE,,,ORDINARY_MARQUEE_CANDIDATE,0,,,
database:666,RETAIN_EXISTING,666,fragments/1829/08/25-img2917-right,1829-08-25,1,1,1,AUTO_MATCHED_EXACT,MATCHED_CONTENT,false,MARQUEE,NO_EMBEDDED_IMAGE,KEEP_EXISTING,769,INVENTORY_MARQUEE,SAFE_TYPED_FRAGMENT_STAGE,,,ORDINARY_MARQUEE_CANDIDATE,0,,,
database:667,RETAIN_EXISTING,667,fragments/1829/08/26-img2917-right,1829-08-26,1,1,1,AUTO_MATCHED_EXACT,MATCHED_CONTENT,false,MARQUEE,NO_EMBEDDED_IMAGE,KEEP_EXISTING,769,INVENTORY_MARQUEE,SAFE_TYPED_FRAGMENT_STAGE,,,ORDINARY_MARQUEE_CANDIDATE,0,,,
database:668,RETAIN_EXISTING,668,fragments/1829/08/26-img2918-left,1829-08-26,2,2,2,AUTO_MATCHED_EXACT,MATCHED_CONTENT,false,MARQUEE,NO_EMBEDDED_IMAGE,KEEP_EXISTING,770,INVENTORY_MARQUEE,SAFE_TYPED_FRAGMENT_STAGE,,,ORDINARY_MARQUEE_CANDIDATE,0,,,
database:669,RETAIN_EXISTING,669,fragments/1829/08/27-img2918-left,1829-08-27,1,1,1,AUTO_MATCHED_EXACT,MATCHED_CONTENT,false,MARQUEE,NO_EMBEDDED_IMAGE,KEEP_EXISTING,770,INVENTORY_MARQUEE,SAFE_TYPED_FRAGMENT_STAGE,,,ORDINARY_MARQUEE_CANDIDATE,0,,,
database:670,RETAIN_EXISTING,670,fragments/1829/08/28-img2918-left,1829-08-28,1,1,1,AUTO_MATCHED_EXACT,MATCHED_CONTENT,false,MARQUEE,NO_EMBEDDED_IMAGE,KEEP_EXISTING,770,INVENTORY_MARQUEE,SAFE_TYPED_FRAGMENT_STAGE,,,ORDINARY_MARQUEE_CANDIDATE,0,,,
source:fragments/1829/08/28-img2918-right,CREATE_FRAGMENT,,fragments/1829/08/28-img2918-right,1829-08-28,,2,2,CREATE_MISSING,USE_SOURCE,false,MARQUEE,REVIEW_LEDGER_OVERRIDE,ENSURE_MARQUEE_EXISTS,770,PLACEMENT_ANCHOR,RECONCILIATION_CREATE_STAGE,fragments/1829/08/28-img2918-left,,,0,Richard,2026-09-10T11:31:34+01:00,Valid source fragment suppressed by the legacy sequence collision behaviour.
database:671,RETAIN_EXISTING,671,fragments/1829/08/29-img2918-right,1829-08-29,1,1,1,AUTO_MATCHED_EXACT,MATCHED_CONTENT,false,MARQUEE,NO_EMBEDDED_IMAGE,KEEP_EXISTING,770,INVENTORY_MARQUEE,SAFE_TYPED_FRAGMENT_STAGE,,,ORDINARY_MARQUEE_CANDIDATE,0,,,
database:672,RETAIN_EXISTING,672,fragments/1829/08/29-img2919-left,1829-08-29,2,2,2,AUTO_MATCHED_EXACT,MATCHED_CONTENT,false,MARQUEE,NO_EMBEDDED_IMAGE,KEEP_EXISTING,771,INVENTORY_MARQUEE,SAFE_TYPED_FRAGMENT_STAGE,,,ORDINARY_MARQUEE_CANDIDATE,0,,,
database:673,RETAIN_EXISTING,673,fragments/1829/08/30-img2919-left,1829-08-30,1,1,1,AUTO_MATCHED_EXACT,MATCHED_CONTENT,false,MARQUEE,NO_EMBEDDED_IMAGE,KEEP_EXISTING,771,INVENTORY_MARQUEE,SAFE_TYPED_FRAGMENT_STAGE,,,ORDINARY_MARQUEE_CANDIDATE,0,,,
database:674,RETAIN_EXISTING,674,fragments/1829/08/31-img2919-right,1829-08-31,1,1,1,AUTO_MATCHED_EXACT,MATCHED_CONTENT,false,MARQUEE,NO_EMBEDDED_IMAGE,KEEP_EXISTING,771,INVENTORY_MARQUEE,SAFE_TYPED_FRAGMENT_STAGE,,,ORDINARY_MARQUEE_CANDIDATE,0,,,
database:675,RETAIN_EXISTING,675,fragments/1829/09/01-img2919-right,1829-09-01,1,1,1,AUTO_MATCHED_EXACT,MATCHED_CONTENT,false,MARQUEE,NO_EMBEDDED_IMAGE,KEEP_EXISTING,771,INVENTORY_MARQUEE,SAFE_TYPED_FRAGMENT_STAGE,,,ORDINARY_MARQUEE_CANDIDATE,0,,,
database:676,RETAIN_EXISTING,676,fragments/1829/09/02-img2919-right,1829-09-02,1,1,1,AUTO_MATCHED_EXACT,MATCHED_CONTENT,false,MARQUEE,NO_EMBEDDED_IMAGE,KEEP_EXISTING,771,INVENTORY_MARQUEE,SAFE_TYPED_FRAGMENT_STAGE,,,ORDINARY_MARQUEE_CANDIDATE,0,,,
database:677,RETAIN_EXISTING,677,fragments/1829/09/03-img2920-left,1829-09-03,1,1,1,AUTO_MATCHED_EXACT,MATCHED_CONTENT,false,MARQUEE,NO_EMBEDDED_IMAGE,KEEP_EXISTING,772,INVENTORY_MARQUEE,SAFE_TYPED_FRAGMENT_STAGE,,,ORDINARY_MARQUEE_CANDIDATE,0,,,
database:678,RETAIN_EXISTING,678,fragments/1829/09/04-img2920-left,1829-09-04,1,1,1,AUTO_MATCHED_EXACT,MATCHED_CONTENT,false,MARQUEE,NO_EMBEDDED_IMAGE,KEEP_EXISTING,772,INVENTORY_MARQUEE,SAFE_TYPED_FRAGMENT_STAGE,,,ORDINARY_MARQUEE_CANDIDATE,0,,,
database:679,RETAIN_EXISTING,679,fragments/1829/09/05-b1-img2920-image-map-london,1829-09-05,1,1,1,AUTO_MATCHED_EXACT,MATCHED_CONTENT,true,IMAGE,DATABASE_EMBEDDED_IMAGE,KEEP_ABSENT,,UNRESOLVED,DEFERRED_IMAGE_MIGRATION,,images/img2920-image-map-london.png,ORPHAN_OR_INCONSISTENT,1,,,
database:680,RETAIN_EXISTING,680,fragments/1829/09/05-b2-img2920-bugsbys-hole,1829-09-05,2,2,2,AUTO_MATCHED_EXACT,MATCHED_CONTENT,true,IMAGE,DATABASE_EMBEDDED_IMAGE,KEEP_ABSENT,,UNRESOLVED,DEFERRED_IMAGE_MIGRATION,,images/bugsbys_reach.jpg,ORPHAN_OR_INCONSISTENT,1,,,
database:681,RETAIN_EXISTING,681,fragments/1829/09/05-img2920-left,1829-09-05,3,3,3,AUTO_MATCHED_EXACT,MATCHED_CONTENT,false,MARQUEE,NO_EMBEDDED_IMAGE,KEEP_EXISTING,772,INVENTORY_MARQUEE,SAFE_TYPED_FRAGMENT_STAGE,,,ORDINARY_MARQUEE_CANDIDATE,0,,,
database:682,RETAIN_EXISTING,682,fragments/1829/09/06-img2920-left,1829-09-06,1,1,1,AUTO_MATCHED_EXACT,MATCHED_CONTENT,false,MARQUEE,NO_EMBEDDED_IMAGE,KEEP_EXISTING,772,INVENTORY_MARQUEE,SAFE_TYPED_FRAGMENT_STAGE,,,ORDINARY_MARQUEE_CANDIDATE,0,,,
database:683,RETAIN_EXISTING,683,fragments/1829/09/07-b2-img2920-the-cock-fleet-street-london,1829-09-07,1,1,1,AUTO_MATCHED_EXACT,MATCHED_CONTENT,true,IMAGE,DATABASE_EMBEDDED_IMAGE,KEEP_ABSENT,,UNRESOLVED,DEFERRED_IMAGE_MIGRATION,,images/img2920-the-cock-fleet-street-london.png,ORPHAN_OR_INCONSISTENT,1,,,
database:684,RETAIN_EXISTING,684,fragments/1829/09/07-b3-img2920-the-white-horse-fetter-lane-london,1829-09-07,2,2,2,AUTO_MATCHED_EXACT,MATCHED_CONTENT,true,IMAGE,DATABASE_EMBEDDED_IMAGE,KEEP_ABSENT,,UNRESOLVED,DEFERRED_IMAGE_MIGRATION,,images/img2920-WhiteHorse1896.jpg,ORPHAN_OR_INCONSISTENT,1,,,
database:685,RETAIN_EXISTING,685,fragments/1829/09/07-img2920-right,1829-09-07,3,3,3,AUTO_MATCHED_EXACT,MATCHED_CONTENT,false,MARQUEE,NO_EMBEDDED_IMAGE,KEEP_EXISTING,772,INVENTORY_MARQUEE,SAFE_TYPED_FRAGMENT_STAGE,,,ORDINARY_MARQUEE_CANDIDATE,0,,,
database:686,RETAIN_EXISTING,686,fragments/1829/09/08-img2920-right,1829-09-08,1,1,1,AUTO_MATCHED_EXACT,MATCHED_CONTENT,false,MARQUEE,NO_EMBEDDED_IMAGE,KEEP_EXISTING,772,INVENTORY_MARQUEE,SAFE_TYPED_FRAGMENT_STAGE,,,ORDINARY_MARQUEE_CANDIDATE,0,,,
database:687,RETAIN_EXISTING,687,fragments/1829/09/08-img2921-left,1829-09-08,2,2,2,AUTO_MATCHED_EXACT,MATCHED_CONTENT,false,MARQUEE,NO_EMBEDDED_IMAGE,KEEP_EXISTING,773,INVENTORY_MARQUEE,SAFE_TYPED_FRAGMENT_STAGE,,,ORDINARY_MARQUEE_CANDIDATE,0,,,
database:688,RETAIN_EXISTING,688,fragments/1829/09/09-img2921-left,1829-09-09,1,1,1,AUTO_MATCHED_EXACT,MATCHED_CONTENT,false,MARQUEE,NO_EMBEDDED_IMAGE,KEEP_EXISTING,773,INVENTORY_MARQUEE,SAFE_TYPED_FRAGMENT_STAGE,,,ORDINARY_MARQUEE_CANDIDATE,0,,,
database:689,RETAIN_EXISTING,689,fragments/1829/09/10-img2921-left,1829-09-10,1,1,1,AUTO_MATCHED_EXACT,MATCHED_CONTENT,false,MARQUEE,NO_EMBEDDED_IMAGE,KEEP_EXISTING,773,INVENTORY_MARQUEE,SAFE_TYPED_FRAGMENT_STAGE,,,ORDINARY_MARQUEE_CANDIDATE,0,,,
database:690,RETAIN_EXISTING,690,fragments/1829/09/11-img2921-left,1829-09-11,1,1,1,AUTO_MATCHED_EXACT,MATCHED_CONTENT,false,MARQUEE,NO_EMBEDDED_IMAGE,KEEP_EXISTING,773,INVENTORY_MARQUEE,SAFE_TYPED_FRAGMENT_STAGE,,,ORDINARY_MARQUEE_CANDIDATE,0,,,
source:fragments/1829/09/11-img2921-right,CREATE_FRAGMENT,,fragments/1829/09/11-img2921-right,1829-09-11,,2,2,CREATE_MISSING,USE_SOURCE,false,MARQUEE,REVIEW_LEDGER_OVERRIDE,ENSURE_MARQUEE_EXISTS,773,PLACEMENT_ANCHOR,RECONCILIATION_CREATE_STAGE,fragments/1829/09/11-img2921-left,,,0,Richard,2026-09-10T11:31:34+01:00,Valid source fragment suppressed by the legacy sequence collision behaviour.
database:691,RETAIN_EXISTING,691,fragments/1829/09/12-img2921-right,1829-09-12,1,1,1,AUTO_MATCHED_EXACT,MATCHED_CONTENT,false,MARQUEE,NO_EMBEDDED_IMAGE,KEEP_EXISTING,773,INVENTORY_MARQUEE,SAFE_TYPED_FRAGMENT_STAGE,,,ORDINARY_MARQUEE_CANDIDATE,0,,,
database:692,RETAIN_EXISTING,692,fragments/1829/09/13-img2922-left,1829-09-13,1,1,1,AUTO_MATCHED_EXACT,MATCHED_CONTENT,false,MARQUEE,NO_EMBEDDED_IMAGE,KEEP_EXISTING,774,INVENTORY_MARQUEE,SAFE_TYPED_FRAGMENT_STAGE,,,ORDINARY_MARQUEE_CANDIDATE,0,,,
database:693,RETAIN_EXISTING,693,fragments/1829/09/14-img2922-left,1829-09-14,1,1,1,AUTO_MATCHED_EXACT,MATCHED_CONTENT,false,MARQUEE,NO_EMBEDDED_IMAGE,KEEP_EXISTING,774,INVENTORY_MARQUEE,SAFE_TYPED_FRAGMENT_STAGE,,,ORDINARY_MARQUEE_CANDIDATE,0,,,
source:fragments/1829/09/14-img2922-right,CREATE_FRAGMENT,,fragments/1829/09/14-img2922-right,1829-09-14,,2,2,CREATE_MISSING,USE_SOURCE,false,MARQUEE,REVIEW_LEDGER_OVERRIDE,ENSURE_MARQUEE_EXISTS,774,PLACEMENT_ANCHOR,RECONCILIATION_CREATE_STAGE,fragments/1829/09/14-img2922-left,,,0,Richard,2026-09-10T11:31:34+01:00,Valid source fragment suppressed by the legacy sequence collision behaviour.
database:694,RETAIN_EXISTING,694,fragments/1829/09/15-img2922-right,1829-09-15,1,1,1,AUTO_MATCHED_EXACT,MATCHED_CONTENT,false,MARQUEE,NO_EMBEDDED_IMAGE,KEEP_EXISTING,774,INVENTORY_MARQUEE,SAFE_TYPED_FRAGMENT_STAGE,,,ORDINARY_MARQUEE_CANDIDATE,0,,,
database:695,RETAIN_EXISTING,695,fragments/1829/09/16-img2922-right,1829-09-16,1,1,1,AUTO_MATCHED_EXACT,MATCHED_CONTENT,false,MARQUEE,NO_EMBEDDED_IMAGE,KEEP_EXISTING,774,INVENTORY_MARQUEE,SAFE_TYPED_FRAGMENT_STAGE,,,ORDINARY_MARQUEE_CANDIDATE,0,,,
database:696,RETAIN_EXISTING,696,fragments/1829/09/16-img2923-left,1829-09-16,2,2,2,AUTO_MATCHED_EXACT,MATCHED_CONTENT,false,MARQUEE,NO_EMBEDDED_IMAGE,KEEP_EXISTING,775,INVENTORY_MARQUEE,SAFE_TYPED_FRAGMENT_STAGE,,,ORDINARY_MARQUEE_CANDIDATE,0,,,
database:697,RETAIN_EXISTING,697,fragments/1829/09/17-img2923-left,1829-09-17,1,1,1,AUTO_MATCHED_EXACT,MATCHED_CONTENT,false,MARQUEE,NO_EMBEDDED_IMAGE,KEEP_EXISTING,775,INVENTORY_MARQUEE,SAFE_TYPED_FRAGMENT_STAGE,,,ORDINARY_MARQUEE_CANDIDATE,0,,,
database:698,RETAIN_EXISTING,698,fragments/1829/09/18-img2923-left,1829-09-18,1,1,1,AUTO_MATCHED_EXACT,MATCHED_CONTENT,false,MARQUEE,NO_EMBEDDED_IMAGE,KEEP_EXISTING,775,INVENTORY_MARQUEE,SAFE_TYPED_FRAGMENT_STAGE,,,ORDINARY_MARQUEE_CANDIDATE,0,,,
source:fragments/1829/09/18-img2923-right,CREATE_FRAGMENT,,fragments/1829/09/18-img2923-right,1829-09-18,,2,2,CREATE_MISSING,USE_SOURCE,false,MARQUEE,REVIEW_LEDGER_OVERRIDE,ENSURE_MARQUEE_EXISTS,775,PLACEMENT_ANCHOR,RECONCILIATION_CREATE_STAGE,fragments/1829/09/18-img2923-left,,,0,Richard,2026-09-10T11:31:34+01:00,Valid source fragment suppressed by the legacy sequence collision behaviour.
database:699,RETAIN_EXISTING,699,fragments/1829/09/19-img2923-right,1829-09-19,1,1,1,AUTO_MATCHED_EXACT,MATCHED_CONTENT,false,MARQUEE,NO_EMBEDDED_IMAGE,KEEP_EXISTING,775,INVENTORY_MARQUEE,SAFE_TYPED_FRAGMENT_STAGE,,,ORDINARY_MARQUEE_CANDIDATE,0,,,
database:700,RETAIN_EXISTING,700,fragments/1829/09/20-img2923-right,1829-09-20,1,1,1,AUTO_MATCHED_EXACT,MATCHED_CONTENT,false,MARQUEE,NO_EMBEDDED_IMAGE,KEEP_EXISTING,775,INVENTORY_MARQUEE,SAFE_TYPED_FRAGMENT_STAGE,,,ORDINARY_MARQUEE_CANDIDATE,0,,,
database:701,RETAIN_EXISTING,701,fragments/1829/09/21-img2924-left,1829-09-21,1,1,1,AUTO_MATCHED_EXACT,MATCHED_CONTENT,false,MARQUEE,NO_EMBEDDED_IMAGE,KEEP_EXISTING,776,INVENTORY_MARQUEE,SAFE_TYPED_FRAGMENT_STAGE,,,ORDINARY_MARQUEE_CANDIDATE,0,,,
database:702,RETAIN_EXISTING,702,fragments/1829/09/22-img2924-left,1829-09-22,1,1,1,AUTO_MATCHED_EXACT,MATCHED_CONTENT,false,MARQUEE,NO_EMBEDDED_IMAGE,KEEP_EXISTING,776,INVENTORY_MARQUEE,SAFE_TYPED_FRAGMENT_STAGE,,,ORDINARY_MARQUEE_CANDIDATE,0,,,
database:703,RETAIN_EXISTING,703,fragments/1829/09/23-img2924-right,1829-09-23,1,1,1,AUTO_MATCHED_EXACT,MATCHED_CONTENT,false,MARQUEE,NO_EMBEDDED_IMAGE,KEEP_EXISTING,776,INVENTORY_MARQUEE,SAFE_TYPED_FRAGMENT_STAGE,,,ORDINARY_MARQUEE_CANDIDATE,0,,,
database:704,RETAIN_EXISTING,704,fragments/1829/09/24-img2924-right,1829-09-24,1,1,1,AUTO_MATCHED_EXACT,MATCHED_CONTENT,false,MARQUEE,NO_EMBEDDED_IMAGE,KEEP_EXISTING,776,INVENTORY_MARQUEE,SAFE_TYPED_FRAGMENT_STAGE,,,ORDINARY_MARQUEE_CANDIDATE,0,,,
database:705,RETAIN_EXISTING,705,fragments/1829/09/25-img2924-right,1829-09-25,1,1,1,AUTO_MATCHED_EXACT,MATCHED_CONTENT,false,MARQUEE,NO_EMBEDDED_IMAGE,KEEP_EXISTING,776,INVENTORY_MARQUEE,SAFE_TYPED_FRAGMENT_STAGE,,,ORDINARY_MARQUEE_CANDIDATE,0,,,
database:706,RETAIN_EXISTING,706,fragments/1829/09/26-img2925-left,1829-09-26,1,1,1,AUTO_MATCHED_EXACT,MATCHED_CONTENT,false,MARQUEE,NO_EMBEDDED_IMAGE,KEEP_EXISTING,777,INVENTORY_MARQUEE,SAFE_TYPED_FRAGMENT_STAGE,,,ORDINARY_MARQUEE_CANDIDATE,0,,,
database:707,RETAIN_EXISTING,707,fragments/1829/09/27-img2925-left,1829-09-27,1,1,1,AUTO_MATCHED_EXACT,MATCHED_CONTENT,false,MARQUEE,NO_EMBEDDED_IMAGE,KEEP_EXISTING,777,INVENTORY_MARQUEE,SAFE_TYPED_FRAGMENT_STAGE,,,ORDINARY_MARQUEE_CANDIDATE,0,,,
database:708,RETAIN_EXISTING,708,fragments/1829/09/28-img2925-left,1829-09-28,1,1,1,AUTO_MATCHED_EXACT,MATCHED_CONTENT,false,MARQUEE,NO_EMBEDDED_IMAGE,KEEP_EXISTING,777,INVENTORY_MARQUEE,SAFE_TYPED_FRAGMENT_STAGE,,,ORDINARY_MARQUEE_CANDIDATE,0,,,
database:709,RETAIN_EXISTING,709,fragments/1829/09/29-img2925-left,1829-09-29,1,1,1,AUTO_MATCHED_EXACT,MATCHED_CONTENT,false,MARQUEE,NO_EMBEDDED_IMAGE,KEEP_EXISTING,777,INVENTORY_MARQUEE,SAFE_TYPED_FRAGMENT_STAGE,,,ORDINARY_MARQUEE_CANDIDATE,0,,,
database:710,RETAIN_EXISTING,710,fragments/1829/09/30-img2925-left,1829-09-30,1,1,1,AUTO_MATCHED_EXACT,MATCHED_CONTENT,false,MARQUEE,NO_EMBEDDED_IMAGE,KEEP_EXISTING,777,INVENTORY_MARQUEE,SAFE_TYPED_FRAGMENT_STAGE,,,ORDINARY_MARQUEE_CANDIDATE,0,,,
database:711,RETAIN_EXISTING,711,fragments/1829/10/01-img2925-right,1829-10-01,1,1,1,AUTO_MATCHED_EXACT,MATCHED_CONTENT,false,MARQUEE,NO_EMBEDDED_IMAGE,KEEP_EXISTING,777,INVENTORY_MARQUEE,SAFE_TYPED_FRAGMENT_STAGE,,,ORDINARY_MARQUEE_CANDIDATE,0,,,
database:712,RETAIN_EXISTING,712,fragments/1829/10/02-img2925-right,1829-10-02,1,1,1,AUTO_MATCHED_EXACT,MATCHED_CONTENT,false,MARQUEE,NO_EMBEDDED_IMAGE,KEEP_EXISTING,777,INVENTORY_MARQUEE,SAFE_TYPED_FRAGMENT_STAGE,,,ORDINARY_MARQUEE_CANDIDATE,0,,,
database:713,RETAIN_EXISTING,713,fragments/1829/10/03-img2925-right,1829-10-03,1,1,1,AUTO_MATCHED_EXACT,MATCHED_CONTENT,false,MARQUEE,NO_EMBEDDED_IMAGE,KEEP_EXISTING,777,INVENTORY_MARQUEE,SAFE_TYPED_FRAGMENT_STAGE,,,ORDINARY_MARQUEE_CANDIDATE,0,,,
database:714,RETAIN_EXISTING,714,fragments/1829/10/04-img2925-right,1829-10-04,1,1,1,AUTO_MATCHED_EXACT,MATCHED_CONTENT,false,MARQUEE,NO_EMBEDDED_IMAGE,KEEP_EXISTING,777,INVENTORY_MARQUEE,SAFE_TYPED_FRAGMENT_STAGE,,,ORDINARY_MARQUEE_CANDIDATE,0,,,
database:715,RETAIN_EXISTING,715,fragments/1829/10/05-img2926-left,1829-10-05,1,1,1,AUTO_MATCHED_EXACT,MATCHED_CONTENT,false,MARQUEE,NO_EMBEDDED_IMAGE,KEEP_EXISTING,778,INVENTORY_MARQUEE,SAFE_TYPED_FRAGMENT_STAGE,,,ORDINARY_MARQUEE_CANDIDATE,0,,,
database:716,RETAIN_EXISTING,716,fragments/1829/10/06-img2926-left,1829-10-06,1,1,1,AUTO_MATCHED_EXACT,MATCHED_CONTENT,false,MARQUEE,NO_EMBEDDED_IMAGE,KEEP_EXISTING,778,INVENTORY_MARQUEE,SAFE_TYPED_FRAGMENT_STAGE,,,ORDINARY_MARQUEE_CANDIDATE,0,,,
database:717,RETAIN_EXISTING,717,fragments/1829/10/07-img2926-left,1829-10-07,1,1,1,AUTO_MATCHED_EXACT,MATCHED_CONTENT,false,MARQUEE,NO_EMBEDDED_IMAGE,KEEP_EXISTING,778,INVENTORY_MARQUEE,SAFE_TYPED_FRAGMENT_STAGE,,,ORDINARY_MARQUEE_CANDIDATE,0,,,
database:718,RETAIN_EXISTING,718,fragments/1829/10/08-img2926-left,1829-10-08,1,1,1,AUTO_MATCHED_EXACT,MATCHED_CONTENT,false,MARQUEE,NO_EMBEDDED_IMAGE,KEEP_EXISTING,778,INVENTORY_MARQUEE,SAFE_TYPED_FRAGMENT_STAGE,,,ORDINARY_MARQUEE_CANDIDATE,0,,,
database:719,RETAIN_EXISTING,719,fragments/1829/10/09-img2926-left,1829-10-09,1,1,1,AUTO_MATCHED_EXACT,MATCHED_CONTENT,false,MARQUEE,NO_EMBEDDED_IMAGE,KEEP_EXISTING,778,INVENTORY_MARQUEE,SAFE_TYPED_FRAGMENT_STAGE,,,ORDINARY_MARQUEE_CANDIDATE,0,,,
database:720,RETAIN_EXISTING,720,fragments/1829/10/10-b3-img2926-burnhopeside-hall,1829-10-10,1,1,1,AUTO_MATCHED_EXACT,MATCHED_CONTENT,true,IMAGE,DATABASE_EMBEDDED_IMAGE,KEEP_ABSENT,,UNRESOLVED,DEFERRED_IMAGE_MIGRATION,,images/img2926-burnhopeside-hall.jpg,ORPHAN_OR_INCONSISTENT,1,,,
database:721,RETAIN_EXISTING,721,fragments/1829/10/10-img2926-right,1829-10-10,2,2,2,AUTO_MATCHED_EXACT,MATCHED_CONTENT,false,MARQUEE,NO_EMBEDDED_IMAGE,KEEP_EXISTING,778,INVENTORY_MARQUEE,SAFE_TYPED_FRAGMENT_STAGE,,,ORDINARY_MARQUEE_CANDIDATE,0,,,
database:722,RETAIN_EXISTING,722,fragments/1829/10/11-b3-img2926-lanchester-church,1829-10-11,1,1,1,AUTO_MATCHED_EXACT,MATCHED_CONTENT,true,IMAGE,DATABASE_EMBEDDED_IMAGE,KEEP_ABSENT,,UNRESOLVED,DEFERRED_IMAGE_MIGRATION,,images/img2926-lanchester-church.jpg,ORPHAN_OR_INCONSISTENT,1,,,
database:723,RETAIN_EXISTING,723,fragments/1829/10/11-img2926-right,1829-10-11,2,2,2,AUTO_MATCHED_EXACT,MATCHED_CONTENT,false,MARQUEE,NO_EMBEDDED_IMAGE,KEEP_EXISTING,778,INVENTORY_MARQUEE,SAFE_TYPED_FRAGMENT_STAGE,,,ORDINARY_MARQUEE_CANDIDATE,0,,,
database:724,RETAIN_EXISTING,724,fragments/1829/10/12-img2926-right,1829-10-12,1,1,1,AUTO_MATCHED_EXACT,MATCHED_CONTENT,false,MARQUEE,NO_EMBEDDED_IMAGE,KEEP_EXISTING,778,INVENTORY_MARQUEE,SAFE_TYPED_FRAGMENT_STAGE,,,ORDINARY_MARQUEE_CANDIDATE,0,,,
database:725,RETAIN_EXISTING,725,fragments/1829/10/13-b3-img2927-the-kings-head-lanchester,1829-10-13,1,1,1,AUTO_MATCHED_EXACT,MATCHED_CONTENT,true,IMAGE,DATABASE_EMBEDDED_IMAGE,KEEP_ABSENT,,UNRESOLVED,DEFERRED_IMAGE_MIGRATION,,images/img2927-the-kings-head-lanchester.jpg,ORPHAN_OR_INCONSISTENT,1,,,
database:726,RETAIN_EXISTING,726,fragments/1829/10/13-img2927-left,1829-10-13,2,2,2,AUTO_MATCHED_EXACT,MATCHED_CONTENT,false,MARQUEE,NO_EMBEDDED_IMAGE,KEEP_EXISTING,779,INVENTORY_MARQUEE,SAFE_TYPED_FRAGMENT_STAGE,,,ORDINARY_MARQUEE_CANDIDATE,0,,,
database:727,RETAIN_EXISTING,727,fragments/1829/10/14-img2927-left,1829-10-14,1,1,1,AUTO_MATCHED_EXACT,MATCHED_CONTENT,false,MARQUEE,NO_EMBEDDED_IMAGE,KEEP_EXISTING,779,INVENTORY_MARQUEE,SAFE_TYPED_FRAGMENT_STAGE,,,ORDINARY_MARQUEE_CANDIDATE,0,,,
database:728,RETAIN_EXISTING,728,fragments/1829/10/15-img2927-left,1829-10-15,1,1,1,AUTO_MATCHED_EXACT,MATCHED_CONTENT,false,MARQUEE,NO_EMBEDDED_IMAGE,KEEP_EXISTING,779,INVENTORY_MARQUEE,SAFE_TYPED_FRAGMENT_STAGE,,,ORDINARY_MARQUEE_CANDIDATE,0,,,
database:729,RETAIN_EXISTING,729,fragments/1829/10/16-img2927-right,1829-10-16,1,1,1,AUTO_MATCHED_EXACT,MATCHED_CONTENT,false,MARQUEE,NO_EMBEDDED_IMAGE,KEEP_EXISTING,779,INVENTORY_MARQUEE,SAFE_TYPED_FRAGMENT_STAGE,,,ORDINARY_MARQUEE_CANDIDATE,0,,,
database:730,RETAIN_EXISTING,730,fragments/1829/10/17-img2927-right,1829-10-17,1,1,1,AUTO_MATCHED_EXACT,MATCHED_CONTENT,false,MARQUEE,NO_EMBEDDED_IMAGE,KEEP_EXISTING,779,INVENTORY_MARQUEE,SAFE_TYPED_FRAGMENT_STAGE,,,ORDINARY_MARQUEE_CANDIDATE,0,,,
database:731,RETAIN_EXISTING,731,fragments/1829/10/18-img2927-right,1829-10-18,1,1,1,AUTO_MATCHED_EXACT,MATCHED_CONTENT,false,MARQUEE,NO_EMBEDDED_IMAGE,KEEP_EXISTING,779,INVENTORY_MARQUEE,SAFE_TYPED_FRAGMENT_STAGE,,,ORDINARY_MARQUEE_CANDIDATE,0,,,
database:732,RETAIN_EXISTING,732,fragments/1829/10/19-img2927-right,1829-10-19,1,1,1,AUTO_MATCHED_EXACT,MATCHED_CONTENT,false,MARQUEE,NO_EMBEDDED_IMAGE,KEEP_EXISTING,779,INVENTORY_MARQUEE,SAFE_TYPED_FRAGMENT_STAGE,,,ORDINARY_MARQUEE_CANDIDATE,0,,,
database:733,RETAIN_EXISTING,733,fragments/1829/10/20-img2927-right,1829-10-20,1,1,1,AUTO_MATCHED_EXACT,MATCHED_CONTENT,false,MARQUEE,NO_EMBEDDED_IMAGE,KEEP_EXISTING,779,INVENTORY_MARQUEE,SAFE_TYPED_FRAGMENT_STAGE,,,ORDINARY_MARQUEE_CANDIDATE,0,,,
database:734,RETAIN_EXISTING,734,fragments/1829/10/21-img2928-left,1829-10-21,1,1,1,AUTO_MATCHED_EXACT,MATCHED_CONTENT,false,MARQUEE,NO_EMBEDDED_IMAGE,KEEP_EXISTING,780,INVENTORY_MARQUEE,SAFE_TYPED_FRAGMENT_STAGE,,,ORDINARY_MARQUEE_CANDIDATE,0,,,
database:735,RETAIN_EXISTING,735,fragments/1829/10/22-img2928-left,1829-10-22,1,1,1,AUTO_MATCHED_EXACT,MATCHED_CONTENT,false,MARQUEE,NO_EMBEDDED_IMAGE,KEEP_EXISTING,780,INVENTORY_MARQUEE,SAFE_TYPED_FRAGMENT_STAGE,,,ORDINARY_MARQUEE_CANDIDATE,0,,,
database:736,RETAIN_EXISTING,736,fragments/1829/10/23-img2928-left,1829-10-23,1,1,1,AUTO_MATCHED_EXACT,MATCHED_CONTENT,false,MARQUEE,NO_EMBEDDED_IMAGE,KEEP_EXISTING,780,INVENTORY_MARQUEE,SAFE_TYPED_FRAGMENT_STAGE,,,ORDINARY_MARQUEE_CANDIDATE,0,,,
database:737,RETAIN_EXISTING,737,fragments/1829/10/24-img2928-right,1829-10-24,1,1,1,AUTO_MATCHED_EXACT,MATCHED_CONTENT,false,MARQUEE,NO_EMBEDDED_IMAGE,KEEP_EXISTING,780,INVENTORY_MARQUEE,SAFE_TYPED_FRAGMENT_STAGE,,,ORDINARY_MARQUEE_CANDIDATE,0,,,
database:738,RETAIN_EXISTING,738,fragments/1829/10/25-img2928-right,1829-10-25,1,1,1,AUTO_MATCHED_EXACT,MATCHED_CONTENT,false,MARQUEE,NO_EMBEDDED_IMAGE,KEEP_EXISTING,780,INVENTORY_MARQUEE,SAFE_TYPED_FRAGMENT_STAGE,,,ORDINARY_MARQUEE_CANDIDATE,0,,,
database:739,RETAIN_EXISTING,739,fragments/1829/10/26-b3-img2928-lucia-vestris,1829-10-26,1,1,1,AUTO_MATCHED_EXACT,MATCHED_CONTENT,true,IMAGE,DATABASE_EMBEDDED_IMAGE,KEEP_ABSENT,,UNRESOLVED,DEFERRED_IMAGE_MIGRATION,,images/Lucia_Elizabeth_Vestris_by_Robert_William_Buss.jpg,ORPHAN_OR_INCONSISTENT,1,,,
database:740,RETAIN_EXISTING,740,fragments/1829/10/26-img2928-right,1829-10-26,2,2,2,AUTO_MATCHED_EXACT,MATCHED_CONTENT,false,MARQUEE,NO_EMBEDDED_IMAGE,KEEP_EXISTING,780,INVENTORY_MARQUEE,SAFE_TYPED_FRAGMENT_STAGE,,,ORDINARY_MARQUEE_CANDIDATE,0,,,
database:741,RETAIN_EXISTING,741,fragments/1829/10/27-img2928-right,1829-10-27,1,1,1,AUTO_MATCHED_EXACT,MATCHED_CONTENT,false,MARQUEE,NO_EMBEDDED_IMAGE,KEEP_EXISTING,780,INVENTORY_MARQUEE,SAFE_TYPED_FRAGMENT_STAGE,,,ORDINARY_MARQUEE_CANDIDATE,0,,,
database:742,RETAIN_EXISTING,742,fragments/1829/10/27-img2929-left,1829-10-27,2,2,2,AUTO_MATCHED_EXACT,MATCHED_CONTENT,false,MARQUEE,NO_EMBEDDED_IMAGE,KEEP_EXISTING,781,INVENTORY_MARQUEE,SAFE_TYPED_FRAGMENT_STAGE,,,ORDINARY_MARQUEE_CANDIDATE,0,,,
database:743,RETAIN_EXISTING,743,fragments/1829/10/28-img2929-left,1829-10-28,1,1,1,AUTO_MATCHED_EXACT,MATCHED_CONTENT,false,MARQUEE,NO_EMBEDDED_IMAGE,KEEP_EXISTING,781,INVENTORY_MARQUEE,SAFE_TYPED_FRAGMENT_STAGE,,,ORDINARY_MARQUEE_CANDIDATE,0,,,
database:744,RETAIN_EXISTING,744,fragments/1829/10/29-img2929-left,1829-10-29,1,1,1,AUTO_MATCHED_EXACT,MATCHED_CONTENT,false,MARQUEE,NO_EMBEDDED_IMAGE,KEEP_EXISTING,781,INVENTORY_MARQUEE,SAFE_TYPED_FRAGMENT_STAGE,,,ORDINARY_MARQUEE_CANDIDATE,0,,,
database:745,RETAIN_EXISTING,745,fragments/1829/10/30-img2929-left,1829-10-30,1,1,1,AUTO_MATCHED_EXACT,MATCHED_CONTENT,false,MARQUEE,NO_EMBEDDED_IMAGE,KEEP_EXISTING,781,INVENTORY_MARQUEE,SAFE_TYPED_FRAGMENT_STAGE,,,ORDINARY_MARQUEE_CANDIDATE,0,,,
database:746,RETAIN_EXISTING,746,fragments/1829/10/31-img2929-left,1829-10-31,1,1,1,AUTO_MATCHED_EXACT,MATCHED_CONTENT,false,MARQUEE,NO_EMBEDDED_IMAGE,KEEP_EXISTING,781,INVENTORY_MARQUEE,SAFE_TYPED_FRAGMENT_STAGE,,,ORDINARY_MARQUEE_CANDIDATE,0,,,
database:747,RETAIN_EXISTING,747,fragments/1829/11/01-img2929-right,1829-11-01,1,1,1,AUTO_MATCHED_EXACT,MATCHED_CONTENT,false,MARQUEE,NO_EMBEDDED_IMAGE,KEEP_EXISTING,781,INVENTORY_MARQUEE,SAFE_TYPED_FRAGMENT_STAGE,,,ORDINARY_MARQUEE_CANDIDATE,0,,,
database:748,RETAIN_EXISTING,748,fragments/1829/11/02-img2929-right,1829-11-02,1,1,1,AUTO_MATCHED_EXACT,MATCHED_CONTENT,false,MARQUEE,NO_EMBEDDED_IMAGE,KEEP_EXISTING,781,INVENTORY_MARQUEE,SAFE_TYPED_FRAGMENT_STAGE,,,ORDINARY_MARQUEE_CANDIDATE,0,,,
database:749,RETAIN_EXISTING,749,fragments/1829/11/03-img2929-right,1829-11-03,1,1,1,AUTO_MATCHED_EXACT,MATCHED_CONTENT,false,MARQUEE,NO_EMBEDDED_IMAGE,KEEP_EXISTING,781,INVENTORY_MARQUEE,SAFE_TYPED_FRAGMENT_STAGE,,,ORDINARY_MARQUEE_CANDIDATE,0,,,
database:750,RETAIN_EXISTING,750,fragments/1829/11/05-img2930-left,1829-11-05,1,1,1,AUTO_MATCHED_EXACT,MATCHED_CONTENT,false,MARQUEE,NO_EMBEDDED_IMAGE,KEEP_EXISTING,782,INVENTORY_MARQUEE,SAFE_TYPED_FRAGMENT_STAGE,,,ORDINARY_MARQUEE_CANDIDATE,0,,,
database:751,RETAIN_EXISTING,751,fragments/1829/11/06-img2930-left,1829-11-06,1,1,1,AUTO_MATCHED_EXACT,MATCHED_CONTENT,false,MARQUEE,NO_EMBEDDED_IMAGE,KEEP_EXISTING,782,INVENTORY_MARQUEE,SAFE_TYPED_FRAGMENT_STAGE,,,ORDINARY_MARQUEE_CANDIDATE,0,,,
database:752,RETAIN_EXISTING,752,fragments/1829/11/07-img2930-left,1829-11-07,1,1,1,AUTO_MATCHED_EXACT,MATCHED_CONTENT,false,MARQUEE,NO_EMBEDDED_IMAGE,KEEP_EXISTING,782,INVENTORY_MARQUEE,SAFE_TYPED_FRAGMENT_STAGE,,,ORDINARY_MARQUEE_CANDIDATE,0,,,
database:753,RETAIN_EXISTING,753,fragments/1829/11/08-img2930-right,1829-11-08,1,1,1,AUTO_MATCHED_EXACT,MATCHED_CONTENT,false,MARQUEE,NO_EMBEDDED_IMAGE,KEEP_EXISTING,782,INVENTORY_MARQUEE,SAFE_TYPED_FRAGMENT_STAGE,,,ORDINARY_MARQUEE_CANDIDATE,0,,,
database:754,RETAIN_EXISTING,754,fragments/1829/11/09-img2930-right,1829-11-09,1,1,1,AUTO_MATCHED_EXACT,MATCHED_CONTENT,false,MARQUEE,NO_EMBEDDED_IMAGE,KEEP_EXISTING,782,INVENTORY_MARQUEE,SAFE_TYPED_FRAGMENT_STAGE,,,ORDINARY_MARQUEE_CANDIDATE,0,,,
database:755,RETAIN_EXISTING,755,fragments/1829/11/10-img2930-right,1829-11-10,1,1,1,AUTO_MATCHED_EXACT,MATCHED_CONTENT,false,MARQUEE,NO_EMBEDDED_IMAGE,KEEP_EXISTING,782,INVENTORY_MARQUEE,SAFE_TYPED_FRAGMENT_STAGE,,,ORDINARY_MARQUEE_CANDIDATE,0,,,
database:756,RETAIN_EXISTING,756,fragments/1829/11/11-img2930-right,1829-11-11,1,1,1,AUTO_MATCHED_EXACT,MATCHED_CONTENT,false,MARQUEE,NO_EMBEDDED_IMAGE,KEEP_EXISTING,782,INVENTORY_MARQUEE,SAFE_TYPED_FRAGMENT_STAGE,,,ORDINARY_MARQUEE_CANDIDATE,0,,,
database:757,RETAIN_EXISTING,757,fragments/1829/11/12-img2930-right,1829-11-12,1,1,1,AUTO_MATCHED_EXACT,MATCHED_CONTENT,false,MARQUEE,NO_EMBEDDED_IMAGE,KEEP_EXISTING,782,INVENTORY_MARQUEE,SAFE_TYPED_FRAGMENT_STAGE,,,ORDINARY_MARQUEE_CANDIDATE,0,,,
database:758,RETAIN_EXISTING,758,fragments/1829/11/13-img2931-left,1829-11-13,1,1,1,AUTO_MATCHED_EXACT,MATCHED_CONTENT,false,MARQUEE,NO_EMBEDDED_IMAGE,KEEP_EXISTING,783,INVENTORY_MARQUEE,SAFE_TYPED_FRAGMENT_STAGE,,,ORDINARY_MARQUEE_CANDIDATE,0,,,
database:759,RETAIN_EXISTING,759,fragments/1829/11/14-img2931-left,1829-11-14,1,1,1,AUTO_MATCHED_EXACT,MATCHED_CONTENT,false,MARQUEE,NO_EMBEDDED_IMAGE,KEEP_EXISTING,783,INVENTORY_MARQUEE,SAFE_TYPED_FRAGMENT_STAGE,,,ORDINARY_MARQUEE_CANDIDATE,0,,,
database:760,RETAIN_EXISTING,760,fragments/1829/11/15-img2931-left,1829-11-15,1,1,1,AUTO_MATCHED_EXACT,MATCHED_CONTENT,false,MARQUEE,NO_EMBEDDED_IMAGE,KEEP_EXISTING,783,INVENTORY_MARQUEE,SAFE_TYPED_FRAGMENT_STAGE,,,ORDINARY_MARQUEE_CANDIDATE,0,,,
database:761,RETAIN_EXISTING,761,fragments/1829/11/16-img2931-left,1829-11-16,1,1,1,AUTO_MATCHED_EXACT,MATCHED_CONTENT,false,MARQUEE,NO_EMBEDDED_IMAGE,KEEP_EXISTING,783,INVENTORY_MARQUEE,SAFE_TYPED_FRAGMENT_STAGE,,,ORDINARY_MARQUEE_CANDIDATE,0,,,
database:762,RETAIN_EXISTING,762,fragments/1829/11/17-img2931-left,1829-11-17,1,1,1,AUTO_MATCHED_EXACT,MATCHED_CONTENT,false,MARQUEE,NO_EMBEDDED_IMAGE,KEEP_EXISTING,783,INVENTORY_MARQUEE,SAFE_TYPED_FRAGMENT_STAGE,,,ORDINARY_MARQUEE_CANDIDATE,0,,,
database:763,RETAIN_EXISTING,763,fragments/1829/11/18-img2931-right,1829-11-18,1,1,1,AUTO_MATCHED_EXACT,MATCHED_CONTENT,false,MARQUEE,NO_EMBEDDED_IMAGE,KEEP_EXISTING,783,INVENTORY_MARQUEE,SAFE_TYPED_FRAGMENT_STAGE,,,ORDINARY_MARQUEE_CANDIDATE,0,,,
database:764,RETAIN_EXISTING,764,fragments/1829/11/19-img2931-right,1829-11-19,1,1,1,AUTO_MATCHED_EXACT,MATCHED_CONTENT,false,MARQUEE,NO_EMBEDDED_IMAGE,KEEP_EXISTING,783,INVENTORY_MARQUEE,SAFE_TYPED_FRAGMENT_STAGE,,,ORDINARY_MARQUEE_CANDIDATE,0,,,
database:765,RETAIN_EXISTING,765,fragments/1829/11/20-img2931-right,1829-11-20,1,1,1,AUTO_MATCHED_EXACT,MATCHED_CONTENT,false,MARQUEE,NO_EMBEDDED_IMAGE,KEEP_EXISTING,783,INVENTORY_MARQUEE,SAFE_TYPED_FRAGMENT_STAGE,,,ORDINARY_MARQUEE_CANDIDATE,0,,,
database:766,RETAIN_EXISTING,766,fragments/1829/11/21-img2931-right,1829-11-21,1,1,1,AUTO_MATCHED_EXACT,MATCHED_CONTENT,false,MARQUEE,NO_EMBEDDED_IMAGE,KEEP_EXISTING,783,INVENTORY_MARQUEE,SAFE_TYPED_FRAGMENT_STAGE,,,ORDINARY_MARQUEE_CANDIDATE,0,,,
database:767,RETAIN_EXISTING,767,fragments/1829/11/23-img2932-left,1829-11-23,1,1,1,AUTO_MATCHED_EXACT,MATCHED_CONTENT,false,MARQUEE,NO_EMBEDDED_IMAGE,KEEP_EXISTING,784,INVENTORY_MARQUEE,SAFE_TYPED_FRAGMENT_STAGE,,,ORDINARY_MARQUEE_CANDIDATE,0,,,
database:768,RETAIN_EXISTING,768,fragments/1829/11/24-img2932-left,1829-11-24,1,1,1,AUTO_MATCHED_EXACT,MATCHED_CONTENT,false,MARQUEE,NO_EMBEDDED_IMAGE,KEEP_EXISTING,784,INVENTORY_MARQUEE,SAFE_TYPED_FRAGMENT_STAGE,,,ORDINARY_MARQUEE_CANDIDATE,0,,,
database:769,RETAIN_EXISTING,769,fragments/1829/11/25-img2932-left,1829-11-25,1,1,1,AUTO_MATCHED_EXACT,MATCHED_CONTENT,false,MARQUEE,NO_EMBEDDED_IMAGE,KEEP_EXISTING,784,INVENTORY_MARQUEE,SAFE_TYPED_FRAGMENT_STAGE,,,ORDINARY_MARQUEE_CANDIDATE,0,,,
database:770,RETAIN_EXISTING,770,fragments/1829/11/26-img2932-left,1829-11-26,1,1,1,AUTO_MATCHED_EXACT,MATCHED_CONTENT,false,MARQUEE,NO_EMBEDDED_IMAGE,KEEP_EXISTING,784,INVENTORY_MARQUEE,SAFE_TYPED_FRAGMENT_STAGE,,,ORDINARY_MARQUEE_CANDIDATE,0,,,
database:771,RETAIN_EXISTING,771,fragments/1829/11/27-img2932-left,1829-11-27,1,1,1,AUTO_MATCHED_EXACT,MATCHED_CONTENT,false,MARQUEE,NO_EMBEDDED_IMAGE,KEEP_EXISTING,784,INVENTORY_MARQUEE,SAFE_TYPED_FRAGMENT_STAGE,,,ORDINARY_MARQUEE_CANDIDATE,0,,,
database:772,RETAIN_EXISTING,772,fragments/1829/11/28-img2932-right,1829-11-28,1,1,1,AUTO_MATCHED_EXACT,MATCHED_CONTENT,false,MARQUEE,NO_EMBEDDED_IMAGE,KEEP_EXISTING,784,INVENTORY_MARQUEE,SAFE_TYPED_FRAGMENT_STAGE,,,ORDINARY_MARQUEE_CANDIDATE,0,,,
database:773,RETAIN_EXISTING,773,fragments/1829/11/29-img2932-right,1829-11-29,1,1,1,AUTO_MATCHED_EXACT,MATCHED_CONTENT,false,MARQUEE,NO_EMBEDDED_IMAGE,KEEP_EXISTING,784,INVENTORY_MARQUEE,SAFE_TYPED_FRAGMENT_STAGE,,,ORDINARY_MARQUEE_CANDIDATE,0,,,
database:774,RETAIN_EXISTING,774,fragments/1829/11/30-img2932-right,1829-11-30,1,1,1,AUTO_MATCHED_EXACT,MATCHED_CONTENT,false,MARQUEE,NO_EMBEDDED_IMAGE,KEEP_EXISTING,784,INVENTORY_MARQUEE,SAFE_TYPED_FRAGMENT_STAGE,,,ORDINARY_MARQUEE_CANDIDATE,0,,,
database:775,RETAIN_EXISTING,775,fragments/1829/12/01-img2933-left,1829-12-01,1,1,1,AUTO_MATCHED_EXACT,MATCHED_CONTENT,false,MARQUEE,NO_EMBEDDED_IMAGE,KEEP_EXISTING,785,INVENTORY_MARQUEE,SAFE_TYPED_FRAGMENT_STAGE,,,ORDINARY_MARQUEE_CANDIDATE,0,,,
database:776,RETAIN_EXISTING,776,fragments/1829/12/02-img2933-left,1829-12-02,1,1,1,AUTO_MATCHED_EXACT,MATCHED_CONTENT,false,MARQUEE,NO_EMBEDDED_IMAGE,KEEP_EXISTING,785,INVENTORY_MARQUEE,SAFE_TYPED_FRAGMENT_STAGE,,,ORDINARY_MARQUEE_CANDIDATE,0,,,
database:777,RETAIN_EXISTING,777,fragments/1829/12/03-img2933-left,1829-12-03,1,1,1,AUTO_MATCHED_EXACT,MATCHED_CONTENT,false,MARQUEE,NO_EMBEDDED_IMAGE,KEEP_EXISTING,785,INVENTORY_MARQUEE,SAFE_TYPED_FRAGMENT_STAGE,,,ORDINARY_MARQUEE_CANDIDATE,0,,,
database:778,RETAIN_EXISTING,778,fragments/1829/12/04-img2933-left,1829-12-04,1,1,1,AUTO_MATCHED_EXACT,MATCHED_CONTENT,false,MARQUEE,NO_EMBEDDED_IMAGE,KEEP_EXISTING,785,INVENTORY_MARQUEE,SAFE_TYPED_FRAGMENT_STAGE,,,ORDINARY_MARQUEE_CANDIDATE,0,,,
database:779,RETAIN_EXISTING,779,fragments/1829/12/05-img2933-left,1829-12-05,1,1,1,AUTO_MATCHED_EXACT,MATCHED_CONTENT,false,MARQUEE,NO_EMBEDDED_IMAGE,KEEP_EXISTING,785,INVENTORY_MARQUEE,SAFE_TYPED_FRAGMENT_STAGE,,,ORDINARY_MARQUEE_CANDIDATE,0,,,
database:780,RETAIN_EXISTING,780,fragments/1829/12/06-img2933-right,1829-12-06,1,1,1,AUTO_MATCHED_EXACT,MATCHED_CONTENT,false,MARQUEE,NO_EMBEDDED_IMAGE,KEEP_EXISTING,785,INVENTORY_MARQUEE,SAFE_TYPED_FRAGMENT_STAGE,,,ORDINARY_MARQUEE_CANDIDATE,0,,,
database:781,RETAIN_EXISTING,781,fragments/1829/12/07-img2933-right,1829-12-07,1,1,1,AUTO_MATCHED_EXACT,MATCHED_CONTENT,false,MARQUEE,NO_EMBEDDED_IMAGE,KEEP_EXISTING,785,INVENTORY_MARQUEE,SAFE_TYPED_FRAGMENT_STAGE,,,ORDINARY_MARQUEE_CANDIDATE,0,,,
database:782,RETAIN_EXISTING,782,fragments/1829/12/08-img2933-right,1829-12-08,1,1,1,AUTO_MATCHED_EXACT,MATCHED_CONTENT,false,MARQUEE,NO_EMBEDDED_IMAGE,KEEP_EXISTING,785,INVENTORY_MARQUEE,SAFE_TYPED_FRAGMENT_STAGE,,,ORDINARY_MARQUEE_CANDIDATE,0,,,
database:783,RETAIN_EXISTING,783,fragments/1829/12/09-img2933-right,1829-12-09,1,1,1,AUTO_MATCHED_EXACT,MATCHED_CONTENT,false,MARQUEE,NO_EMBEDDED_IMAGE,KEEP_EXISTING,785,INVENTORY_MARQUEE,SAFE_TYPED_FRAGMENT_STAGE,,,ORDINARY_MARQUEE_CANDIDATE,0,,,
database:784,RETAIN_EXISTING,784,fragments/1829/12/10-img2934-left,1829-12-10,1,1,1,AUTO_MATCHED_EXACT,MATCHED_CONTENT,false,MARQUEE,NO_EMBEDDED_IMAGE,KEEP_EXISTING,786,INVENTORY_MARQUEE,SAFE_TYPED_FRAGMENT_STAGE,,,ORDINARY_MARQUEE_CANDIDATE,0,,,
database:785,RETAIN_EXISTING,785,fragments/1829/12/11-img2934-left,1829-12-11,1,1,1,AUTO_MATCHED_EXACT,MATCHED_CONTENT,false,MARQUEE,NO_EMBEDDED_IMAGE,KEEP_EXISTING,786,INVENTORY_MARQUEE,SAFE_TYPED_FRAGMENT_STAGE,,,ORDINARY_MARQUEE_CANDIDATE,0,,,
database:786,RETAIN_EXISTING,786,fragments/1829/12/12-img2934-left,1829-12-12,1,1,1,AUTO_MATCHED_EXACT,MATCHED_CONTENT,false,MARQUEE,NO_EMBEDDED_IMAGE,KEEP_EXISTING,786,INVENTORY_MARQUEE,SAFE_TYPED_FRAGMENT_STAGE,,,ORDINARY_MARQUEE_CANDIDATE,0,,,
database:787,RETAIN_EXISTING,787,fragments/1829/12/13-img2934-left,1829-12-13,1,1,1,AUTO_MATCHED_EXACT,MATCHED_CONTENT,false,MARQUEE,NO_EMBEDDED_IMAGE,KEEP_EXISTING,786,INVENTORY_MARQUEE,SAFE_TYPED_FRAGMENT_STAGE,,,ORDINARY_MARQUEE_CANDIDATE,0,,,
database:788,RETAIN_EXISTING,788,fragments/1829/12/14-img2934-left,1829-12-14,1,1,1,AUTO_MATCHED_EXACT,MATCHED_CONTENT,false,MARQUEE,NO_EMBEDDED_IMAGE,KEEP_EXISTING,786,INVENTORY_MARQUEE,SAFE_TYPED_FRAGMENT_STAGE,,,ORDINARY_MARQUEE_CANDIDATE,0,,,
database:789,RETAIN_EXISTING,789,fragments/1829/12/15-img2934-right,1829-12-15,1,1,1,AUTO_MATCHED_EXACT,MATCHED_CONTENT,false,MARQUEE,NO_EMBEDDED_IMAGE,KEEP_EXISTING,786,INVENTORY_MARQUEE,SAFE_TYPED_FRAGMENT_STAGE,,,ORDINARY_MARQUEE_CANDIDATE,0,,,
database:790,RETAIN_EXISTING,790,fragments/1829/12/16-img2934-right,1829-12-16,1,1,1,AUTO_MATCHED_EXACT,MATCHED_CONTENT,false,MARQUEE,NO_EMBEDDED_IMAGE,KEEP_EXISTING,786,INVENTORY_MARQUEE,SAFE_TYPED_FRAGMENT_STAGE,,,ORDINARY_MARQUEE_CANDIDATE,0,,,
database:791,RETAIN_EXISTING,791,fragments/1829/12/17-img2934-right,1829-12-17,1,1,1,AUTO_MATCHED_EXACT,MATCHED_CONTENT,false,MARQUEE,NO_EMBEDDED_IMAGE,KEEP_EXISTING,786,INVENTORY_MARQUEE,SAFE_TYPED_FRAGMENT_STAGE,,,ORDINARY_MARQUEE_CANDIDATE,0,,,
database:792,RETAIN_EXISTING,792,fragments/1829/12/18-img2934-right,1829-12-18,1,1,1,AUTO_MATCHED_EXACT,MATCHED_CONTENT,false,MARQUEE,NO_EMBEDDED_IMAGE,KEEP_EXISTING,786,INVENTORY_MARQUEE,SAFE_TYPED_FRAGMENT_STAGE,,,ORDINARY_MARQUEE_CANDIDATE,0,,,
database:793,RETAIN_EXISTING,793,fragments/1829/12/19-img2934-right,1829-12-19,1,1,1,AUTO_MATCHED_EXACT,MATCHED_CONTENT,false,MARQUEE,NO_EMBEDDED_IMAGE,KEEP_EXISTING,786,INVENTORY_MARQUEE,SAFE_TYPED_FRAGMENT_STAGE,,,ORDINARY_MARQUEE_CANDIDATE,0,,,
database:794,RETAIN_EXISTING,794,fragments/1829/12/20-img2934-right,1829-12-20,1,1,1,AUTO_MATCHED_EXACT,MATCHED_CONTENT,false,MARQUEE,NO_EMBEDDED_IMAGE,KEEP_EXISTING,786,INVENTORY_MARQUEE,SAFE_TYPED_FRAGMENT_STAGE,,,ORDINARY_MARQUEE_CANDIDATE,0,,,
database:795,RETAIN_EXISTING,795,fragments/1829/12/21-img2935-left,1829-12-21,1,1,1,AUTO_MATCHED_EXACT,MATCHED_CONTENT,false,MARQUEE,NO_EMBEDDED_IMAGE,KEEP_EXISTING,787,INVENTORY_MARQUEE,SAFE_TYPED_FRAGMENT_STAGE,,,ORDINARY_MARQUEE_CANDIDATE,0,,,
database:796,RETAIN_EXISTING,796,fragments/1829/12/22-img2935-left,1829-12-22,1,1,1,AUTO_MATCHED_EXACT,MATCHED_CONTENT,false,MARQUEE,NO_EMBEDDED_IMAGE,KEEP_EXISTING,787,INVENTORY_MARQUEE,SAFE_TYPED_FRAGMENT_STAGE,,,ORDINARY_MARQUEE_CANDIDATE,0,,,
database:797,RETAIN_EXISTING,797,fragments/1829/12/23-img2935-left,1829-12-23,1,1,1,AUTO_MATCHED_EXACT,MATCHED_CONTENT,false,MARQUEE,NO_EMBEDDED_IMAGE,KEEP_EXISTING,787,INVENTORY_MARQUEE,SAFE_TYPED_FRAGMENT_STAGE,,,ORDINARY_MARQUEE_CANDIDATE,0,,,
database:798,RETAIN_EXISTING,798,fragments/1829/12/24-img2935-left,1829-12-24,1,1,1,AUTO_MATCHED_EXACT,MATCHED_CONTENT,false,MARQUEE,NO_EMBEDDED_IMAGE,KEEP_EXISTING,787,INVENTORY_MARQUEE,SAFE_TYPED_FRAGMENT_STAGE,,,ORDINARY_MARQUEE_CANDIDATE,0,,,
database:799,RETAIN_EXISTING,799,fragments/1829/12/25-img2935-right,1829-12-25,1,1,1,AUTO_MATCHED_EXACT,MATCHED_CONTENT,false,MARQUEE,NO_EMBEDDED_IMAGE,KEEP_EXISTING,787,INVENTORY_MARQUEE,SAFE_TYPED_FRAGMENT_STAGE,,,ORDINARY_MARQUEE_CANDIDATE,0,,,
database:800,RETAIN_EXISTING,800,fragments/1829/12/26-img2935-right,1829-12-26,1,1,1,AUTO_MATCHED_EXACT,MATCHED_CONTENT,false,MARQUEE,NO_EMBEDDED_IMAGE,KEEP_EXISTING,787,INVENTORY_MARQUEE,SAFE_TYPED_FRAGMENT_STAGE,,,ORDINARY_MARQUEE_CANDIDATE,0,,,
database:801,RETAIN_EXISTING,801,fragments/1829/12/27-img2935-right,1829-12-27,1,1,1,AUTO_MATCHED_EXACT,MATCHED_CONTENT,false,MARQUEE,NO_EMBEDDED_IMAGE,KEEP_EXISTING,787,INVENTORY_MARQUEE,SAFE_TYPED_FRAGMENT_STAGE,,,ORDINARY_MARQUEE_CANDIDATE,0,,,
database:802,RETAIN_EXISTING,802,fragments/1829/12/28-img2935-right,1829-12-28,1,1,1,AUTO_MATCHED_EXACT,MATCHED_CONTENT,false,MARQUEE,NO_EMBEDDED_IMAGE,KEEP_EXISTING,787,INVENTORY_MARQUEE,SAFE_TYPED_FRAGMENT_STAGE,,,ORDINARY_MARQUEE_CANDIDATE,0,,,
database:803,RETAIN_EXISTING,803,fragments/1829/12/29-img2936-left,1829-12-29,1,1,1,AUTO_MATCHED_EXACT,MATCHED_CONTENT,false,MARQUEE,NO_EMBEDDED_IMAGE,KEEP_EXISTING,788,INVENTORY_MARQUEE,SAFE_TYPED_FRAGMENT_STAGE,,,ORDINARY_MARQUEE_CANDIDATE,0,,,
database:804,RETAIN_EXISTING,804,fragments/1829/12/30-img2936-left,1829-12-30,1,1,1,AUTO_MATCHED_EXACT,MATCHED_CONTENT,false,MARQUEE,NO_EMBEDDED_IMAGE,KEEP_EXISTING,788,INVENTORY_MARQUEE,SAFE_TYPED_FRAGMENT_STAGE,,,ORDINARY_MARQUEE_CANDIDATE,0,,,
database:805,RETAIN_EXISTING,805,fragments/1829/12/31-img2936-left,1829-12-31,1,1,1,AUTO_MATCHED_EXACT,MATCHED_CONTENT,false,MARQUEE,NO_EMBEDDED_IMAGE,KEEP_EXISTING,788,INVENTORY_MARQUEE,SAFE_TYPED_FRAGMENT_STAGE,,,ORDINARY_MARQUEE_CANDIDATE,0,,,
database:807,RETAIN_EXISTING,807,fragments/1830/01/01-img2936-right,1830-01-01,1,1,1,AUTO_MATCHED_EXACT,MATCHED_CONTENT,false,MARQUEE,NO_EMBEDDED_IMAGE,KEEP_EXISTING,788,INVENTORY_MARQUEE,SAFE_TYPED_FRAGMENT_STAGE,,,ORDINARY_MARQUEE_CANDIDATE,0,,,
database:806,RETAIN_EXISTING,806,fragments/1830/01/01-dc-highlights-1830,1830-01-01,2,2,2,AUTO_MATCHED_EXACT,MATCHED_CONTENT,false,MARQUEE,NO_EMBEDDED_IMAGE,KEEP_ABSENT,,UNRESOLVED,SAFE_TYPED_FRAGMENT_STAGE,,,ORPHAN_OR_INCONSISTENT,0,,,
database:808,RETAIN_EXISTING,808,fragments/1830/01/02-img2936-right,1830-01-02,1,1,1,AUTO_MATCHED_EXACT,MATCHED_CONTENT,false,MARQUEE,NO_EMBEDDED_IMAGE,KEEP_EXISTING,788,INVENTORY_MARQUEE,SAFE_TYPED_FRAGMENT_STAGE,,,ORDINARY_MARQUEE_CANDIDATE,0,,,
database:809,RETAIN_EXISTING,809,fragments/1830/01/03-b3-img2937-the-tynemouth-lodge-hotel,1830-01-03,1,1,1,AUTO_MATCHED_EXACT,MATCHED_CONTENT,true,IMAGE,DATABASE_EMBEDDED_IMAGE,KEEP_ABSENT,,UNRESOLVED,DEFERRED_IMAGE_MIGRATION,,images/the-tynemouth-lodge-hotel.jpg,ORPHAN_OR_INCONSISTENT,1,,,
database:810,RETAIN_EXISTING,810,fragments/1830/01/03-img2936-right,1830-01-03,2,2,2,AUTO_MATCHED_EXACT,MATCHED_CONTENT,false,MARQUEE,NO_EMBEDDED_IMAGE,KEEP_EXISTING,788,INVENTORY_MARQUEE,SAFE_TYPED_FRAGMENT_STAGE,,,ORDINARY_MARQUEE_CANDIDATE,0,,,
database:811,RETAIN_EXISTING,811,fragments/1830/01/04-img2937-left,1830-01-04,1,1,1,AUTO_MATCHED_EXACT,MATCHED_CONTENT,false,MARQUEE,NO_EMBEDDED_IMAGE,KEEP_EXISTING,789,INVENTORY_MARQUEE,SAFE_TYPED_FRAGMENT_STAGE,,,ORDINARY_MARQUEE_CANDIDATE,0,,,
database:812,RETAIN_EXISTING,812,fragments/1830/01/05-img2937-left,1830-01-05,1,1,1,AUTO_MATCHED_EXACT,MATCHED_CONTENT,false,MARQUEE,NO_EMBEDDED_IMAGE,KEEP_EXISTING,789,INVENTORY_MARQUEE,SAFE_TYPED_FRAGMENT_STAGE,,,ORDINARY_MARQUEE_CANDIDATE,0,,,
database:813,RETAIN_EXISTING,813,fragments/1830/01/06-img2937-left,1830-01-06,1,1,1,AUTO_MATCHED_EXACT,MATCHED_CONTENT,false,MARQUEE,NO_EMBEDDED_IMAGE,KEEP_EXISTING,789,INVENTORY_MARQUEE,SAFE_TYPED_FRAGMENT_STAGE,,,ORDINARY_MARQUEE_CANDIDATE,0,,,
database:814,RETAIN_EXISTING,814,fragments/1830/01/07-img2937-left,1830-01-07,1,1,1,AUTO_MATCHED_EXACT,MATCHED_CONTENT,false,MARQUEE,NO_EMBEDDED_IMAGE,KEEP_EXISTING,789,INVENTORY_MARQUEE,SAFE_TYPED_FRAGMENT_STAGE,,,ORDINARY_MARQUEE_CANDIDATE,0,,,
database:815,RETAIN_EXISTING,815,fragments/1830/01/08-img2937-left,1830-01-08,1,1,1,AUTO_MATCHED_EXACT,MATCHED_CONTENT,false,MARQUEE,NO_EMBEDDED_IMAGE,KEEP_EXISTING,789,INVENTORY_MARQUEE,SAFE_TYPED_FRAGMENT_STAGE,,,ORDINARY_MARQUEE_CANDIDATE,0,,,
database:816,RETAIN_EXISTING,816,fragments/1830/01/09-img2937-right,1830-01-09,1,1,1,AUTO_MATCHED_EXACT,MATCHED_CONTENT,false,MARQUEE,NO_EMBEDDED_IMAGE,KEEP_EXISTING,789,INVENTORY_MARQUEE,SAFE_TYPED_FRAGMENT_STAGE,,,ORDINARY_MARQUEE_CANDIDATE,0,,,
database:817,RETAIN_EXISTING,817,fragments/1830/01/10-img2937-right,1830-01-10,1,1,1,AUTO_MATCHED_EXACT,MATCHED_CONTENT,false,MARQUEE,NO_EMBEDDED_IMAGE,KEEP_EXISTING,789,INVENTORY_MARQUEE,SAFE_TYPED_FRAGMENT_STAGE,,,ORDINARY_MARQUEE_CANDIDATE,0,,,
database:818,RETAIN_EXISTING,818,fragments/1830/01/11-img2937-right,1830-01-11,1,1,1,AUTO_MATCHED_EXACT,MATCHED_CONTENT,false,MARQUEE,NO_EMBEDDED_IMAGE,KEEP_EXISTING,789,INVENTORY_MARQUEE,SAFE_TYPED_FRAGMENT_STAGE,,,ORDINARY_MARQUEE_CANDIDATE,0,,,
database:819,RETAIN_EXISTING,819,fragments/1830/01/12-img2937-right,1830-01-12,1,1,1,AUTO_MATCHED_EXACT,MATCHED_CONTENT,false,MARQUEE,NO_EMBEDDED_IMAGE,KEEP_EXISTING,789,INVENTORY_MARQUEE,SAFE_TYPED_FRAGMENT_STAGE,,,ORDINARY_MARQUEE_CANDIDATE,0,,,
database:820,RETAIN_EXISTING,820,fragments/1830/01/13-img2937-right,1830-01-13,1,1,1,AUTO_MATCHED_EXACT,MATCHED_CONTENT,false,MARQUEE,NO_EMBEDDED_IMAGE,KEEP_EXISTING,789,INVENTORY_MARQUEE,SAFE_TYPED_FRAGMENT_STAGE,,,ORDINARY_MARQUEE_CANDIDATE,0,,,
database:821,RETAIN_EXISTING,821,fragments/1830/01/14-img2938-left,1830-01-14,1,1,1,AUTO_MATCHED_EXACT,MATCHED_CONTENT,false,MARQUEE,NO_EMBEDDED_IMAGE,KEEP_EXISTING,790,INVENTORY_MARQUEE,SAFE_TYPED_FRAGMENT_STAGE,,,ORDINARY_MARQUEE_CANDIDATE,0,,,
database:822,RETAIN_EXISTING,822,fragments/1830/01/15-img2938-left,1830-01-15,1,1,1,AUTO_MATCHED_EXACT,MATCHED_CONTENT,false,MARQUEE,NO_EMBEDDED_IMAGE,KEEP_EXISTING,790,INVENTORY_MARQUEE,SAFE_TYPED_FRAGMENT_STAGE,,,ORDINARY_MARQUEE_CANDIDATE,0,,,
database:823,RETAIN_EXISTING,823,fragments/1830/01/16-img2938-left,1830-01-16,1,1,1,AUTO_MATCHED_EXACT,MATCHED_CONTENT,false,MARQUEE,NO_EMBEDDED_IMAGE,KEEP_EXISTING,790,INVENTORY_MARQUEE,SAFE_TYPED_FRAGMENT_STAGE,,,ORDINARY_MARQUEE_CANDIDATE,0,,,
database:824,RETAIN_EXISTING,824,fragments/1830/01/17-img2938-left,1830-01-17,1,1,1,AUTO_MATCHED_EXACT,MATCHED_CONTENT,false,MARQUEE,NO_EMBEDDED_IMAGE,KEEP_EXISTING,790,INVENTORY_MARQUEE,SAFE_TYPED_FRAGMENT_STAGE,,,ORDINARY_MARQUEE_CANDIDATE,0,,,
database:825,RETAIN_EXISTING,825,fragments/1830/01/18-img2938-left,1830-01-18,1,1,1,AUTO_MATCHED_EXACT,MATCHED_CONTENT,false,MARQUEE,NO_EMBEDDED_IMAGE,KEEP_EXISTING,790,INVENTORY_MARQUEE,SAFE_TYPED_FRAGMENT_STAGE,,,ORDINARY_MARQUEE_CANDIDATE,0,,,
database:826,RETAIN_EXISTING,826,fragments/1830/01/19-img2938-right,1830-01-19,1,1,1,AUTO_MATCHED_EXACT,MATCHED_CONTENT,false,MARQUEE,NO_EMBEDDED_IMAGE,KEEP_EXISTING,790,INVENTORY_MARQUEE,SAFE_TYPED_FRAGMENT_STAGE,,,ORDINARY_MARQUEE_CANDIDATE,0,,,
database:827,RETAIN_EXISTING,827,fragments/1830/01/20-img2938-right,1830-01-20,1,1,1,AUTO_MATCHED_EXACT,MATCHED_CONTENT,false,MARQUEE,NO_EMBEDDED_IMAGE,KEEP_EXISTING,790,INVENTORY_MARQUEE,SAFE_TYPED_FRAGMENT_STAGE,,,ORDINARY_MARQUEE_CANDIDATE,0,,,
database:828,RETAIN_EXISTING,828,fragments/1830/01/21-img2938-right,1830-01-21,1,1,1,AUTO_MATCHED_EXACT,MATCHED_CONTENT,false,MARQUEE,NO_EMBEDDED_IMAGE,KEEP_EXISTING,790,INVENTORY_MARQUEE,SAFE_TYPED_FRAGMENT_STAGE,,,ORDINARY_MARQUEE_CANDIDATE,0,,,
database:829,RETAIN_EXISTING,829,fragments/1830/01/22-img2938-right,1830-01-22,1,1,1,AUTO_MATCHED_EXACT,MATCHED_CONTENT,false,MARQUEE,NO_EMBEDDED_IMAGE,KEEP_EXISTING,790,INVENTORY_MARQUEE,SAFE_TYPED_FRAGMENT_STAGE,,,ORDINARY_MARQUEE_CANDIDATE,0,,,
database:830,RETAIN_EXISTING,830,fragments/1830/01/23-img2939-left,1830-01-23,1,1,1,AUTO_MATCHED_EXACT,MATCHED_CONTENT,false,MARQUEE,NO_EMBEDDED_IMAGE,KEEP_EXISTING,791,INVENTORY_MARQUEE,SAFE_TYPED_FRAGMENT_STAGE,,,ORDINARY_MARQUEE_CANDIDATE,0,,,
database:831,RETAIN_EXISTING,831,fragments/1830/01/24-img2939-left,1830-01-24,1,1,1,AUTO_MATCHED_EXACT,MATCHED_CONTENT,false,MARQUEE,NO_EMBEDDED_IMAGE,KEEP_EXISTING,791,INVENTORY_MARQUEE,SAFE_TYPED_FRAGMENT_STAGE,,,ORDINARY_MARQUEE_CANDIDATE,0,,,
database:832,RETAIN_EXISTING,832,fragments/1830/01/25-img2939-left,1830-01-25,1,1,1,AUTO_MATCHED_EXACT,MATCHED_CONTENT,false,MARQUEE,NO_EMBEDDED_IMAGE,KEEP_EXISTING,791,INVENTORY_MARQUEE,SAFE_TYPED_FRAGMENT_STAGE,,,ORDINARY_MARQUEE_CANDIDATE,0,,,
database:833,RETAIN_EXISTING,833,fragments/1830/01/26-img2939-left,1830-01-26,1,1,1,AUTO_MATCHED_EXACT,MATCHED_CONTENT,false,MARQUEE,NO_EMBEDDED_IMAGE,KEEP_EXISTING,791,INVENTORY_MARQUEE,SAFE_TYPED_FRAGMENT_STAGE,,,ORDINARY_MARQUEE_CANDIDATE,0,,,
database:834,RETAIN_EXISTING,834,fragments/1830/01/27-img2939-left,1830-01-27,1,1,1,AUTO_MATCHED_EXACT,MATCHED_CONTENT,false,MARQUEE,NO_EMBEDDED_IMAGE,KEEP_EXISTING,791,INVENTORY_MARQUEE,SAFE_TYPED_FRAGMENT_STAGE,,,ORDINARY_MARQUEE_CANDIDATE,0,,,
database:835,RETAIN_EXISTING,835,fragments/1830/01/28-img2939-right,1830-01-28,1,1,1,AUTO_MATCHED_EXACT,MATCHED_CONTENT,false,MARQUEE,NO_EMBEDDED_IMAGE,KEEP_EXISTING,791,INVENTORY_MARQUEE,SAFE_TYPED_FRAGMENT_STAGE,,,ORDINARY_MARQUEE_CANDIDATE,0,,,
database:836,RETAIN_EXISTING,836,fragments/1830/01/29-img2939-right,1830-01-29,1,1,1,AUTO_MATCHED_EXACT,MATCHED_CONTENT,false,MARQUEE,NO_EMBEDDED_IMAGE,KEEP_EXISTING,791,INVENTORY_MARQUEE,SAFE_TYPED_FRAGMENT_STAGE,,,ORDINARY_MARQUEE_CANDIDATE,0,,,
database:837,RETAIN_EXISTING,837,fragments/1830/01/30-img2939-right,1830-01-30,1,1,1,AUTO_MATCHED_EXACT,MATCHED_CONTENT,false,MARQUEE,NO_EMBEDDED_IMAGE,KEEP_EXISTING,791,INVENTORY_MARQUEE,SAFE_TYPED_FRAGMENT_STAGE,,,ORDINARY_MARQUEE_CANDIDATE,0,,,
database:838,RETAIN_EXISTING,838,fragments/1830/01/31-img2939-right,1830-01-31,1,1,1,AUTO_MATCHED_EXACT,MATCHED_CONTENT,false,MARQUEE,NO_EMBEDDED_IMAGE,KEEP_EXISTING,791,INVENTORY_MARQUEE,SAFE_TYPED_FRAGMENT_STAGE,,,ORDINARY_MARQUEE_CANDIDATE,0,,,
database:839,RETAIN_EXISTING,839,fragments/1830/02/01-img2349,1830-02-01,1,1,1,AUTO_MATCHED_EXACT,MATCHED_CONTENT,false,MARQUEE,NO_EMBEDDED_IMAGE,KEEP_EXISTING,795,INVENTORY_MARQUEE,SAFE_TYPED_FRAGMENT_STAGE,,,ORDINARY_MARQUEE_CANDIDATE,0,,,
database:840,RETAIN_EXISTING,840,fragments/1830/02/02-img2349,1830-02-02,1,1,1,AUTO_MATCHED_EXACT,MATCHED_CONTENT,false,MARQUEE,NO_EMBEDDED_IMAGE,KEEP_EXISTING,795,INVENTORY_MARQUEE,SAFE_TYPED_FRAGMENT_STAGE,,,ORDINARY_MARQUEE_CANDIDATE,0,,,
database:841,RETAIN_EXISTING,841,fragments/1830/02/03-img2349,1830-02-03,1,1,1,AUTO_MATCHED_EXACT,MATCHED_CONTENT,false,MARQUEE,NO_EMBEDDED_IMAGE,KEEP_EXISTING,795,INVENTORY_MARQUEE,SAFE_TYPED_FRAGMENT_STAGE,,,ORDINARY_MARQUEE_CANDIDATE,0,,,
database:842,RETAIN_EXISTING,842,fragments/1830/02/04-img2350,1830-02-04,1,1,1,AUTO_MATCHED_EXACT,MATCHED_CONTENT,false,MARQUEE,NO_EMBEDDED_IMAGE,KEEP_EXISTING,796,INVENTORY_MARQUEE,SAFE_TYPED_FRAGMENT_STAGE,,,ORDINARY_MARQUEE_CANDIDATE,0,,,
database:843,RETAIN_EXISTING,843,fragments/1830/02/05-img2350,1830-02-05,1,1,1,AUTO_MATCHED_EXACT,MATCHED_CONTENT,false,MARQUEE,NO_EMBEDDED_IMAGE,KEEP_EXISTING,796,INVENTORY_MARQUEE,SAFE_TYPED_FRAGMENT_STAGE,,,ORDINARY_MARQUEE_CANDIDATE,0,,,
database:844,RETAIN_EXISTING,844,fragments/1830/02/06-img2350,1830-02-06,1,1,1,AUTO_MATCHED_EXACT,MATCHED_CONTENT,false,MARQUEE,NO_EMBEDDED_IMAGE,KEEP_EXISTING,796,INVENTORY_MARQUEE,SAFE_TYPED_FRAGMENT_STAGE,,,ORDINARY_MARQUEE_CANDIDATE,0,,,
database:845,RETAIN_EXISTING,845,fragments/1830/02/07-img2350,1830-02-07,1,1,1,AUTO_MATCHED_EXACT,MATCHED_CONTENT,false,MARQUEE,NO_EMBEDDED_IMAGE,KEEP_EXISTING,796,INVENTORY_MARQUEE,SAFE_TYPED_FRAGMENT_STAGE,,,ORDINARY_MARQUEE_CANDIDATE,0,,,
database:846,RETAIN_EXISTING,846,fragments/1830/02/08-img2351,1830-02-08,1,1,1,AUTO_MATCHED_EXACT,MATCHED_CONTENT,false,MARQUEE,NO_EMBEDDED_IMAGE,KEEP_EXISTING,797,INVENTORY_MARQUEE,SAFE_TYPED_FRAGMENT_STAGE,,,ORDINARY_MARQUEE_CANDIDATE,0,,,
database:847,RETAIN_EXISTING,847,fragments/1830/02/09-img2351,1830-02-09,1,1,1,AUTO_MATCHED_EXACT,MATCHED_CONTENT,false,MARQUEE,NO_EMBEDDED_IMAGE,KEEP_EXISTING,797,INVENTORY_MARQUEE,SAFE_TYPED_FRAGMENT_STAGE,,,ORDINARY_MARQUEE_CANDIDATE,0,,,
database:848,RETAIN_EXISTING,848,fragments/1830/02/10-img2351,1830-02-10,1,1,1,AUTO_MATCHED_EXACT,MATCHED_CONTENT,false,MARQUEE,NO_EMBEDDED_IMAGE,KEEP_EXISTING,797,INVENTORY_MARQUEE,SAFE_TYPED_FRAGMENT_STAGE,,,ORDINARY_MARQUEE_CANDIDATE,0,,,
database:849,RETAIN_EXISTING,849,fragments/1830/02/11-img2351,1830-02-11,1,1,1,AUTO_MATCHED_EXACT,MATCHED_CONTENT,false,MARQUEE,NO_EMBEDDED_IMAGE,KEEP_EXISTING,797,INVENTORY_MARQUEE,SAFE_TYPED_FRAGMENT_STAGE,,,ORDINARY_MARQUEE_CANDIDATE,0,,,
database:850,RETAIN_EXISTING,850,fragments/1830/02/12-img2352,1830-02-12,1,1,1,AUTO_MATCHED_EXACT,MATCHED_CONTENT,false,MARQUEE,NO_EMBEDDED_IMAGE,KEEP_EXISTING,798,INVENTORY_MARQUEE,SAFE_TYPED_FRAGMENT_STAGE,,,ORDINARY_MARQUEE_CANDIDATE,0,,,
database:851,RETAIN_EXISTING,851,fragments/1830/02/13-img2352,1830-02-13,1,1,1,AUTO_MATCHED_EXACT,MATCHED_CONTENT,false,MARQUEE,NO_EMBEDDED_IMAGE,KEEP_EXISTING,798,INVENTORY_MARQUEE,SAFE_TYPED_FRAGMENT_STAGE,,,ORDINARY_MARQUEE_CANDIDATE,0,,,
database:852,RETAIN_EXISTING,852,fragments/1830/02/14-img2352,1830-02-14,1,1,1,AUTO_MATCHED_EXACT,MATCHED_CONTENT,false,MARQUEE,NO_EMBEDDED_IMAGE,KEEP_EXISTING,798,INVENTORY_MARQUEE,SAFE_TYPED_FRAGMENT_STAGE,,,ORDINARY_MARQUEE_CANDIDATE,0,,,
database:853,RETAIN_EXISTING,853,fragments/1830/02/15-img2352,1830-02-15,1,1,1,AUTO_MATCHED_EXACT,MATCHED_CONTENT,false,MARQUEE,NO_EMBEDDED_IMAGE,KEEP_EXISTING,798,INVENTORY_MARQUEE,SAFE_TYPED_FRAGMENT_STAGE,,,ORDINARY_MARQUEE_CANDIDATE,0,,,
database:854,RETAIN_EXISTING,854,fragments/1830/02/16-img2352,1830-02-16,1,1,1,AUTO_MATCHED_EXACT,MATCHED_CONTENT,false,MARQUEE,NO_EMBEDDED_IMAGE,KEEP_EXISTING,798,INVENTORY_MARQUEE,SAFE_TYPED_FRAGMENT_STAGE,,,ORDINARY_MARQUEE_CANDIDATE,0,,,
database:855,RETAIN_EXISTING,855,fragments/1830/02/17-img2353,1830-02-17,1,1,1,AUTO_MATCHED_EXACT,MATCHED_CONTENT,false,MARQUEE,NO_EMBEDDED_IMAGE,KEEP_EXISTING,799,INVENTORY_MARQUEE,SAFE_TYPED_FRAGMENT_STAGE,,,ORDINARY_MARQUEE_CANDIDATE,0,,,
database:856,RETAIN_EXISTING,856,fragments/1830/02/18-img2353,1830-02-18,1,1,1,AUTO_MATCHED_EXACT,MATCHED_CONTENT,false,MARQUEE,NO_EMBEDDED_IMAGE,KEEP_EXISTING,799,INVENTORY_MARQUEE,SAFE_TYPED_FRAGMENT_STAGE,,,ORDINARY_MARQUEE_CANDIDATE,0,,,
database:857,RETAIN_EXISTING,857,fragments/1830/02/19-img2353,1830-02-19,1,1,1,AUTO_MATCHED_EXACT,MATCHED_CONTENT,false,MARQUEE,NO_EMBEDDED_IMAGE,KEEP_EXISTING,799,INVENTORY_MARQUEE,SAFE_TYPED_FRAGMENT_STAGE,,,ORDINARY_MARQUEE_CANDIDATE,0,,,
database:858,RETAIN_EXISTING,858,fragments/1830/02/20-img2353,1830-02-20,1,1,1,AUTO_MATCHED_EXACT,MATCHED_CONTENT,false,MARQUEE,NO_EMBEDDED_IMAGE,KEEP_EXISTING,799,INVENTORY_MARQUEE,SAFE_TYPED_FRAGMENT_STAGE,,,ORDINARY_MARQUEE_CANDIDATE,0,,,
database:859,RETAIN_EXISTING,859,fragments/1830/02/21-img2354,1830-02-21,1,1,1,AUTO_MATCHED_EXACT,MATCHED_CONTENT,false,MARQUEE,NO_EMBEDDED_IMAGE,KEEP_EXISTING,800,INVENTORY_MARQUEE,SAFE_TYPED_FRAGMENT_STAGE,,,ORDINARY_MARQUEE_CANDIDATE,0,,,
database:860,RETAIN_EXISTING,860,fragments/1830/02/22-img2354,1830-02-22,1,1,1,AUTO_MATCHED_EXACT,MATCHED_CONTENT,false,MARQUEE,NO_EMBEDDED_IMAGE,KEEP_EXISTING,800,INVENTORY_MARQUEE,SAFE_TYPED_FRAGMENT_STAGE,,,ORDINARY_MARQUEE_CANDIDATE,0,,,
database:861,RETAIN_EXISTING,861,fragments/1830/02/23-img2354,1830-02-23,1,1,1,AUTO_MATCHED_EXACT,MATCHED_CONTENT,false,MARQUEE,NO_EMBEDDED_IMAGE,KEEP_EXISTING,800,INVENTORY_MARQUEE,SAFE_TYPED_FRAGMENT_STAGE,,,ORDINARY_MARQUEE_CANDIDATE,0,,,
database:862,RETAIN_EXISTING,862,fragments/1830/02/24-img2354,1830-02-24,1,1,1,AUTO_MATCHED_EXACT,MATCHED_CONTENT,false,MARQUEE,NO_EMBEDDED_IMAGE,KEEP_EXISTING,800,INVENTORY_MARQUEE,SAFE_TYPED_FRAGMENT_STAGE,,,ORDINARY_MARQUEE_CANDIDATE,0,,,
database:863,RETAIN_EXISTING,863,fragments/1830/02/25-img2355,1830-02-25,1,1,1,AUTO_MATCHED_EXACT,MATCHED_CONTENT,false,MARQUEE,NO_EMBEDDED_IMAGE,KEEP_EXISTING,801,INVENTORY_MARQUEE,SAFE_TYPED_FRAGMENT_STAGE,,,ORDINARY_MARQUEE_CANDIDATE,0,,,
database:864,RETAIN_EXISTING,864,fragments/1830/02/26-img2355,1830-02-26,1,1,1,AUTO_MATCHED_EXACT,MATCHED_CONTENT,false,MARQUEE,NO_EMBEDDED_IMAGE,KEEP_EXISTING,801,INVENTORY_MARQUEE,SAFE_TYPED_FRAGMENT_STAGE,,,ORDINARY_MARQUEE_CANDIDATE,0,,,
database:865,RETAIN_EXISTING,865,fragments/1830/02/27-img2355,1830-02-27,1,1,1,AUTO_MATCHED_EXACT,MATCHED_CONTENT,false,MARQUEE,NO_EMBEDDED_IMAGE,KEEP_EXISTING,801,INVENTORY_MARQUEE,SAFE_TYPED_FRAGMENT_STAGE,,,ORDINARY_MARQUEE_CANDIDATE,0,,,
database:866,RETAIN_EXISTING,866,fragments/1830/02/28-img2355,1830-02-28,1,1,1,AUTO_MATCHED_EXACT,MATCHED_CONTENT,false,MARQUEE,NO_EMBEDDED_IMAGE,KEEP_EXISTING,801,INVENTORY_MARQUEE,SAFE_TYPED_FRAGMENT_STAGE,,,ORDINARY_MARQUEE_CANDIDATE,0,,,
database:867,RETAIN_EXISTING,867,fragments/1830/03/01-img2356-left,1830-03-01,1,1,1,AUTO_MATCHED_EXACT,MATCHED_CONTENT,false,MARQUEE,NO_EMBEDDED_IMAGE,KEEP_EXISTING,802,INVENTORY_MARQUEE,SAFE_TYPED_FRAGMENT_STAGE,,,ORDINARY_MARQUEE_CANDIDATE,0,,,
database:868,RETAIN_EXISTING,868,fragments/1830/03/02-img2356-left,1830-03-02,1,1,1,AUTO_MATCHED_EXACT,MATCHED_CONTENT,false,MARQUEE,NO_EMBEDDED_IMAGE,KEEP_EXISTING,802,INVENTORY_MARQUEE,SAFE_TYPED_FRAGMENT_STAGE,,,ORDINARY_MARQUEE_CANDIDATE,0,,,
database:869,RETAIN_EXISTING,869,fragments/1830/03/03-img2356-left,1830-03-03,1,1,1,AUTO_MATCHED_EXACT,MATCHED_CONTENT,false,MARQUEE,NO_EMBEDDED_IMAGE,KEEP_EXISTING,802,INVENTORY_MARQUEE,SAFE_TYPED_FRAGMENT_STAGE,,,ORDINARY_MARQUEE_CANDIDATE,0,,,
database:870,RETAIN_EXISTING,870,fragments/1830/03/04-img2356-left,1830-03-04,1,1,1,AUTO_MATCHED_EXACT,MATCHED_CONTENT,false,MARQUEE,NO_EMBEDDED_IMAGE,KEEP_EXISTING,802,INVENTORY_MARQUEE,SAFE_TYPED_FRAGMENT_STAGE,,,ORDINARY_MARQUEE_CANDIDATE,0,,,
database:871,RETAIN_EXISTING,871,fragments/1830/03/05-img2356-right,1830-03-05,1,1,1,AUTO_MATCHED_EXACT,MATCHED_CONTENT,false,MARQUEE,NO_EMBEDDED_IMAGE,KEEP_EXISTING,802,INVENTORY_MARQUEE,SAFE_TYPED_FRAGMENT_STAGE,,,ORDINARY_MARQUEE_CANDIDATE,0,,,
database:872,RETAIN_EXISTING,872,fragments/1830/03/06-img2356-right,1830-03-06,1,1,1,AUTO_MATCHED_EXACT,MATCHED_CONTENT,false,MARQUEE,NO_EMBEDDED_IMAGE,KEEP_EXISTING,802,INVENTORY_MARQUEE,SAFE_TYPED_FRAGMENT_STAGE,,,ORDINARY_MARQUEE_CANDIDATE,0,,,
database:873,RETAIN_EXISTING,873,fragments/1830/03/07-img2356-right,1830-03-07,1,1,1,AUTO_MATCHED_EXACT,MATCHED_CONTENT,false,MARQUEE,NO_EMBEDDED_IMAGE,KEEP_EXISTING,802,INVENTORY_MARQUEE,SAFE_TYPED_FRAGMENT_STAGE,,,ORDINARY_MARQUEE_CANDIDATE,0,,,
database:874,RETAIN_EXISTING,874,fragments/1830/03/08-img2357,1830-03-08,1,1,1,AUTO_MATCHED_EXACT,MATCHED_CONTENT,false,MARQUEE,NO_EMBEDDED_IMAGE,KEEP_EXISTING,803,INVENTORY_MARQUEE,SAFE_TYPED_FRAGMENT_STAGE,,,ORDINARY_MARQUEE_CANDIDATE,0,,,
database:875,RETAIN_EXISTING,875,fragments/1830/03/09-img2357,1830-03-09,1,1,1,AUTO_MATCHED_EXACT,MATCHED_CONTENT,false,MARQUEE,NO_EMBEDDED_IMAGE,KEEP_EXISTING,803,INVENTORY_MARQUEE,SAFE_TYPED_FRAGMENT_STAGE,,,ORDINARY_MARQUEE_CANDIDATE,0,,,
database:876,RETAIN_EXISTING,876,fragments/1830/03/10-img2357,1830-03-10,1,1,1,AUTO_MATCHED_EXACT,MATCHED_CONTENT,false,MARQUEE,NO_EMBEDDED_IMAGE,KEEP_EXISTING,803,INVENTORY_MARQUEE,SAFE_TYPED_FRAGMENT_STAGE,,,ORDINARY_MARQUEE_CANDIDATE,0,,,
database:877,RETAIN_EXISTING,877,fragments/1830/03/11-img2357,1830-03-11,1,1,1,AUTO_MATCHED_EXACT,MATCHED_CONTENT,false,MARQUEE,NO_EMBEDDED_IMAGE,KEEP_EXISTING,803,INVENTORY_MARQUEE,SAFE_TYPED_FRAGMENT_STAGE,,,ORDINARY_MARQUEE_CANDIDATE,0,,,
database:878,RETAIN_EXISTING,878,fragments/1830/03/12-img2358,1830-03-12,1,1,1,AUTO_MATCHED_EXACT,MATCHED_CONTENT,false,MARQUEE,NO_EMBEDDED_IMAGE,KEEP_EXISTING,804,INVENTORY_MARQUEE,SAFE_TYPED_FRAGMENT_STAGE,,,ORDINARY_MARQUEE_CANDIDATE,0,,,
database:879,RETAIN_EXISTING,879,fragments/1830/03/13-img2358,1830-03-13,1,1,1,AUTO_MATCHED_EXACT,MATCHED_CONTENT,false,MARQUEE,NO_EMBEDDED_IMAGE,KEEP_EXISTING,804,INVENTORY_MARQUEE,SAFE_TYPED_FRAGMENT_STAGE,,,ORDINARY_MARQUEE_CANDIDATE,0,,,
database:880,RETAIN_EXISTING,880,fragments/1830/03/14-img2358,1830-03-14,1,1,1,AUTO_MATCHED_EXACT,MATCHED_CONTENT,false,MARQUEE,NO_EMBEDDED_IMAGE,KEEP_EXISTING,804,INVENTORY_MARQUEE,SAFE_TYPED_FRAGMENT_STAGE,,,ORDINARY_MARQUEE_CANDIDATE,0,,,
database:881,RETAIN_EXISTING,881,fragments/1830/03/15-img2358,1830-03-15,1,1,1,AUTO_MATCHED_EXACT,MATCHED_CONTENT,false,MARQUEE,NO_EMBEDDED_IMAGE,KEEP_EXISTING,804,INVENTORY_MARQUEE,SAFE_TYPED_FRAGMENT_STAGE,,,ORDINARY_MARQUEE_CANDIDATE,0,,,
database:882,RETAIN_EXISTING,882,fragments/1830/03/15-img2359,1830-03-15,2,2,2,AUTO_MATCHED_EXACT,MATCHED_CONTENT,false,MARQUEE,NO_EMBEDDED_IMAGE,KEEP_EXISTING,805,INVENTORY_MARQUEE,SAFE_TYPED_FRAGMENT_STAGE,,,ORDINARY_MARQUEE_CANDIDATE,0,,,
database:883,RETAIN_EXISTING,883,fragments/1830/03/16-img2359,1830-03-16,1,1,1,AUTO_MATCHED_EXACT,MATCHED_CONTENT,false,MARQUEE,NO_EMBEDDED_IMAGE,KEEP_EXISTING,805,INVENTORY_MARQUEE,SAFE_TYPED_FRAGMENT_STAGE,,,ORDINARY_MARQUEE_CANDIDATE,0,,,
database:884,RETAIN_EXISTING,884,fragments/1830/03/17-img2359,1830-03-17,1,1,1,AUTO_MATCHED_EXACT,MATCHED_CONTENT,false,MARQUEE,NO_EMBEDDED_IMAGE,KEEP_EXISTING,805,INVENTORY_MARQUEE,SAFE_TYPED_FRAGMENT_STAGE,,,ORDINARY_MARQUEE_CANDIDATE,0,,,
database:885,RETAIN_EXISTING,885,fragments/1830/03/18-img2360,1830-03-18,1,1,1,AUTO_MATCHED_EXACT,MATCHED_CONTENT,false,MARQUEE,NO_EMBEDDED_IMAGE,KEEP_EXISTING,806,INVENTORY_MARQUEE,SAFE_TYPED_FRAGMENT_STAGE,,,ORDINARY_MARQUEE_CANDIDATE,0,,,
database:886,RETAIN_EXISTING,886,fragments/1830/03/19-img2360,1830-03-19,1,1,1,AUTO_MATCHED_EXACT,MATCHED_CONTENT,false,MARQUEE,NO_EMBEDDED_IMAGE,KEEP_EXISTING,806,INVENTORY_MARQUEE,SAFE_TYPED_FRAGMENT_STAGE,,,ORDINARY_MARQUEE_CANDIDATE,0,,,
database:887,RETAIN_EXISTING,887,fragments/1830/03/20-img2360,1830-03-20,1,1,1,AUTO_MATCHED_EXACT,MATCHED_CONTENT,false,MARQUEE,NO_EMBEDDED_IMAGE,KEEP_EXISTING,806,INVENTORY_MARQUEE,SAFE_TYPED_FRAGMENT_STAGE,,,ORDINARY_MARQUEE_CANDIDATE,0,,,
database:888,RETAIN_EXISTING,888,fragments/1830/03/21-img2361,1830-03-21,1,1,1,AUTO_MATCHED_EXACT,MATCHED_CONTENT,false,MARQUEE,NO_EMBEDDED_IMAGE,KEEP_EXISTING,807,INVENTORY_MARQUEE,SAFE_TYPED_FRAGMENT_STAGE,,,ORDINARY_MARQUEE_CANDIDATE,0,,,
database:889,RETAIN_EXISTING,889,fragments/1830/03/22-img2361,1830-03-22,1,1,1,AUTO_MATCHED_EXACT,MATCHED_CONTENT,false,MARQUEE,NO_EMBEDDED_IMAGE,KEEP_EXISTING,807,INVENTORY_MARQUEE,SAFE_TYPED_FRAGMENT_STAGE,,,ORDINARY_MARQUEE_CANDIDATE,0,,,
database:890,RETAIN_EXISTING,890,fragments/1830/03/23-img2361,1830-03-23,1,1,1,AUTO_MATCHED_EXACT,MATCHED_CONTENT,false,MARQUEE,NO_EMBEDDED_IMAGE,KEEP_EXISTING,807,INVENTORY_MARQUEE,SAFE_TYPED_FRAGMENT_STAGE,,,ORDINARY_MARQUEE_CANDIDATE,0,,,
database:891,RETAIN_EXISTING,891,fragments/1830/03/24-img2361,1830-03-24,1,1,1,AUTO_MATCHED_EXACT,MATCHED_CONTENT,false,MARQUEE,NO_EMBEDDED_IMAGE,KEEP_EXISTING,807,INVENTORY_MARQUEE,SAFE_TYPED_FRAGMENT_STAGE,,,ORDINARY_MARQUEE_CANDIDATE,0,,,
database:892,RETAIN_EXISTING,892,fragments/1830/03/25-img2362,1830-03-25,1,1,1,AUTO_MATCHED_EXACT,MATCHED_CONTENT,false,MARQUEE,NO_EMBEDDED_IMAGE,KEEP_EXISTING,808,INVENTORY_MARQUEE,SAFE_TYPED_FRAGMENT_STAGE,,,ORDINARY_MARQUEE_CANDIDATE,0,,,
database:893,RETAIN_EXISTING,893,fragments/1830/03/26-img2362,1830-03-26,1,1,1,AUTO_MATCHED_EXACT,MATCHED_CONTENT,false,MARQUEE,NO_EMBEDDED_IMAGE,KEEP_EXISTING,808,INVENTORY_MARQUEE,SAFE_TYPED_FRAGMENT_STAGE,,,ORDINARY_MARQUEE_CANDIDATE,0,,,
database:894,RETAIN_EXISTING,894,fragments/1830/03/27-img2362,1830-03-27,1,1,1,AUTO_MATCHED_EXACT,MATCHED_CONTENT,false,MARQUEE,NO_EMBEDDED_IMAGE,KEEP_EXISTING,808,INVENTORY_MARQUEE,SAFE_TYPED_FRAGMENT_STAGE,,,ORDINARY_MARQUEE_CANDIDATE,0,,,
database:895,RETAIN_EXISTING,895,fragments/1830/03/28-img2362,1830-03-28,1,1,1,AUTO_MATCHED_EXACT,MATCHED_CONTENT,false,MARQUEE,NO_EMBEDDED_IMAGE,KEEP_EXISTING,808,INVENTORY_MARQUEE,SAFE_TYPED_FRAGMENT_STAGE,,,ORDINARY_MARQUEE_CANDIDATE,0,,,
database:896,RETAIN_EXISTING,896,fragments/1830/03/29-img2362,1830-03-29,1,1,1,AUTO_MATCHED_EXACT,MATCHED_CONTENT,false,MARQUEE,NO_EMBEDDED_IMAGE,KEEP_EXISTING,808,INVENTORY_MARQUEE,SAFE_TYPED_FRAGMENT_STAGE,,,ORDINARY_MARQUEE_CANDIDATE,0,,,
database:897,RETAIN_EXISTING,897,fragments/1830/03/30-img2362,1830-03-30,1,1,1,AUTO_MATCHED_EXACT,MATCHED_CONTENT,false,MARQUEE,NO_EMBEDDED_IMAGE,KEEP_EXISTING,808,INVENTORY_MARQUEE,SAFE_TYPED_FRAGMENT_STAGE,,,ORDINARY_MARQUEE_CANDIDATE,0,,,
database:898,RETAIN_EXISTING,898,fragments/1830/03/31-img2362,1830-03-31,1,1,1,AUTO_MATCHED_EXACT,MATCHED_CONTENT,false,MARQUEE,NO_EMBEDDED_IMAGE,KEEP_EXISTING,808,INVENTORY_MARQUEE,SAFE_TYPED_FRAGMENT_STAGE,,,ORDINARY_MARQUEE_CANDIDATE,0,,,
database:899,RETAIN_EXISTING,899,fragments/1830/04/01-img2363,1830-04-01,1,1,1,AUTO_MATCHED_EXACT,MATCHED_CONTENT,false,MARQUEE,NO_EMBEDDED_IMAGE,KEEP_EXISTING,809,INVENTORY_MARQUEE,SAFE_TYPED_FRAGMENT_STAGE,,,ORDINARY_MARQUEE_CANDIDATE,0,,,
database:900,RETAIN_EXISTING,900,fragments/1830/04/02-img2363,1830-04-02,1,1,1,AUTO_MATCHED_EXACT,MATCHED_CONTENT,false,MARQUEE,NO_EMBEDDED_IMAGE,KEEP_EXISTING,809,INVENTORY_MARQUEE,SAFE_TYPED_FRAGMENT_STAGE,,,ORDINARY_MARQUEE_CANDIDATE,0,,,
database:901,RETAIN_EXISTING,901,fragments/1830/04/03-img2363,1830-04-03,1,1,1,AUTO_MATCHED_EXACT,MATCHED_CONTENT,false,MARQUEE,NO_EMBEDDED_IMAGE,KEEP_EXISTING,809,INVENTORY_MARQUEE,SAFE_TYPED_FRAGMENT_STAGE,,,ORDINARY_MARQUEE_CANDIDATE,0,,,
database:902,RETAIN_EXISTING,902,fragments/1830/04/04-img2363,1830-04-04,1,1,1,AUTO_MATCHED_EXACT,MATCHED_CONTENT,false,MARQUEE,NO_EMBEDDED_IMAGE,KEEP_EXISTING,809,INVENTORY_MARQUEE,SAFE_TYPED_FRAGMENT_STAGE,,,ORDINARY_MARQUEE_CANDIDATE,0,,,
database:903,RETAIN_EXISTING,903,fragments/1830/04/05-img2363,1830-04-05,1,1,1,AUTO_MATCHED_EXACT,MATCHED_CONTENT,false,MARQUEE,NO_EMBEDDED_IMAGE,KEEP_EXISTING,809,INVENTORY_MARQUEE,SAFE_TYPED_FRAGMENT_STAGE,,,ORDINARY_MARQUEE_CANDIDATE,0,,,
database:904,RETAIN_EXISTING,904,fragments/1830/04/06-img2364,1830-04-06,1,1,1,AUTO_MATCHED_EXACT,MATCHED_CONTENT,false,MARQUEE,NO_EMBEDDED_IMAGE,KEEP_EXISTING,810,INVENTORY_MARQUEE,SAFE_TYPED_FRAGMENT_STAGE,,,ORDINARY_MARQUEE_CANDIDATE,0,,,
database:905,RETAIN_EXISTING,905,fragments/1830/04/07-img2364,1830-04-07,1,1,1,AUTO_MATCHED_EXACT,MATCHED_CONTENT,false,MARQUEE,NO_EMBEDDED_IMAGE,KEEP_EXISTING,810,INVENTORY_MARQUEE,SAFE_TYPED_FRAGMENT_STAGE,,,ORDINARY_MARQUEE_CANDIDATE,0,,,
database:906,RETAIN_EXISTING,906,fragments/1830/04/08-img2364,1830-04-08,1,1,1,AUTO_MATCHED_EXACT,MATCHED_CONTENT,false,MARQUEE,NO_EMBEDDED_IMAGE,KEEP_EXISTING,810,INVENTORY_MARQUEE,SAFE_TYPED_FRAGMENT_STAGE,,,ORDINARY_MARQUEE_CANDIDATE,0,,,
database:907,RETAIN_EXISTING,907,fragments/1830/04/09-img2364,1830-04-09,1,1,1,AUTO_MATCHED_EXACT,MATCHED_CONTENT,false,MARQUEE,NO_EMBEDDED_IMAGE,KEEP_EXISTING,810,INVENTORY_MARQUEE,SAFE_TYPED_FRAGMENT_STAGE,,,ORDINARY_MARQUEE_CANDIDATE,0,,,
database:908,RETAIN_EXISTING,908,fragments/1830/04/10-img2365,1830-04-10,1,1,1,AUTO_MATCHED_EXACT,MATCHED_CONTENT,false,MARQUEE,NO_EMBEDDED_IMAGE,KEEP_EXISTING,811,INVENTORY_MARQUEE,SAFE_TYPED_FRAGMENT_STAGE,,,ORDINARY_MARQUEE_CANDIDATE,0,,,
database:909,RETAIN_EXISTING,909,fragments/1830/04/11-img2365,1830-04-11,1,1,1,AUTO_MATCHED_EXACT,MATCHED_CONTENT,false,MARQUEE,NO_EMBEDDED_IMAGE,KEEP_EXISTING,811,INVENTORY_MARQUEE,SAFE_TYPED_FRAGMENT_STAGE,,,ORDINARY_MARQUEE_CANDIDATE,0,,,
database:910,RETAIN_EXISTING,910,fragments/1830/04/12-img2365,1830-04-12,1,1,1,AUTO_MATCHED_EXACT,MATCHED_CONTENT,false,MARQUEE,NO_EMBEDDED_IMAGE,KEEP_EXISTING,811,INVENTORY_MARQUEE,SAFE_TYPED_FRAGMENT_STAGE,,,ORDINARY_MARQUEE_CANDIDATE,0,,,
database:911,RETAIN_EXISTING,911,fragments/1830/04/13-img2365,1830-04-13,1,1,1,AUTO_MATCHED_EXACT,MATCHED_CONTENT,false,MARQUEE,NO_EMBEDDED_IMAGE,KEEP_EXISTING,811,INVENTORY_MARQUEE,SAFE_TYPED_FRAGMENT_STAGE,,,ORDINARY_MARQUEE_CANDIDATE,0,,,
database:912,RETAIN_EXISTING,912,fragments/1830/04/13-img2366,1830-04-13,2,2,2,AUTO_MATCHED_EXACT,MATCHED_CONTENT,false,MARQUEE,NO_EMBEDDED_IMAGE,KEEP_EXISTING,812,INVENTORY_MARQUEE,SAFE_TYPED_FRAGMENT_STAGE,,,ORDINARY_MARQUEE_CANDIDATE,0,,,
database:913,RETAIN_EXISTING,913,fragments/1830/04/14-img2366,1830-04-14,1,1,1,AUTO_MATCHED_EXACT,MATCHED_CONTENT,false,MARQUEE,NO_EMBEDDED_IMAGE,KEEP_EXISTING,812,INVENTORY_MARQUEE,SAFE_TYPED_FRAGMENT_STAGE,,,ORDINARY_MARQUEE_CANDIDATE,0,,,
database:914,RETAIN_EXISTING,914,fragments/1830/04/15-img2366,1830-04-15,1,1,1,AUTO_MATCHED_EXACT,MATCHED_CONTENT,false,MARQUEE,NO_EMBEDDED_IMAGE,KEEP_EXISTING,812,INVENTORY_MARQUEE,SAFE_TYPED_FRAGMENT_STAGE,,,ORDINARY_MARQUEE_CANDIDATE,0,,,
database:915,RETAIN_EXISTING,915,fragments/1830/04/16-img2366,1830-04-16,1,1,1,AUTO_MATCHED_EXACT,MATCHED_CONTENT,false,MARQUEE,NO_EMBEDDED_IMAGE,KEEP_EXISTING,812,INVENTORY_MARQUEE,SAFE_TYPED_FRAGMENT_STAGE,,,ORDINARY_MARQUEE_CANDIDATE,0,,,
database:916,RETAIN_EXISTING,916,fragments/1830/04/17-img2367,1830-04-17,1,1,1,AUTO_MATCHED_EXACT,MATCHED_CONTENT,false,MARQUEE,NO_EMBEDDED_IMAGE,KEEP_EXISTING,813,INVENTORY_MARQUEE,SAFE_TYPED_FRAGMENT_STAGE,,,ORDINARY_MARQUEE_CANDIDATE,0,,,
database:917,RETAIN_EXISTING,917,fragments/1830/04/18-img2367,1830-04-18,1,1,1,AUTO_MATCHED_EXACT,MATCHED_CONTENT,false,MARQUEE,NO_EMBEDDED_IMAGE,KEEP_EXISTING,813,INVENTORY_MARQUEE,SAFE_TYPED_FRAGMENT_STAGE,,,ORDINARY_MARQUEE_CANDIDATE,0,,,
database:918,RETAIN_EXISTING,918,fragments/1830/04/19-img2367,1830-04-19,1,1,1,AUTO_MATCHED_EXACT,MATCHED_CONTENT,false,MARQUEE,NO_EMBEDDED_IMAGE,KEEP_EXISTING,813,INVENTORY_MARQUEE,SAFE_TYPED_FRAGMENT_STAGE,,,ORDINARY_MARQUEE_CANDIDATE,0,,,
database:919,RETAIN_EXISTING,919,fragments/1830/04/20-img2367,1830-04-20,1,1,1,AUTO_MATCHED_EXACT,MATCHED_CONTENT,false,MARQUEE,NO_EMBEDDED_IMAGE,KEEP_EXISTING,813,INVENTORY_MARQUEE,SAFE_TYPED_FRAGMENT_STAGE,,,ORDINARY_MARQUEE_CANDIDATE,0,,,
database:920,RETAIN_EXISTING,920,fragments/1830/04/21-img2367,1830-04-21,1,1,1,AUTO_MATCHED_EXACT,MATCHED_CONTENT,false,MARQUEE,NO_EMBEDDED_IMAGE,KEEP_EXISTING,813,INVENTORY_MARQUEE,SAFE_TYPED_FRAGMENT_STAGE,,,ORDINARY_MARQUEE_CANDIDATE,0,,,
database:921,RETAIN_EXISTING,921,fragments/1830/04/22-img2367,1830-04-22,1,1,1,AUTO_MATCHED_EXACT,MATCHED_CONTENT,false,MARQUEE,NO_EMBEDDED_IMAGE,KEEP_EXISTING,813,INVENTORY_MARQUEE,SAFE_TYPED_FRAGMENT_STAGE,,,ORDINARY_MARQUEE_CANDIDATE,0,,,
database:922,RETAIN_EXISTING,922,fragments/1830/04/23-img2368,1830-04-23,1,1,1,AUTO_MATCHED_EXACT,MATCHED_CONTENT,false,MARQUEE,NO_EMBEDDED_IMAGE,KEEP_EXISTING,814,INVENTORY_MARQUEE,SAFE_TYPED_FRAGMENT_STAGE,,,ORDINARY_MARQUEE_CANDIDATE,0,,,
database:923,RETAIN_EXISTING,923,fragments/1830/04/24-img2368,1830-04-24,1,1,1,AUTO_MATCHED_EXACT,MATCHED_CONTENT,false,MARQUEE,NO_EMBEDDED_IMAGE,KEEP_EXISTING,814,INVENTORY_MARQUEE,SAFE_TYPED_FRAGMENT_STAGE,,,ORDINARY_MARQUEE_CANDIDATE,0,,,
database:924,RETAIN_EXISTING,924,fragments/1830/04/25-img2368,1830-04-25,1,1,1,AUTO_MATCHED_EXACT,MATCHED_CONTENT,false,MARQUEE,NO_EMBEDDED_IMAGE,KEEP_EXISTING,814,INVENTORY_MARQUEE,SAFE_TYPED_FRAGMENT_STAGE,,,ORDINARY_MARQUEE_CANDIDATE,0,,,
database:925,RETAIN_EXISTING,925,fragments/1830/04/26-img2368,1830-04-26,1,1,1,AUTO_MATCHED_EXACT,MATCHED_CONTENT,false,MARQUEE,NO_EMBEDDED_IMAGE,KEEP_EXISTING,814,INVENTORY_MARQUEE,SAFE_TYPED_FRAGMENT_STAGE,,,ORDINARY_MARQUEE_CANDIDATE,0,,,
database:926,RETAIN_EXISTING,926,fragments/1830/04/27-img2369,1830-04-27,1,1,1,AUTO_MATCHED_EXACT,MATCHED_CONTENT,false,MARQUEE,NO_EMBEDDED_IMAGE,KEEP_EXISTING,815,INVENTORY_MARQUEE,SAFE_TYPED_FRAGMENT_STAGE,,,ORDINARY_MARQUEE_CANDIDATE,0,,,
database:927,RETAIN_EXISTING,927,fragments/1830/04/28-img2369,1830-04-28,1,1,1,AUTO_MATCHED_EXACT,MATCHED_CONTENT,false,MARQUEE,NO_EMBEDDED_IMAGE,KEEP_EXISTING,815,INVENTORY_MARQUEE,SAFE_TYPED_FRAGMENT_STAGE,,,ORDINARY_MARQUEE_CANDIDATE,0,,,
database:928,RETAIN_EXISTING,928,fragments/1830/04/29-img2369,1830-04-29,1,1,1,AUTO_MATCHED_EXACT,MATCHED_CONTENT,false,MARQUEE,NO_EMBEDDED_IMAGE,KEEP_EXISTING,815,INVENTORY_MARQUEE,SAFE_TYPED_FRAGMENT_STAGE,,,ORDINARY_MARQUEE_CANDIDATE,0,,,
database:929,RETAIN_EXISTING,929,fragments/1830/04/30-img2369,1830-04-30,1,1,1,AUTO_MATCHED_EXACT,MATCHED_CONTENT,false,MARQUEE,NO_EMBEDDED_IMAGE,KEEP_EXISTING,815,INVENTORY_MARQUEE,SAFE_TYPED_FRAGMENT_STAGE,,,ORDINARY_MARQUEE_CANDIDATE,0,,,
database:930,RETAIN_EXISTING,930,fragments/1830/05/01-img2370,1830-05-01,1,1,1,AUTO_MATCHED_EXACT,MATCHED_CONTENT,false,MARQUEE,NO_EMBEDDED_IMAGE,KEEP_EXISTING,816,INVENTORY_MARQUEE,SAFE_TYPED_FRAGMENT_STAGE,,,ORDINARY_MARQUEE_CANDIDATE,0,,,
database:931,RETAIN_EXISTING,931,fragments/1830/05/02-img2370,1830-05-02,1,1,1,AUTO_MATCHED_EXACT,MATCHED_CONTENT,false,MARQUEE,NO_EMBEDDED_IMAGE,KEEP_EXISTING,816,INVENTORY_MARQUEE,SAFE_TYPED_FRAGMENT_STAGE,,,ORDINARY_MARQUEE_CANDIDATE,0,,,
database:932,RETAIN_EXISTING,932,fragments/1830/05/03-img2370,1830-05-03,1,1,1,AUTO_MATCHED_EXACT,MATCHED_CONTENT,false,MARQUEE,NO_EMBEDDED_IMAGE,KEEP_EXISTING,816,INVENTORY_MARQUEE,SAFE_TYPED_FRAGMENT_STAGE,,,ORDINARY_MARQUEE_CANDIDATE,0,,,
database:933,RETAIN_EXISTING,933,fragments/1830/05/04-img2371-left,1830-05-04,1,1,1,AUTO_MATCHED_EXACT,MATCHED_CONTENT,false,MARQUEE,NO_EMBEDDED_IMAGE,KEEP_EXISTING,817,INVENTORY_MARQUEE,SAFE_TYPED_FRAGMENT_STAGE,,,ORDINARY_MARQUEE_CANDIDATE,0,,,
database:934,RETAIN_EXISTING,934,fragments/1830/05/05-img2371-left,1830-05-05,1,1,1,AUTO_MATCHED_EXACT,MATCHED_CONTENT,false,MARQUEE,NO_EMBEDDED_IMAGE,KEEP_EXISTING,817,INVENTORY_MARQUEE,SAFE_TYPED_FRAGMENT_STAGE,,,ORDINARY_MARQUEE_CANDIDATE,0,,,
database:935,RETAIN_EXISTING,935,fragments/1830/05/07-img2371-left,1830-05-07,1,1,1,AUTO_MATCHED_EXACT,MATCHED_CONTENT,false,MARQUEE,NO_EMBEDDED_IMAGE,KEEP_EXISTING,817,INVENTORY_MARQUEE,SAFE_TYPED_FRAGMENT_STAGE,,,ORDINARY_MARQUEE_CANDIDATE,0,,,
database:936,RETAIN_EXISTING,936,fragments/1830/05/08-img2371-right,1830-05-08,1,1,1,AUTO_MATCHED_EXACT,MATCHED_CONTENT,false,MARQUEE,NO_EMBEDDED_IMAGE,KEEP_EXISTING,817,INVENTORY_MARQUEE,SAFE_TYPED_FRAGMENT_STAGE,,,ORDINARY_MARQUEE_CANDIDATE,0,,,
database:937,RETAIN_EXISTING,937,fragments/1830/05/09-img2371-right,1830-05-09,1,1,1,AUTO_MATCHED_EXACT,MATCHED_CONTENT,false,MARQUEE,NO_EMBEDDED_IMAGE,KEEP_EXISTING,817,INVENTORY_MARQUEE,SAFE_TYPED_FRAGMENT_STAGE,,,ORDINARY_MARQUEE_CANDIDATE,0,,,
database:938,RETAIN_EXISTING,938,fragments/1830/05/10-img2371-right,1830-05-10,1,1,1,AUTO_MATCHED_EXACT,MATCHED_CONTENT,false,MARQUEE,NO_EMBEDDED_IMAGE,KEEP_EXISTING,817,INVENTORY_MARQUEE,SAFE_TYPED_FRAGMENT_STAGE,,,ORDINARY_MARQUEE_CANDIDATE,0,,,
database:939,RETAIN_EXISTING,939,fragments/1830/05/10-img2372,1830-05-10,2,2,2,AUTO_MATCHED_EXACT,MATCHED_CONTENT,false,MARQUEE,NO_EMBEDDED_IMAGE,KEEP_EXISTING,818,INVENTORY_MARQUEE,SAFE_TYPED_FRAGMENT_STAGE,,,ORDINARY_MARQUEE_CANDIDATE,0,,,
database:940,RETAIN_EXISTING,940,fragments/1830/05/11-img2372,1830-05-11,1,1,1,AUTO_MATCHED_EXACT,MATCHED_CONTENT,false,MARQUEE,NO_EMBEDDED_IMAGE,KEEP_EXISTING,818,INVENTORY_MARQUEE,SAFE_TYPED_FRAGMENT_STAGE,,,ORDINARY_MARQUEE_CANDIDATE,0,,,
database:941,RETAIN_EXISTING,941,fragments/1830/05/12-img2372,1830-05-12,1,1,1,AUTO_MATCHED_EXACT,MATCHED_CONTENT,false,MARQUEE,NO_EMBEDDED_IMAGE,KEEP_EXISTING,818,INVENTORY_MARQUEE,SAFE_TYPED_FRAGMENT_STAGE,,,ORDINARY_MARQUEE_CANDIDATE,0,,,
database:942,RETAIN_EXISTING,942,fragments/1830/05/13-img2373,1830-05-13,1,1,1,AUTO_MATCHED_EXACT,MATCHED_CONTENT,false,MARQUEE,NO_EMBEDDED_IMAGE,KEEP_EXISTING,819,INVENTORY_MARQUEE,SAFE_TYPED_FRAGMENT_STAGE,,,ORDINARY_MARQUEE_CANDIDATE,0,,,
database:943,RETAIN_EXISTING,943,fragments/1830/05/14-img2373,1830-05-14,1,1,1,AUTO_MATCHED_EXACT,MATCHED_CONTENT,false,MARQUEE,NO_EMBEDDED_IMAGE,KEEP_EXISTING,819,INVENTORY_MARQUEE,SAFE_TYPED_FRAGMENT_STAGE,,,ORDINARY_MARQUEE_CANDIDATE,0,,,
database:944,RETAIN_EXISTING,944,fragments/1830/05/15-img2373,1830-05-15,1,1,1,AUTO_MATCHED_EXACT,MATCHED_CONTENT,false,MARQUEE,NO_EMBEDDED_IMAGE,KEEP_EXISTING,819,INVENTORY_MARQUEE,SAFE_TYPED_FRAGMENT_STAGE,,,ORDINARY_MARQUEE_CANDIDATE,0,,,
database:945,RETAIN_EXISTING,945,fragments/1830/05/16-img2373,1830-05-16,1,1,1,AUTO_MATCHED_EXACT,MATCHED_CONTENT,false,MARQUEE,NO_EMBEDDED_IMAGE,KEEP_EXISTING,819,INVENTORY_MARQUEE,SAFE_TYPED_FRAGMENT_STAGE,,,ORDINARY_MARQUEE_CANDIDATE,0,,,
database:946,RETAIN_EXISTING,946,fragments/1830/05/17-img2374,1830-05-17,1,1,1,AUTO_MATCHED_EXACT,MATCHED_CONTENT,false,MARQUEE,NO_EMBEDDED_IMAGE,KEEP_EXISTING,820,INVENTORY_MARQUEE,SAFE_TYPED_FRAGMENT_STAGE,,,ORDINARY_MARQUEE_CANDIDATE,0,,,
database:947,RETAIN_EXISTING,947,fragments/1830/05/18-img2374,1830-05-18,1,1,1,AUTO_MATCHED_EXACT,MATCHED_CONTENT,false,MARQUEE,NO_EMBEDDED_IMAGE,KEEP_EXISTING,820,INVENTORY_MARQUEE,SAFE_TYPED_FRAGMENT_STAGE,,,ORDINARY_MARQUEE_CANDIDATE,0,,,
database:948,RETAIN_EXISTING,948,fragments/1830/05/19-img2374,1830-05-19,1,1,1,AUTO_MATCHED_EXACT,MATCHED_CONTENT,false,MARQUEE,NO_EMBEDDED_IMAGE,KEEP_EXISTING,820,INVENTORY_MARQUEE,SAFE_TYPED_FRAGMENT_STAGE,,,ORDINARY_MARQUEE_CANDIDATE,0,,,
database:949,RETAIN_EXISTING,949,fragments/1830/05/20-img2374,1830-05-20,1,1,1,AUTO_MATCHED_EXACT,MATCHED_CONTENT,false,MARQUEE,NO_EMBEDDED_IMAGE,KEEP_EXISTING,820,INVENTORY_MARQUEE,SAFE_TYPED_FRAGMENT_STAGE,,,ORDINARY_MARQUEE_CANDIDATE,0,,,
database:950,RETAIN_EXISTING,950,fragments/1830/05/21-img2374,1830-05-21,1,1,1,AUTO_MATCHED_EXACT,MATCHED_CONTENT,false,MARQUEE,NO_EMBEDDED_IMAGE,KEEP_EXISTING,820,INVENTORY_MARQUEE,SAFE_TYPED_FRAGMENT_STAGE,,,ORDINARY_MARQUEE_CANDIDATE,0,,,
database:951,RETAIN_EXISTING,951,fragments/1830/05/22-img2375,1830-05-22,1,1,1,AUTO_MATCHED_EXACT,MATCHED_CONTENT,false,MARQUEE,NO_EMBEDDED_IMAGE,KEEP_EXISTING,821,INVENTORY_MARQUEE,SAFE_TYPED_FRAGMENT_STAGE,,,ORDINARY_MARQUEE_CANDIDATE,0,,,
database:952,RETAIN_EXISTING,952,fragments/1830/05/23-img2375,1830-05-23,1,1,1,AUTO_MATCHED_EXACT,MATCHED_CONTENT,false,MARQUEE,NO_EMBEDDED_IMAGE,KEEP_EXISTING,821,INVENTORY_MARQUEE,SAFE_TYPED_FRAGMENT_STAGE,,,ORDINARY_MARQUEE_CANDIDATE,0,,,
database:953,RETAIN_EXISTING,953,fragments/1830/05/24-img2375,1830-05-24,1,1,1,AUTO_MATCHED_EXACT,MATCHED_CONTENT,false,MARQUEE,NO_EMBEDDED_IMAGE,KEEP_EXISTING,821,INVENTORY_MARQUEE,SAFE_TYPED_FRAGMENT_STAGE,,,ORDINARY_MARQUEE_CANDIDATE,0,,,
database:954,RETAIN_EXISTING,954,fragments/1830/05/25-img2375,1830-05-25,1,1,1,AUTO_MATCHED_EXACT,MATCHED_CONTENT,false,MARQUEE,NO_EMBEDDED_IMAGE,KEEP_EXISTING,821,INVENTORY_MARQUEE,SAFE_TYPED_FRAGMENT_STAGE,,,ORDINARY_MARQUEE_CANDIDATE,0,,,
database:955,RETAIN_EXISTING,955,fragments/1830/05/26-img2375,1830-05-26,1,1,1,AUTO_MATCHED_EXACT,MATCHED_CONTENT,false,MARQUEE,NO_EMBEDDED_IMAGE,KEEP_EXISTING,821,INVENTORY_MARQUEE,SAFE_TYPED_FRAGMENT_STAGE,,,ORDINARY_MARQUEE_CANDIDATE,0,,,
database:956,RETAIN_EXISTING,956,fragments/1830/05/27-img2375,1830-05-27,1,1,1,AUTO_MATCHED_EXACT,MATCHED_CONTENT,false,MARQUEE,NO_EMBEDDED_IMAGE,KEEP_EXISTING,821,INVENTORY_MARQUEE,SAFE_TYPED_FRAGMENT_STAGE,,,ORDINARY_MARQUEE_CANDIDATE,0,,,
database:957,RETAIN_EXISTING,957,fragments/1830/05/28-img2375,1830-05-28,1,1,1,AUTO_MATCHED_EXACT,MATCHED_CONTENT,false,MARQUEE,NO_EMBEDDED_IMAGE,KEEP_EXISTING,821,INVENTORY_MARQUEE,SAFE_TYPED_FRAGMENT_STAGE,,,ORDINARY_MARQUEE_CANDIDATE,0,,,
database:958,RETAIN_EXISTING,958,fragments/1830/05/29-img2375,1830-05-29,1,1,1,AUTO_MATCHED_EXACT,MATCHED_CONTENT,false,MARQUEE,NO_EMBEDDED_IMAGE,KEEP_EXISTING,821,INVENTORY_MARQUEE,SAFE_TYPED_FRAGMENT_STAGE,,,ORDINARY_MARQUEE_CANDIDATE,0,,,
database:959,RETAIN_EXISTING,959,fragments/1830/05/29-img2376,1830-05-29,2,2,2,AUTO_MATCHED_EXACT,MATCHED_CONTENT,false,MARQUEE,NO_EMBEDDED_IMAGE,KEEP_EXISTING,822,INVENTORY_MARQUEE,SAFE_TYPED_FRAGMENT_STAGE,,,ORDINARY_MARQUEE_CANDIDATE,0,,,
database:960,RETAIN_EXISTING,960,fragments/1830/05/30-img2376,1830-05-30,1,1,1,AUTO_MATCHED_EXACT,MATCHED_CONTENT,false,MARQUEE,NO_EMBEDDED_IMAGE,KEEP_EXISTING,822,INVENTORY_MARQUEE,SAFE_TYPED_FRAGMENT_STAGE,,,ORDINARY_MARQUEE_CANDIDATE,0,,,
database:961,RETAIN_EXISTING,961,fragments/1830/05/31-img2376,1830-05-31,1,1,1,AUTO_MATCHED_EXACT,MATCHED_CONTENT,false,MARQUEE,NO_EMBEDDED_IMAGE,KEEP_EXISTING,822,INVENTORY_MARQUEE,SAFE_TYPED_FRAGMENT_STAGE,,,ORDINARY_MARQUEE_CANDIDATE,0,,,
database:962,RETAIN_EXISTING,962,fragments/1830/05/31-img2377,1830-05-31,2,2,2,AUTO_MATCHED_EXACT,MATCHED_CONTENT,false,MARQUEE,NO_EMBEDDED_IMAGE,KEEP_EXISTING,823,INVENTORY_MARQUEE,SAFE_TYPED_FRAGMENT_STAGE,,,ORDINARY_MARQUEE_CANDIDATE,0,,,
database:963,RETAIN_EXISTING,963,fragments/1830/06/01-img2377,1830-06-01,1,1,1,AUTO_MATCHED_EXACT,MATCHED_CONTENT,false,MARQUEE,NO_EMBEDDED_IMAGE,KEEP_EXISTING,823,INVENTORY_MARQUEE,SAFE_TYPED_FRAGMENT_STAGE,,,ORDINARY_MARQUEE_CANDIDATE,0,,,
database:964,RETAIN_EXISTING,964,fragments/1830/06/02-img2377,1830-06-02,1,1,1,AUTO_MATCHED_EXACT,MATCHED_CONTENT,false,MARQUEE,NO_EMBEDDED_IMAGE,KEEP_EXISTING,823,INVENTORY_MARQUEE,SAFE_TYPED_FRAGMENT_STAGE,,,ORDINARY_MARQUEE_CANDIDATE,0,,,
database:965,RETAIN_EXISTING,965,fragments/1830/06/03-img2378,1830-06-03,1,1,1,AUTO_MATCHED_EXACT,MATCHED_CONTENT,false,MARQUEE,NO_EMBEDDED_IMAGE,KEEP_EXISTING,824,INVENTORY_MARQUEE,SAFE_TYPED_FRAGMENT_STAGE,,,ORDINARY_MARQUEE_CANDIDATE,0,,,
database:966,RETAIN_EXISTING,966,fragments/1830/06/04-img2378,1830-06-04,1,1,1,AUTO_MATCHED_EXACT,MATCHED_CONTENT,false,MARQUEE,NO_EMBEDDED_IMAGE,KEEP_EXISTING,824,INVENTORY_MARQUEE,SAFE_TYPED_FRAGMENT_STAGE,,,ORDINARY_MARQUEE_CANDIDATE,0,,,
database:967,RETAIN_EXISTING,967,fragments/1830/06/05-img2379,1830-06-05,1,1,1,AUTO_MATCHED_EXACT,MATCHED_CONTENT,false,MARQUEE,NO_EMBEDDED_IMAGE,KEEP_EXISTING,825,INVENTORY_MARQUEE,SAFE_TYPED_FRAGMENT_STAGE,,,ORDINARY_MARQUEE_CANDIDATE,0,,,
database:968,RETAIN_EXISTING,968,fragments/1830/06/06-img2379,1830-06-06,1,1,1,AUTO_MATCHED_EXACT,MATCHED_CONTENT,false,MARQUEE,NO_EMBEDDED_IMAGE,KEEP_EXISTING,825,INVENTORY_MARQUEE,SAFE_TYPED_FRAGMENT_STAGE,,,ORDINARY_MARQUEE_CANDIDATE,0,,,
database:969,RETAIN_EXISTING,969,fragments/1830/06/07-img2379,1830-06-07,1,1,1,AUTO_MATCHED_EXACT,MATCHED_CONTENT,false,MARQUEE,NO_EMBEDDED_IMAGE,KEEP_EXISTING,825,INVENTORY_MARQUEE,SAFE_TYPED_FRAGMENT_STAGE,,,ORDINARY_MARQUEE_CANDIDATE,0,,,
database:970,RETAIN_EXISTING,970,fragments/1830/06/08-img2379,1830-06-08,1,1,1,AUTO_MATCHED_EXACT,MATCHED_CONTENT,false,MARQUEE,NO_EMBEDDED_IMAGE,KEEP_EXISTING,825,INVENTORY_MARQUEE,SAFE_TYPED_FRAGMENT_STAGE,,,ORDINARY_MARQUEE_CANDIDATE,0,,,
database:971,RETAIN_EXISTING,971,fragments/1830/06/09-img2379,1830-06-09,1,1,1,AUTO_MATCHED_EXACT,MATCHED_CONTENT,false,MARQUEE,NO_EMBEDDED_IMAGE,KEEP_EXISTING,825,INVENTORY_MARQUEE,SAFE_TYPED_FRAGMENT_STAGE,,,ORDINARY_MARQUEE_CANDIDATE,0,,,
database:972,RETAIN_EXISTING,972,fragments/1830/06/15-img2380,1830-06-15,1,1,1,AUTO_MATCHED_EXACT,MATCHED_CONTENT,false,MARQUEE,NO_EMBEDDED_IMAGE,KEEP_EXISTING,826,INVENTORY_MARQUEE,SAFE_TYPED_FRAGMENT_STAGE,,,ORDINARY_MARQUEE_CANDIDATE,0,,,
database:973,RETAIN_EXISTING,973,fragments/1830/06/16-img2380,1830-06-16,1,1,1,AUTO_MATCHED_EXACT,MATCHED_CONTENT,false,MARQUEE,NO_EMBEDDED_IMAGE,KEEP_EXISTING,826,INVENTORY_MARQUEE,SAFE_TYPED_FRAGMENT_STAGE,,,ORDINARY_MARQUEE_CANDIDATE,0,,,
database:974,RETAIN_EXISTING,974,fragments/1830/06/17-img2380,1830-06-17,1,1,1,AUTO_MATCHED_EXACT,MATCHED_CONTENT,false,MARQUEE,NO_EMBEDDED_IMAGE,KEEP_EXISTING,826,INVENTORY_MARQUEE,SAFE_TYPED_FRAGMENT_STAGE,,,ORDINARY_MARQUEE_CANDIDATE,0,,,
database:975,RETAIN_EXISTING,975,fragments/1830/06/18-img2380,1830-06-18,1,1,1,AUTO_MATCHED_EXACT,MATCHED_CONTENT,false,MARQUEE,NO_EMBEDDED_IMAGE,KEEP_EXISTING,826,INVENTORY_MARQUEE,SAFE_TYPED_FRAGMENT_STAGE,,,ORDINARY_MARQUEE_CANDIDATE,0,,,
database:976,RETAIN_EXISTING,976,fragments/1830/06/19-img2381,1830-06-19,1,1,1,AUTO_MATCHED_EXACT,MATCHED_CONTENT,false,MARQUEE,NO_EMBEDDED_IMAGE,KEEP_EXISTING,827,INVENTORY_MARQUEE,SAFE_TYPED_FRAGMENT_STAGE,,,ORDINARY_MARQUEE_CANDIDATE,0,,,
database:977,RETAIN_EXISTING,977,fragments/1830/06/20-img2381,1830-06-20,1,1,1,AUTO_MATCHED_EXACT,MATCHED_CONTENT,false,MARQUEE,NO_EMBEDDED_IMAGE,KEEP_EXISTING,827,INVENTORY_MARQUEE,SAFE_TYPED_FRAGMENT_STAGE,,,ORDINARY_MARQUEE_CANDIDATE,0,,,
database:978,RETAIN_EXISTING,978,fragments/1830/06/21-img2381,1830-06-21,1,1,1,AUTO_MATCHED_EXACT,MATCHED_CONTENT,false,MARQUEE,NO_EMBEDDED_IMAGE,KEEP_EXISTING,827,INVENTORY_MARQUEE,SAFE_TYPED_FRAGMENT_STAGE,,,ORDINARY_MARQUEE_CANDIDATE,0,,,
database:979,RETAIN_EXISTING,979,fragments/1830/06/22-img2381,1830-06-22,1,1,1,AUTO_MATCHED_EXACT,MATCHED_CONTENT,false,MARQUEE,NO_EMBEDDED_IMAGE,KEEP_EXISTING,827,INVENTORY_MARQUEE,SAFE_TYPED_FRAGMENT_STAGE,,,ORDINARY_MARQUEE_CANDIDATE,0,,,
database:980,RETAIN_EXISTING,980,fragments/1830/06/23-b1-img2381-image-map,1830-06-23,1,1,1,AUTO_MATCHED_EXACT,MATCHED_CONTENT,true,IMAGE,DATABASE_EMBEDDED_IMAGE,KEEP_ABSENT,,UNRESOLVED,DEFERRED_IMAGE_MIGRATION,,images/img2381-image-map.jpg,ORPHAN_OR_INCONSISTENT,1,,,
database:981,RETAIN_EXISTING,981,fragments/1830/06/23-img2381,1830-06-23,2,2,2,AUTO_MATCHED_EXACT,MATCHED_CONTENT,false,MARQUEE,NO_EMBEDDED_IMAGE,KEEP_EXISTING,827,INVENTORY_MARQUEE,SAFE_TYPED_FRAGMENT_STAGE,,,ORDINARY_MARQUEE_CANDIDATE,0,,,
database:982,RETAIN_EXISTING,982,fragments/1830/06/24-img2382,1830-06-24,1,1,1,AUTO_MATCHED_EXACT,MATCHED_CONTENT,false,MARQUEE,NO_EMBEDDED_IMAGE,KEEP_EXISTING,828,INVENTORY_MARQUEE,SAFE_TYPED_FRAGMENT_STAGE,,,ORDINARY_MARQUEE_CANDIDATE,0,,,
database:983,RETAIN_EXISTING,983,fragments/1830/06/25-img2382,1830-06-25,1,1,1,AUTO_MATCHED_EXACT,MATCHED_CONTENT,false,MARQUEE,NO_EMBEDDED_IMAGE,KEEP_EXISTING,828,INVENTORY_MARQUEE,SAFE_TYPED_FRAGMENT_STAGE,,,ORDINARY_MARQUEE_CANDIDATE,0,,,
database:984,RETAIN_EXISTING,984,fragments/1830/06/26-img2382,1830-06-26,1,1,1,AUTO_MATCHED_EXACT,MATCHED_CONTENT,false,MARQUEE,NO_EMBEDDED_IMAGE,KEEP_EXISTING,828,INVENTORY_MARQUEE,SAFE_TYPED_FRAGMENT_STAGE,,,ORDINARY_MARQUEE_CANDIDATE,0,,,
database:985,RETAIN_EXISTING,985,fragments/1830/06/27-img2382,1830-06-27,1,1,1,AUTO_MATCHED_EXACT,MATCHED_CONTENT,false,MARQUEE,NO_EMBEDDED_IMAGE,KEEP_EXISTING,828,INVENTORY_MARQUEE,SAFE_TYPED_FRAGMENT_STAGE,,,ORDINARY_MARQUEE_CANDIDATE,0,,,
database:986,RETAIN_EXISTING,986,fragments/1830/06/28-img2383,1830-06-28,1,1,1,AUTO_MATCHED_EXACT,MATCHED_CONTENT,false,MARQUEE,NO_EMBEDDED_IMAGE,KEEP_EXISTING,829,INVENTORY_MARQUEE,SAFE_TYPED_FRAGMENT_STAGE,,,ORDINARY_MARQUEE_CANDIDATE,0,,,
database:987,RETAIN_EXISTING,987,fragments/1830/06/29-img2383,1830-06-29,1,1,1,AUTO_MATCHED_EXACT,MATCHED_CONTENT,false,MARQUEE,NO_EMBEDDED_IMAGE,KEEP_EXISTING,829,INVENTORY_MARQUEE,SAFE_TYPED_FRAGMENT_STAGE,,,ORDINARY_MARQUEE_CANDIDATE,0,,,
database:988,RETAIN_EXISTING,988,fragments/1830/06/30-img2383,1830-06-30,1,1,1,AUTO_MATCHED_EXACT,MATCHED_CONTENT,false,MARQUEE,NO_EMBEDDED_IMAGE,KEEP_EXISTING,829,INVENTORY_MARQUEE,SAFE_TYPED_FRAGMENT_STAGE,,,ORDINARY_MARQUEE_CANDIDATE,0,,,
database:989,RETAIN_EXISTING,989,fragments/1830/07/01-img2384,1830-07-01,1,1,1,AUTO_MATCHED_EXACT,MATCHED_CONTENT,false,MARQUEE,NO_EMBEDDED_IMAGE,KEEP_EXISTING,830,INVENTORY_MARQUEE,SAFE_TYPED_FRAGMENT_STAGE,,,ORDINARY_MARQUEE_CANDIDATE,0,,,
database:990,RETAIN_EXISTING,990,fragments/1830/07/02-img2384,1830-07-02,1,1,1,AUTO_MATCHED_EXACT,MATCHED_CONTENT,false,MARQUEE,NO_EMBEDDED_IMAGE,KEEP_EXISTING,830,INVENTORY_MARQUEE,SAFE_TYPED_FRAGMENT_STAGE,,,ORDINARY_MARQUEE_CANDIDATE,0,,,
database:991,RETAIN_EXISTING,991,fragments/1830/07/03-img2384,1830-07-03,1,1,1,AUTO_MATCHED_EXACT,MATCHED_CONTENT,false,MARQUEE,NO_EMBEDDED_IMAGE,KEEP_EXISTING,830,INVENTORY_MARQUEE,SAFE_TYPED_FRAGMENT_STAGE,,,ORDINARY_MARQUEE_CANDIDATE,0,,,
database:992,RETAIN_EXISTING,992,fragments/1830/07/04-img2385,1830-07-04,1,1,1,AUTO_MATCHED_EXACT,MATCHED_CONTENT,false,MARQUEE,NO_EMBEDDED_IMAGE,KEEP_EXISTING,831,INVENTORY_MARQUEE,SAFE_TYPED_FRAGMENT_STAGE,,,ORDINARY_MARQUEE_CANDIDATE,0,,,
database:993,RETAIN_EXISTING,993,fragments/1830/07/05-img2385,1830-07-05,1,1,1,AUTO_MATCHED_EXACT,MATCHED_CONTENT,false,MARQUEE,NO_EMBEDDED_IMAGE,KEEP_EXISTING,831,INVENTORY_MARQUEE,SAFE_TYPED_FRAGMENT_STAGE,,,ORDINARY_MARQUEE_CANDIDATE,0,,,
database:994,RETAIN_EXISTING,994,fragments/1830/07/06-img2385,1830-07-06,1,1,1,AUTO_MATCHED_EXACT,MATCHED_CONTENT,false,MARQUEE,NO_EMBEDDED_IMAGE,KEEP_EXISTING,831,INVENTORY_MARQUEE,SAFE_TYPED_FRAGMENT_STAGE,,,ORDINARY_MARQUEE_CANDIDATE,0,,,
database:995,RETAIN_EXISTING,995,fragments/1830/07/07-img2385,1830-07-07,1,1,1,AUTO_MATCHED_EXACT,MATCHED_CONTENT,false,MARQUEE,NO_EMBEDDED_IMAGE,KEEP_EXISTING,831,INVENTORY_MARQUEE,SAFE_TYPED_FRAGMENT_STAGE,,,ORDINARY_MARQUEE_CANDIDATE,0,,,
database:996,RETAIN_EXISTING,996,fragments/1830/07/08-img2386,1830-07-08,1,1,1,AUTO_MATCHED_EXACT,MATCHED_CONTENT,false,MARQUEE,NO_EMBEDDED_IMAGE,KEEP_EXISTING,832,INVENTORY_MARQUEE,SAFE_TYPED_FRAGMENT_STAGE,,,ORDINARY_MARQUEE_CANDIDATE,0,,,
database:997,RETAIN_EXISTING,997,fragments/1830/07/09-img2386,1830-07-09,1,1,1,AUTO_MATCHED_EXACT,MATCHED_CONTENT,false,MARQUEE,NO_EMBEDDED_IMAGE,KEEP_EXISTING,832,INVENTORY_MARQUEE,SAFE_TYPED_FRAGMENT_STAGE,,,ORDINARY_MARQUEE_CANDIDATE,0,,,
database:998,RETAIN_EXISTING,998,fragments/1830/07/10-img2386,1830-07-10,1,1,1,AUTO_MATCHED_EXACT,MATCHED_CONTENT,false,MARQUEE,NO_EMBEDDED_IMAGE,KEEP_EXISTING,832,INVENTORY_MARQUEE,SAFE_TYPED_FRAGMENT_STAGE,,,ORDINARY_MARQUEE_CANDIDATE,0,,,
database:999,RETAIN_EXISTING,999,fragments/1830/07/11-img2386,1830-07-11,1,1,1,AUTO_MATCHED_EXACT,MATCHED_CONTENT,false,MARQUEE,NO_EMBEDDED_IMAGE,KEEP_EXISTING,832,INVENTORY_MARQUEE,SAFE_TYPED_FRAGMENT_STAGE,,,ORDINARY_MARQUEE_CANDIDATE,0,,,
database:1000,RETAIN_EXISTING,1000,fragments/1830/07/13-img2387,1830-07-13,1,1,1,AUTO_MATCHED_EXACT,MATCHED_CONTENT,false,MARQUEE,NO_EMBEDDED_IMAGE,KEEP_EXISTING,833,INVENTORY_MARQUEE,SAFE_TYPED_FRAGMENT_STAGE,,,ORDINARY_MARQUEE_CANDIDATE,0,,,
database:1001,RETAIN_EXISTING,1001,fragments/1830/07/14-img2387,1830-07-14,1,1,1,AUTO_MATCHED_EXACT,MATCHED_CONTENT,false,MARQUEE,NO_EMBEDDED_IMAGE,KEEP_EXISTING,833,INVENTORY_MARQUEE,SAFE_TYPED_FRAGMENT_STAGE,,,ORDINARY_MARQUEE_CANDIDATE,0,,,
database:1002,RETAIN_EXISTING,1002,fragments/1830/07/15-img2387,1830-07-15,1,1,1,AUTO_MATCHED_EXACT,MATCHED_CONTENT,false,MARQUEE,NO_EMBEDDED_IMAGE,KEEP_EXISTING,833,INVENTORY_MARQUEE,SAFE_TYPED_FRAGMENT_STAGE,,,ORDINARY_MARQUEE_CANDIDATE,0,,,
database:1003,RETAIN_EXISTING,1003,fragments/1830/07/16-img2388,1830-07-16,1,1,1,AUTO_MATCHED_EXACT,MATCHED_CONTENT,false,MARQUEE,NO_EMBEDDED_IMAGE,KEEP_EXISTING,834,INVENTORY_MARQUEE,SAFE_TYPED_FRAGMENT_STAGE,,,ORDINARY_MARQUEE_CANDIDATE,0,,,
database:1004,RETAIN_EXISTING,1004,fragments/1830/07/17-img2388,1830-07-17,1,1,1,AUTO_MATCHED_EXACT,MATCHED_CONTENT,false,MARQUEE,NO_EMBEDDED_IMAGE,KEEP_EXISTING,834,INVENTORY_MARQUEE,SAFE_TYPED_FRAGMENT_STAGE,,,ORDINARY_MARQUEE_CANDIDATE,0,,,
database:1005,RETAIN_EXISTING,1005,fragments/1830/07/18-img2388,1830-07-18,1,1,1,AUTO_MATCHED_EXACT,MATCHED_CONTENT,false,MARQUEE,NO_EMBEDDED_IMAGE,KEEP_EXISTING,834,INVENTORY_MARQUEE,SAFE_TYPED_FRAGMENT_STAGE,,,ORDINARY_MARQUEE_CANDIDATE,0,,,
database:1006,RETAIN_EXISTING,1006,fragments/1830/07/19-img2388,1830-07-19,1,1,1,AUTO_MATCHED_EXACT,MATCHED_CONTENT,false,MARQUEE,NO_EMBEDDED_IMAGE,KEEP_EXISTING,834,INVENTORY_MARQUEE,SAFE_TYPED_FRAGMENT_STAGE,,,ORDINARY_MARQUEE_CANDIDATE,0,,,
database:1007,RETAIN_EXISTING,1007,fragments/1830/07/20-img2389,1830-07-20,1,1,1,AUTO_MATCHED_EXACT,MATCHED_CONTENT,false,MARQUEE,NO_EMBEDDED_IMAGE,KEEP_EXISTING,835,INVENTORY_MARQUEE,SAFE_TYPED_FRAGMENT_STAGE,,,ORDINARY_MARQUEE_CANDIDATE,0,,,
database:1008,RETAIN_EXISTING,1008,fragments/1830/07/21-img2389,1830-07-21,1,1,1,AUTO_MATCHED_EXACT,MATCHED_CONTENT,false,MARQUEE,NO_EMBEDDED_IMAGE,KEEP_EXISTING,835,INVENTORY_MARQUEE,SAFE_TYPED_FRAGMENT_STAGE,,,ORDINARY_MARQUEE_CANDIDATE,0,,,
database:1009,RETAIN_EXISTING,1009,fragments/1830/07/22-img2390,1830-07-22,1,1,1,AUTO_MATCHED_EXACT,MATCHED_CONTENT,false,MARQUEE,NO_EMBEDDED_IMAGE,KEEP_EXISTING,836,INVENTORY_MARQUEE,SAFE_TYPED_FRAGMENT_STAGE,,,ORDINARY_MARQUEE_CANDIDATE,0,,,
database:1010,RETAIN_EXISTING,1010,fragments/1830/07/23-img2390,1830-07-23,1,1,1,AUTO_MATCHED_EXACT,MATCHED_CONTENT,false,MARQUEE,NO_EMBEDDED_IMAGE,KEEP_EXISTING,836,INVENTORY_MARQUEE,SAFE_TYPED_FRAGMENT_STAGE,,,ORDINARY_MARQUEE_CANDIDATE,0,,,
database:1011,RETAIN_EXISTING,1011,fragments/1830/07/24-img2390,1830-07-24,1,1,1,AUTO_MATCHED_EXACT,MATCHED_CONTENT,false,MARQUEE,NO_EMBEDDED_IMAGE,KEEP_EXISTING,836,INVENTORY_MARQUEE,SAFE_TYPED_FRAGMENT_STAGE,,,ORDINARY_MARQUEE_CANDIDATE,0,,,
database:1012,RETAIN_EXISTING,1012,fragments/1830/07/25-img2390,1830-07-25,1,1,1,AUTO_MATCHED_EXACT,MATCHED_CONTENT,false,MARQUEE,NO_EMBEDDED_IMAGE,KEEP_EXISTING,836,INVENTORY_MARQUEE,SAFE_TYPED_FRAGMENT_STAGE,,,ORDINARY_MARQUEE_CANDIDATE,0,,,
database:1013,RETAIN_EXISTING,1013,fragments/1830/07/26-img2390,1830-07-26,1,1,1,AUTO_MATCHED_EXACT,MATCHED_CONTENT,false,MARQUEE,NO_EMBEDDED_IMAGE,KEEP_EXISTING,836,INVENTORY_MARQUEE,SAFE_TYPED_FRAGMENT_STAGE,,,ORDINARY_MARQUEE_CANDIDATE,0,,,
database:1014,RETAIN_EXISTING,1014,fragments/1830/07/26-img2391,1830-07-26,2,2,2,AUTO_MATCHED_EXACT,MATCHED_CONTENT,false,MARQUEE,NO_EMBEDDED_IMAGE,KEEP_EXISTING,837,INVENTORY_MARQUEE,SAFE_TYPED_FRAGMENT_STAGE,,,ORDINARY_MARQUEE_CANDIDATE,0,,,
database:1015,RETAIN_EXISTING,1015,fragments/1830/07/27-img2391,1830-07-27,1,1,1,AUTO_MATCHED_EXACT,MATCHED_CONTENT,false,MARQUEE,NO_EMBEDDED_IMAGE,KEEP_EXISTING,837,INVENTORY_MARQUEE,SAFE_TYPED_FRAGMENT_STAGE,,,ORDINARY_MARQUEE_CANDIDATE,0,,,
database:1016,RETAIN_EXISTING,1016,fragments/1830/07/28-img2391,1830-07-28,1,1,1,AUTO_MATCHED_EXACT,MATCHED_CONTENT,false,MARQUEE,NO_EMBEDDED_IMAGE,KEEP_EXISTING,837,INVENTORY_MARQUEE,SAFE_TYPED_FRAGMENT_STAGE,,,ORDINARY_MARQUEE_CANDIDATE,0,,,
database:1017,RETAIN_EXISTING,1017,fragments/1830/07/29-img2391,1830-07-29,1,1,1,AUTO_MATCHED_EXACT,MATCHED_CONTENT,false,MARQUEE,NO_EMBEDDED_IMAGE,KEEP_EXISTING,837,INVENTORY_MARQUEE,SAFE_TYPED_FRAGMENT_STAGE,,,ORDINARY_MARQUEE_CANDIDATE,0,,,
database:1018,RETAIN_EXISTING,1018,fragments/1830/07/30-img2392,1830-07-30,1,1,1,AUTO_MATCHED_EXACT,MATCHED_CONTENT,false,MARQUEE,NO_EMBEDDED_IMAGE,KEEP_EXISTING,838,INVENTORY_MARQUEE,SAFE_TYPED_FRAGMENT_STAGE,,,ORDINARY_MARQUEE_CANDIDATE,0,,,
database:1019,RETAIN_EXISTING,1019,fragments/1830/07/31-img2392,1830-07-31,1,1,1,AUTO_MATCHED_EXACT,MATCHED_CONTENT,false,MARQUEE,NO_EMBEDDED_IMAGE,KEEP_EXISTING,838,INVENTORY_MARQUEE,SAFE_TYPED_FRAGMENT_STAGE,,,ORDINARY_MARQUEE_CANDIDATE,0,,,
database:1020,RETAIN_EXISTING,1020,fragments/1830/08/01-img2392,1830-08-01,1,1,1,AUTO_MATCHED_EXACT,MATCHED_CONTENT,false,MARQUEE,NO_EMBEDDED_IMAGE,KEEP_EXISTING,838,INVENTORY_MARQUEE,SAFE_TYPED_FRAGMENT_STAGE,,,ORDINARY_MARQUEE_CANDIDATE,0,,,
database:1021,RETAIN_EXISTING,1021,fragments/1830/08/02-img2392,1830-08-02,1,1,1,AUTO_MATCHED_EXACT,MATCHED_CONTENT,false,MARQUEE,NO_EMBEDDED_IMAGE,KEEP_EXISTING,838,INVENTORY_MARQUEE,SAFE_TYPED_FRAGMENT_STAGE,,,ORDINARY_MARQUEE_CANDIDATE,0,,,
database:1022,RETAIN_EXISTING,1022,fragments/1830/08/03-img2392,1830-08-03,1,1,1,AUTO_MATCHED_EXACT,MATCHED_CONTENT,false,MARQUEE,NO_EMBEDDED_IMAGE,KEEP_EXISTING,838,INVENTORY_MARQUEE,SAFE_TYPED_FRAGMENT_STAGE,,,ORDINARY_MARQUEE_CANDIDATE,0,,,
database:1023,RETAIN_EXISTING,1023,fragments/1830/08/04-img2393,1830-08-04,1,1,1,AUTO_MATCHED_EXACT,MATCHED_CONTENT,false,MARQUEE,NO_EMBEDDED_IMAGE,KEEP_EXISTING,839,INVENTORY_MARQUEE,SAFE_TYPED_FRAGMENT_STAGE,,,ORDINARY_MARQUEE_CANDIDATE,0,,,
database:1024,RETAIN_EXISTING,1024,fragments/1830/08/05-img2393,1830-08-05,1,1,1,AUTO_MATCHED_EXACT,MATCHED_CONTENT,false,MARQUEE,NO_EMBEDDED_IMAGE,KEEP_EXISTING,839,INVENTORY_MARQUEE,SAFE_TYPED_FRAGMENT_STAGE,,,ORDINARY_MARQUEE_CANDIDATE,0,,,
database:1025,RETAIN_EXISTING,1025,fragments/1830/08/06-img2394,1830-08-06,1,1,1,AUTO_MATCHED_EXACT,MATCHED_CONTENT,false,MARQUEE,NO_EMBEDDED_IMAGE,KEEP_EXISTING,840,INVENTORY_MARQUEE,SAFE_TYPED_FRAGMENT_STAGE,,,ORDINARY_MARQUEE_CANDIDATE,0,,,
database:1026,RETAIN_EXISTING,1026,fragments/1830/08/07-img2394,1830-08-07,1,1,1,AUTO_MATCHED_EXACT,MATCHED_CONTENT,false,MARQUEE,NO_EMBEDDED_IMAGE,KEEP_EXISTING,840,INVENTORY_MARQUEE,SAFE_TYPED_FRAGMENT_STAGE,,,ORDINARY_MARQUEE_CANDIDATE,0,,,
database:1027,RETAIN_EXISTING,1027,fragments/1830/08/08-img2394,1830-08-08,1,1,1,AUTO_MATCHED_EXACT,MATCHED_CONTENT,false,MARQUEE,NO_EMBEDDED_IMAGE,KEEP_EXISTING,840,INVENTORY_MARQUEE,SAFE_TYPED_FRAGMENT_STAGE,,,ORDINARY_MARQUEE_CANDIDATE,0,,,
database:1028,RETAIN_EXISTING,1028,fragments/1830/08/09-img2394,1830-08-09,1,1,1,AUTO_MATCHED_EXACT,MATCHED_CONTENT,false,MARQUEE,NO_EMBEDDED_IMAGE,KEEP_EXISTING,840,INVENTORY_MARQUEE,SAFE_TYPED_FRAGMENT_STAGE,,,ORDINARY_MARQUEE_CANDIDATE,0,,,
database:1029,RETAIN_EXISTING,1029,fragments/1830/08/10-b2-img2390-image-bullring,1830-08-10,1,1,1,AUTO_MATCHED_EXACT,MATCHED_CONTENT,true,IMAGE,DATABASE_EMBEDDED_IMAGE,KEEP_ABSENT,,UNRESOLVED,DEFERRED_IMAGE_MIGRATION,,images/img2390-image-bullring.png,ORPHAN_OR_INCONSISTENT,1,,,
database:1030,RETAIN_EXISTING,1030,fragments/1830/08/10-b3-img2394-image-eldon-square-2,1830-08-10,2,2,2,AUTO_MATCHED_EXACT,MATCHED_CONTENT,true,IMAGE,DATABASE_EMBEDDED_IMAGE,KEEP_ABSENT,,UNRESOLVED,DEFERRED_IMAGE_MIGRATION,,images/img2394-image-eldon-square-2.jpg,ORPHAN_OR_INCONSISTENT,1,,,
database:1031,RETAIN_EXISTING,1031,fragments/1830/08/10-img2394,1830-08-10,3,3,3,AUTO_MATCHED_EXACT,MATCHED_CONTENT,false,MARQUEE,NO_EMBEDDED_IMAGE,KEEP_EXISTING,840,INVENTORY_MARQUEE,SAFE_TYPED_FRAGMENT_STAGE,,,ORDINARY_MARQUEE_CANDIDATE,0,,,
database:1032,RETAIN_EXISTING,1032,fragments/1830/08/11-img2395,1830-08-11,1,1,1,AUTO_MATCHED_EXACT,MATCHED_CONTENT,false,MARQUEE,NO_EMBEDDED_IMAGE,KEEP_EXISTING,841,INVENTORY_MARQUEE,SAFE_TYPED_FRAGMENT_STAGE,,,ORDINARY_MARQUEE_CANDIDATE,0,,,
database:1033,RETAIN_EXISTING,1033,fragments/1830/08/12-img2395,1830-08-12,1,1,1,AUTO_MATCHED_EXACT,MATCHED_CONTENT,false,MARQUEE,NO_EMBEDDED_IMAGE,KEEP_EXISTING,841,INVENTORY_MARQUEE,SAFE_TYPED_FRAGMENT_STAGE,,,ORDINARY_MARQUEE_CANDIDATE,0,,,
database:1034,RETAIN_EXISTING,1034,fragments/1830/08/13-img2395,1830-08-13,1,1,1,AUTO_MATCHED_EXACT,MATCHED_CONTENT,false,MARQUEE,NO_EMBEDDED_IMAGE,KEEP_EXISTING,841,INVENTORY_MARQUEE,SAFE_TYPED_FRAGMENT_STAGE,,,ORDINARY_MARQUEE_CANDIDATE,0,,,
database:1035,RETAIN_EXISTING,1035,fragments/1830/08/14-img2395,1830-08-14,1,1,1,AUTO_MATCHED_EXACT,MATCHED_CONTENT,false,MARQUEE,NO_EMBEDDED_IMAGE,KEEP_EXISTING,841,INVENTORY_MARQUEE,SAFE_TYPED_FRAGMENT_STAGE,,,ORDINARY_MARQUEE_CANDIDATE,0,,,
database:1036,RETAIN_EXISTING,1036,fragments/1830/08/15-img2396,1830-08-15,1,1,1,AUTO_MATCHED_EXACT,MATCHED_CONTENT,false,MARQUEE,NO_EMBEDDED_IMAGE,KEEP_EXISTING,842,INVENTORY_MARQUEE,SAFE_TYPED_FRAGMENT_STAGE,,,ORDINARY_MARQUEE_CANDIDATE,0,,,
database:1037,RETAIN_EXISTING,1037,fragments/1830/08/16-img2396,1830-08-16,1,1,1,AUTO_MATCHED_EXACT,MATCHED_CONTENT,false,MARQUEE,NO_EMBEDDED_IMAGE,KEEP_EXISTING,842,INVENTORY_MARQUEE,SAFE_TYPED_FRAGMENT_STAGE,,,ORDINARY_MARQUEE_CANDIDATE,0,,,
database:1038,RETAIN_EXISTING,1038,fragments/1830/08/17-img2396,1830-08-17,1,1,1,AUTO_MATCHED_EXACT,MATCHED_CONTENT,false,MARQUEE,NO_EMBEDDED_IMAGE,KEEP_EXISTING,842,INVENTORY_MARQUEE,SAFE_TYPED_FRAGMENT_STAGE,,,ORDINARY_MARQUEE_CANDIDATE,0,,,
database:1039,RETAIN_EXISTING,1039,fragments/1830/08/18-img2396,1830-08-18,1,1,1,AUTO_MATCHED_EXACT,MATCHED_CONTENT,false,MARQUEE,NO_EMBEDDED_IMAGE,KEEP_EXISTING,842,INVENTORY_MARQUEE,SAFE_TYPED_FRAGMENT_STAGE,,,ORDINARY_MARQUEE_CANDIDATE,0,,,
database:1040,RETAIN_EXISTING,1040,fragments/1830/08/19-img2397,1830-08-19,1,1,1,AUTO_MATCHED_EXACT,MATCHED_CONTENT,false,MARQUEE,NO_EMBEDDED_IMAGE,KEEP_EXISTING,843,INVENTORY_MARQUEE,SAFE_TYPED_FRAGMENT_STAGE,,,ORDINARY_MARQUEE_CANDIDATE,0,,,
database:1041,RETAIN_EXISTING,1041,fragments/1830/08/20-img2397,1830-08-20,1,1,1,AUTO_MATCHED_EXACT,MATCHED_CONTENT,false,MARQUEE,NO_EMBEDDED_IMAGE,KEEP_EXISTING,843,INVENTORY_MARQUEE,SAFE_TYPED_FRAGMENT_STAGE,,,ORDINARY_MARQUEE_CANDIDATE,0,,,
database:1042,RETAIN_EXISTING,1042,fragments/1830/08/21-img2397,1830-08-21,1,1,1,AUTO_MATCHED_EXACT,MATCHED_CONTENT,false,MARQUEE,NO_EMBEDDED_IMAGE,KEEP_EXISTING,843,INVENTORY_MARQUEE,SAFE_TYPED_FRAGMENT_STAGE,,,ORDINARY_MARQUEE_CANDIDATE,0,,,
database:1043,RETAIN_EXISTING,1043,fragments/1830/08/22-b1-img2398-image-archangel-map,1830-08-22,1,1,1,AUTO_MATCHED_EXACT,MATCHED_CONTENT,true,IMAGE,DATABASE_EMBEDDED_IMAGE,KEEP_ABSENT,,UNRESOLVED,DEFERRED_IMAGE_MIGRATION,,images/img2398-image-archangel-map.png,ORPHAN_OR_INCONSISTENT,1,,,
database:1044,RETAIN_EXISTING,1044,fragments/1830/08/22-img2397,1830-08-22,2,2,2,AUTO_MATCHED_EXACT,MATCHED_CONTENT,false,MARQUEE,NO_EMBEDDED_IMAGE,KEEP_EXISTING,843,INVENTORY_MARQUEE,SAFE_TYPED_FRAGMENT_STAGE,,,ORDINARY_MARQUEE_CANDIDATE,0,,,
database:1045,RETAIN_EXISTING,1045,fragments/1830/08/23-img2398,1830-08-23,1,1,1,AUTO_MATCHED_EXACT,MATCHED_CONTENT,false,MARQUEE,NO_EMBEDDED_IMAGE,KEEP_EXISTING,844,INVENTORY_MARQUEE,SAFE_TYPED_FRAGMENT_STAGE,,,ORDINARY_MARQUEE_CANDIDATE,0,,,
database:1046,RETAIN_EXISTING,1046,fragments/1830/08/24-img2398,1830-08-24,1,1,1,AUTO_MATCHED_EXACT,MATCHED_CONTENT,false,MARQUEE,NO_EMBEDDED_IMAGE,KEEP_EXISTING,844,INVENTORY_MARQUEE,SAFE_TYPED_FRAGMENT_STAGE,,,ORDINARY_MARQUEE_CANDIDATE,0,,,
database:1047,RETAIN_EXISTING,1047,fragments/1830/08/25-img2398,1830-08-25,1,1,1,AUTO_MATCHED_EXACT,MATCHED_CONTENT,false,MARQUEE,NO_EMBEDDED_IMAGE,KEEP_EXISTING,844,INVENTORY_MARQUEE,SAFE_TYPED_FRAGMENT_STAGE,,,ORDINARY_MARQUEE_CANDIDATE,0,,,
database:1048,RETAIN_EXISTING,1048,fragments/1830/08/26-img2398,1830-08-26,1,1,1,AUTO_MATCHED_EXACT,MATCHED_CONTENT,false,MARQUEE,NO_EMBEDDED_IMAGE,KEEP_EXISTING,844,INVENTORY_MARQUEE,SAFE_TYPED_FRAGMENT_STAGE,,,ORDINARY_MARQUEE_CANDIDATE,0,,,
database:1049,RETAIN_EXISTING,1049,fragments/1830/08/27-img2399,1830-08-27,1,1,1,AUTO_MATCHED_EXACT,MATCHED_CONTENT,false,MARQUEE,NO_EMBEDDED_IMAGE,KEEP_EXISTING,845,INVENTORY_MARQUEE,SAFE_TYPED_FRAGMENT_STAGE,,,ORDINARY_MARQUEE_CANDIDATE,0,,,
database:1050,RETAIN_EXISTING,1050,fragments/1830/08/28-img2399,1830-08-28,1,1,1,AUTO_MATCHED_EXACT,MATCHED_CONTENT,false,MARQUEE,NO_EMBEDDED_IMAGE,KEEP_EXISTING,845,INVENTORY_MARQUEE,SAFE_TYPED_FRAGMENT_STAGE,,,ORDINARY_MARQUEE_CANDIDATE,0,,,
database:1051,RETAIN_EXISTING,1051,fragments/1830/08/29-img2399,1830-08-29,1,1,1,AUTO_MATCHED_EXACT,MATCHED_CONTENT,false,MARQUEE,NO_EMBEDDED_IMAGE,KEEP_EXISTING,845,INVENTORY_MARQUEE,SAFE_TYPED_FRAGMENT_STAGE,,,ORDINARY_MARQUEE_CANDIDATE,0,,,
database:1052,RETAIN_EXISTING,1052,fragments/1830/08/30-img2399,1830-08-30,1,1,1,AUTO_MATCHED_EXACT,MATCHED_CONTENT,false,MARQUEE,NO_EMBEDDED_IMAGE,KEEP_EXISTING,845,INVENTORY_MARQUEE,SAFE_TYPED_FRAGMENT_STAGE,,,ORDINARY_MARQUEE_CANDIDATE,0,,,
database:1053,RETAIN_EXISTING,1053,fragments/1830/08/31-img2399,1830-08-31,1,1,1,AUTO_MATCHED_EXACT,MATCHED_CONTENT,false,MARQUEE,NO_EMBEDDED_IMAGE,KEEP_EXISTING,845,INVENTORY_MARQUEE,SAFE_TYPED_FRAGMENT_STAGE,,,ORDINARY_MARQUEE_CANDIDATE,0,,,
database:1054,RETAIN_EXISTING,1054,fragments/1830/09/01-img2400,1830-09-01,1,1,1,AUTO_MATCHED_EXACT,MATCHED_CONTENT,false,MARQUEE,NO_EMBEDDED_IMAGE,KEEP_EXISTING,846,INVENTORY_MARQUEE,SAFE_TYPED_FRAGMENT_STAGE,,,ORDINARY_MARQUEE_CANDIDATE,0,,,
database:1055,RETAIN_EXISTING,1055,fragments/1830/09/02-img2400,1830-09-02,1,1,1,AUTO_MATCHED_EXACT,MATCHED_CONTENT,false,MARQUEE,NO_EMBEDDED_IMAGE,KEEP_EXISTING,846,INVENTORY_MARQUEE,SAFE_TYPED_FRAGMENT_STAGE,,,ORDINARY_MARQUEE_CANDIDATE,0,,,
database:1056,RETAIN_EXISTING,1056,fragments/1830/09/03-img2400,1830-09-03,1,1,1,AUTO_MATCHED_EXACT,MATCHED_CONTENT,false,MARQUEE,NO_EMBEDDED_IMAGE,KEEP_EXISTING,846,INVENTORY_MARQUEE,SAFE_TYPED_FRAGMENT_STAGE,,,ORDINARY_MARQUEE_CANDIDATE,0,,,
database:1057,RETAIN_EXISTING,1057,fragments/1830/09/04-img2400,1830-09-04,1,1,1,AUTO_MATCHED_EXACT,MATCHED_CONTENT,false,MARQUEE,NO_EMBEDDED_IMAGE,KEEP_EXISTING,846,INVENTORY_MARQUEE,SAFE_TYPED_FRAGMENT_STAGE,,,ORDINARY_MARQUEE_CANDIDATE,0,,,
database:1058,RETAIN_EXISTING,1058,fragments/1830/09/05-img2400,1830-09-05,1,1,1,AUTO_MATCHED_EXACT,MATCHED_CONTENT,false,MARQUEE,NO_EMBEDDED_IMAGE,KEEP_EXISTING,846,INVENTORY_MARQUEE,SAFE_TYPED_FRAGMENT_STAGE,,,ORDINARY_MARQUEE_CANDIDATE,0,,,
database:1059,RETAIN_EXISTING,1059,fragments/1830/09/06-img2401,1830-09-06,1,1,1,AUTO_MATCHED_EXACT,MATCHED_CONTENT,false,MARQUEE,NO_EMBEDDED_IMAGE,KEEP_EXISTING,847,INVENTORY_MARQUEE,SAFE_TYPED_FRAGMENT_STAGE,,,ORDINARY_MARQUEE_CANDIDATE,0,,,
database:1060,RETAIN_EXISTING,1060,fragments/1830/09/07-img2401,1830-09-07,1,1,1,AUTO_MATCHED_EXACT,MATCHED_CONTENT,false,MARQUEE,NO_EMBEDDED_IMAGE,KEEP_EXISTING,847,INVENTORY_MARQUEE,SAFE_TYPED_FRAGMENT_STAGE,,,ORDINARY_MARQUEE_CANDIDATE,0,,,
database:1061,RETAIN_EXISTING,1061,fragments/1830/09/08-img2401,1830-09-08,1,1,1,AUTO_MATCHED_EXACT,MATCHED_CONTENT,false,MARQUEE,NO_EMBEDDED_IMAGE,KEEP_EXISTING,847,INVENTORY_MARQUEE,SAFE_TYPED_FRAGMENT_STAGE,,,ORDINARY_MARQUEE_CANDIDATE,0,,,
database:1062,RETAIN_EXISTING,1062,fragments/1830/09/09-img2401,1830-09-09,1,1,1,AUTO_MATCHED_EXACT,MATCHED_CONTENT,false,MARQUEE,NO_EMBEDDED_IMAGE,KEEP_EXISTING,847,INVENTORY_MARQUEE,SAFE_TYPED_FRAGMENT_STAGE,,,ORDINARY_MARQUEE_CANDIDATE,0,,,
database:1063,RETAIN_EXISTING,1063,fragments/1830/09/10-img2401,1830-09-10,1,1,1,AUTO_MATCHED_EXACT,MATCHED_CONTENT,false,MARQUEE,NO_EMBEDDED_IMAGE,KEEP_EXISTING,847,INVENTORY_MARQUEE,SAFE_TYPED_FRAGMENT_STAGE,,,ORDINARY_MARQUEE_CANDIDATE,0,,,
database:1064,RETAIN_EXISTING,1064,fragments/1830/09/11-img2402,1830-09-11,1,1,1,AUTO_MATCHED_EXACT,MATCHED_CONTENT,false,MARQUEE,NO_EMBEDDED_IMAGE,KEEP_EXISTING,848,INVENTORY_MARQUEE,SAFE_TYPED_FRAGMENT_STAGE,,,ORDINARY_MARQUEE_CANDIDATE,0,,,
database:1065,RETAIN_EXISTING,1065,fragments/1830/09/12-img2402,1830-09-12,1,1,1,AUTO_MATCHED_EXACT,MATCHED_CONTENT,false,MARQUEE,NO_EMBEDDED_IMAGE,KEEP_EXISTING,848,INVENTORY_MARQUEE,SAFE_TYPED_FRAGMENT_STAGE,,,ORDINARY_MARQUEE_CANDIDATE,0,,,
database:1066,RETAIN_EXISTING,1066,fragments/1830/09/13-img2402,1830-09-13,1,1,1,AUTO_MATCHED_EXACT,MATCHED_CONTENT,false,MARQUEE,NO_EMBEDDED_IMAGE,KEEP_EXISTING,848,INVENTORY_MARQUEE,SAFE_TYPED_FRAGMENT_STAGE,,,ORDINARY_MARQUEE_CANDIDATE,0,,,
database:1067,RETAIN_EXISTING,1067,fragments/1830/09/14-img2402,1830-09-14,1,1,1,AUTO_MATCHED_EXACT,MATCHED_CONTENT,false,MARQUEE,NO_EMBEDDED_IMAGE,KEEP_EXISTING,848,INVENTORY_MARQUEE,SAFE_TYPED_FRAGMENT_STAGE,,,ORDINARY_MARQUEE_CANDIDATE,0,,,
database:1068,RETAIN_EXISTING,1068,fragments/1830/09/15-img2403-left,1830-09-15,1,1,1,AUTO_MATCHED_EXACT,MATCHED_CONTENT,false,MARQUEE,NO_EMBEDDED_IMAGE,KEEP_EXISTING,849,INVENTORY_MARQUEE,SAFE_TYPED_FRAGMENT_STAGE,,,ORDINARY_MARQUEE_CANDIDATE,0,,,
database:1069,RETAIN_EXISTING,1069,fragments/1830/09/16-img2403-left,1830-09-16,1,1,1,AUTO_MATCHED_EXACT,MATCHED_CONTENT,false,MARQUEE,NO_EMBEDDED_IMAGE,KEEP_EXISTING,849,INVENTORY_MARQUEE,SAFE_TYPED_FRAGMENT_STAGE,,,ORDINARY_MARQUEE_CANDIDATE,0,,,
database:1070,RETAIN_EXISTING,1070,fragments/1830/09/17-img2403-left,1830-09-17,1,1,1,AUTO_MATCHED_EXACT,MATCHED_CONTENT,false,MARQUEE,NO_EMBEDDED_IMAGE,KEEP_EXISTING,849,INVENTORY_MARQUEE,SAFE_TYPED_FRAGMENT_STAGE,,,ORDINARY_MARQUEE_CANDIDATE,0,,,
database:1071,RETAIN_EXISTING,1071,fragments/1830/09/18-img2403-right,1830-09-18,1,1,1,AUTO_MATCHED_EXACT,MATCHED_CONTENT,false,MARQUEE,NO_EMBEDDED_IMAGE,KEEP_EXISTING,849,INVENTORY_MARQUEE,SAFE_TYPED_FRAGMENT_STAGE,,,ORDINARY_MARQUEE_CANDIDATE,0,,,
database:1072,RETAIN_EXISTING,1072,fragments/1830/09/19-img2403-right,1830-09-19,1,1,1,AUTO_MATCHED_EXACT,MATCHED_CONTENT,false,MARQUEE,NO_EMBEDDED_IMAGE,KEEP_EXISTING,849,INVENTORY_MARQUEE,SAFE_TYPED_FRAGMENT_STAGE,,,ORDINARY_MARQUEE_CANDIDATE,0,,,
database:1073,RETAIN_EXISTING,1073,fragments/1830/09/20-img2403-right,1830-09-20,1,1,1,AUTO_MATCHED_EXACT,MATCHED_CONTENT,false,MARQUEE,NO_EMBEDDED_IMAGE,KEEP_EXISTING,849,INVENTORY_MARQUEE,SAFE_TYPED_FRAGMENT_STAGE,,,ORDINARY_MARQUEE_CANDIDATE,0,,,
database:1074,RETAIN_EXISTING,1074,fragments/1830/09/21-img2403-right,1830-09-21,1,1,1,AUTO_MATCHED_EXACT,MATCHED_CONTENT,false,MARQUEE,NO_EMBEDDED_IMAGE,KEEP_EXISTING,849,INVENTORY_MARQUEE,SAFE_TYPED_FRAGMENT_STAGE,,,ORDINARY_MARQUEE_CANDIDATE,0,,,
database:1075,RETAIN_EXISTING,1075,fragments/1830/09/22-img2403-right,1830-09-22,1,1,1,AUTO_MATCHED_EXACT,MATCHED_CONTENT,false,MARQUEE,NO_EMBEDDED_IMAGE,KEEP_EXISTING,849,INVENTORY_MARQUEE,SAFE_TYPED_FRAGMENT_STAGE,,,ORDINARY_MARQUEE_CANDIDATE,0,,,
database:1076,RETAIN_EXISTING,1076,fragments/1830/09/23-img2404,1830-09-23,1,1,1,AUTO_MATCHED_EXACT,MATCHED_CONTENT,false,MARQUEE,NO_EMBEDDED_IMAGE,KEEP_EXISTING,850,INVENTORY_MARQUEE,SAFE_TYPED_FRAGMENT_STAGE,,,ORDINARY_MARQUEE_CANDIDATE,0,,,
database:1077,RETAIN_EXISTING,1077,fragments/1830/09/24-img2404,1830-09-24,1,1,1,AUTO_MATCHED_EXACT,MATCHED_CONTENT,false,MARQUEE,NO_EMBEDDED_IMAGE,KEEP_EXISTING,850,INVENTORY_MARQUEE,SAFE_TYPED_FRAGMENT_STAGE,,,ORDINARY_MARQUEE_CANDIDATE,0,,,
database:1078,RETAIN_EXISTING,1078,fragments/1830/09/25-img2404,1830-09-25,1,1,1,AUTO_MATCHED_EXACT,MATCHED_CONTENT,false,MARQUEE,NO_EMBEDDED_IMAGE,KEEP_EXISTING,850,INVENTORY_MARQUEE,SAFE_TYPED_FRAGMENT_STAGE,,,ORDINARY_MARQUEE_CANDIDATE,0,,,
database:1079,RETAIN_EXISTING,1079,fragments/1830/09/26-img2404,1830-09-26,1,1,1,AUTO_MATCHED_EXACT,MATCHED_CONTENT,false,MARQUEE,NO_EMBEDDED_IMAGE,KEEP_EXISTING,850,INVENTORY_MARQUEE,SAFE_TYPED_FRAGMENT_STAGE,,,ORDINARY_MARQUEE_CANDIDATE,0,,,
database:1080,RETAIN_EXISTING,1080,fragments/1830/09/27-img2405,1830-09-27,1,1,1,AUTO_MATCHED_EXACT,MATCHED_CONTENT,false,MARQUEE,NO_EMBEDDED_IMAGE,KEEP_EXISTING,851,INVENTORY_MARQUEE,SAFE_TYPED_FRAGMENT_STAGE,,,ORDINARY_MARQUEE_CANDIDATE,0,,,
database:1081,RETAIN_EXISTING,1081,fragments/1830/09/28-img2405,1830-09-28,1,1,1,AUTO_MATCHED_EXACT,MATCHED_CONTENT,false,MARQUEE,NO_EMBEDDED_IMAGE,KEEP_EXISTING,851,INVENTORY_MARQUEE,SAFE_TYPED_FRAGMENT_STAGE,,,ORDINARY_MARQUEE_CANDIDATE,0,,,
database:1082,RETAIN_EXISTING,1082,fragments/1830/09/29-img2405,1830-09-29,1,1,1,AUTO_MATCHED_EXACT,MATCHED_CONTENT,false,MARQUEE,NO_EMBEDDED_IMAGE,KEEP_EXISTING,851,INVENTORY_MARQUEE,SAFE_TYPED_FRAGMENT_STAGE,,,ORDINARY_MARQUEE_CANDIDATE,0,,,
database:1083,RETAIN_EXISTING,1083,fragments/1830/09/30-img2405,1830-09-30,1,1,1,AUTO_MATCHED_EXACT,MATCHED_CONTENT,false,MARQUEE,NO_EMBEDDED_IMAGE,KEEP_EXISTING,851,INVENTORY_MARQUEE,SAFE_TYPED_FRAGMENT_STAGE,,,ORDINARY_MARQUEE_CANDIDATE,0,,,
database:1084,RETAIN_EXISTING,1084,fragments/1830/10/01-img2406,1830-10-01,1,1,1,AUTO_MATCHED_EXACT,MATCHED_CONTENT,false,MARQUEE,NO_EMBEDDED_IMAGE,KEEP_EXISTING,852,INVENTORY_MARQUEE,SAFE_TYPED_FRAGMENT_STAGE,,,ORDINARY_MARQUEE_CANDIDATE,0,,,
database:1085,RETAIN_EXISTING,1085,fragments/1830/10/02-img2406,1830-10-02,1,1,1,AUTO_MATCHED_EXACT,MATCHED_CONTENT,false,MARQUEE,NO_EMBEDDED_IMAGE,KEEP_EXISTING,852,INVENTORY_MARQUEE,SAFE_TYPED_FRAGMENT_STAGE,,,ORDINARY_MARQUEE_CANDIDATE,0,,,
database:1086,RETAIN_EXISTING,1086,fragments/1830/10/03-img2406,1830-10-03,1,1,1,AUTO_MATCHED_EXACT,MATCHED_CONTENT,false,MARQUEE,NO_EMBEDDED_IMAGE,KEEP_EXISTING,852,INVENTORY_MARQUEE,SAFE_TYPED_FRAGMENT_STAGE,,,ORDINARY_MARQUEE_CANDIDATE,0,,,
database:1087,RETAIN_EXISTING,1087,fragments/1830/10/04-img2406,1830-10-04,1,1,1,AUTO_MATCHED_EXACT,MATCHED_CONTENT,false,MARQUEE,NO_EMBEDDED_IMAGE,KEEP_EXISTING,852,INVENTORY_MARQUEE,SAFE_TYPED_FRAGMENT_STAGE,,,ORDINARY_MARQUEE_CANDIDATE,0,,,
database:1088,RETAIN_EXISTING,1088,fragments/1830/10/05-img2406,1830-10-05,1,1,1,AUTO_MATCHED_EXACT,MATCHED_CONTENT,false,MARQUEE,NO_EMBEDDED_IMAGE,KEEP_EXISTING,852,INVENTORY_MARQUEE,SAFE_TYPED_FRAGMENT_STAGE,,,ORDINARY_MARQUEE_CANDIDATE,0,,,
database:1089,RETAIN_EXISTING,1089,fragments/1830/10/06-img2407,1830-10-06,1,1,1,AUTO_MATCHED_EXACT,MATCHED_CONTENT,false,MARQUEE,NO_EMBEDDED_IMAGE,KEEP_EXISTING,853,INVENTORY_MARQUEE,SAFE_TYPED_FRAGMENT_STAGE,,,ORDINARY_MARQUEE_CANDIDATE,0,,,
database:1090,RETAIN_EXISTING,1090,fragments/1830/10/07-img2407,1830-10-07,1,1,1,AUTO_MATCHED_EXACT,MATCHED_CONTENT,false,MARQUEE,NO_EMBEDDED_IMAGE,KEEP_EXISTING,853,INVENTORY_MARQUEE,SAFE_TYPED_FRAGMENT_STAGE,,,ORDINARY_MARQUEE_CANDIDATE,0,,,
database:1091,RETAIN_EXISTING,1091,fragments/1830/10/08-img2407,1830-10-08,1,1,1,AUTO_MATCHED_EXACT,MATCHED_CONTENT,false,MARQUEE,NO_EMBEDDED_IMAGE,KEEP_EXISTING,853,INVENTORY_MARQUEE,SAFE_TYPED_FRAGMENT_STAGE,,,ORDINARY_MARQUEE_CANDIDATE,0,,,
database:1092,RETAIN_EXISTING,1092,fragments/1830/10/09-img2407,1830-10-09,1,1,1,AUTO_MATCHED_EXACT,MATCHED_CONTENT,false,MARQUEE,NO_EMBEDDED_IMAGE,KEEP_EXISTING,853,INVENTORY_MARQUEE,SAFE_TYPED_FRAGMENT_STAGE,,,ORDINARY_MARQUEE_CANDIDATE,0,,,
database:1093,RETAIN_EXISTING,1093,fragments/1830/10/10-img2407,1830-10-10,1,1,1,AUTO_MATCHED_EXACT,MATCHED_CONTENT,false,MARQUEE,NO_EMBEDDED_IMAGE,KEEP_EXISTING,853,INVENTORY_MARQUEE,SAFE_TYPED_FRAGMENT_STAGE,,,ORDINARY_MARQUEE_CANDIDATE,0,,,
database:1094,RETAIN_EXISTING,1094,fragments/1830/10/11-img2408,1830-10-11,1,1,1,AUTO_MATCHED_EXACT,MATCHED_CONTENT,false,MARQUEE,NO_EMBEDDED_IMAGE,KEEP_EXISTING,854,INVENTORY_MARQUEE,SAFE_TYPED_FRAGMENT_STAGE,,,ORDINARY_MARQUEE_CANDIDATE,0,,,
database:1095,RETAIN_EXISTING,1095,fragments/1830/10/12-img2408,1830-10-12,1,1,1,AUTO_MATCHED_EXACT,MATCHED_CONTENT,false,MARQUEE,NO_EMBEDDED_IMAGE,KEEP_EXISTING,854,INVENTORY_MARQUEE,SAFE_TYPED_FRAGMENT_STAGE,,,ORDINARY_MARQUEE_CANDIDATE,0,,,
database:1096,RETAIN_EXISTING,1096,fragments/1830/10/13-img2408,1830-10-13,1,1,1,AUTO_MATCHED_EXACT,MATCHED_CONTENT,false,MARQUEE,NO_EMBEDDED_IMAGE,KEEP_EXISTING,854,INVENTORY_MARQUEE,SAFE_TYPED_FRAGMENT_STAGE,,,ORDINARY_MARQUEE_CANDIDATE,0,,,
database:1097,RETAIN_EXISTING,1097,fragments/1830/10/14-img2408,1830-10-14,1,1,1,AUTO_MATCHED_EXACT,MATCHED_CONTENT,false,MARQUEE,NO_EMBEDDED_IMAGE,KEEP_EXISTING,854,INVENTORY_MARQUEE,SAFE_TYPED_FRAGMENT_STAGE,,,ORDINARY_MARQUEE_CANDIDATE,0,,,
database:1098,RETAIN_EXISTING,1098,fragments/1830/10/15-img2409,1830-10-15,1,1,1,AUTO_MATCHED_EXACT,MATCHED_CONTENT,false,MARQUEE,NO_EMBEDDED_IMAGE,KEEP_EXISTING,855,INVENTORY_MARQUEE,SAFE_TYPED_FRAGMENT_STAGE,,,ORDINARY_MARQUEE_CANDIDATE,0,,,
database:1099,RETAIN_EXISTING,1099,fragments/1830/10/16-img2409,1830-10-16,1,1,1,AUTO_MATCHED_EXACT,MATCHED_CONTENT,false,MARQUEE,NO_EMBEDDED_IMAGE,KEEP_EXISTING,855,INVENTORY_MARQUEE,SAFE_TYPED_FRAGMENT_STAGE,,,ORDINARY_MARQUEE_CANDIDATE,0,,,
database:1100,RETAIN_EXISTING,1100,fragments/1830/10/17-img2409,1830-10-17,1,1,1,AUTO_MATCHED_EXACT,MATCHED_CONTENT,false,MARQUEE,NO_EMBEDDED_IMAGE,KEEP_EXISTING,855,INVENTORY_MARQUEE,SAFE_TYPED_FRAGMENT_STAGE,,,ORDINARY_MARQUEE_CANDIDATE,0,,,
database:1101,RETAIN_EXISTING,1101,fragments/1830/10/18-img2409,1830-10-18,1,1,1,AUTO_MATCHED_EXACT,MATCHED_CONTENT,false,MARQUEE,NO_EMBEDDED_IMAGE,KEEP_EXISTING,855,INVENTORY_MARQUEE,SAFE_TYPED_FRAGMENT_STAGE,,,ORDINARY_MARQUEE_CANDIDATE,0,,,
database:1102,RETAIN_EXISTING,1102,fragments/1830/10/19-img2410,1830-10-19,1,1,1,AUTO_MATCHED_EXACT,MATCHED_CONTENT,false,MARQUEE,NO_EMBEDDED_IMAGE,KEEP_EXISTING,856,INVENTORY_MARQUEE,SAFE_TYPED_FRAGMENT_STAGE,,,ORDINARY_MARQUEE_CANDIDATE,0,,,
database:1103,RETAIN_EXISTING,1103,fragments/1830/10/20-img2410,1830-10-20,1,1,1,AUTO_MATCHED_EXACT,MATCHED_CONTENT,false,MARQUEE,NO_EMBEDDED_IMAGE,KEEP_EXISTING,856,INVENTORY_MARQUEE,SAFE_TYPED_FRAGMENT_STAGE,,,ORDINARY_MARQUEE_CANDIDATE,0,,,
database:1104,RETAIN_EXISTING,1104,fragments/1830/10/21-img2410,1830-10-21,1,1,1,AUTO_MATCHED_EXACT,MATCHED_CONTENT,false,MARQUEE,NO_EMBEDDED_IMAGE,KEEP_EXISTING,856,INVENTORY_MARQUEE,SAFE_TYPED_FRAGMENT_STAGE,,,ORDINARY_MARQUEE_CANDIDATE,0,,,
database:1105,RETAIN_EXISTING,1105,fragments/1830/10/22-img2410,1830-10-22,1,1,1,AUTO_MATCHED_EXACT,MATCHED_CONTENT,false,MARQUEE,NO_EMBEDDED_IMAGE,KEEP_EXISTING,856,INVENTORY_MARQUEE,SAFE_TYPED_FRAGMENT_STAGE,,,ORDINARY_MARQUEE_CANDIDATE,0,,,
database:1106,RETAIN_EXISTING,1106,fragments/1830/10/23-img2410,1830-10-23,1,1,1,AUTO_MATCHED_EXACT,MATCHED_CONTENT,false,MARQUEE,NO_EMBEDDED_IMAGE,KEEP_EXISTING,856,INVENTORY_MARQUEE,SAFE_TYPED_FRAGMENT_STAGE,,,ORDINARY_MARQUEE_CANDIDATE,0,,,
database:1107,RETAIN_EXISTING,1107,fragments/1830/10/24-img2411,1830-10-24,1,1,1,AUTO_MATCHED_EXACT,MATCHED_CONTENT,false,MARQUEE,NO_EMBEDDED_IMAGE,KEEP_EXISTING,857,INVENTORY_MARQUEE,SAFE_TYPED_FRAGMENT_STAGE,,,ORDINARY_MARQUEE_CANDIDATE,0,,,
database:1108,RETAIN_EXISTING,1108,fragments/1830/10/25-img2411,1830-10-25,1,1,1,AUTO_MATCHED_EXACT,MATCHED_CONTENT,false,MARQUEE,NO_EMBEDDED_IMAGE,KEEP_EXISTING,857,INVENTORY_MARQUEE,SAFE_TYPED_FRAGMENT_STAGE,,,ORDINARY_MARQUEE_CANDIDATE,0,,,
database:1109,RETAIN_EXISTING,1109,fragments/1830/10/26-img2411,1830-10-26,1,1,1,AUTO_MATCHED_EXACT,MATCHED_CONTENT,false,MARQUEE,NO_EMBEDDED_IMAGE,KEEP_EXISTING,857,INVENTORY_MARQUEE,SAFE_TYPED_FRAGMENT_STAGE,,,ORDINARY_MARQUEE_CANDIDATE,0,,,
database:1110,RETAIN_EXISTING,1110,fragments/1830/10/27-img2411,1830-10-27,1,1,1,AUTO_MATCHED_EXACT,MATCHED_CONTENT,false,MARQUEE,NO_EMBEDDED_IMAGE,KEEP_EXISTING,857,INVENTORY_MARQUEE,SAFE_TYPED_FRAGMENT_STAGE,,,ORDINARY_MARQUEE_CANDIDATE,0,,,
database:1111,RETAIN_EXISTING,1111,fragments/1830/10/28-img2412,1830-10-28,1,1,1,AUTO_MATCHED_EXACT,MATCHED_CONTENT,false,MARQUEE,NO_EMBEDDED_IMAGE,KEEP_EXISTING,858,INVENTORY_MARQUEE,SAFE_TYPED_FRAGMENT_STAGE,,,ORDINARY_MARQUEE_CANDIDATE,0,,,
database:1112,RETAIN_EXISTING,1112,fragments/1830/10/29-img2412,1830-10-29,1,1,1,AUTO_MATCHED_EXACT,MATCHED_CONTENT,false,MARQUEE,NO_EMBEDDED_IMAGE,KEEP_EXISTING,858,INVENTORY_MARQUEE,SAFE_TYPED_FRAGMENT_STAGE,,,ORDINARY_MARQUEE_CANDIDATE,0,,,
database:1113,RETAIN_EXISTING,1113,fragments/1830/10/30-img2412,1830-10-30,1,1,1,AUTO_MATCHED_EXACT,MATCHED_CONTENT,false,MARQUEE,NO_EMBEDDED_IMAGE,KEEP_EXISTING,858,INVENTORY_MARQUEE,SAFE_TYPED_FRAGMENT_STAGE,,,ORDINARY_MARQUEE_CANDIDATE,0,,,
database:1114,RETAIN_EXISTING,1114,fragments/1830/10/31-img2412,1830-10-31,1,1,1,AUTO_MATCHED_EXACT,MATCHED_CONTENT,false,MARQUEE,NO_EMBEDDED_IMAGE,KEEP_EXISTING,858,INVENTORY_MARQUEE,SAFE_TYPED_FRAGMENT_STAGE,,,ORDINARY_MARQUEE_CANDIDATE,0,,,
database:1115,RETAIN_EXISTING,1115,fragments/1830/11/01-img2413,1830-11-01,1,1,1,AUTO_MATCHED_EXACT,MATCHED_CONTENT,false,MARQUEE,NO_EMBEDDED_IMAGE,KEEP_EXISTING,859,INVENTORY_MARQUEE,SAFE_TYPED_FRAGMENT_STAGE,,,ORDINARY_MARQUEE_CANDIDATE,0,,,
database:1116,RETAIN_EXISTING,1116,fragments/1830/11/02-img2413,1830-11-02,1,1,1,AUTO_MATCHED_EXACT,MATCHED_CONTENT,false,MARQUEE,NO_EMBEDDED_IMAGE,KEEP_EXISTING,859,INVENTORY_MARQUEE,SAFE_TYPED_FRAGMENT_STAGE,,,ORDINARY_MARQUEE_CANDIDATE,0,,,
database:1117,RETAIN_EXISTING,1117,fragments/1830/11/03-img2413,1830-11-03,1,1,1,AUTO_MATCHED_EXACT,MATCHED_CONTENT,false,MARQUEE,NO_EMBEDDED_IMAGE,KEEP_EXISTING,859,INVENTORY_MARQUEE,SAFE_TYPED_FRAGMENT_STAGE,,,ORDINARY_MARQUEE_CANDIDATE,0,,,
database:1118,RETAIN_EXISTING,1118,fragments/1830/11/04-img2413,1830-11-04,1,1,1,AUTO_MATCHED_EXACT,MATCHED_CONTENT,false,MARQUEE,NO_EMBEDDED_IMAGE,KEEP_EXISTING,859,INVENTORY_MARQUEE,SAFE_TYPED_FRAGMENT_STAGE,,,ORDINARY_MARQUEE_CANDIDATE,0,,,
database:1119,RETAIN_EXISTING,1119,fragments/1830/11/05-img2414-left,1830-11-05,1,1,1,AUTO_MATCHED_EXACT,MATCHED_CONTENT,false,MARQUEE,NO_EMBEDDED_IMAGE,KEEP_EXISTING,860,INVENTORY_MARQUEE,SAFE_TYPED_FRAGMENT_STAGE,,,ORDINARY_MARQUEE_CANDIDATE,0,,,
database:1120,RETAIN_EXISTING,1120,fragments/1830/11/06-img2414-left,1830-11-06,1,1,1,AUTO_MATCHED_EXACT,MATCHED_CONTENT,false,MARQUEE,NO_EMBEDDED_IMAGE,KEEP_EXISTING,860,INVENTORY_MARQUEE,SAFE_TYPED_FRAGMENT_STAGE,,,ORDINARY_MARQUEE_CANDIDATE,0,,,
database:1121,RETAIN_EXISTING,1121,fragments/1830/11/07-img2414-left,1830-11-07,1,1,1,AUTO_MATCHED_EXACT,MATCHED_CONTENT,false,MARQUEE,NO_EMBEDDED_IMAGE,KEEP_EXISTING,860,INVENTORY_MARQUEE,SAFE_TYPED_FRAGMENT_STAGE,,,ORDINARY_MARQUEE_CANDIDATE,0,,,
database:1122,RETAIN_EXISTING,1122,fragments/1830/11/08-img2414-left,1830-11-08,1,1,1,AUTO_MATCHED_EXACT,MATCHED_CONTENT,false,MARQUEE,NO_EMBEDDED_IMAGE,KEEP_EXISTING,860,INVENTORY_MARQUEE,SAFE_TYPED_FRAGMENT_STAGE,,,ORDINARY_MARQUEE_CANDIDATE,0,,,
database:1123,RETAIN_EXISTING,1123,fragments/1830/11/09-img2414-right,1830-11-09,1,1,1,AUTO_MATCHED_EXACT,MATCHED_CONTENT,false,MARQUEE,NO_EMBEDDED_IMAGE,KEEP_EXISTING,860,INVENTORY_MARQUEE,SAFE_TYPED_FRAGMENT_STAGE,,,ORDINARY_MARQUEE_CANDIDATE,0,,,
database:1124,RETAIN_EXISTING,1124,fragments/1830/11/10-img2414-right,1830-11-10,1,1,1,AUTO_MATCHED_EXACT,MATCHED_CONTENT,false,MARQUEE,NO_EMBEDDED_IMAGE,KEEP_EXISTING,860,INVENTORY_MARQUEE,SAFE_TYPED_FRAGMENT_STAGE,,,ORDINARY_MARQUEE_CANDIDATE,0,,,
database:1125,RETAIN_EXISTING,1125,fragments/1830/11/11-img2414-right,1830-11-11,1,1,1,AUTO_MATCHED_EXACT,MATCHED_CONTENT,false,MARQUEE,NO_EMBEDDED_IMAGE,KEEP_EXISTING,860,INVENTORY_MARQUEE,SAFE_TYPED_FRAGMENT_STAGE,,,ORDINARY_MARQUEE_CANDIDATE,0,,,
database:1126,RETAIN_EXISTING,1126,fragments/1830/11/12-img2414-right,1830-11-12,1,1,1,AUTO_MATCHED_EXACT,MATCHED_CONTENT,false,MARQUEE,NO_EMBEDDED_IMAGE,KEEP_EXISTING,860,INVENTORY_MARQUEE,SAFE_TYPED_FRAGMENT_STAGE,,,ORDINARY_MARQUEE_CANDIDATE,0,,,
database:1127,RETAIN_EXISTING,1127,fragments/1830/11/13-img2415-left,1830-11-13,1,1,1,AUTO_MATCHED_EXACT,MATCHED_CONTENT,false,MARQUEE,NO_EMBEDDED_IMAGE,KEEP_EXISTING,861,INVENTORY_MARQUEE,SAFE_TYPED_FRAGMENT_STAGE,,,ORDINARY_MARQUEE_CANDIDATE,0,,,
database:1128,RETAIN_EXISTING,1128,fragments/1830/11/14-img2415-left,1830-11-14,1,1,1,AUTO_MATCHED_EXACT,MATCHED_CONTENT,false,MARQUEE,NO_EMBEDDED_IMAGE,KEEP_EXISTING,861,INVENTORY_MARQUEE,SAFE_TYPED_FRAGMENT_STAGE,,,ORDINARY_MARQUEE_CANDIDATE,0,,,
database:1129,RETAIN_EXISTING,1129,fragments/1830/11/15-img2415-left,1830-11-15,1,1,1,AUTO_MATCHED_EXACT,MATCHED_CONTENT,false,MARQUEE,NO_EMBEDDED_IMAGE,KEEP_EXISTING,861,INVENTORY_MARQUEE,SAFE_TYPED_FRAGMENT_STAGE,,,ORDINARY_MARQUEE_CANDIDATE,0,,,
database:1130,RETAIN_EXISTING,1130,fragments/1830/11/16-img2415-left,1830-11-16,1,1,1,AUTO_MATCHED_EXACT,MATCHED_CONTENT,false,MARQUEE,NO_EMBEDDED_IMAGE,KEEP_EXISTING,861,INVENTORY_MARQUEE,SAFE_TYPED_FRAGMENT_STAGE,,,ORDINARY_MARQUEE_CANDIDATE,0,,,
database:1131,RETAIN_EXISTING,1131,fragments/1830/11/17-img2415-right,1830-11-17,1,1,1,AUTO_MATCHED_EXACT,MATCHED_CONTENT,false,MARQUEE,NO_EMBEDDED_IMAGE,KEEP_EXISTING,861,INVENTORY_MARQUEE,SAFE_TYPED_FRAGMENT_STAGE,,,ORDINARY_MARQUEE_CANDIDATE,0,,,
database:1132,RETAIN_EXISTING,1132,fragments/1830/11/18-img2415-right,1830-11-18,1,1,1,AUTO_MATCHED_EXACT,MATCHED_CONTENT,false,MARQUEE,NO_EMBEDDED_IMAGE,KEEP_EXISTING,861,INVENTORY_MARQUEE,SAFE_TYPED_FRAGMENT_STAGE,,,ORDINARY_MARQUEE_CANDIDATE,0,,,
database:1133,RETAIN_EXISTING,1133,fragments/1830/11/19-img2415-right,1830-11-19,1,1,1,AUTO_MATCHED_EXACT,MATCHED_CONTENT,false,MARQUEE,NO_EMBEDDED_IMAGE,KEEP_EXISTING,861,INVENTORY_MARQUEE,SAFE_TYPED_FRAGMENT_STAGE,,,ORDINARY_MARQUEE_CANDIDATE,0,,,
database:1134,RETAIN_EXISTING,1134,fragments/1830/11/20-img2416-left,1830-11-20,1,1,1,AUTO_MATCHED_EXACT,MATCHED_CONTENT,false,MARQUEE,NO_EMBEDDED_IMAGE,KEEP_EXISTING,862,INVENTORY_MARQUEE,SAFE_TYPED_FRAGMENT_STAGE,,,ORDINARY_MARQUEE_CANDIDATE,0,,,
database:1135,RETAIN_EXISTING,1135,fragments/1830/11/21-img2416-left,1830-11-21,1,1,1,AUTO_MATCHED_EXACT,MATCHED_CONTENT,false,MARQUEE,NO_EMBEDDED_IMAGE,KEEP_EXISTING,862,INVENTORY_MARQUEE,SAFE_TYPED_FRAGMENT_STAGE,,,ORDINARY_MARQUEE_CANDIDATE,0,,,
database:1136,RETAIN_EXISTING,1136,fragments/1830/11/22-img2416-left,1830-11-22,1,1,1,AUTO_MATCHED_EXACT,MATCHED_CONTENT,false,MARQUEE,NO_EMBEDDED_IMAGE,KEEP_EXISTING,862,INVENTORY_MARQUEE,SAFE_TYPED_FRAGMENT_STAGE,,,ORDINARY_MARQUEE_CANDIDATE,0,,,
database:1137,RETAIN_EXISTING,1137,fragments/1830/11/23-img2416-left,1830-11-23,1,1,1,AUTO_MATCHED_EXACT,MATCHED_CONTENT,false,MARQUEE,NO_EMBEDDED_IMAGE,KEEP_EXISTING,862,INVENTORY_MARQUEE,SAFE_TYPED_FRAGMENT_STAGE,,,ORDINARY_MARQUEE_CANDIDATE,0,,,
database:1138,RETAIN_EXISTING,1138,fragments/1830/11/24-img2416-right,1830-11-24,1,1,1,AUTO_MATCHED_EXACT,MATCHED_CONTENT,false,MARQUEE,NO_EMBEDDED_IMAGE,KEEP_EXISTING,862,INVENTORY_MARQUEE,SAFE_TYPED_FRAGMENT_STAGE,,,ORDINARY_MARQUEE_CANDIDATE,0,,,
database:1139,RETAIN_EXISTING,1139,fragments/1830/11/25-img2416-right,1830-11-25,1,1,1,AUTO_MATCHED_EXACT,MATCHED_CONTENT,false,MARQUEE,NO_EMBEDDED_IMAGE,KEEP_EXISTING,862,INVENTORY_MARQUEE,SAFE_TYPED_FRAGMENT_STAGE,,,ORDINARY_MARQUEE_CANDIDATE,0,,,
database:1140,RETAIN_EXISTING,1140,fragments/1830/11/26-img2416-right,1830-11-26,1,1,1,AUTO_MATCHED_EXACT,MATCHED_CONTENT,false,MARQUEE,NO_EMBEDDED_IMAGE,KEEP_EXISTING,862,INVENTORY_MARQUEE,SAFE_TYPED_FRAGMENT_STAGE,,,ORDINARY_MARQUEE_CANDIDATE,0,,,
database:1141,RETAIN_EXISTING,1141,fragments/1830/11/27-img2416-right,1830-11-27,1,1,1,AUTO_MATCHED_EXACT,MATCHED_CONTENT,false,MARQUEE,NO_EMBEDDED_IMAGE,KEEP_EXISTING,862,INVENTORY_MARQUEE,SAFE_TYPED_FRAGMENT_STAGE,,,ORDINARY_MARQUEE_CANDIDATE,0,,,
database:1142,RETAIN_EXISTING,1142,fragments/1830/11/28-img2417,1830-11-28,1,1,1,AUTO_MATCHED_EXACT,MATCHED_CONTENT,false,MARQUEE,NO_EMBEDDED_IMAGE,KEEP_EXISTING,863,INVENTORY_MARQUEE,SAFE_TYPED_FRAGMENT_STAGE,,,ORDINARY_MARQUEE_CANDIDATE,0,,,
database:1143,RETAIN_EXISTING,1143,fragments/1830/11/29-img2417,1830-11-29,1,1,1,AUTO_MATCHED_EXACT,MATCHED_CONTENT,false,MARQUEE,NO_EMBEDDED_IMAGE,KEEP_EXISTING,863,INVENTORY_MARQUEE,SAFE_TYPED_FRAGMENT_STAGE,,,ORDINARY_MARQUEE_CANDIDATE,0,,,
database:1144,RETAIN_EXISTING,1144,fragments/1830/11/30-img2417,1830-11-30,1,1,1,AUTO_MATCHED_EXACT,MATCHED_CONTENT,false,MARQUEE,NO_EMBEDDED_IMAGE,KEEP_EXISTING,863,INVENTORY_MARQUEE,SAFE_TYPED_FRAGMENT_STAGE,,,ORDINARY_MARQUEE_CANDIDATE,0,,,
database:1145,RETAIN_EXISTING,1145,fragments/1830/12/01-img2418,1830-12-01,1,1,1,AUTO_MATCHED_EXACT,MATCHED_CONTENT,false,MARQUEE,NO_EMBEDDED_IMAGE,KEEP_EXISTING,864,INVENTORY_MARQUEE,SAFE_TYPED_FRAGMENT_STAGE,,,ORDINARY_MARQUEE_CANDIDATE,0,,,
database:1146,RETAIN_EXISTING,1146,fragments/1830/12/02-img2418,1830-12-02,1,1,1,AUTO_MATCHED_EXACT,MATCHED_CONTENT,false,MARQUEE,NO_EMBEDDED_IMAGE,KEEP_EXISTING,864,INVENTORY_MARQUEE,SAFE_TYPED_FRAGMENT_STAGE,,,ORDINARY_MARQUEE_CANDIDATE,0,,,
database:1147,RETAIN_EXISTING,1147,fragments/1830/12/03-img2418,1830-12-03,1,1,1,AUTO_MATCHED_EXACT,MATCHED_CONTENT,false,MARQUEE,NO_EMBEDDED_IMAGE,KEEP_EXISTING,864,INVENTORY_MARQUEE,SAFE_TYPED_FRAGMENT_STAGE,,,ORDINARY_MARQUEE_CANDIDATE,0,,,
database:1148,RETAIN_EXISTING,1148,fragments/1830/12/04-img2419-left,1830-12-04,1,1,1,AUTO_MATCHED_EXACT,MATCHED_CONTENT,false,MARQUEE,NO_EMBEDDED_IMAGE,KEEP_EXISTING,865,INVENTORY_MARQUEE,SAFE_TYPED_FRAGMENT_STAGE,,,ORDINARY_MARQUEE_CANDIDATE,0,,,
database:1149,RETAIN_EXISTING,1149,fragments/1830/12/05-img2419-left,1830-12-05,1,1,1,AUTO_MATCHED_EXACT,MATCHED_CONTENT,false,MARQUEE,NO_EMBEDDED_IMAGE,KEEP_EXISTING,865,INVENTORY_MARQUEE,SAFE_TYPED_FRAGMENT_STAGE,,,ORDINARY_MARQUEE_CANDIDATE,0,,,
database:1150,RETAIN_EXISTING,1150,fragments/1830/12/06-img2419-left,1830-12-06,1,1,1,AUTO_MATCHED_EXACT,MATCHED_CONTENT,false,MARQUEE,NO_EMBEDDED_IMAGE,KEEP_EXISTING,865,INVENTORY_MARQUEE,SAFE_TYPED_FRAGMENT_STAGE,,,ORDINARY_MARQUEE_CANDIDATE,0,,,
database:1151,RETAIN_EXISTING,1151,fragments/1830/12/07-img2419-left,1830-12-07,1,1,1,AUTO_MATCHED_EXACT,MATCHED_CONTENT,false,MARQUEE,NO_EMBEDDED_IMAGE,KEEP_EXISTING,865,INVENTORY_MARQUEE,SAFE_TYPED_FRAGMENT_STAGE,,,ORDINARY_MARQUEE_CANDIDATE,0,,,
database:1152,RETAIN_EXISTING,1152,fragments/1830/12/08-img2419-right,1830-12-08,1,1,1,AUTO_MATCHED_EXACT,MATCHED_CONTENT,false,MARQUEE,NO_EMBEDDED_IMAGE,KEEP_EXISTING,865,INVENTORY_MARQUEE,SAFE_TYPED_FRAGMENT_STAGE,,,ORDINARY_MARQUEE_CANDIDATE,0,,,
database:1153,RETAIN_EXISTING,1153,fragments/1830/12/09-img2419-right,1830-12-09,1,1,1,AUTO_MATCHED_EXACT,MATCHED_CONTENT,false,MARQUEE,NO_EMBEDDED_IMAGE,KEEP_EXISTING,865,INVENTORY_MARQUEE,SAFE_TYPED_FRAGMENT_STAGE,,,ORDINARY_MARQUEE_CANDIDATE,0,,,
database:1154,RETAIN_EXISTING,1154,fragments/1830/12/10-img2419-right,1830-12-10,1,1,1,AUTO_MATCHED_EXACT,MATCHED_CONTENT,false,MARQUEE,NO_EMBEDDED_IMAGE,KEEP_EXISTING,865,INVENTORY_MARQUEE,SAFE_TYPED_FRAGMENT_STAGE,,,ORDINARY_MARQUEE_CANDIDATE,0,,,
database:1155,RETAIN_EXISTING,1155,fragments/1830/12/11-img2419-right,1830-12-11,1,1,1,AUTO_MATCHED_EXACT,MATCHED_CONTENT,false,MARQUEE,NO_EMBEDDED_IMAGE,KEEP_EXISTING,865,INVENTORY_MARQUEE,SAFE_TYPED_FRAGMENT_STAGE,,,ORDINARY_MARQUEE_CANDIDATE,0,,,
database:1156,RETAIN_EXISTING,1156,fragments/1830/12/12-img2419-right,1830-12-12,1,1,1,AUTO_MATCHED_EXACT,MATCHED_CONTENT,false,MARQUEE,NO_EMBEDDED_IMAGE,KEEP_EXISTING,865,INVENTORY_MARQUEE,SAFE_TYPED_FRAGMENT_STAGE,,,ORDINARY_MARQUEE_CANDIDATE,0,,,
database:1157,RETAIN_EXISTING,1157,fragments/1830/12/12-img2420,1830-12-12,2,2,2,AUTO_MATCHED_EXACT,MATCHED_CONTENT,false,MARQUEE,NO_EMBEDDED_IMAGE,KEEP_EXISTING,866,INVENTORY_MARQUEE,SAFE_TYPED_FRAGMENT_STAGE,,,ORDINARY_MARQUEE_CANDIDATE,0,,,
database:1158,RETAIN_EXISTING,1158,fragments/1830/12/13-img2420,1830-12-13,1,1,1,AUTO_MATCHED_EXACT,MATCHED_CONTENT,false,MARQUEE,NO_EMBEDDED_IMAGE,KEEP_EXISTING,866,INVENTORY_MARQUEE,SAFE_TYPED_FRAGMENT_STAGE,,,ORDINARY_MARQUEE_CANDIDATE,0,,,
database:1159,RETAIN_EXISTING,1159,fragments/1830/12/14-img2420,1830-12-14,1,1,1,AUTO_MATCHED_EXACT,MATCHED_CONTENT,false,MARQUEE,NO_EMBEDDED_IMAGE,KEEP_EXISTING,866,INVENTORY_MARQUEE,SAFE_TYPED_FRAGMENT_STAGE,,,ORDINARY_MARQUEE_CANDIDATE,0,,,
database:1160,RETAIN_EXISTING,1160,fragments/1830/12/15-img2421,1830-12-15,1,1,1,AUTO_MATCHED_EXACT,MATCHED_CONTENT,false,MARQUEE,NO_EMBEDDED_IMAGE,KEEP_EXISTING,867,INVENTORY_MARQUEE,SAFE_TYPED_FRAGMENT_STAGE,,,ORDINARY_MARQUEE_CANDIDATE,0,,,
database:1161,RETAIN_EXISTING,1161,fragments/1830/12/16-img2421,1830-12-16,1,1,1,AUTO_MATCHED_EXACT,MATCHED_CONTENT,false,MARQUEE,NO_EMBEDDED_IMAGE,KEEP_EXISTING,867,INVENTORY_MARQUEE,SAFE_TYPED_FRAGMENT_STAGE,,,ORDINARY_MARQUEE_CANDIDATE,0,,,
database:1162,RETAIN_EXISTING,1162,fragments/1830/12/17-img2421,1830-12-17,1,1,1,AUTO_MATCHED_EXACT,MATCHED_CONTENT,false,MARQUEE,NO_EMBEDDED_IMAGE,KEEP_EXISTING,867,INVENTORY_MARQUEE,SAFE_TYPED_FRAGMENT_STAGE,,,ORDINARY_MARQUEE_CANDIDATE,0,,,
database:1163,RETAIN_EXISTING,1163,fragments/1830/12/18-img2423,1830-12-18,1,1,1,AUTO_MATCHED_EXACT,MATCHED_CONTENT,false,MARQUEE,NO_EMBEDDED_IMAGE,KEEP_EXISTING,868,INVENTORY_MARQUEE,SAFE_TYPED_FRAGMENT_STAGE,,,ORDINARY_MARQUEE_CANDIDATE,0,,,
database:1164,RETAIN_EXISTING,1164,fragments/1830/12/19-img2423,1830-12-19,1,1,1,AUTO_MATCHED_EXACT,MATCHED_CONTENT,false,MARQUEE,NO_EMBEDDED_IMAGE,KEEP_EXISTING,868,INVENTORY_MARQUEE,SAFE_TYPED_FRAGMENT_STAGE,,,ORDINARY_MARQUEE_CANDIDATE,0,,,
database:1165,RETAIN_EXISTING,1165,fragments/1830/12/20-img2424,1830-12-20,1,1,1,AUTO_MATCHED_EXACT,MATCHED_CONTENT,false,MARQUEE,NO_EMBEDDED_IMAGE,KEEP_EXISTING,869,INVENTORY_MARQUEE,SAFE_TYPED_FRAGMENT_STAGE,,,ORDINARY_MARQUEE_CANDIDATE,0,,,
database:1166,RETAIN_EXISTING,1166,fragments/1830/12/21-img2424,1830-12-21,1,1,1,AUTO_MATCHED_EXACT,MATCHED_CONTENT,false,MARQUEE,NO_EMBEDDED_IMAGE,KEEP_EXISTING,869,INVENTORY_MARQUEE,SAFE_TYPED_FRAGMENT_STAGE,,,ORDINARY_MARQUEE_CANDIDATE,0,,,
database:1167,RETAIN_EXISTING,1167,fragments/1830/12/22-img2424,1830-12-22,1,1,1,AUTO_MATCHED_EXACT,MATCHED_CONTENT,false,MARQUEE,NO_EMBEDDED_IMAGE,KEEP_EXISTING,869,INVENTORY_MARQUEE,SAFE_TYPED_FRAGMENT_STAGE,,,ORDINARY_MARQUEE_CANDIDATE,0,,,
database:1168,RETAIN_EXISTING,1168,fragments/1830/12/23-img2424,1830-12-23,1,1,1,AUTO_MATCHED_EXACT,MATCHED_CONTENT,false,MARQUEE,NO_EMBEDDED_IMAGE,KEEP_EXISTING,869,INVENTORY_MARQUEE,SAFE_TYPED_FRAGMENT_STAGE,,,ORDINARY_MARQUEE_CANDIDATE,0,,,
database:1169,RETAIN_EXISTING,1169,fragments/1830/12/24-img2425,1830-12-24,1,1,1,AUTO_MATCHED_EXACT,MATCHED_CONTENT,false,MARQUEE,NO_EMBEDDED_IMAGE,KEEP_EXISTING,870,INVENTORY_MARQUEE,SAFE_TYPED_FRAGMENT_STAGE,,,ORDINARY_MARQUEE_CANDIDATE,0,,,
database:1170,RETAIN_EXISTING,1170,fragments/1830/12/25-img2425,1830-12-25,1,1,1,AUTO_MATCHED_EXACT,MATCHED_CONTENT,false,MARQUEE,NO_EMBEDDED_IMAGE,KEEP_EXISTING,870,INVENTORY_MARQUEE,SAFE_TYPED_FRAGMENT_STAGE,,,ORDINARY_MARQUEE_CANDIDATE,0,,,
database:1171,RETAIN_EXISTING,1171,fragments/1830/12/26-img2425,1830-12-26,1,1,1,AUTO_MATCHED_EXACT,MATCHED_CONTENT,false,MARQUEE,NO_EMBEDDED_IMAGE,KEEP_EXISTING,870,INVENTORY_MARQUEE,SAFE_TYPED_FRAGMENT_STAGE,,,ORDINARY_MARQUEE_CANDIDATE,0,,,
database:1172,RETAIN_EXISTING,1172,fragments/1830/12/27-img2426,1830-12-27,1,1,1,AUTO_MATCHED_EXACT,MATCHED_CONTENT,false,MARQUEE,NO_EMBEDDED_IMAGE,KEEP_EXISTING,871,INVENTORY_MARQUEE,SAFE_TYPED_FRAGMENT_STAGE,,,ORDINARY_MARQUEE_CANDIDATE,0,,,
database:1173,RETAIN_EXISTING,1173,fragments/1830/12/28-img2426,1830-12-28,1,1,1,AUTO_MATCHED_EXACT,MATCHED_CONTENT,false,MARQUEE,NO_EMBEDDED_IMAGE,KEEP_EXISTING,871,INVENTORY_MARQUEE,SAFE_TYPED_FRAGMENT_STAGE,,,ORDINARY_MARQUEE_CANDIDATE,0,,,
database:1174,RETAIN_EXISTING,1174,fragments/1830/12/29-img2426,1830-12-29,1,1,1,AUTO_MATCHED_EXACT,MATCHED_CONTENT,false,MARQUEE,NO_EMBEDDED_IMAGE,KEEP_EXISTING,871,INVENTORY_MARQUEE,SAFE_TYPED_FRAGMENT_STAGE,,,ORDINARY_MARQUEE_CANDIDATE,0,,,
database:1175,RETAIN_EXISTING,1175,fragments/1830/12/30-img2426,1830-12-30,1,1,1,AUTO_MATCHED_EXACT,MATCHED_CONTENT,false,MARQUEE,NO_EMBEDDED_IMAGE,KEEP_EXISTING,871,INVENTORY_MARQUEE,SAFE_TYPED_FRAGMENT_STAGE,,,ORDINARY_MARQUEE_CANDIDATE,0,,,
database:1176,RETAIN_EXISTING,1176,fragments/1830/12/31-img2427,1830-12-31,1,1,1,AUTO_MATCHED_EXACT,MATCHED_CONTENT,false,MARQUEE,NO_EMBEDDED_IMAGE,KEEP_EXISTING,872,INVENTORY_MARQUEE,SAFE_TYPED_FRAGMENT_STAGE,,,ORDINARY_MARQUEE_CANDIDATE,0,,,
database:1178,RETAIN_EXISTING,1178,fragments/1831/01/01-img2733,1831-01-01,1,1,1,AUTO_MATCHED_EXACT,MATCHED_CONTENT,false,MARQUEE,NO_EMBEDDED_IMAGE,KEEP_EXISTING,873,INVENTORY_MARQUEE,SAFE_TYPED_FRAGMENT_STAGE,,,ORDINARY_MARQUEE_CANDIDATE,0,,,
database:1177,RETAIN_EXISTING,1177,fragments/1831/01/01-dc-highlights-1831,1831-01-01,2,2,2,AUTO_MATCHED_EXACT,MATCHED_CONTENT,false,MARQUEE,NO_EMBEDDED_IMAGE,KEEP_ABSENT,,UNRESOLVED,SAFE_TYPED_FRAGMENT_STAGE,,,ORPHAN_OR_INCONSISTENT,0,,,
database:1179,RETAIN_EXISTING,1179,fragments/1831/01/02-img2733,1831-01-02,1,1,1,AUTO_MATCHED_EXACT,MATCHED_CONTENT,false,MARQUEE,NO_EMBEDDED_IMAGE,KEEP_EXISTING,873,INVENTORY_MARQUEE,SAFE_TYPED_FRAGMENT_STAGE,,,ORDINARY_MARQUEE_CANDIDATE,0,,,
database:1180,RETAIN_EXISTING,1180,fragments/1831/01/03-img2733,1831-01-03,1,1,1,AUTO_MATCHED_EXACT,MATCHED_CONTENT,false,MARQUEE,NO_EMBEDDED_IMAGE,KEEP_EXISTING,873,INVENTORY_MARQUEE,SAFE_TYPED_FRAGMENT_STAGE,,,ORDINARY_MARQUEE_CANDIDATE,0,,,
database:1181,RETAIN_EXISTING,1181,fragments/1831/01/04-img2734,1831-01-04,1,1,1,AUTO_MATCHED_EXACT,MATCHED_CONTENT,false,MARQUEE,NO_EMBEDDED_IMAGE,KEEP_EXISTING,874,INVENTORY_MARQUEE,SAFE_TYPED_FRAGMENT_STAGE,,,ORDINARY_MARQUEE_CANDIDATE,0,,,
database:1182,RETAIN_EXISTING,1182,fragments/1831/01/05-b1-img2734-doodle-on-blotting-paper,1831-01-05,1,1,1,MATCH_EXACT,MATCHED_CONTENT,true,IMAGE,REVIEW_LEDGER_OVERRIDE,KEEP_ABSENT,,UNRESOLVED,DEFERRED_IMAGE_MIGRATION,,diary-1831/images/img2734-doodle-on-blotting-paper.jpg,ORPHAN_OR_INCONSISTENT,1,Richard,2026-09-09T19:54:00+01:00,standard legacy image fragment
database:1183,RETAIN_EXISTING,1183,fragments/1831/01/05-img2734,1831-01-05,2,2,2,AUTO_MATCHED_EXACT,MATCHED_CONTENT,false,MARQUEE,NO_EMBEDDED_IMAGE,KEEP_EXISTING,874,INVENTORY_MARQUEE,SAFE_TYPED_FRAGMENT_STAGE,,,ORDINARY_MARQUEE_CANDIDATE,0,,,
database:1184,RETAIN_EXISTING,1184,fragments/1831/01/06-img2734,1831-01-06,1,1,1,AUTO_MATCHED_EXACT,MATCHED_CONTENT,false,MARQUEE,NO_EMBEDDED_IMAGE,KEEP_EXISTING,874,INVENTORY_MARQUEE,SAFE_TYPED_FRAGMENT_STAGE,,,ORDINARY_MARQUEE_CANDIDATE,0,,,
database:1185,RETAIN_EXISTING,1185,fragments/1831/01/07-img2735,1831-01-07,1,1,1,AUTO_MATCHED_EXACT,MATCHED_CONTENT,false,MARQUEE,NO_EMBEDDED_IMAGE,KEEP_EXISTING,875,INVENTORY_MARQUEE,SAFE_TYPED_FRAGMENT_STAGE,,,ORDINARY_MARQUEE_CANDIDATE,0,,,
database:1186,RETAIN_EXISTING,1186,fragments/1831/01/08-img2735,1831-01-08,1,1,1,AUTO_MATCHED_EXACT,MATCHED_CONTENT,false,MARQUEE,NO_EMBEDDED_IMAGE,KEEP_EXISTING,875,INVENTORY_MARQUEE,SAFE_TYPED_FRAGMENT_STAGE,,,ORDINARY_MARQUEE_CANDIDATE,0,,,
database:1187,RETAIN_EXISTING,1187,fragments/1831/01/09-img2735,1831-01-09,1,1,1,AUTO_MATCHED_EXACT,MATCHED_CONTENT,false,MARQUEE,NO_EMBEDDED_IMAGE,KEEP_EXISTING,875,INVENTORY_MARQUEE,SAFE_TYPED_FRAGMENT_STAGE,,,ORDINARY_MARQUEE_CANDIDATE,0,,,
database:1188,RETAIN_EXISTING,1188,fragments/1831/01/10-img2736,1831-01-10,1,1,1,AUTO_MATCHED_EXACT,MATCHED_CONTENT,false,MARQUEE,NO_EMBEDDED_IMAGE,KEEP_EXISTING,876,INVENTORY_MARQUEE,SAFE_TYPED_FRAGMENT_STAGE,,,ORDINARY_MARQUEE_CANDIDATE,0,,,
database:1189,RETAIN_EXISTING,1189,fragments/1831/01/11-img2736,1831-01-11,1,1,1,AUTO_MATCHED_EXACT,MATCHED_CONTENT,false,MARQUEE,NO_EMBEDDED_IMAGE,KEEP_EXISTING,876,INVENTORY_MARQUEE,SAFE_TYPED_FRAGMENT_STAGE,,,ORDINARY_MARQUEE_CANDIDATE,0,,,
database:1190,RETAIN_EXISTING,1190,fragments/1831/01/12-img2736,1831-01-12,1,1,1,AUTO_MATCHED_EXACT,MATCHED_CONTENT,false,MARQUEE,NO_EMBEDDED_IMAGE,KEEP_EXISTING,876,INVENTORY_MARQUEE,SAFE_TYPED_FRAGMENT_STAGE,,,ORDINARY_MARQUEE_CANDIDATE,0,,,
database:1191,RETAIN_EXISTING,1191,fragments/1831/01/13-img2736,1831-01-13,1,1,1,AUTO_MATCHED_EXACT,MATCHED_CONTENT,false,MARQUEE,NO_EMBEDDED_IMAGE,KEEP_EXISTING,876,INVENTORY_MARQUEE,SAFE_TYPED_FRAGMENT_STAGE,,,ORDINARY_MARQUEE_CANDIDATE,0,,,
database:1192,RETAIN_EXISTING,1192,fragments/1831/01/14-img2737,1831-01-14,1,1,1,AUTO_MATCHED_EXACT,MATCHED_CONTENT,false,MARQUEE,NO_EMBEDDED_IMAGE,KEEP_EXISTING,877,INVENTORY_MARQUEE,SAFE_TYPED_FRAGMENT_STAGE,,,ORDINARY_MARQUEE_CANDIDATE,0,,,
database:1193,RETAIN_EXISTING,1193,fragments/1831/01/15-img2737,1831-01-15,1,1,1,AUTO_MATCHED_EXACT,MATCHED_CONTENT,false,MARQUEE,NO_EMBEDDED_IMAGE,KEEP_EXISTING,877,INVENTORY_MARQUEE,SAFE_TYPED_FRAGMENT_STAGE,,,ORDINARY_MARQUEE_CANDIDATE,0,,,
database:1194,RETAIN_EXISTING,1194,fragments/1831/01/16-img2737,1831-01-16,1,1,1,AUTO_MATCHED_EXACT,MATCHED_CONTENT,false,MARQUEE,NO_EMBEDDED_IMAGE,KEEP_EXISTING,877,INVENTORY_MARQUEE,SAFE_TYPED_FRAGMENT_STAGE,,,ORDINARY_MARQUEE_CANDIDATE,0,,,
database:1195,RETAIN_EXISTING,1195,fragments/1831/01/17-img2737,1831-01-17,1,1,1,AUTO_MATCHED_EXACT,MATCHED_CONTENT,false,MARQUEE,NO_EMBEDDED_IMAGE,KEEP_EXISTING,877,INVENTORY_MARQUEE,SAFE_TYPED_FRAGMENT_STAGE,,,ORDINARY_MARQUEE_CANDIDATE,0,,,
database:1196,RETAIN_EXISTING,1196,fragments/1831/01/18-img2738,1831-01-18,1,1,1,AUTO_MATCHED_EXACT,MATCHED_CONTENT,false,MARQUEE,NO_EMBEDDED_IMAGE,KEEP_EXISTING,878,INVENTORY_MARQUEE,SAFE_TYPED_FRAGMENT_STAGE,,,ORDINARY_MARQUEE_CANDIDATE,0,,,
database:1197,RETAIN_EXISTING,1197,fragments/1831/01/19-img2738,1831-01-19,1,1,1,AUTO_MATCHED_EXACT,MATCHED_CONTENT,false,MARQUEE,NO_EMBEDDED_IMAGE,KEEP_EXISTING,878,INVENTORY_MARQUEE,SAFE_TYPED_FRAGMENT_STAGE,,,ORDINARY_MARQUEE_CANDIDATE,0,,,
database:1198,RETAIN_EXISTING,1198,fragments/1831/01/20-img2738,1831-01-20,1,1,1,AUTO_MATCHED_EXACT,MATCHED_CONTENT,false,MARQUEE,NO_EMBEDDED_IMAGE,KEEP_EXISTING,878,INVENTORY_MARQUEE,SAFE_TYPED_FRAGMENT_STAGE,,,ORDINARY_MARQUEE_CANDIDATE,0,,,
database:1199,RETAIN_EXISTING,1199,fragments/1831/01/21-img2738,1831-01-21,1,1,1,AUTO_MATCHED_EXACT,MATCHED_CONTENT,false,MARQUEE,NO_EMBEDDED_IMAGE,KEEP_EXISTING,878,INVENTORY_MARQUEE,SAFE_TYPED_FRAGMENT_STAGE,,,ORDINARY_MARQUEE_CANDIDATE,0,,,
database:1200,RETAIN_EXISTING,1200,fragments/1831/01/22-img2738,1831-01-22,1,1,1,AUTO_MATCHED_EXACT,MATCHED_CONTENT,false,MARQUEE,NO_EMBEDDED_IMAGE,KEEP_EXISTING,878,INVENTORY_MARQUEE,SAFE_TYPED_FRAGMENT_STAGE,,,ORDINARY_MARQUEE_CANDIDATE,0,,,
database:1201,RETAIN_EXISTING,1201,fragments/1831/01/23-img2739,1831-01-23,1,1,1,AUTO_MATCHED_EXACT,MATCHED_CONTENT,false,MARQUEE,NO_EMBEDDED_IMAGE,KEEP_EXISTING,879,INVENTORY_MARQUEE,SAFE_TYPED_FRAGMENT_STAGE,,,ORDINARY_MARQUEE_CANDIDATE,0,,,
database:1202,RETAIN_EXISTING,1202,fragments/1831/01/24-img2739,1831-01-24,1,1,1,AUTO_MATCHED_EXACT,MATCHED_CONTENT,false,MARQUEE,NO_EMBEDDED_IMAGE,KEEP_EXISTING,879,INVENTORY_MARQUEE,SAFE_TYPED_FRAGMENT_STAGE,,,ORDINARY_MARQUEE_CANDIDATE,0,,,
database:1203,RETAIN_EXISTING,1203,fragments/1831/01/25-img2739,1831-01-25,1,1,1,AUTO_MATCHED_EXACT,MATCHED_CONTENT,false,MARQUEE,NO_EMBEDDED_IMAGE,KEEP_EXISTING,879,INVENTORY_MARQUEE,SAFE_TYPED_FRAGMENT_STAGE,,,ORDINARY_MARQUEE_CANDIDATE,0,,,
database:1204,RETAIN_EXISTING,1204,fragments/1831/01/26-img2740,1831-01-26,1,1,1,AUTO_MATCHED_EXACT,MATCHED_CONTENT,false,MARQUEE,NO_EMBEDDED_IMAGE,KEEP_EXISTING,880,INVENTORY_MARQUEE,SAFE_TYPED_FRAGMENT_STAGE,,,ORDINARY_MARQUEE_CANDIDATE,0,,,
database:1205,RETAIN_EXISTING,1205,fragments/1831/01/27-img2740,1831-01-27,1,1,1,AUTO_MATCHED_EXACT,MATCHED_CONTENT,false,MARQUEE,NO_EMBEDDED_IMAGE,KEEP_EXISTING,880,INVENTORY_MARQUEE,SAFE_TYPED_FRAGMENT_STAGE,,,ORDINARY_MARQUEE_CANDIDATE,0,,,
database:1206,RETAIN_EXISTING,1206,fragments/1831/01/28-img2741,1831-01-28,1,1,1,AUTO_MATCHED_EXACT,MATCHED_CONTENT,false,MARQUEE,NO_EMBEDDED_IMAGE,KEEP_EXISTING,881,INVENTORY_MARQUEE,SAFE_TYPED_FRAGMENT_STAGE,,,ORDINARY_MARQUEE_CANDIDATE,0,,,
database:1207,RETAIN_EXISTING,1207,fragments/1831/01/29-img2741,1831-01-29,1,1,1,AUTO_MATCHED_EXACT,MATCHED_CONTENT,false,MARQUEE,NO_EMBEDDED_IMAGE,KEEP_EXISTING,881,INVENTORY_MARQUEE,SAFE_TYPED_FRAGMENT_STAGE,,,ORDINARY_MARQUEE_CANDIDATE,0,,,
database:1208,RETAIN_EXISTING,1208,fragments/1831/01/30-img2742,1831-01-30,1,1,1,AUTO_MATCHED_EXACT,MATCHED_CONTENT,false,MARQUEE,NO_EMBEDDED_IMAGE,KEEP_EXISTING,882,INVENTORY_MARQUEE,SAFE_TYPED_FRAGMENT_STAGE,,,ORDINARY_MARQUEE_CANDIDATE,0,,,
database:1209,RETAIN_EXISTING,1209,fragments/1831/01/31-img2742,1831-01-31,1,1,1,AUTO_MATCHED_EXACT,MATCHED_CONTENT,false,MARQUEE,NO_EMBEDDED_IMAGE,KEEP_EXISTING,882,INVENTORY_MARQUEE,SAFE_TYPED_FRAGMENT_STAGE,,,ORDINARY_MARQUEE_CANDIDATE,0,,,
database:1210,RETAIN_EXISTING,1210,fragments/1831/02/01-img2743,1831-02-01,1,1,1,AUTO_MATCHED_EXACT,MATCHED_CONTENT,false,MARQUEE,NO_EMBEDDED_IMAGE,KEEP_EXISTING,883,INVENTORY_MARQUEE,SAFE_TYPED_FRAGMENT_STAGE,,,ORDINARY_MARQUEE_CANDIDATE,0,,,
database:1211,RETAIN_EXISTING,1211,fragments/1831/02/02-img2743,1831-02-02,1,1,1,AUTO_MATCHED_EXACT,MATCHED_CONTENT,false,MARQUEE,NO_EMBEDDED_IMAGE,KEEP_EXISTING,883,INVENTORY_MARQUEE,SAFE_TYPED_FRAGMENT_STAGE,,,ORDINARY_MARQUEE_CANDIDATE,0,,,
database:1212,RETAIN_EXISTING,1212,fragments/1831/02/03-img2744,1831-02-03,1,1,1,AUTO_MATCHED_EXACT,MATCHED_CONTENT,false,MARQUEE,NO_EMBEDDED_IMAGE,KEEP_EXISTING,884,INVENTORY_MARQUEE,SAFE_TYPED_FRAGMENT_STAGE,,,ORDINARY_MARQUEE_CANDIDATE,0,,,
database:1213,RETAIN_EXISTING,1213,fragments/1831/02/04-img2744,1831-02-04,1,1,1,AUTO_MATCHED_EXACT,MATCHED_CONTENT,false,MARQUEE,NO_EMBEDDED_IMAGE,KEEP_EXISTING,884,INVENTORY_MARQUEE,SAFE_TYPED_FRAGMENT_STAGE,,,ORDINARY_MARQUEE_CANDIDATE,0,,,
database:1214,RETAIN_EXISTING,1214,fragments/1831/02/05-img2744,1831-02-05,1,1,1,AUTO_MATCHED_EXACT,MATCHED_CONTENT,false,MARQUEE,NO_EMBEDDED_IMAGE,KEEP_EXISTING,884,INVENTORY_MARQUEE,SAFE_TYPED_FRAGMENT_STAGE,,,ORDINARY_MARQUEE_CANDIDATE,0,,,
database:1215,RETAIN_EXISTING,1215,fragments/1831/02/05-img2745,1831-02-05,2,2,2,AUTO_MATCHED_EXACT,MATCHED_CONTENT,false,MARQUEE,NO_EMBEDDED_IMAGE,KEEP_EXISTING,885,INVENTORY_MARQUEE,SAFE_TYPED_FRAGMENT_STAGE,,,ORDINARY_MARQUEE_CANDIDATE,0,,,
database:1216,RETAIN_EXISTING,1216,fragments/1831/02/06-img2745,1831-02-06,1,1,1,AUTO_MATCHED_EXACT,MATCHED_CONTENT,false,MARQUEE,NO_EMBEDDED_IMAGE,KEEP_EXISTING,885,INVENTORY_MARQUEE,SAFE_TYPED_FRAGMENT_STAGE,,,ORDINARY_MARQUEE_CANDIDATE,0,,,
database:1217,RETAIN_EXISTING,1217,fragments/1831/02/07-img2745,1831-02-07,1,1,1,AUTO_MATCHED_EXACT,MATCHED_CONTENT,false,MARQUEE,NO_EMBEDDED_IMAGE,KEEP_EXISTING,885,INVENTORY_MARQUEE,SAFE_TYPED_FRAGMENT_STAGE,,,ORDINARY_MARQUEE_CANDIDATE,0,,,
database:1218,RETAIN_EXISTING,1218,fragments/1831/02/08-img2745,1831-02-08,1,1,1,AUTO_MATCHED_EXACT,MATCHED_CONTENT,false,MARQUEE,NO_EMBEDDED_IMAGE,KEEP_EXISTING,885,INVENTORY_MARQUEE,SAFE_TYPED_FRAGMENT_STAGE,,,ORDINARY_MARQUEE_CANDIDATE,0,,,
database:1219,RETAIN_EXISTING,1219,fragments/1831/02/08-img2746,1831-02-08,2,2,2,AUTO_MATCHED_EXACT,MATCHED_CONTENT,false,MARQUEE,NO_EMBEDDED_IMAGE,KEEP_EXISTING,886,INVENTORY_MARQUEE,SAFE_TYPED_FRAGMENT_STAGE,,,ORDINARY_MARQUEE_CANDIDATE,0,,,
database:1220,RETAIN_EXISTING,1220,fragments/1831/02/09-img2746,1831-02-09,1,1,1,AUTO_MATCHED_EXACT,MATCHED_CONTENT,false,MARQUEE,NO_EMBEDDED_IMAGE,KEEP_EXISTING,886,INVENTORY_MARQUEE,SAFE_TYPED_FRAGMENT_STAGE,,,ORDINARY_MARQUEE_CANDIDATE,0,,,
database:1221,RETAIN_EXISTING,1221,fragments/1831/02/10-img2746,1831-02-10,1,1,1,AUTO_MATCHED_EXACT,MATCHED_CONTENT,false,MARQUEE,NO_EMBEDDED_IMAGE,KEEP_EXISTING,886,INVENTORY_MARQUEE,SAFE_TYPED_FRAGMENT_STAGE,,,ORDINARY_MARQUEE_CANDIDATE,0,,,
database:1222,RETAIN_EXISTING,1222,fragments/1831/02/11-img2746,1831-02-11,1,1,1,AUTO_MATCHED_EXACT,MATCHED_CONTENT,false,MARQUEE,NO_EMBEDDED_IMAGE,KEEP_EXISTING,886,INVENTORY_MARQUEE,SAFE_TYPED_FRAGMENT_STAGE,,,ORDINARY_MARQUEE_CANDIDATE,0,,,
database:1223,RETAIN_EXISTING,1223,fragments/1831/02/12-img2747,1831-02-12,1,1,1,AUTO_MATCHED_EXACT,MATCHED_CONTENT,false,MARQUEE,NO_EMBEDDED_IMAGE,KEEP_EXISTING,887,INVENTORY_MARQUEE,SAFE_TYPED_FRAGMENT_STAGE,,,ORDINARY_MARQUEE_CANDIDATE,0,,,
database:1224,RETAIN_EXISTING,1224,fragments/1831/02/13-img2747,1831-02-13,1,1,1,AUTO_MATCHED_EXACT,MATCHED_CONTENT,false,MARQUEE,NO_EMBEDDED_IMAGE,KEEP_EXISTING,887,INVENTORY_MARQUEE,SAFE_TYPED_FRAGMENT_STAGE,,,ORDINARY_MARQUEE_CANDIDATE,0,,,
database:1225,RETAIN_EXISTING,1225,fragments/1831/02/14-img2747,1831-02-14,1,1,1,AUTO_MATCHED_EXACT,MATCHED_CONTENT,false,MARQUEE,NO_EMBEDDED_IMAGE,KEEP_EXISTING,887,INVENTORY_MARQUEE,SAFE_TYPED_FRAGMENT_STAGE,,,ORDINARY_MARQUEE_CANDIDATE,0,,,
database:1226,RETAIN_EXISTING,1226,fragments/1831/02/15-img2747,1831-02-15,1,1,1,AUTO_MATCHED_EXACT,MATCHED_CONTENT,false,MARQUEE,NO_EMBEDDED_IMAGE,KEEP_EXISTING,887,INVENTORY_MARQUEE,SAFE_TYPED_FRAGMENT_STAGE,,,ORDINARY_MARQUEE_CANDIDATE,0,,,
database:1227,RETAIN_EXISTING,1227,fragments/1831/02/16-img2747,1831-02-16,1,1,1,AUTO_MATCHED_EXACT,MATCHED_CONTENT,false,MARQUEE,NO_EMBEDDED_IMAGE,KEEP_EXISTING,887,INVENTORY_MARQUEE,SAFE_TYPED_FRAGMENT_STAGE,,,ORDINARY_MARQUEE_CANDIDATE,0,,,
database:1228,RETAIN_EXISTING,1228,fragments/1831/02/17-img2748,1831-02-17,1,1,1,AUTO_MATCHED_EXACT,MATCHED_CONTENT,false,MARQUEE,NO_EMBEDDED_IMAGE,KEEP_EXISTING,888,INVENTORY_MARQUEE,SAFE_TYPED_FRAGMENT_STAGE,,,ORDINARY_MARQUEE_CANDIDATE,0,,,
database:1229,RETAIN_EXISTING,1229,fragments/1831/02/18-img2748,1831-02-18,1,1,1,AUTO_MATCHED_EXACT,MATCHED_CONTENT,false,MARQUEE,NO_EMBEDDED_IMAGE,KEEP_EXISTING,888,INVENTORY_MARQUEE,SAFE_TYPED_FRAGMENT_STAGE,,,ORDINARY_MARQUEE_CANDIDATE,0,,,
database:1230,RETAIN_EXISTING,1230,fragments/1831/02/19-img2748,1831-02-19,1,1,1,AUTO_MATCHED_EXACT,MATCHED_CONTENT,false,MARQUEE,NO_EMBEDDED_IMAGE,KEEP_EXISTING,888,INVENTORY_MARQUEE,SAFE_TYPED_FRAGMENT_STAGE,,,ORDINARY_MARQUEE_CANDIDATE,0,,,
database:1231,RETAIN_EXISTING,1231,fragments/1831/02/19-img2749,1831-02-19,2,2,2,AUTO_MATCHED_EXACT,MATCHED_CONTENT,false,MARQUEE,NO_EMBEDDED_IMAGE,KEEP_EXISTING,889,INVENTORY_MARQUEE,SAFE_TYPED_FRAGMENT_STAGE,,,ORDINARY_MARQUEE_CANDIDATE,0,,,
database:1232,RETAIN_EXISTING,1232,fragments/1831/02/20-img2749,1831-02-20,1,1,1,AUTO_MATCHED_EXACT,MATCHED_CONTENT,false,MARQUEE,NO_EMBEDDED_IMAGE,KEEP_EXISTING,889,INVENTORY_MARQUEE,SAFE_TYPED_FRAGMENT_STAGE,,,ORDINARY_MARQUEE_CANDIDATE,0,,,
database:1233,RETAIN_EXISTING,1233,fragments/1831/02/21-img2749,1831-02-21,1,1,1,AUTO_MATCHED_EXACT,MATCHED_CONTENT,false,MARQUEE,NO_EMBEDDED_IMAGE,KEEP_EXISTING,889,INVENTORY_MARQUEE,SAFE_TYPED_FRAGMENT_STAGE,,,ORDINARY_MARQUEE_CANDIDATE,0,,,
database:1234,RETAIN_EXISTING,1234,fragments/1831/02/22-img2749,1831-02-22,1,1,1,AUTO_MATCHED_EXACT,MATCHED_CONTENT,false,MARQUEE,NO_EMBEDDED_IMAGE,KEEP_EXISTING,889,INVENTORY_MARQUEE,SAFE_TYPED_FRAGMENT_STAGE,,,ORDINARY_MARQUEE_CANDIDATE,0,,,
database:1235,RETAIN_EXISTING,1235,fragments/1831/02/23-img2749,1831-02-23,1,1,1,AUTO_MATCHED_EXACT,MATCHED_CONTENT,false,MARQUEE,NO_EMBEDDED_IMAGE,KEEP_EXISTING,889,INVENTORY_MARQUEE,SAFE_TYPED_FRAGMENT_STAGE,,,ORDINARY_MARQUEE_CANDIDATE,0,,,
database:1236,RETAIN_EXISTING,1236,fragments/1831/02/24-img2750,1831-02-24,1,1,1,AUTO_MATCHED_EXACT,MATCHED_CONTENT,false,MARQUEE,NO_EMBEDDED_IMAGE,KEEP_EXISTING,890,INVENTORY_MARQUEE,SAFE_TYPED_FRAGMENT_STAGE,,,ORDINARY_MARQUEE_CANDIDATE,0,,,
database:1237,RETAIN_EXISTING,1237,fragments/1831/02/25-img2750,1831-02-25,1,1,1,AUTO_MATCHED_EXACT,MATCHED_CONTENT,false,MARQUEE,NO_EMBEDDED_IMAGE,KEEP_EXISTING,890,INVENTORY_MARQUEE,SAFE_TYPED_FRAGMENT_STAGE,,,ORDINARY_MARQUEE_CANDIDATE,0,,,
database:1238,RETAIN_EXISTING,1238,fragments/1831/02/26-img2750,1831-02-26,1,1,1,AUTO_MATCHED_EXACT,MATCHED_CONTENT,false,MARQUEE,NO_EMBEDDED_IMAGE,KEEP_EXISTING,890,INVENTORY_MARQUEE,SAFE_TYPED_FRAGMENT_STAGE,,,ORDINARY_MARQUEE_CANDIDATE,0,,,
database:1239,RETAIN_EXISTING,1239,fragments/1831/02/27-img2750,1831-02-27,1,1,1,AUTO_MATCHED_EXACT,MATCHED_CONTENT,false,MARQUEE,NO_EMBEDDED_IMAGE,KEEP_EXISTING,890,INVENTORY_MARQUEE,SAFE_TYPED_FRAGMENT_STAGE,,,ORDINARY_MARQUEE_CANDIDATE,0,,,
database:1240,RETAIN_EXISTING,1240,fragments/1831/02/28-img2751,1831-02-28,1,1,1,AUTO_MATCHED_EXACT,MATCHED_CONTENT,false,MARQUEE,NO_EMBEDDED_IMAGE,KEEP_EXISTING,891,INVENTORY_MARQUEE,SAFE_TYPED_FRAGMENT_STAGE,,,ORDINARY_MARQUEE_CANDIDATE,0,,,
database:1241,RETAIN_EXISTING,1241,fragments/1831/03/01-img2751,1831-03-01,1,1,1,AUTO_MATCHED_EXACT,MATCHED_CONTENT,false,MARQUEE,NO_EMBEDDED_IMAGE,KEEP_EXISTING,891,INVENTORY_MARQUEE,SAFE_TYPED_FRAGMENT_STAGE,,,ORDINARY_MARQUEE_CANDIDATE,0,,,
database:1242,RETAIN_EXISTING,1242,fragments/1831/03/02-img2751,1831-03-02,1,1,1,AUTO_MATCHED_EXACT,MATCHED_CONTENT,false,MARQUEE,NO_EMBEDDED_IMAGE,KEEP_EXISTING,891,INVENTORY_MARQUEE,SAFE_TYPED_FRAGMENT_STAGE,,,ORDINARY_MARQUEE_CANDIDATE,0,,,
database:1243,RETAIN_EXISTING,1243,fragments/1831/03/06-img2752,1831-03-06,1,1,1,AUTO_MATCHED_EXACT,MATCHED_CONTENT,false,MARQUEE,NO_EMBEDDED_IMAGE,KEEP_EXISTING,892,INVENTORY_MARQUEE,SAFE_TYPED_FRAGMENT_STAGE,,,ORDINARY_MARQUEE_CANDIDATE,0,,,
database:1244,RETAIN_EXISTING,1244,fragments/1831/03/07-img2752,1831-03-07,1,1,1,AUTO_MATCHED_EXACT,MATCHED_CONTENT,false,MARQUEE,NO_EMBEDDED_IMAGE,KEEP_EXISTING,892,INVENTORY_MARQUEE,SAFE_TYPED_FRAGMENT_STAGE,,,ORDINARY_MARQUEE_CANDIDATE,0,,,
database:1245,RETAIN_EXISTING,1245,fragments/1831/03/08-img2752,1831-03-08,1,1,1,AUTO_MATCHED_EXACT,MATCHED_CONTENT,false,MARQUEE,NO_EMBEDDED_IMAGE,KEEP_EXISTING,892,INVENTORY_MARQUEE,SAFE_TYPED_FRAGMENT_STAGE,,,ORDINARY_MARQUEE_CANDIDATE,0,,,
database:1246,RETAIN_EXISTING,1246,fragments/1831/03/09-img2752,1831-03-09,1,1,1,AUTO_MATCHED_EXACT,MATCHED_CONTENT,false,MARQUEE,NO_EMBEDDED_IMAGE,KEEP_EXISTING,892,INVENTORY_MARQUEE,SAFE_TYPED_FRAGMENT_STAGE,,,ORDINARY_MARQUEE_CANDIDATE,0,,,
database:1247,RETAIN_EXISTING,1247,fragments/1831/03/10-img2753-left,1831-03-10,1,1,1,AUTO_MATCHED_EXACT,MATCHED_CONTENT,false,MARQUEE,NO_EMBEDDED_IMAGE,KEEP_EXISTING,893,INVENTORY_MARQUEE,SAFE_TYPED_FRAGMENT_STAGE,,,ORDINARY_MARQUEE_CANDIDATE,0,,,
database:1248,RETAIN_EXISTING,1248,fragments/1831/03/11-img2753-left,1831-03-11,1,1,1,AUTO_MATCHED_EXACT,MATCHED_CONTENT,false,MARQUEE,NO_EMBEDDED_IMAGE,KEEP_EXISTING,893,INVENTORY_MARQUEE,SAFE_TYPED_FRAGMENT_STAGE,,,ORDINARY_MARQUEE_CANDIDATE,0,,,
database:1249,RETAIN_EXISTING,1249,fragments/1831/03/12-img2753-left,1831-03-12,1,1,1,AUTO_MATCHED_EXACT,MATCHED_CONTENT,false,MARQUEE,NO_EMBEDDED_IMAGE,KEEP_EXISTING,893,INVENTORY_MARQUEE,SAFE_TYPED_FRAGMENT_STAGE,,,ORDINARY_MARQUEE_CANDIDATE,0,,,
database:1250,RETAIN_EXISTING,1250,fragments/1831/03/13-img2753-left,1831-03-13,1,1,1,AUTO_MATCHED_EXACT,MATCHED_CONTENT,false,MARQUEE,NO_EMBEDDED_IMAGE,KEEP_EXISTING,893,INVENTORY_MARQUEE,SAFE_TYPED_FRAGMENT_STAGE,,,ORDINARY_MARQUEE_CANDIDATE,0,,,
database:1251,RETAIN_EXISTING,1251,fragments/1831/03/14-b3-img2753-white-swan-alnwick,1831-03-14,1,1,1,AUTO_MATCHED_EXACT,MATCHED_CONTENT,true,IMAGE,DATABASE_EMBEDDED_IMAGE,REMOVE_WHEN_IMAGE_MIGRATED,893,INVENTORY_MARQUEE,DEFERRED_IMAGE_MIGRATION,,images/img2753-white-swan-alnwick.png,LEGACY_IMAGE_CANDIDATE,1,,,
database:1252,RETAIN_EXISTING,1252,fragments/1831/03/14-img2753-right,1831-03-14,2,2,2,AUTO_MATCHED_EXACT,MATCHED_CONTENT,false,MARQUEE,NO_EMBEDDED_IMAGE,KEEP_EXISTING,893,INVENTORY_MARQUEE,SAFE_TYPED_FRAGMENT_STAGE,,,ORDINARY_MARQUEE_CANDIDATE,0,,,
database:1253,RETAIN_EXISTING,1253,fragments/1831/03/15-b3-img2754-castle-alnwick,1831-03-15,1,1,1,AUTO_MATCHED_EXACT,MATCHED_CONTENT,true,IMAGE,DATABASE_EMBEDDED_IMAGE,REMOVE_WHEN_IMAGE_MIGRATED,894,INVENTORY_MARQUEE,DEFERRED_IMAGE_MIGRATION,,images/img2754-castle-alnwick.png,LEGACY_IMAGE_CANDIDATE,1,,,
database:1254,RETAIN_EXISTING,1254,fragments/1831/03/15-img2753-right,1831-03-15,2,2,2,AUTO_MATCHED_EXACT,MATCHED_CONTENT,false,MARQUEE,NO_EMBEDDED_IMAGE,KEEP_EXISTING,893,INVENTORY_MARQUEE,SAFE_TYPED_FRAGMENT_STAGE,,,ORDINARY_MARQUEE_CANDIDATE,0,,,
database:1255,RETAIN_EXISTING,1255,fragments/1831/03/16-img2753-right,1831-03-16,1,1,1,AUTO_MATCHED_EXACT,MATCHED_CONTENT,false,MARQUEE,NO_EMBEDDED_IMAGE,KEEP_EXISTING,893,INVENTORY_MARQUEE,SAFE_TYPED_FRAGMENT_STAGE,,,ORDINARY_MARQUEE_CANDIDATE,0,,,
database:1256,RETAIN_EXISTING,1256,fragments/1831/03/16-img2758,1831-03-16,2,2,2,AUTO_MATCHED_EXACT,MATCHED_CONTENT,false,MARQUEE,NO_EMBEDDED_IMAGE,KEEP_EXISTING,898,INVENTORY_MARQUEE,SAFE_TYPED_FRAGMENT_STAGE,,,ORDINARY_MARQUEE_CANDIDATE,0,,,
database:1257,RETAIN_EXISTING,1257,fragments/1831/03/17-img2753-right,1831-03-17,1,1,1,AUTO_MATCHED_EXACT,MATCHED_CONTENT,false,MARQUEE,NO_EMBEDDED_IMAGE,KEEP_EXISTING,893,INVENTORY_MARQUEE,SAFE_TYPED_FRAGMENT_STAGE,,,ORDINARY_MARQUEE_CANDIDATE,0,,,
database:1258,RETAIN_EXISTING,1258,fragments/1831/03/18-img2754,1831-03-18,1,1,1,AUTO_MATCHED_EXACT,MATCHED_CONTENT,false,MARQUEE,NO_EMBEDDED_IMAGE,KEEP_EXISTING,894,INVENTORY_MARQUEE,SAFE_TYPED_FRAGMENT_STAGE,,,ORDINARY_MARQUEE_CANDIDATE,0,,,
database:1259,RETAIN_EXISTING,1259,fragments/1831/03/19-img2754,1831-03-19,1,1,1,AUTO_MATCHED_EXACT,MATCHED_CONTENT,false,MARQUEE,NO_EMBEDDED_IMAGE,KEEP_EXISTING,894,INVENTORY_MARQUEE,SAFE_TYPED_FRAGMENT_STAGE,,,ORDINARY_MARQUEE_CANDIDATE,0,,,
database:1260,RETAIN_EXISTING,1260,fragments/1831/03/20-img2754,1831-03-20,1,1,1,AUTO_MATCHED_EXACT,MATCHED_CONTENT,false,MARQUEE,NO_EMBEDDED_IMAGE,KEEP_EXISTING,894,INVENTORY_MARQUEE,SAFE_TYPED_FRAGMENT_STAGE,,,ORDINARY_MARQUEE_CANDIDATE,0,,,
database:1261,RETAIN_EXISTING,1261,fragments/1831/03/21-img2754,1831-03-21,1,1,1,AUTO_MATCHED_EXACT,MATCHED_CONTENT,false,MARQUEE,NO_EMBEDDED_IMAGE,KEEP_EXISTING,894,INVENTORY_MARQUEE,SAFE_TYPED_FRAGMENT_STAGE,,,ORDINARY_MARQUEE_CANDIDATE,0,,,
database:1262,RETAIN_EXISTING,1262,fragments/1831/03/22-b3-img2754-the-bull-alnwick,1831-03-22,1,1,1,AUTO_MATCHED_EXACT,MATCHED_CONTENT,true,IMAGE,DATABASE_EMBEDDED_IMAGE,REMOVE_WHEN_IMAGE_MIGRATED,894,INVENTORY_MARQUEE,DEFERRED_IMAGE_MIGRATION,,images/img2754-the-bull-alnwick.png,LEGACY_IMAGE_CANDIDATE,1,,,
database:1263,RETAIN_EXISTING,1263,fragments/1831/03/22-img2754,1831-03-22,2,2,2,AUTO_MATCHED_EXACT,MATCHED_CONTENT,false,MARQUEE,NO_EMBEDDED_IMAGE,KEEP_EXISTING,894,INVENTORY_MARQUEE,SAFE_TYPED_FRAGMENT_STAGE,,,ORDINARY_MARQUEE_CANDIDATE,0,,,
database:1264,RETAIN_EXISTING,1264,fragments/1831/03/23-img2755,1831-03-23,1,1,1,AUTO_MATCHED_EXACT,MATCHED_CONTENT,false,MARQUEE,NO_EMBEDDED_IMAGE,KEEP_EXISTING,895,INVENTORY_MARQUEE,SAFE_TYPED_FRAGMENT_STAGE,,,ORDINARY_MARQUEE_CANDIDATE,0,,,
database:1265,RETAIN_EXISTING,1265,fragments/1831/03/24-img2755,1831-03-24,1,1,1,AUTO_MATCHED_EXACT,MATCHED_CONTENT,false,MARQUEE,NO_EMBEDDED_IMAGE,KEEP_EXISTING,895,INVENTORY_MARQUEE,SAFE_TYPED_FRAGMENT_STAGE,,,ORDINARY_MARQUEE_CANDIDATE,0,,,
database:1266,RETAIN_EXISTING,1266,fragments/1831/03/25-img2755,1831-03-25,1,1,1,AUTO_MATCHED_EXACT,MATCHED_CONTENT,false,MARQUEE,NO_EMBEDDED_IMAGE,KEEP_EXISTING,895,INVENTORY_MARQUEE,SAFE_TYPED_FRAGMENT_STAGE,,,ORDINARY_MARQUEE_CANDIDATE,0,,,
database:1267,RETAIN_EXISTING,1267,fragments/1831/03/26-img2756,1831-03-26,1,1,1,AUTO_MATCHED_EXACT,MATCHED_CONTENT,false,MARQUEE,NO_EMBEDDED_IMAGE,KEEP_EXISTING,896,INVENTORY_MARQUEE,SAFE_TYPED_FRAGMENT_STAGE,,,ORDINARY_MARQUEE_CANDIDATE,0,,,
database:1268,RETAIN_EXISTING,1268,fragments/1831/03/27-img2756,1831-03-27,1,1,1,AUTO_MATCHED_EXACT,MATCHED_CONTENT,false,MARQUEE,NO_EMBEDDED_IMAGE,KEEP_EXISTING,896,INVENTORY_MARQUEE,SAFE_TYPED_FRAGMENT_STAGE,,,ORDINARY_MARQUEE_CANDIDATE,0,,,
database:1269,RETAIN_EXISTING,1269,fragments/1831/03/28-b3-img2755-bondgate-hall,1831-03-28,1,1,1,AUTO_MATCHED_EXACT,MATCHED_CONTENT,true,IMAGE,DATABASE_EMBEDDED_IMAGE,REMOVE_WHEN_IMAGE_MIGRATED,895,INVENTORY_MARQUEE,DEFERRED_IMAGE_MIGRATION,,images/img2755-bondgate-hall.png,LEGACY_IMAGE_CANDIDATE,1,,,
database:1270,RETAIN_EXISTING,1270,fragments/1831/03/28-img2756,1831-03-28,2,2,2,AUTO_MATCHED_EXACT,MATCHED_CONTENT,false,MARQUEE,NO_EMBEDDED_IMAGE,KEEP_EXISTING,896,INVENTORY_MARQUEE,SAFE_TYPED_FRAGMENT_STAGE,,,ORDINARY_MARQUEE_CANDIDATE,0,,,
database:1271,RETAIN_EXISTING,1271,fragments/1831/03/29-img2756,1831-03-29,1,1,1,AUTO_MATCHED_EXACT,MATCHED_CONTENT,false,MARQUEE,NO_EMBEDDED_IMAGE,KEEP_EXISTING,896,INVENTORY_MARQUEE,SAFE_TYPED_FRAGMENT_STAGE,,,ORDINARY_MARQUEE_CANDIDATE,0,,,
database:1272,RETAIN_EXISTING,1272,fragments/1831/03/29-img2757,1831-03-29,2,2,2,AUTO_MATCHED_EXACT,MATCHED_CONTENT,false,MARQUEE,NO_EMBEDDED_IMAGE,KEEP_EXISTING,897,INVENTORY_MARQUEE,SAFE_TYPED_FRAGMENT_STAGE,,,ORDINARY_MARQUEE_CANDIDATE,0,,,
database:1273,RETAIN_EXISTING,1273,fragments/1831/03/30-img2757,1831-03-30,1,1,1,AUTO_MATCHED_EXACT,MATCHED_CONTENT,false,MARQUEE,NO_EMBEDDED_IMAGE,KEEP_EXISTING,897,INVENTORY_MARQUEE,SAFE_TYPED_FRAGMENT_STAGE,,,ORDINARY_MARQUEE_CANDIDATE,0,,,
database:1274,RETAIN_EXISTING,1274,fragments/1831/03/31-img2757,1831-03-31,1,1,1,AUTO_MATCHED_EXACT,MATCHED_CONTENT,false,MARQUEE,NO_EMBEDDED_IMAGE,KEEP_EXISTING,897,INVENTORY_MARQUEE,SAFE_TYPED_FRAGMENT_STAGE,,,ORDINARY_MARQUEE_CANDIDATE,0,,,
database:1275,RETAIN_EXISTING,1275,fragments/1831/04/01-img2758,1831-04-01,1,1,1,AUTO_MATCHED_EXACT,MATCHED_CONTENT,false,MARQUEE,NO_EMBEDDED_IMAGE,KEEP_EXISTING,898,INVENTORY_MARQUEE,SAFE_TYPED_FRAGMENT_STAGE,,,ORDINARY_MARQUEE_CANDIDATE,0,,,
database:1276,RETAIN_EXISTING,1276,fragments/1831/04/02-b3-img2758-charlotte-square-newcastle,1831-04-02,1,1,1,AUTO_MATCHED_EXACT,MATCHED_CONTENT,true,IMAGE,DATABASE_EMBEDDED_IMAGE,REMOVE_WHEN_IMAGE_MIGRATED,895,INVENTORY_MARQUEE,DEFERRED_IMAGE_MIGRATION,,images/img2758-charlotte-square-newcastle.png,LEGACY_IMAGE_CANDIDATE,1,,,
database:1277,RETAIN_EXISTING,1277,fragments/1831/04/02-img2758,1831-04-02,2,2,2,AUTO_MATCHED_EXACT,MATCHED_CONTENT,false,MARQUEE,NO_EMBEDDED_IMAGE,KEEP_EXISTING,898,INVENTORY_MARQUEE,SAFE_TYPED_FRAGMENT_STAGE,,,ORDINARY_MARQUEE_CANDIDATE,0,,,
database:1278,RETAIN_EXISTING,1278,fragments/1831/04/03-img2758,1831-04-03,1,1,1,AUTO_MATCHED_EXACT,MATCHED_CONTENT,false,MARQUEE,NO_EMBEDDED_IMAGE,KEEP_EXISTING,898,INVENTORY_MARQUEE,SAFE_TYPED_FRAGMENT_STAGE,,,ORDINARY_MARQUEE_CANDIDATE,0,,,
database:1279,RETAIN_EXISTING,1279,fragments/1831/04/04-b3-img2758-northumberland-alms-tynemouth,1831-04-04,1,1,1,AUTO_MATCHED_EXACT,MATCHED_CONTENT,true,IMAGE,DATABASE_EMBEDDED_IMAGE,REMOVE_WHEN_IMAGE_MIGRATED,895,INVENTORY_MARQUEE,DEFERRED_IMAGE_MIGRATION,,images/img2758-northumberland-alms-tynemouth.png,LEGACY_IMAGE_CANDIDATE,1,,,
database:1280,RETAIN_EXISTING,1280,fragments/1831/04/04-img2759,1831-04-04,2,2,2,AUTO_MATCHED_EXACT,MATCHED_CONTENT,false,MARQUEE,NO_EMBEDDED_IMAGE,KEEP_EXISTING,899,INVENTORY_MARQUEE,SAFE_TYPED_FRAGMENT_STAGE,,,ORDINARY_MARQUEE_CANDIDATE,0,,,
database:1281,RETAIN_EXISTING,1281,fragments/1831/04/05-img2759,1831-04-05,1,1,1,AUTO_MATCHED_EXACT,MATCHED_CONTENT,false,MARQUEE,NO_EMBEDDED_IMAGE,KEEP_EXISTING,899,INVENTORY_MARQUEE,SAFE_TYPED_FRAGMENT_STAGE,,,ORDINARY_MARQUEE_CANDIDATE,0,,,
database:1282,RETAIN_EXISTING,1282,fragments/1831/04/06-img2759,1831-04-06,1,1,1,AUTO_MATCHED_EXACT,MATCHED_CONTENT,false,MARQUEE,NO_EMBEDDED_IMAGE,KEEP_EXISTING,899,INVENTORY_MARQUEE,SAFE_TYPED_FRAGMENT_STAGE,,,ORDINARY_MARQUEE_CANDIDATE,0,,,
database:1283,RETAIN_EXISTING,1283,fragments/1831/04/07-img2760,1831-04-07,1,1,1,AUTO_MATCHED_EXACT,MATCHED_CONTENT,false,MARQUEE,NO_EMBEDDED_IMAGE,KEEP_EXISTING,900,INVENTORY_MARQUEE,SAFE_TYPED_FRAGMENT_STAGE,,,ORDINARY_MARQUEE_CANDIDATE,0,,,
database:1284,RETAIN_EXISTING,1284,fragments/1831/04/08-img2760,1831-04-08,1,1,1,AUTO_MATCHED_EXACT,MATCHED_CONTENT,false,MARQUEE,NO_EMBEDDED_IMAGE,KEEP_EXISTING,900,INVENTORY_MARQUEE,SAFE_TYPED_FRAGMENT_STAGE,,,ORDINARY_MARQUEE_CANDIDATE,0,,,
database:1285,RETAIN_EXISTING,1285,fragments/1831/04/09-img2760,1831-04-09,1,1,1,AUTO_MATCHED_EXACT,MATCHED_CONTENT,false,MARQUEE,NO_EMBEDDED_IMAGE,KEEP_EXISTING,900,INVENTORY_MARQUEE,SAFE_TYPED_FRAGMENT_STAGE,,,ORDINARY_MARQUEE_CANDIDATE,0,,,
database:1286,RETAIN_EXISTING,1286,fragments/1831/04/10-img2760,1831-04-10,1,1,1,AUTO_MATCHED_EXACT,MATCHED_CONTENT,false,MARQUEE,NO_EMBEDDED_IMAGE,KEEP_EXISTING,900,INVENTORY_MARQUEE,SAFE_TYPED_FRAGMENT_STAGE,,,ORDINARY_MARQUEE_CANDIDATE,0,,,
database:1287,RETAIN_EXISTING,1287,fragments/1831/04/11-img2761,1831-04-11,1,1,1,AUTO_MATCHED_EXACT,MATCHED_CONTENT,false,MARQUEE,NO_EMBEDDED_IMAGE,KEEP_EXISTING,901,INVENTORY_MARQUEE,SAFE_TYPED_FRAGMENT_STAGE,,,ORDINARY_MARQUEE_CANDIDATE,0,,,
database:1288,RETAIN_EXISTING,1288,fragments/1831/04/12-b3-img2761-brandon-white-house,1831-04-12,1,1,1,AUTO_MATCHED_EXACT,MATCHED_CONTENT,true,IMAGE,DATABASE_EMBEDDED_IMAGE,REMOVE_WHEN_IMAGE_MIGRATED,901,INVENTORY_MARQUEE,DEFERRED_IMAGE_MIGRATION,,images/img2761-brandon-white-house.png,LEGACY_IMAGE_CANDIDATE,1,,,
database:1289,RETAIN_EXISTING,1289,fragments/1831/04/12-img2761,1831-04-12,2,2,2,AUTO_MATCHED_EXACT,MATCHED_CONTENT,false,MARQUEE,NO_EMBEDDED_IMAGE,KEEP_EXISTING,901,INVENTORY_MARQUEE,SAFE_TYPED_FRAGMENT_STAGE,,,ORDINARY_MARQUEE_CANDIDATE,0,,,
database:1290,RETAIN_EXISTING,1290,fragments/1831/04/13-img2761,1831-04-13,1,1,1,AUTO_MATCHED_EXACT,MATCHED_CONTENT,false,MARQUEE,NO_EMBEDDED_IMAGE,KEEP_EXISTING,901,INVENTORY_MARQUEE,SAFE_TYPED_FRAGMENT_STAGE,,,ORDINARY_MARQUEE_CANDIDATE,0,,,
database:1291,RETAIN_EXISTING,1291,fragments/1831/04/14-img2761,1831-04-14,1,1,1,AUTO_MATCHED_EXACT,MATCHED_CONTENT,false,MARQUEE,NO_EMBEDDED_IMAGE,KEEP_EXISTING,901,INVENTORY_MARQUEE,SAFE_TYPED_FRAGMENT_STAGE,,,ORDINARY_MARQUEE_CANDIDATE,0,,,
database:1292,RETAIN_EXISTING,1292,fragments/1831/04/15-img2762,1831-04-15,1,1,1,AUTO_MATCHED_EXACT,MATCHED_CONTENT,false,MARQUEE,NO_EMBEDDED_IMAGE,KEEP_EXISTING,902,INVENTORY_MARQUEE,SAFE_TYPED_FRAGMENT_STAGE,,,ORDINARY_MARQUEE_CANDIDATE,0,,,
database:1293,RETAIN_EXISTING,1293,fragments/1831/04/16-img2762,1831-04-16,1,1,1,AUTO_MATCHED_EXACT,MATCHED_CONTENT,false,MARQUEE,NO_EMBEDDED_IMAGE,KEEP_EXISTING,902,INVENTORY_MARQUEE,SAFE_TYPED_FRAGMENT_STAGE,,,ORDINARY_MARQUEE_CANDIDATE,0,,,
database:1294,RETAIN_EXISTING,1294,fragments/1831/04/17-img2762,1831-04-17,1,1,1,AUTO_MATCHED_EXACT,MATCHED_CONTENT,false,MARQUEE,NO_EMBEDDED_IMAGE,KEEP_EXISTING,902,INVENTORY_MARQUEE,SAFE_TYPED_FRAGMENT_STAGE,,,ORDINARY_MARQUEE_CANDIDATE,0,,,
database:1295,RETAIN_EXISTING,1295,fragments/1831/04/18-img2762,1831-04-18,1,1,1,AUTO_MATCHED_EXACT,MATCHED_CONTENT,false,MARQUEE,NO_EMBEDDED_IMAGE,KEEP_EXISTING,902,INVENTORY_MARQUEE,SAFE_TYPED_FRAGMENT_STAGE,,,ORDINARY_MARQUEE_CANDIDATE,0,,,
database:1296,RETAIN_EXISTING,1296,fragments/1831/04/19-b3-img2762-north-shields-walk,1831-04-19,1,1,1,AUTO_MATCHED_EXACT,MATCHED_CONTENT,true,IMAGE,DATABASE_EMBEDDED_IMAGE,REMOVE_WHEN_IMAGE_MIGRATED,902,INVENTORY_MARQUEE,DEFERRED_IMAGE_MIGRATION,,images/img2762-north-shields-walk.png,LEGACY_IMAGE_CANDIDATE,1,,,
database:1297,RETAIN_EXISTING,1297,fragments/1831/04/19-img2762,1831-04-19,2,2,2,AUTO_MATCHED_EXACT,MATCHED_CONTENT,false,MARQUEE,NO_EMBEDDED_IMAGE,KEEP_EXISTING,902,INVENTORY_MARQUEE,SAFE_TYPED_FRAGMENT_STAGE,,,ORDINARY_MARQUEE_CANDIDATE,0,,,
database:1298,RETAIN_EXISTING,1298,fragments/1831/04/20-img2763,1831-04-20,1,1,1,AUTO_MATCHED_EXACT,MATCHED_CONTENT,false,MARQUEE,NO_EMBEDDED_IMAGE,KEEP_EXISTING,903,INVENTORY_MARQUEE,SAFE_TYPED_FRAGMENT_STAGE,,,ORDINARY_MARQUEE_CANDIDATE,0,,,
database:1299,RETAIN_EXISTING,1299,fragments/1831/04/21-img2763,1831-04-21,1,1,1,AUTO_MATCHED_EXACT,MATCHED_CONTENT,false,MARQUEE,NO_EMBEDDED_IMAGE,KEEP_EXISTING,903,INVENTORY_MARQUEE,SAFE_TYPED_FRAGMENT_STAGE,,,ORDINARY_MARQUEE_CANDIDATE,0,,,
database:1300,RETAIN_EXISTING,1300,fragments/1831/04/22-img2763,1831-04-22,1,1,1,AUTO_MATCHED_EXACT,MATCHED_CONTENT,false,MARQUEE,NO_EMBEDDED_IMAGE,KEEP_EXISTING,903,INVENTORY_MARQUEE,SAFE_TYPED_FRAGMENT_STAGE,,,ORDINARY_MARQUEE_CANDIDATE,0,,,
database:1301,RETAIN_EXISTING,1301,fragments/1831/04/23-img2764,1831-04-23,1,1,1,AUTO_MATCHED_EXACT,MATCHED_CONTENT,false,MARQUEE,NO_EMBEDDED_IMAGE,KEEP_EXISTING,904,INVENTORY_MARQUEE,SAFE_TYPED_FRAGMENT_STAGE,,,ORDINARY_MARQUEE_CANDIDATE,0,,,
database:1302,RETAIN_EXISTING,1302,fragments/1831/04/24-img2764,1831-04-24,1,1,1,AUTO_MATCHED_EXACT,MATCHED_CONTENT,false,MARQUEE,NO_EMBEDDED_IMAGE,KEEP_EXISTING,904,INVENTORY_MARQUEE,SAFE_TYPED_FRAGMENT_STAGE,,,ORDINARY_MARQUEE_CANDIDATE,0,,,
database:1303,RETAIN_EXISTING,1303,fragments/1831/04/25-img2764,1831-04-25,1,1,1,AUTO_MATCHED_EXACT,MATCHED_CONTENT,false,MARQUEE,NO_EMBEDDED_IMAGE,KEEP_EXISTING,904,INVENTORY_MARQUEE,SAFE_TYPED_FRAGMENT_STAGE,,,ORDINARY_MARQUEE_CANDIDATE,0,,,
database:1304,RETAIN_EXISTING,1304,fragments/1831/04/26-img2764,1831-04-26,1,1,1,AUTO_MATCHED_EXACT,MATCHED_CONTENT,false,MARQUEE,NO_EMBEDDED_IMAGE,KEEP_EXISTING,904,INVENTORY_MARQUEE,SAFE_TYPED_FRAGMENT_STAGE,,,ORDINARY_MARQUEE_CANDIDATE,0,,,
database:1305,RETAIN_EXISTING,1305,fragments/1831/04/27-img2765,1831-04-27,1,1,1,AUTO_MATCHED_EXACT,MATCHED_CONTENT,false,MARQUEE,NO_EMBEDDED_IMAGE,KEEP_EXISTING,905,INVENTORY_MARQUEE,SAFE_TYPED_FRAGMENT_STAGE,,,ORDINARY_MARQUEE_CANDIDATE,0,,,
database:1306,RETAIN_EXISTING,1306,fragments/1831/04/28-img2765,1831-04-28,1,1,1,AUTO_MATCHED_EXACT,MATCHED_CONTENT,false,MARQUEE,NO_EMBEDDED_IMAGE,KEEP_EXISTING,905,INVENTORY_MARQUEE,SAFE_TYPED_FRAGMENT_STAGE,,,ORDINARY_MARQUEE_CANDIDATE,0,,,
database:1307,RETAIN_EXISTING,1307,fragments/1831/04/29-img2765,1831-04-29,1,1,1,AUTO_MATCHED_EXACT,MATCHED_CONTENT,false,MARQUEE,NO_EMBEDDED_IMAGE,KEEP_EXISTING,905,INVENTORY_MARQUEE,SAFE_TYPED_FRAGMENT_STAGE,,,ORDINARY_MARQUEE_CANDIDATE,0,,,
database:1308,RETAIN_EXISTING,1308,fragments/1831/04/30-img2765,1831-04-30,1,1,1,AUTO_MATCHED_EXACT,MATCHED_CONTENT,false,MARQUEE,NO_EMBEDDED_IMAGE,KEEP_EXISTING,905,INVENTORY_MARQUEE,SAFE_TYPED_FRAGMENT_STAGE,,,ORDINARY_MARQUEE_CANDIDATE,0,,,
database:1309,RETAIN_EXISTING,1309,fragments/1831/05/01-img2766,1831-05-01,1,1,1,AUTO_MATCHED_EXACT,MATCHED_CONTENT,false,MARQUEE,NO_EMBEDDED_IMAGE,KEEP_EXISTING,906,INVENTORY_MARQUEE,SAFE_TYPED_FRAGMENT_STAGE,,,ORDINARY_MARQUEE_CANDIDATE,0,,,
database:1310,RETAIN_EXISTING,1310,fragments/1831/05/02-img2766,1831-05-02,1,1,1,AUTO_MATCHED_EXACT,MATCHED_CONTENT,false,MARQUEE,NO_EMBEDDED_IMAGE,KEEP_EXISTING,906,INVENTORY_MARQUEE,SAFE_TYPED_FRAGMENT_STAGE,,,ORDINARY_MARQUEE_CANDIDATE,0,,,
database:1311,RETAIN_EXISTING,1311,fragments/1831/05/03-img2766,1831-05-03,1,1,1,AUTO_MATCHED_EXACT,MATCHED_CONTENT,false,MARQUEE,NO_EMBEDDED_IMAGE,KEEP_EXISTING,906,INVENTORY_MARQUEE,SAFE_TYPED_FRAGMENT_STAGE,,,ORDINARY_MARQUEE_CANDIDATE,0,,,
database:1312,RETAIN_EXISTING,1312,fragments/1831/05/04-img2766,1831-05-04,1,1,1,AUTO_MATCHED_EXACT,MATCHED_CONTENT,false,MARQUEE,NO_EMBEDDED_IMAGE,KEEP_EXISTING,906,INVENTORY_MARQUEE,SAFE_TYPED_FRAGMENT_STAGE,,,ORDINARY_MARQUEE_CANDIDATE,0,,,
database:1313,RETAIN_EXISTING,1313,fragments/1831/05/05-img2767,1831-05-05,1,1,1,AUTO_MATCHED_EXACT,MATCHED_CONTENT,false,MARQUEE,NO_EMBEDDED_IMAGE,KEEP_EXISTING,907,INVENTORY_MARQUEE,SAFE_TYPED_FRAGMENT_STAGE,,,ORDINARY_MARQUEE_CANDIDATE,0,,,
database:1314,RETAIN_EXISTING,1314,fragments/1831/05/06-img2767,1831-05-06,1,1,1,AUTO_MATCHED_EXACT,MATCHED_CONTENT,false,MARQUEE,NO_EMBEDDED_IMAGE,KEEP_EXISTING,907,INVENTORY_MARQUEE,SAFE_TYPED_FRAGMENT_STAGE,,,ORDINARY_MARQUEE_CANDIDATE,0,,,
database:1315,RETAIN_EXISTING,1315,fragments/1831/05/07-b3-img2767-hms-samarang,1831-05-07,1,1,1,AUTO_MATCHED_EXACT,MATCHED_CONTENT,true,IMAGE,DATABASE_EMBEDDED_IMAGE,REMOVE_WHEN_IMAGE_MIGRATED,907,INVENTORY_MARQUEE,DEFERRED_IMAGE_MIGRATION,,images/img2767-hms-samarang.jpg,LEGACY_IMAGE_CANDIDATE,1,,,
database:1316,RETAIN_EXISTING,1316,fragments/1831/05/07-img2767,1831-05-07,2,2,2,AUTO_MATCHED_EXACT,MATCHED_CONTENT,false,MARQUEE,NO_EMBEDDED_IMAGE,KEEP_EXISTING,907,INVENTORY_MARQUEE,SAFE_TYPED_FRAGMENT_STAGE,,,ORDINARY_MARQUEE_CANDIDATE,0,,,
database:1317,RETAIN_EXISTING,1317,fragments/1831/05/08-img2768,1831-05-08,1,1,1,AUTO_MATCHED_EXACT,MATCHED_CONTENT,false,MARQUEE,NO_EMBEDDED_IMAGE,KEEP_EXISTING,908,INVENTORY_MARQUEE,SAFE_TYPED_FRAGMENT_STAGE,,,ORDINARY_MARQUEE_CANDIDATE,0,,,
database:1318,RETAIN_EXISTING,1318,fragments/1831/05/09-img2768,1831-05-09,1,1,1,AUTO_MATCHED_EXACT,MATCHED_CONTENT,false,MARQUEE,NO_EMBEDDED_IMAGE,KEEP_EXISTING,908,INVENTORY_MARQUEE,SAFE_TYPED_FRAGMENT_STAGE,,,ORDINARY_MARQUEE_CANDIDATE,0,,,
database:1319,RETAIN_EXISTING,1319,fragments/1831/05/10-img2768,1831-05-10,1,1,1,AUTO_MATCHED_EXACT,MATCHED_CONTENT,false,MARQUEE,NO_EMBEDDED_IMAGE,KEEP_EXISTING,908,INVENTORY_MARQUEE,SAFE_TYPED_FRAGMENT_STAGE,,,ORDINARY_MARQUEE_CANDIDATE,0,,,
database:1320,RETAIN_EXISTING,1320,fragments/1831/05/11-img2768,1831-05-11,1,1,1,AUTO_MATCHED_EXACT,MATCHED_CONTENT,false,MARQUEE,NO_EMBEDDED_IMAGE,KEEP_EXISTING,908,INVENTORY_MARQUEE,SAFE_TYPED_FRAGMENT_STAGE,,,ORDINARY_MARQUEE_CANDIDATE,0,,,
database:1321,RETAIN_EXISTING,1321,fragments/1831/05/12-b3-img2769-mayer-archibald-and-the keelmen-strike,1831-05-12,1,1,1,AUTO_MATCHED_EXACT,MATCHED_CONTENT,true,IMAGE,DATABASE_EMBEDDED_IMAGE,REMOVE_WHEN_IMAGE_MIGRATED,909,INVENTORY_MARQUEE,DEFERRED_IMAGE_MIGRATION,,images/img2769-archibald-reed.jpg,LEGACY_IMAGE_CANDIDATE,1,,,
database:1322,RETAIN_EXISTING,1322,fragments/1831/05/12-img2769,1831-05-12,2,2,2,AUTO_MATCHED_EXACT,MATCHED_CONTENT,false,MARQUEE,NO_EMBEDDED_IMAGE,KEEP_EXISTING,909,INVENTORY_MARQUEE,SAFE_TYPED_FRAGMENT_STAGE,,,ORDINARY_MARQUEE_CANDIDATE,0,,,
database:1323,RETAIN_EXISTING,1323,fragments/1831/05/13-img2769,1831-05-13,1,1,1,AUTO_MATCHED_EXACT,MATCHED_CONTENT,false,MARQUEE,NO_EMBEDDED_IMAGE,KEEP_EXISTING,909,INVENTORY_MARQUEE,SAFE_TYPED_FRAGMENT_STAGE,,,ORDINARY_MARQUEE_CANDIDATE,0,,,
database:1324,RETAIN_EXISTING,1324,fragments/1831/05/14-img2769,1831-05-14,1,1,1,AUTO_MATCHED_EXACT,MATCHED_CONTENT,false,MARQUEE,NO_EMBEDDED_IMAGE,KEEP_EXISTING,909,INVENTORY_MARQUEE,SAFE_TYPED_FRAGMENT_STAGE,,,ORDINARY_MARQUEE_CANDIDATE,0,,,
database:1325,RETAIN_EXISTING,1325,fragments/1831/05/15-img2769,1831-05-15,1,1,1,AUTO_MATCHED_EXACT,MATCHED_CONTENT,false,MARQUEE,NO_EMBEDDED_IMAGE,KEEP_EXISTING,909,INVENTORY_MARQUEE,SAFE_TYPED_FRAGMENT_STAGE,,,ORDINARY_MARQUEE_CANDIDATE,0,,,
database:1326,RETAIN_EXISTING,1326,fragments/1831/05/16-img2769,1831-05-16,1,1,1,AUTO_MATCHED_EXACT,MATCHED_CONTENT,false,MARQUEE,NO_EMBEDDED_IMAGE,KEEP_EXISTING,909,INVENTORY_MARQUEE,SAFE_TYPED_FRAGMENT_STAGE,,,ORDINARY_MARQUEE_CANDIDATE,0,,,
database:1327,RETAIN_EXISTING,1327,fragments/1831/05/17-img2770,1831-05-17,1,1,1,AUTO_MATCHED_EXACT,MATCHED_CONTENT,false,MARQUEE,NO_EMBEDDED_IMAGE,KEEP_EXISTING,910,INVENTORY_MARQUEE,SAFE_TYPED_FRAGMENT_STAGE,,,ORDINARY_MARQUEE_CANDIDATE,0,,,
database:1328,RETAIN_EXISTING,1328,fragments/1831/05/18-img2770,1831-05-18,1,1,1,AUTO_MATCHED_EXACT,MATCHED_CONTENT,false,MARQUEE,NO_EMBEDDED_IMAGE,KEEP_EXISTING,910,INVENTORY_MARQUEE,SAFE_TYPED_FRAGMENT_STAGE,,,ORDINARY_MARQUEE_CANDIDATE,0,,,
database:1329,RETAIN_EXISTING,1329,fragments/1831/05/19-img2770,1831-05-19,1,1,1,AUTO_MATCHED_EXACT,MATCHED_CONTENT,false,MARQUEE,NO_EMBEDDED_IMAGE,KEEP_EXISTING,910,INVENTORY_MARQUEE,SAFE_TYPED_FRAGMENT_STAGE,,,ORDINARY_MARQUEE_CANDIDATE,0,,,
database:1330,RETAIN_EXISTING,1330,fragments/1831/05/20-img2771,1831-05-20,1,1,1,AUTO_MATCHED_EXACT,MATCHED_CONTENT,false,MARQUEE,NO_EMBEDDED_IMAGE,KEEP_EXISTING,911,INVENTORY_MARQUEE,SAFE_TYPED_FRAGMENT_STAGE,,,ORDINARY_MARQUEE_CANDIDATE,0,,,
database:1331,RETAIN_EXISTING,1331,fragments/1831/05/21-img2771,1831-05-21,1,1,1,AUTO_MATCHED_EXACT,MATCHED_CONTENT,false,MARQUEE,NO_EMBEDDED_IMAGE,KEEP_EXISTING,911,INVENTORY_MARQUEE,SAFE_TYPED_FRAGMENT_STAGE,,,ORDINARY_MARQUEE_CANDIDATE,0,,,
database:1332,RETAIN_EXISTING,1332,fragments/1831/05/22-img2771,1831-05-22,1,1,1,AUTO_MATCHED_EXACT,MATCHED_CONTENT,false,MARQUEE,NO_EMBEDDED_IMAGE,KEEP_EXISTING,911,INVENTORY_MARQUEE,SAFE_TYPED_FRAGMENT_STAGE,,,ORDINARY_MARQUEE_CANDIDATE,0,,,
database:1333,RETAIN_EXISTING,1333,fragments/1831/05/23-img2771,1831-05-23,1,1,1,AUTO_MATCHED_EXACT,MATCHED_CONTENT,false,MARQUEE,NO_EMBEDDED_IMAGE,KEEP_EXISTING,911,INVENTORY_MARQUEE,SAFE_TYPED_FRAGMENT_STAGE,,,ORDINARY_MARQUEE_CANDIDATE,0,,,
database:1334,RETAIN_EXISTING,1334,fragments/1831/05/24-img2772,1831-05-24,1,1,1,AUTO_MATCHED_EXACT,MATCHED_CONTENT,false,MARQUEE,NO_EMBEDDED_IMAGE,KEEP_EXISTING,912,INVENTORY_MARQUEE,SAFE_TYPED_FRAGMENT_STAGE,,,ORDINARY_MARQUEE_CANDIDATE,0,,,
database:1335,RETAIN_EXISTING,1335,fragments/1831/05/25-img2772,1831-05-25,1,1,1,AUTO_MATCHED_EXACT,MATCHED_CONTENT,false,MARQUEE,NO_EMBEDDED_IMAGE,KEEP_EXISTING,912,INVENTORY_MARQUEE,SAFE_TYPED_FRAGMENT_STAGE,,,ORDINARY_MARQUEE_CANDIDATE,0,,,
database:1336,RETAIN_EXISTING,1336,fragments/1831/05/26-img2772,1831-05-26,1,1,1,AUTO_MATCHED_EXACT,MATCHED_CONTENT,false,MARQUEE,NO_EMBEDDED_IMAGE,KEEP_EXISTING,912,INVENTORY_MARQUEE,SAFE_TYPED_FRAGMENT_STAGE,,,ORDINARY_MARQUEE_CANDIDATE,0,,,
database:1337,RETAIN_EXISTING,1337,fragments/1831/05/27-img2772,1831-05-27,1,1,1,AUTO_MATCHED_EXACT,MATCHED_CONTENT,false,MARQUEE,NO_EMBEDDED_IMAGE,KEEP_EXISTING,912,INVENTORY_MARQUEE,SAFE_TYPED_FRAGMENT_STAGE,,,ORDINARY_MARQUEE_CANDIDATE,0,,,
database:1338,RETAIN_EXISTING,1338,fragments/1831/05/28-img2773,1831-05-28,1,1,1,AUTO_MATCHED_EXACT,MATCHED_CONTENT,false,MARQUEE,NO_EMBEDDED_IMAGE,KEEP_EXISTING,913,INVENTORY_MARQUEE,SAFE_TYPED_FRAGMENT_STAGE,,,ORDINARY_MARQUEE_CANDIDATE,0,,,
database:1339,RETAIN_EXISTING,1339,fragments/1831/05/29-img2773,1831-05-29,1,1,1,AUTO_MATCHED_EXACT,MATCHED_CONTENT,false,MARQUEE,NO_EMBEDDED_IMAGE,KEEP_EXISTING,913,INVENTORY_MARQUEE,SAFE_TYPED_FRAGMENT_STAGE,,,ORDINARY_MARQUEE_CANDIDATE,0,,,
database:1340,RETAIN_EXISTING,1340,fragments/1831/05/30-img2773,1831-05-30,1,1,1,AUTO_MATCHED_EXACT,MATCHED_CONTENT,false,MARQUEE,NO_EMBEDDED_IMAGE,KEEP_EXISTING,913,INVENTORY_MARQUEE,SAFE_TYPED_FRAGMENT_STAGE,,,ORDINARY_MARQUEE_CANDIDATE,0,,,
database:1341,RETAIN_EXISTING,1341,fragments/1831/05/31-img2773,1831-05-31,1,1,1,AUTO_MATCHED_EXACT,MATCHED_CONTENT,false,MARQUEE,NO_EMBEDDED_IMAGE,KEEP_EXISTING,913,INVENTORY_MARQUEE,SAFE_TYPED_FRAGMENT_STAGE,,,ORDINARY_MARQUEE_CANDIDATE,0,,,
database:1342,RETAIN_EXISTING,1342,fragments/1831/06/01-img2774,1831-06-01,1,1,1,AUTO_MATCHED_EXACT,MATCHED_CONTENT,false,MARQUEE,NO_EMBEDDED_IMAGE,KEEP_EXISTING,914,INVENTORY_MARQUEE,SAFE_TYPED_FRAGMENT_STAGE,,,ORDINARY_MARQUEE_CANDIDATE,0,,,
database:1343,RETAIN_EXISTING,1343,fragments/1831/06/02-img2774,1831-06-02,1,1,1,AUTO_MATCHED_EXACT,MATCHED_CONTENT,false,MARQUEE,NO_EMBEDDED_IMAGE,KEEP_EXISTING,914,INVENTORY_MARQUEE,SAFE_TYPED_FRAGMENT_STAGE,,,ORDINARY_MARQUEE_CANDIDATE,0,,,
database:1344,RETAIN_EXISTING,1344,fragments/1831/06/03-img2774,1831-06-03,1,1,1,AUTO_MATCHED_EXACT,MATCHED_CONTENT,false,MARQUEE,NO_EMBEDDED_IMAGE,KEEP_EXISTING,914,INVENTORY_MARQUEE,SAFE_TYPED_FRAGMENT_STAGE,,,ORDINARY_MARQUEE_CANDIDATE,0,,,
database:1345,RETAIN_EXISTING,1345,fragments/1831/06/04-img2774,1831-06-04,1,1,1,AUTO_MATCHED_EXACT,MATCHED_CONTENT,false,MARQUEE,NO_EMBEDDED_IMAGE,KEEP_EXISTING,914,INVENTORY_MARQUEE,SAFE_TYPED_FRAGMENT_STAGE,,,ORDINARY_MARQUEE_CANDIDATE,0,,,
database:1346,RETAIN_EXISTING,1346,fragments/1831/06/05-img2774,1831-06-05,1,1,1,AUTO_MATCHED_EXACT,MATCHED_CONTENT,false,MARQUEE,NO_EMBEDDED_IMAGE,KEEP_EXISTING,914,INVENTORY_MARQUEE,SAFE_TYPED_FRAGMENT_STAGE,,,ORDINARY_MARQUEE_CANDIDATE,0,,,
database:1347,RETAIN_EXISTING,1347,fragments/1831/06/06-img2775,1831-06-06,1,1,1,AUTO_MATCHED_EXACT,MATCHED_CONTENT,false,MARQUEE,NO_EMBEDDED_IMAGE,KEEP_EXISTING,915,INVENTORY_MARQUEE,SAFE_TYPED_FRAGMENT_STAGE,,,ORDINARY_MARQUEE_CANDIDATE,0,,,
database:1348,RETAIN_EXISTING,1348,fragments/1831/06/07-img2775,1831-06-07,1,1,1,AUTO_MATCHED_EXACT,MATCHED_CONTENT,false,MARQUEE,NO_EMBEDDED_IMAGE,KEEP_EXISTING,915,INVENTORY_MARQUEE,SAFE_TYPED_FRAGMENT_STAGE,,,ORDINARY_MARQUEE_CANDIDATE,0,,,
database:1349,RETAIN_EXISTING,1349,fragments/1831/06/08-img2775,1831-06-08,1,1,1,AUTO_MATCHED_EXACT,MATCHED_CONTENT,false,MARQUEE,NO_EMBEDDED_IMAGE,KEEP_EXISTING,915,INVENTORY_MARQUEE,SAFE_TYPED_FRAGMENT_STAGE,,,ORDINARY_MARQUEE_CANDIDATE,0,,,
database:1350,RETAIN_EXISTING,1350,fragments/1831/06/09-img2776,1831-06-09,1,1,1,AUTO_MATCHED_EXACT,MATCHED_CONTENT,false,MARQUEE,NO_EMBEDDED_IMAGE,KEEP_EXISTING,916,INVENTORY_MARQUEE,SAFE_TYPED_FRAGMENT_STAGE,,,ORDINARY_MARQUEE_CANDIDATE,0,,,
database:1351,RETAIN_EXISTING,1351,fragments/1831/06/10-img2776,1831-06-10,1,1,1,AUTO_MATCHED_EXACT,MATCHED_CONTENT,false,MARQUEE,NO_EMBEDDED_IMAGE,KEEP_EXISTING,916,INVENTORY_MARQUEE,SAFE_TYPED_FRAGMENT_STAGE,,,ORDINARY_MARQUEE_CANDIDATE,0,,,
database:1352,RETAIN_EXISTING,1352,fragments/1831/06/11-img2776,1831-06-11,1,1,1,AUTO_MATCHED_EXACT,MATCHED_CONTENT,false,MARQUEE,NO_EMBEDDED_IMAGE,KEEP_EXISTING,916,INVENTORY_MARQUEE,SAFE_TYPED_FRAGMENT_STAGE,,,ORDINARY_MARQUEE_CANDIDATE,0,,,
database:1353,RETAIN_EXISTING,1353,fragments/1831/06/12-img2776,1831-06-12,1,1,1,AUTO_MATCHED_EXACT,MATCHED_CONTENT,false,MARQUEE,NO_EMBEDDED_IMAGE,KEEP_EXISTING,916,INVENTORY_MARQUEE,SAFE_TYPED_FRAGMENT_STAGE,,,ORDINARY_MARQUEE_CANDIDATE,0,,,
database:1354,RETAIN_EXISTING,1354,fragments/1831/06/13-img2777,1831-06-13,1,1,1,AUTO_MATCHED_EXACT,MATCHED_CONTENT,false,MARQUEE,NO_EMBEDDED_IMAGE,KEEP_EXISTING,917,INVENTORY_MARQUEE,SAFE_TYPED_FRAGMENT_STAGE,,,ORDINARY_MARQUEE_CANDIDATE,0,,,
database:1355,RETAIN_EXISTING,1355,fragments/1831/06/14-img2777,1831-06-14,1,1,1,AUTO_MATCHED_EXACT,MATCHED_CONTENT,false,MARQUEE,NO_EMBEDDED_IMAGE,KEEP_EXISTING,917,INVENTORY_MARQUEE,SAFE_TYPED_FRAGMENT_STAGE,,,ORDINARY_MARQUEE_CANDIDATE,0,,,
database:1356,RETAIN_EXISTING,1356,fragments/1831/06/15-img2777,1831-06-15,1,1,1,AUTO_MATCHED_EXACT,MATCHED_CONTENT,false,MARQUEE,NO_EMBEDDED_IMAGE,KEEP_EXISTING,917,INVENTORY_MARQUEE,SAFE_TYPED_FRAGMENT_STAGE,,,ORDINARY_MARQUEE_CANDIDATE,0,,,
database:1357,RETAIN_EXISTING,1357,fragments/1831/06/16-img2778,1831-06-16,1,1,1,AUTO_MATCHED_EXACT,MATCHED_CONTENT,false,MARQUEE,NO_EMBEDDED_IMAGE,KEEP_EXISTING,918,INVENTORY_MARQUEE,SAFE_TYPED_FRAGMENT_STAGE,,,ORDINARY_MARQUEE_CANDIDATE,0,,,
database:1358,RETAIN_EXISTING,1358,fragments/1831/06/17-img2778,1831-06-17,1,1,1,AUTO_MATCHED_EXACT,MATCHED_CONTENT,false,MARQUEE,NO_EMBEDDED_IMAGE,KEEP_EXISTING,918,INVENTORY_MARQUEE,SAFE_TYPED_FRAGMENT_STAGE,,,ORDINARY_MARQUEE_CANDIDATE,0,,,
database:1359,RETAIN_EXISTING,1359,fragments/1831/06/18-img2778,1831-06-18,1,1,1,AUTO_MATCHED_EXACT,MATCHED_CONTENT,false,MARQUEE,NO_EMBEDDED_IMAGE,KEEP_EXISTING,918,INVENTORY_MARQUEE,SAFE_TYPED_FRAGMENT_STAGE,,,ORDINARY_MARQUEE_CANDIDATE,0,,,
database:1360,RETAIN_EXISTING,1360,fragments/1831/06/19-img2778,1831-06-19,1,1,1,AUTO_MATCHED_EXACT,MATCHED_CONTENT,false,MARQUEE,NO_EMBEDDED_IMAGE,KEEP_EXISTING,918,INVENTORY_MARQUEE,SAFE_TYPED_FRAGMENT_STAGE,,,ORDINARY_MARQUEE_CANDIDATE,0,,,
database:1361,RETAIN_EXISTING,1361,fragments/1831/06/20-img2779,1831-06-20,1,1,1,AUTO_MATCHED_EXACT,MATCHED_CONTENT,false,MARQUEE,NO_EMBEDDED_IMAGE,KEEP_EXISTING,919,INVENTORY_MARQUEE,SAFE_TYPED_FRAGMENT_STAGE,,,ORDINARY_MARQUEE_CANDIDATE,0,,,
database:1362,RETAIN_EXISTING,1362,fragments/1831/06/21-img2779,1831-06-21,1,1,1,AUTO_MATCHED_EXACT,MATCHED_CONTENT,false,MARQUEE,NO_EMBEDDED_IMAGE,KEEP_EXISTING,919,INVENTORY_MARQUEE,SAFE_TYPED_FRAGMENT_STAGE,,,ORDINARY_MARQUEE_CANDIDATE,0,,,
database:1363,RETAIN_EXISTING,1363,fragments/1831/06/22-img2779,1831-06-22,1,1,1,AUTO_MATCHED_EXACT,MATCHED_CONTENT,false,MARQUEE,NO_EMBEDDED_IMAGE,KEEP_EXISTING,919,INVENTORY_MARQUEE,SAFE_TYPED_FRAGMENT_STAGE,,,ORDINARY_MARQUEE_CANDIDATE,0,,,
database:1364,RETAIN_EXISTING,1364,fragments/1831/06/23-img2780,1831-06-23,1,1,1,AUTO_MATCHED_EXACT,MATCHED_CONTENT,false,MARQUEE,NO_EMBEDDED_IMAGE,KEEP_EXISTING,920,INVENTORY_MARQUEE,SAFE_TYPED_FRAGMENT_STAGE,,,ORDINARY_MARQUEE_CANDIDATE,0,,,
database:1365,RETAIN_EXISTING,1365,fragments/1831/06/24-img2780,1831-06-24,1,1,1,AUTO_MATCHED_EXACT,MATCHED_CONTENT,false,MARQUEE,NO_EMBEDDED_IMAGE,KEEP_EXISTING,920,INVENTORY_MARQUEE,SAFE_TYPED_FRAGMENT_STAGE,,,ORDINARY_MARQUEE_CANDIDATE,0,,,
database:1366,RETAIN_EXISTING,1366,fragments/1831/06/25-img2780,1831-06-25,1,1,1,AUTO_MATCHED_EXACT,MATCHED_CONTENT,false,MARQUEE,NO_EMBEDDED_IMAGE,KEEP_EXISTING,920,INVENTORY_MARQUEE,SAFE_TYPED_FRAGMENT_STAGE,,,ORDINARY_MARQUEE_CANDIDATE,0,,,
database:1367,RETAIN_EXISTING,1367,fragments/1831/06/26-img2780,1831-06-26,1,1,1,AUTO_MATCHED_EXACT,MATCHED_CONTENT,false,MARQUEE,NO_EMBEDDED_IMAGE,KEEP_EXISTING,920,INVENTORY_MARQUEE,SAFE_TYPED_FRAGMENT_STAGE,,,ORDINARY_MARQUEE_CANDIDATE,0,,,
database:1368,RETAIN_EXISTING,1368,fragments/1831/06/27-img2781,1831-06-27,1,1,1,AUTO_MATCHED_EXACT,MATCHED_CONTENT,false,MARQUEE,NO_EMBEDDED_IMAGE,KEEP_EXISTING,921,INVENTORY_MARQUEE,SAFE_TYPED_FRAGMENT_STAGE,,,ORDINARY_MARQUEE_CANDIDATE,0,,,
database:1369,RETAIN_EXISTING,1369,fragments/1831/06/28-img2781,1831-06-28,1,1,1,AUTO_MATCHED_EXACT,MATCHED_CONTENT,false,MARQUEE,NO_EMBEDDED_IMAGE,KEEP_EXISTING,921,INVENTORY_MARQUEE,SAFE_TYPED_FRAGMENT_STAGE,,,ORDINARY_MARQUEE_CANDIDATE,0,,,
database:1370,RETAIN_EXISTING,1370,fragments/1831/06/29-img2781,1831-06-29,1,1,1,AUTO_MATCHED_EXACT,MATCHED_CONTENT,false,MARQUEE,NO_EMBEDDED_IMAGE,KEEP_EXISTING,921,INVENTORY_MARQUEE,SAFE_TYPED_FRAGMENT_STAGE,,,ORDINARY_MARQUEE_CANDIDATE,0,,,
database:1371,RETAIN_EXISTING,1371,fragments/1831/06/30-img2782,1831-06-30,1,1,1,AUTO_MATCHED_EXACT,MATCHED_CONTENT,false,MARQUEE,NO_EMBEDDED_IMAGE,KEEP_EXISTING,922,INVENTORY_MARQUEE,SAFE_TYPED_FRAGMENT_STAGE,,,ORDINARY_MARQUEE_CANDIDATE,0,,,
database:1372,RETAIN_EXISTING,1372,fragments/1831/07/01-img2782,1831-07-01,1,1,1,AUTO_MATCHED_EXACT,MATCHED_CONTENT,false,MARQUEE,NO_EMBEDDED_IMAGE,KEEP_EXISTING,922,INVENTORY_MARQUEE,SAFE_TYPED_FRAGMENT_STAGE,,,ORDINARY_MARQUEE_CANDIDATE,0,,,
database:1373,RETAIN_EXISTING,1373,fragments/1831/06/26-b3-img2780-cross-keys-hull,1831-07-02,1,1,1,AUTO_MATCHED_EXACT,MATCHED_CONTENT,true,IMAGE,DATABASE_EMBEDDED_IMAGE,REMOVE_WHEN_IMAGE_MIGRATED,920,INVENTORY_MARQUEE,DEFERRED_IMAGE_MIGRATION,,images/img2780-cross-keys-hull.jpg,LEGACY_IMAGE_CANDIDATE,1,,,
database:1374,RETAIN_EXISTING,1374,fragments/1831/07/02-img2782,1831-07-02,2,2,2,AUTO_MATCHED_EXACT,MATCHED_CONTENT,false,MARQUEE,NO_EMBEDDED_IMAGE,KEEP_EXISTING,922,INVENTORY_MARQUEE,SAFE_TYPED_FRAGMENT_STAGE,,,ORDINARY_MARQUEE_CANDIDATE,0,,,
database:1375,RETAIN_EXISTING,1375,fragments/1831/07/03-b3-img2783-black-swan-york,1831-07-03,1,1,1,AUTO_MATCHED_EXACT,MATCHED_CONTENT,true,IMAGE,DATABASE_EMBEDDED_IMAGE,REMOVE_WHEN_IMAGE_MIGRATED,923,INVENTORY_MARQUEE,DEFERRED_IMAGE_MIGRATION,,images/img2783-black-swan-york.png,LEGACY_IMAGE_CANDIDATE,1,,,
database:1376,RETAIN_EXISTING,1376,fragments/1831/07/03-img2783,1831-07-03,2,2,2,AUTO_MATCHED_EXACT,MATCHED_CONTENT,false,MARQUEE,NO_EMBEDDED_IMAGE,KEEP_EXISTING,923,INVENTORY_MARQUEE,SAFE_TYPED_FRAGMENT_STAGE,,,ORDINARY_MARQUEE_CANDIDATE,0,,,
database:1377,RETAIN_EXISTING,1377,fragments/1831/07/04-img2783,1831-07-04,1,1,1,AUTO_MATCHED_EXACT,MATCHED_CONTENT,false,MARQUEE,NO_EMBEDDED_IMAGE,KEEP_EXISTING,923,INVENTORY_MARQUEE,SAFE_TYPED_FRAGMENT_STAGE,,,ORDINARY_MARQUEE_CANDIDATE,0,,,
database:1378,RETAIN_EXISTING,1378,fragments/1831/07/05-img2783,1831-07-05,1,1,1,AUTO_MATCHED_EXACT,MATCHED_CONTENT,false,MARQUEE,NO_EMBEDDED_IMAGE,KEEP_EXISTING,923,INVENTORY_MARQUEE,SAFE_TYPED_FRAGMENT_STAGE,,,ORDINARY_MARQUEE_CANDIDATE,0,,,
database:1379,RETAIN_EXISTING,1379,fragments/1831/07/06-img2783,1831-07-06,1,1,1,AUTO_MATCHED_EXACT,MATCHED_CONTENT,false,MARQUEE,NO_EMBEDDED_IMAGE,KEEP_EXISTING,923,INVENTORY_MARQUEE,SAFE_TYPED_FRAGMENT_STAGE,,,ORDINARY_MARQUEE_CANDIDATE,0,,,
database:1380,RETAIN_EXISTING,1380,fragments/1831/07/07-img2784,1831-07-07,1,1,1,AUTO_MATCHED_EXACT,MATCHED_CONTENT,false,MARQUEE,NO_EMBEDDED_IMAGE,KEEP_EXISTING,924,INVENTORY_MARQUEE,SAFE_TYPED_FRAGMENT_STAGE,,,ORDINARY_MARQUEE_CANDIDATE,0,,,
database:1381,RETAIN_EXISTING,1381,fragments/1831/07/08-img2784,1831-07-08,1,1,1,AUTO_MATCHED_EXACT,MATCHED_CONTENT,false,MARQUEE,NO_EMBEDDED_IMAGE,KEEP_EXISTING,924,INVENTORY_MARQUEE,SAFE_TYPED_FRAGMENT_STAGE,,,ORDINARY_MARQUEE_CANDIDATE,0,,,
database:1382,RETAIN_EXISTING,1382,fragments/1831/07/09-img2784,1831-07-09,1,1,1,AUTO_MATCHED_EXACT,MATCHED_CONTENT,false,MARQUEE,NO_EMBEDDED_IMAGE,KEEP_EXISTING,924,INVENTORY_MARQUEE,SAFE_TYPED_FRAGMENT_STAGE,,,ORDINARY_MARQUEE_CANDIDATE,0,,,
database:1383,RETAIN_EXISTING,1383,fragments/1831/07/10-img2784,1831-07-10,1,1,1,AUTO_MATCHED_EXACT,MATCHED_CONTENT,false,MARQUEE,NO_EMBEDDED_IMAGE,KEEP_EXISTING,924,INVENTORY_MARQUEE,SAFE_TYPED_FRAGMENT_STAGE,,,ORDINARY_MARQUEE_CANDIDATE,0,,,
database:1384,RETAIN_EXISTING,1384,fragments/1831/07/11-img2785,1831-07-11,1,1,1,AUTO_MATCHED_EXACT,MATCHED_CONTENT,false,MARQUEE,NO_EMBEDDED_IMAGE,KEEP_EXISTING,925,INVENTORY_MARQUEE,SAFE_TYPED_FRAGMENT_STAGE,,,ORDINARY_MARQUEE_CANDIDATE,0,,,
database:1385,RETAIN_EXISTING,1385,fragments/1831/07/12-img2785,1831-07-12,1,1,1,AUTO_MATCHED_EXACT,MATCHED_CONTENT,false,MARQUEE,NO_EMBEDDED_IMAGE,KEEP_EXISTING,925,INVENTORY_MARQUEE,SAFE_TYPED_FRAGMENT_STAGE,,,ORDINARY_MARQUEE_CANDIDATE,0,,,
database:1386,RETAIN_EXISTING,1386,fragments/1831/07/13-img2785,1831-07-13,1,1,1,AUTO_MATCHED_EXACT,MATCHED_CONTENT,false,MARQUEE,NO_EMBEDDED_IMAGE,KEEP_EXISTING,925,INVENTORY_MARQUEE,SAFE_TYPED_FRAGMENT_STAGE,,,ORDINARY_MARQUEE_CANDIDATE,0,,,
database:1387,RETAIN_EXISTING,1387,fragments/1831/07/14-img2785,1831-07-14,1,1,1,AUTO_MATCHED_EXACT,MATCHED_CONTENT,false,MARQUEE,NO_EMBEDDED_IMAGE,KEEP_EXISTING,925,INVENTORY_MARQUEE,SAFE_TYPED_FRAGMENT_STAGE,,,ORDINARY_MARQUEE_CANDIDATE,0,,,
database:1388,RETAIN_EXISTING,1388,fragments/1831/07/15-img2786,1831-07-15,1,1,1,AUTO_MATCHED_EXACT,MATCHED_CONTENT,false,MARQUEE,NO_EMBEDDED_IMAGE,KEEP_EXISTING,926,INVENTORY_MARQUEE,SAFE_TYPED_FRAGMENT_STAGE,,,ORDINARY_MARQUEE_CANDIDATE,0,,,
database:1389,RETAIN_EXISTING,1389,fragments/1831/07/16-img2786,1831-07-16,1,1,1,AUTO_MATCHED_EXACT,MATCHED_CONTENT,false,MARQUEE,NO_EMBEDDED_IMAGE,KEEP_EXISTING,926,INVENTORY_MARQUEE,SAFE_TYPED_FRAGMENT_STAGE,,,ORDINARY_MARQUEE_CANDIDATE,0,,,
database:1390,RETAIN_EXISTING,1390,fragments/1831/07/17-img2786,1831-07-17,1,1,1,AUTO_MATCHED_EXACT,MATCHED_CONTENT,false,MARQUEE,NO_EMBEDDED_IMAGE,KEEP_EXISTING,926,INVENTORY_MARQUEE,SAFE_TYPED_FRAGMENT_STAGE,,,ORDINARY_MARQUEE_CANDIDATE,0,,,
database:1391,RETAIN_EXISTING,1391,fragments/1831/07/18-img2786,1831-07-18,1,1,1,AUTO_MATCHED_EXACT,MATCHED_CONTENT,false,MARQUEE,NO_EMBEDDED_IMAGE,KEEP_EXISTING,926,INVENTORY_MARQUEE,SAFE_TYPED_FRAGMENT_STAGE,,,ORDINARY_MARQUEE_CANDIDATE,0,,,
database:1392,RETAIN_EXISTING,1392,fragments/1831/07/19-b3-img2787-croquet-island,1831-07-19,1,1,1,AUTO_MATCHED_EXACT,MATCHED_CONTENT,true,IMAGE,DATABASE_EMBEDDED_IMAGE,REMOVE_WHEN_IMAGE_MIGRATED,927,INVENTORY_MARQUEE,DEFERRED_IMAGE_MIGRATION,,images/img2787-croquet-island.jpg,LEGACY_IMAGE_CANDIDATE,1,,,
database:1393,RETAIN_EXISTING,1393,fragments/1831/07/19-img2787,1831-07-19,2,2,2,AUTO_MATCHED_EXACT,MATCHED_CONTENT,false,MARQUEE,NO_EMBEDDED_IMAGE,KEEP_EXISTING,927,INVENTORY_MARQUEE,SAFE_TYPED_FRAGMENT_STAGE,,,ORDINARY_MARQUEE_CANDIDATE,0,,,
database:1394,RETAIN_EXISTING,1394,fragments/1831/07/20-img2787,1831-07-20,1,1,1,AUTO_MATCHED_EXACT,MATCHED_CONTENT,false,MARQUEE,NO_EMBEDDED_IMAGE,KEEP_EXISTING,927,INVENTORY_MARQUEE,SAFE_TYPED_FRAGMENT_STAGE,,,ORDINARY_MARQUEE_CANDIDATE,0,,,
database:1395,RETAIN_EXISTING,1395,fragments/1831/07/21-img2787,1831-07-21,1,1,1,AUTO_MATCHED_EXACT,MATCHED_CONTENT,false,MARQUEE,NO_EMBEDDED_IMAGE,KEEP_EXISTING,927,INVENTORY_MARQUEE,SAFE_TYPED_FRAGMENT_STAGE,,,ORDINARY_MARQUEE_CANDIDATE,0,,,
database:1396,RETAIN_EXISTING,1396,fragments/1831/07/22-img2787,1831-07-22,1,1,1,AUTO_MATCHED_EXACT,MATCHED_CONTENT,false,MARQUEE,NO_EMBEDDED_IMAGE,KEEP_EXISTING,927,INVENTORY_MARQUEE,SAFE_TYPED_FRAGMENT_STAGE,,,ORDINARY_MARQUEE_CANDIDATE,0,,,
database:1397,RETAIN_EXISTING,1397,fragments/1831/07/23-b2-img2788-hermitage-warkworth,1831-07-23,1,1,1,AUTO_MATCHED_EXACT,MATCHED_CONTENT,true,IMAGE,DATABASE_EMBEDDED_IMAGE,REMOVE_WHEN_IMAGE_MIGRATED,928,INVENTORY_MARQUEE,DEFERRED_IMAGE_MIGRATION,,images/img2788-hermitage-warkworth.png,LEGACY_IMAGE_CANDIDATE,1,,,
database:1398,RETAIN_EXISTING,1398,fragments/1831/07/23-b3-img2788-hermitage-inn-warkworth,1831-07-23,2,2,2,AUTO_MATCHED_EXACT,MATCHED_CONTENT,true,IMAGE,DATABASE_EMBEDDED_IMAGE,REMOVE_WHEN_IMAGE_MIGRATED,928,INVENTORY_MARQUEE,DEFERRED_IMAGE_MIGRATION,,images/img2788-hermitage-inn-warkworth.png,LEGACY_IMAGE_CANDIDATE,1,,,
database:1399,RETAIN_EXISTING,1399,fragments/1831/07/23-img2788,1831-07-23,3,3,3,AUTO_MATCHED_EXACT,MATCHED_CONTENT,false,MARQUEE,NO_EMBEDDED_IMAGE,KEEP_EXISTING,928,INVENTORY_MARQUEE,SAFE_TYPED_FRAGMENT_STAGE,,,ORDINARY_MARQUEE_CANDIDATE,0,,,
database:1400,RETAIN_EXISTING,1400,fragments/1831/07/24-img2788,1831-07-24,1,1,1,AUTO_MATCHED_EXACT,MATCHED_CONTENT,false,MARQUEE,NO_EMBEDDED_IMAGE,KEEP_EXISTING,928,INVENTORY_MARQUEE,SAFE_TYPED_FRAGMENT_STAGE,,,ORDINARY_MARQUEE_CANDIDATE,0,,,
database:1401,RETAIN_EXISTING,1401,fragments/1831/07/25-img2788,1831-07-25,1,1,1,AUTO_MATCHED_EXACT,MATCHED_CONTENT,false,MARQUEE,NO_EMBEDDED_IMAGE,KEEP_EXISTING,928,INVENTORY_MARQUEE,SAFE_TYPED_FRAGMENT_STAGE,,,ORDINARY_MARQUEE_CANDIDATE,0,,,
database:1402,RETAIN_EXISTING,1402,fragments/1831/07/26-img2789,1831-07-26,1,1,1,AUTO_MATCHED_EXACT,MATCHED_CONTENT,false,MARQUEE,NO_EMBEDDED_IMAGE,KEEP_EXISTING,929,INVENTORY_MARQUEE,SAFE_TYPED_FRAGMENT_STAGE,,,ORDINARY_MARQUEE_CANDIDATE,0,,,
database:1403,RETAIN_EXISTING,1403,fragments/1831/07/27-img2789,1831-07-27,1,1,1,AUTO_MATCHED_EXACT,MATCHED_CONTENT,false,MARQUEE,NO_EMBEDDED_IMAGE,KEEP_EXISTING,929,INVENTORY_MARQUEE,SAFE_TYPED_FRAGMENT_STAGE,,,ORDINARY_MARQUEE_CANDIDATE,0,,,
database:1404,RETAIN_EXISTING,1404,fragments/1831/07/28-img2789,1831-07-28,1,1,1,AUTO_MATCHED_EXACT,MATCHED_CONTENT,false,MARQUEE,NO_EMBEDDED_IMAGE,KEEP_EXISTING,929,INVENTORY_MARQUEE,SAFE_TYPED_FRAGMENT_STAGE,,,ORDINARY_MARQUEE_CANDIDATE,0,,,
database:1405,RETAIN_EXISTING,1405,fragments/1831/07/28-img2790-left,1831-07-28,2,2,2,AUTO_MATCHED_EXACT,MATCHED_CONTENT,false,MARQUEE,NO_EMBEDDED_IMAGE,KEEP_EXISTING,930,INVENTORY_MARQUEE,SAFE_TYPED_FRAGMENT_STAGE,,,ORDINARY_MARQUEE_CANDIDATE,0,,,
database:1406,RETAIN_EXISTING,1406,fragments/1831/07/29-img2790-left,1831-07-29,1,1,1,AUTO_MATCHED_EXACT,MATCHED_CONTENT,false,MARQUEE,NO_EMBEDDED_IMAGE,KEEP_EXISTING,930,INVENTORY_MARQUEE,SAFE_TYPED_FRAGMENT_STAGE,,,ORDINARY_MARQUEE_CANDIDATE,0,,,
database:1407,RETAIN_EXISTING,1407,fragments/1831/07/30-img2790-left,1831-07-30,1,1,1,AUTO_MATCHED_EXACT,MATCHED_CONTENT,false,MARQUEE,NO_EMBEDDED_IMAGE,KEEP_EXISTING,930,INVENTORY_MARQUEE,SAFE_TYPED_FRAGMENT_STAGE,,,ORDINARY_MARQUEE_CANDIDATE,0,,,
database:1408,RETAIN_EXISTING,1408,fragments/1831/07/31-img2790-left,1831-07-31,1,1,1,AUTO_MATCHED_EXACT,MATCHED_CONTENT,false,MARQUEE,NO_EMBEDDED_IMAGE,KEEP_EXISTING,930,INVENTORY_MARQUEE,SAFE_TYPED_FRAGMENT_STAGE,,,ORDINARY_MARQUEE_CANDIDATE,0,,,
database:1409,RETAIN_EXISTING,1409,fragments/1831/08/10-img2790-right,1831-08-10,1,1,1,AUTO_MATCHED_EXACT,MATCHED_CONTENT,false,MARQUEE,NO_EMBEDDED_IMAGE,KEEP_EXISTING,930,INVENTORY_MARQUEE,SAFE_TYPED_FRAGMENT_STAGE,,,ORDINARY_MARQUEE_CANDIDATE,0,,,
database:1410,RETAIN_EXISTING,1410,fragments/1831/08/11-img2790-right,1831-08-11,1,1,1,AUTO_MATCHED_EXACT,MATCHED_CONTENT,false,MARQUEE,NO_EMBEDDED_IMAGE,KEEP_EXISTING,930,INVENTORY_MARQUEE,SAFE_TYPED_FRAGMENT_STAGE,,,ORDINARY_MARQUEE_CANDIDATE,0,,,
database:1411,RETAIN_EXISTING,1411,fragments/1831/08/12-img2790-right,1831-08-12,1,1,1,AUTO_MATCHED_EXACT,MATCHED_CONTENT,false,MARQUEE,NO_EMBEDDED_IMAGE,KEEP_EXISTING,930,INVENTORY_MARQUEE,SAFE_TYPED_FRAGMENT_STAGE,,,ORDINARY_MARQUEE_CANDIDATE,0,,,
database:1412,RETAIN_EXISTING,1412,fragments/1831/08/13-img2790-right,1831-08-13,1,1,1,AUTO_MATCHED_EXACT,MATCHED_CONTENT,false,MARQUEE,NO_EMBEDDED_IMAGE,KEEP_EXISTING,930,INVENTORY_MARQUEE,SAFE_TYPED_FRAGMENT_STAGE,,,ORDINARY_MARQUEE_CANDIDATE,0,,,
database:1413,RETAIN_EXISTING,1413,fragments/1831/08/14-img2791-left,1831-08-14,1,1,1,AUTO_MATCHED_EXACT,MATCHED_CONTENT,false,MARQUEE,NO_EMBEDDED_IMAGE,KEEP_EXISTING,931,INVENTORY_MARQUEE,SAFE_TYPED_FRAGMENT_STAGE,,,ORDINARY_MARQUEE_CANDIDATE,0,,,
database:1414,RETAIN_EXISTING,1414,fragments/1831/08/15-img2791-left,1831-08-15,1,1,1,AUTO_MATCHED_EXACT,MATCHED_CONTENT,false,MARQUEE,NO_EMBEDDED_IMAGE,KEEP_EXISTING,931,INVENTORY_MARQUEE,SAFE_TYPED_FRAGMENT_STAGE,,,ORDINARY_MARQUEE_CANDIDATE,0,,,
database:1415,RETAIN_EXISTING,1415,fragments/1831/08/16-img2791-right,1831-08-16,1,1,1,AUTO_MATCHED_EXACT,MATCHED_CONTENT,false,MARQUEE,NO_EMBEDDED_IMAGE,KEEP_EXISTING,931,INVENTORY_MARQUEE,SAFE_TYPED_FRAGMENT_STAGE,,,ORDINARY_MARQUEE_CANDIDATE,0,,,
database:1416,RETAIN_EXISTING,1416,fragments/1831/08/17-b3-img2791-northumberland-house-london,1831-08-17,1,1,1,AUTO_MATCHED_EXACT,MATCHED_CONTENT,true,IMAGE,DATABASE_EMBEDDED_IMAGE,REMOVE_WHEN_IMAGE_MIGRATED,931,INVENTORY_MARQUEE,DEFERRED_IMAGE_MIGRATION,,images/img2791-northumberland-house-london.jpg,LEGACY_IMAGE_CANDIDATE,1,,,
database:1417,RETAIN_EXISTING,1417,fragments/1831/08/17-img2791-right,1831-08-17,2,2,2,AUTO_MATCHED_EXACT,MATCHED_CONTENT,false,MARQUEE,NO_EMBEDDED_IMAGE,KEEP_EXISTING,931,INVENTORY_MARQUEE,SAFE_TYPED_FRAGMENT_STAGE,,,ORDINARY_MARQUEE_CANDIDATE,0,,,
database:1418,RETAIN_EXISTING,1418,fragments/1831/08/18-img2791-right,1831-08-18,1,1,1,AUTO_MATCHED_EXACT,MATCHED_CONTENT,false,MARQUEE,NO_EMBEDDED_IMAGE,KEEP_EXISTING,931,INVENTORY_MARQUEE,SAFE_TYPED_FRAGMENT_STAGE,,,ORDINARY_MARQUEE_CANDIDATE,0,,,
database:1419,RETAIN_EXISTING,1419,fragments/1831/08/19-b2-img2792-pier-southampton,1831-08-19,1,1,1,AUTO_MATCHED_EXACT,MATCHED_CONTENT,true,IMAGE,DATABASE_EMBEDDED_IMAGE,REMOVE_WHEN_IMAGE_MIGRATED,932,INVENTORY_MARQUEE,DEFERRED_IMAGE_MIGRATION,,images/img2792-pier-southampton.jpg,LEGACY_IMAGE_CANDIDATE,1,,,
database:1420,RETAIN_EXISTING,1420,fragments/1831/08/19-b3-img2792-baths-southampton,1831-08-19,2,2,2,AUTO_MATCHED_EXACT,MATCHED_CONTENT,true,IMAGE,DATABASE_EMBEDDED_IMAGE,REMOVE_WHEN_IMAGE_MIGRATED,932,INVENTORY_MARQUEE,DEFERRED_IMAGE_MIGRATION,,images/img2792-baths-southampton.jpg,LEGACY_IMAGE_CANDIDATE,1,,,
database:1421,RETAIN_EXISTING,1421,fragments/1831/08/19-img2792,1831-08-19,3,3,3,AUTO_MATCHED_EXACT,MATCHED_CONTENT,false,MARQUEE,NO_EMBEDDED_IMAGE,KEEP_EXISTING,932,INVENTORY_MARQUEE,SAFE_TYPED_FRAGMENT_STAGE,,,ORDINARY_MARQUEE_CANDIDATE,0,,,
database:1422,RETAIN_EXISTING,1422,fragments/1831/08/20-img2792,1831-08-20,1,1,1,AUTO_MATCHED_EXACT,MATCHED_CONTENT,false,MARQUEE,NO_EMBEDDED_IMAGE,KEEP_EXISTING,932,INVENTORY_MARQUEE,SAFE_TYPED_FRAGMENT_STAGE,,,ORDINARY_MARQUEE_CANDIDATE,0,,,
database:1423,RETAIN_EXISTING,1423,fragments/1831/08/21-img2793,1831-08-21,1,1,1,AUTO_MATCHED_EXACT,MATCHED_CONTENT,false,MARQUEE,NO_EMBEDDED_IMAGE,KEEP_EXISTING,933,INVENTORY_MARQUEE,SAFE_TYPED_FRAGMENT_STAGE,,,ORDINARY_MARQUEE_CANDIDATE,0,,,
database:1424,RETAIN_EXISTING,1424,fragments/1831/08/22-img2793,1831-08-22,1,1,1,AUTO_MATCHED_EXACT,MATCHED_CONTENT,false,MARQUEE,NO_EMBEDDED_IMAGE,KEEP_EXISTING,933,INVENTORY_MARQUEE,SAFE_TYPED_FRAGMENT_STAGE,,,ORDINARY_MARQUEE_CANDIDATE,0,,,
database:1425,RETAIN_EXISTING,1425,fragments/1831/08/23-img2793,1831-08-23,1,1,1,AUTO_MATCHED_EXACT,MATCHED_CONTENT,false,MARQUEE,NO_EMBEDDED_IMAGE,KEEP_EXISTING,933,INVENTORY_MARQUEE,SAFE_TYPED_FRAGMENT_STAGE,,,ORDINARY_MARQUEE_CANDIDATE,0,,,
database:1426,RETAIN_EXISTING,1426,fragments/1831/08/24-img2793,1831-08-24,1,1,1,AUTO_MATCHED_EXACT,MATCHED_CONTENT,false,MARQUEE,NO_EMBEDDED_IMAGE,KEEP_EXISTING,933,INVENTORY_MARQUEE,SAFE_TYPED_FRAGMENT_STAGE,,,ORDINARY_MARQUEE_CANDIDATE,0,,,
database:1427,RETAIN_EXISTING,1427,fragments/1831/08/24-img2794,1831-08-24,2,2,2,AUTO_MATCHED_EXACT,MATCHED_CONTENT,false,MARQUEE,NO_EMBEDDED_IMAGE,KEEP_EXISTING,934,INVENTORY_MARQUEE,SAFE_TYPED_FRAGMENT_STAGE,,,ORDINARY_MARQUEE_CANDIDATE,0,,,
database:1428,RETAIN_EXISTING,1428,fragments/1831/08/25-img2795,1831-08-25,1,1,1,AUTO_MATCHED_EXACT,MATCHED_CONTENT,false,MARQUEE,NO_EMBEDDED_IMAGE,KEEP_EXISTING,935,INVENTORY_MARQUEE,SAFE_TYPED_FRAGMENT_STAGE,,,ORDINARY_MARQUEE_CANDIDATE,0,,,
database:1429,RETAIN_EXISTING,1429,fragments/1831/08/26-img2795,1831-08-26,1,1,1,AUTO_MATCHED_EXACT,MATCHED_CONTENT,false,MARQUEE,NO_EMBEDDED_IMAGE,KEEP_EXISTING,935,INVENTORY_MARQUEE,SAFE_TYPED_FRAGMENT_STAGE,,,ORDINARY_MARQUEE_CANDIDATE,0,,,
database:1430,RETAIN_EXISTING,1430,fragments/1831/08/27-img2795,1831-08-27,1,1,1,AUTO_MATCHED_EXACT,MATCHED_CONTENT,false,MARQUEE,NO_EMBEDDED_IMAGE,KEEP_EXISTING,935,INVENTORY_MARQUEE,SAFE_TYPED_FRAGMENT_STAGE,,,ORDINARY_MARQUEE_CANDIDATE,0,,,
database:1431,RETAIN_EXISTING,1431,fragments/1831/08/28-img2796,1831-08-28,1,1,1,AUTO_MATCHED_EXACT,MATCHED_CONTENT,false,MARQUEE,NO_EMBEDDED_IMAGE,KEEP_EXISTING,936,INVENTORY_MARQUEE,SAFE_TYPED_FRAGMENT_STAGE,,,ORDINARY_MARQUEE_CANDIDATE,0,,,
database:1432,RETAIN_EXISTING,1432,fragments/1831/08/29-img2796,1831-08-29,1,1,1,AUTO_MATCHED_EXACT,MATCHED_CONTENT,false,MARQUEE,NO_EMBEDDED_IMAGE,KEEP_EXISTING,936,INVENTORY_MARQUEE,SAFE_TYPED_FRAGMENT_STAGE,,,ORDINARY_MARQUEE_CANDIDATE,0,,,
database:1433,RETAIN_EXISTING,1433,fragments/1831/08/30-img2796,1831-08-30,1,1,1,AUTO_MATCHED_EXACT,MATCHED_CONTENT,false,MARQUEE,NO_EMBEDDED_IMAGE,KEEP_EXISTING,936,INVENTORY_MARQUEE,SAFE_TYPED_FRAGMENT_STAGE,,,ORDINARY_MARQUEE_CANDIDATE,0,,,
database:1434,RETAIN_EXISTING,1434,fragments/1831/08/31-img2796,1831-08-31,1,1,1,AUTO_MATCHED_EXACT,MATCHED_CONTENT,false,MARQUEE,NO_EMBEDDED_IMAGE,KEEP_EXISTING,936,INVENTORY_MARQUEE,SAFE_TYPED_FRAGMENT_STAGE,,,ORDINARY_MARQUEE_CANDIDATE,0,,,
database:1435,RETAIN_EXISTING,1435,fragments/1831/09/01-img2797,1831-09-01,1,1,1,AUTO_MATCHED_EXACT,MATCHED_CONTENT,false,MARQUEE,NO_EMBEDDED_IMAGE,KEEP_EXISTING,937,INVENTORY_MARQUEE,SAFE_TYPED_FRAGMENT_STAGE,,,ORDINARY_MARQUEE_CANDIDATE,0,,,
database:1436,RETAIN_EXISTING,1436,fragments/1831/09/02-img2797,1831-09-02,1,1,1,AUTO_MATCHED_EXACT,MATCHED_CONTENT,false,MARQUEE,NO_EMBEDDED_IMAGE,KEEP_EXISTING,937,INVENTORY_MARQUEE,SAFE_TYPED_FRAGMENT_STAGE,,,ORDINARY_MARQUEE_CANDIDATE,0,,,
database:1437,RETAIN_EXISTING,1437,fragments/1831/09/03-img2797,1831-09-03,1,1,1,AUTO_MATCHED_EXACT,MATCHED_CONTENT,false,MARQUEE,NO_EMBEDDED_IMAGE,KEEP_EXISTING,937,INVENTORY_MARQUEE,SAFE_TYPED_FRAGMENT_STAGE,,,ORDINARY_MARQUEE_CANDIDATE,0,,,
database:1438,RETAIN_EXISTING,1438,fragments/1831/09/04-b3-img2798-crown-and-septre-london,1831-09-04,1,1,1,AUTO_MATCHED_EXACT,MATCHED_CONTENT,true,IMAGE,DATABASE_EMBEDDED_IMAGE,REMOVE_WHEN_IMAGE_MIGRATED,938,INVENTORY_MARQUEE,DEFERRED_IMAGE_MIGRATION,,images/img2798-crown-and-septre-london.png,LEGACY_IMAGE_CANDIDATE,1,,,
database:1439,RETAIN_EXISTING,1439,fragments/1831/09/04-img2798,1831-09-04,2,2,2,AUTO_MATCHED_EXACT,MATCHED_CONTENT,false,MARQUEE,NO_EMBEDDED_IMAGE,KEEP_EXISTING,938,INVENTORY_MARQUEE,SAFE_TYPED_FRAGMENT_STAGE,,,ORDINARY_MARQUEE_CANDIDATE,0,,,
database:1440,RETAIN_EXISTING,1440,fragments/1831/09/05-img2798,1831-09-05,1,1,1,AUTO_MATCHED_EXACT,MATCHED_CONTENT,false,MARQUEE,NO_EMBEDDED_IMAGE,KEEP_EXISTING,938,INVENTORY_MARQUEE,SAFE_TYPED_FRAGMENT_STAGE,,,ORDINARY_MARQUEE_CANDIDATE,0,,,
database:1441,RETAIN_EXISTING,1441,fragments/1831/09/06-img2798,1831-09-06,1,1,1,AUTO_MATCHED_EXACT,MATCHED_CONTENT,false,MARQUEE,NO_EMBEDDED_IMAGE,KEEP_EXISTING,938,INVENTORY_MARQUEE,SAFE_TYPED_FRAGMENT_STAGE,,,ORDINARY_MARQUEE_CANDIDATE,0,,,
database:1442,RETAIN_EXISTING,1442,fragments/1831/09/07-img2799,1831-09-07,1,1,1,AUTO_MATCHED_EXACT,MATCHED_CONTENT,false,MARQUEE,NO_EMBEDDED_IMAGE,KEEP_EXISTING,939,INVENTORY_MARQUEE,SAFE_TYPED_FRAGMENT_STAGE,,,ORDINARY_MARQUEE_CANDIDATE,0,,,
database:1443,RETAIN_EXISTING,1443,fragments/1831/09/08-b3-img2799-coronation-william-4th,1831-09-08,1,1,1,AUTO_MATCHED_EXACT,MATCHED_CONTENT,true,IMAGE,DATABASE_EMBEDDED_IMAGE,REMOVE_WHEN_IMAGE_MIGRATED,939,INVENTORY_MARQUEE,DEFERRED_IMAGE_MIGRATION,,images/img2799-coronation-william-4th.jpg,LEGACY_IMAGE_CANDIDATE,1,,,
database:1444,RETAIN_EXISTING,1444,fragments/1831/09/08-img2799,1831-09-08,2,2,2,AUTO_MATCHED_EXACT,MATCHED_CONTENT,false,MARQUEE,NO_EMBEDDED_IMAGE,KEEP_EXISTING,939,INVENTORY_MARQUEE,SAFE_TYPED_FRAGMENT_STAGE,,,ORDINARY_MARQUEE_CANDIDATE,0,,,
database:1445,RETAIN_EXISTING,1445,fragments/1831/09/09-img2800,1831-09-09,1,1,1,AUTO_MATCHED_EXACT,MATCHED_CONTENT,false,MARQUEE,NO_EMBEDDED_IMAGE,KEEP_EXISTING,940,INVENTORY_MARQUEE,SAFE_TYPED_FRAGMENT_STAGE,,,ORDINARY_MARQUEE_CANDIDATE,0,,,
database:1446,RETAIN_EXISTING,1446,fragments/1831/09/10-img2800,1831-09-10,1,1,1,AUTO_MATCHED_EXACT,MATCHED_CONTENT,false,MARQUEE,NO_EMBEDDED_IMAGE,KEEP_EXISTING,940,INVENTORY_MARQUEE,SAFE_TYPED_FRAGMENT_STAGE,,,ORDINARY_MARQUEE_CANDIDATE,0,,,
database:1447,RETAIN_EXISTING,1447,fragments/1831/09/11-img2801,1831-09-11,1,1,1,AUTO_MATCHED_EXACT,MATCHED_CONTENT,false,MARQUEE,NO_EMBEDDED_IMAGE,KEEP_EXISTING,941,INVENTORY_MARQUEE,SAFE_TYPED_FRAGMENT_STAGE,,,ORDINARY_MARQUEE_CANDIDATE,0,,,
database:1448,RETAIN_EXISTING,1448,fragments/1831/09/12-img2801,1831-09-12,1,1,1,AUTO_MATCHED_EXACT,MATCHED_CONTENT,false,MARQUEE,NO_EMBEDDED_IMAGE,KEEP_EXISTING,941,INVENTORY_MARQUEE,SAFE_TYPED_FRAGMENT_STAGE,,,ORDINARY_MARQUEE_CANDIDATE,0,,,
database:1449,RETAIN_EXISTING,1449,fragments/1831/09/13-img2801,1831-09-13,1,1,1,AUTO_MATCHED_EXACT,MATCHED_CONTENT,false,MARQUEE,NO_EMBEDDED_IMAGE,KEEP_EXISTING,941,INVENTORY_MARQUEE,SAFE_TYPED_FRAGMENT_STAGE,,,ORDINARY_MARQUEE_CANDIDATE,0,,,
database:1450,RETAIN_EXISTING,1450,fragments/1831/09/14-img2802,1831-09-14,1,1,1,AUTO_MATCHED_EXACT,MATCHED_CONTENT,false,MARQUEE,NO_EMBEDDED_IMAGE,KEEP_EXISTING,942,INVENTORY_MARQUEE,SAFE_TYPED_FRAGMENT_STAGE,,,ORDINARY_MARQUEE_CANDIDATE,0,,,
database:1451,RETAIN_EXISTING,1451,fragments/1831/09/15-img2802,1831-09-15,1,1,1,AUTO_MATCHED_EXACT,MATCHED_CONTENT,false,MARQUEE,NO_EMBEDDED_IMAGE,KEEP_EXISTING,942,INVENTORY_MARQUEE,SAFE_TYPED_FRAGMENT_STAGE,,,ORDINARY_MARQUEE_CANDIDATE,0,,,
database:1452,RETAIN_EXISTING,1452,fragments/1831/09/16-img2803,1831-09-16,1,1,1,AUTO_MATCHED_EXACT,MATCHED_CONTENT,false,MARQUEE,NO_EMBEDDED_IMAGE,KEEP_EXISTING,943,INVENTORY_MARQUEE,SAFE_TYPED_FRAGMENT_STAGE,,,ORDINARY_MARQUEE_CANDIDATE,0,,,
database:1453,RETAIN_EXISTING,1453,fragments/1831/09/17-img2803,1831-09-17,1,1,1,AUTO_MATCHED_EXACT,MATCHED_CONTENT,false,MARQUEE,NO_EMBEDDED_IMAGE,KEEP_EXISTING,943,INVENTORY_MARQUEE,SAFE_TYPED_FRAGMENT_STAGE,,,ORDINARY_MARQUEE_CANDIDATE,0,,,
database:1454,RETAIN_EXISTING,1454,fragments/1831/09/18-img2803,1831-09-18,1,1,1,AUTO_MATCHED_EXACT,MATCHED_CONTENT,false,MARQUEE,NO_EMBEDDED_IMAGE,KEEP_EXISTING,943,INVENTORY_MARQUEE,SAFE_TYPED_FRAGMENT_STAGE,,,ORDINARY_MARQUEE_CANDIDATE,0,,,
database:1455,RETAIN_EXISTING,1455,fragments/1831/09/19-img2803,1831-09-19,1,1,1,AUTO_MATCHED_EXACT,MATCHED_CONTENT,false,MARQUEE,NO_EMBEDDED_IMAGE,KEEP_EXISTING,943,INVENTORY_MARQUEE,SAFE_TYPED_FRAGMENT_STAGE,,,ORDINARY_MARQUEE_CANDIDATE,0,,,
database:1456,RETAIN_EXISTING,1456,fragments/1831/09/19-img2804,1831-09-19,2,2,2,AUTO_MATCHED_EXACT,MATCHED_CONTENT,false,MARQUEE,NO_EMBEDDED_IMAGE,KEEP_EXISTING,944,INVENTORY_MARQUEE,SAFE_TYPED_FRAGMENT_STAGE,,,ORDINARY_MARQUEE_CANDIDATE,0,,,
database:1457,RETAIN_EXISTING,1457,fragments/1831/09/20-img2804,1831-09-20,1,1,1,AUTO_MATCHED_EXACT,MATCHED_CONTENT,false,MARQUEE,NO_EMBEDDED_IMAGE,KEEP_EXISTING,944,INVENTORY_MARQUEE,SAFE_TYPED_FRAGMENT_STAGE,,,ORDINARY_MARQUEE_CANDIDATE,0,,,
database:1458,RETAIN_EXISTING,1458,fragments/1831/09/21-img2804,1831-09-21,1,1,1,AUTO_MATCHED_EXACT,MATCHED_CONTENT,false,MARQUEE,NO_EMBEDDED_IMAGE,KEEP_EXISTING,944,INVENTORY_MARQUEE,SAFE_TYPED_FRAGMENT_STAGE,,,ORDINARY_MARQUEE_CANDIDATE,0,,,
database:1459,RETAIN_EXISTING,1459,fragments/1831/09/21-img2805,1831-09-21,2,2,2,AUTO_MATCHED_EXACT,MATCHED_CONTENT,false,MARQUEE,NO_EMBEDDED_IMAGE,KEEP_EXISTING,945,INVENTORY_MARQUEE,SAFE_TYPED_FRAGMENT_STAGE,,,ORDINARY_MARQUEE_CANDIDATE,0,,,
database:1460,RETAIN_EXISTING,1460,fragments/1831/09/22-b3-img2805-launch-of-hms-thunderer,1831-09-22,1,1,1,AUTO_MATCHED_EXACT,MATCHED_CONTENT,true,IMAGE,DATABASE_EMBEDDED_IMAGE,REMOVE_WHEN_IMAGE_MIGRATED,945,INVENTORY_MARQUEE,DEFERRED_IMAGE_MIGRATION,,images/img2805-launch-of-hms-thunderer.jpg,LEGACY_IMAGE_CANDIDATE,1,,,
database:1461,RETAIN_EXISTING,1461,fragments/1831/09/22-b4-img2805-blue-posts-pub,1831-09-22,2,2,2,AUTO_MATCHED_EXACT,MATCHED_CONTENT,true,IMAGE,DATABASE_EMBEDDED_IMAGE,REMOVE_WHEN_IMAGE_MIGRATED,945,INVENTORY_MARQUEE,DEFERRED_IMAGE_MIGRATION,,images/img2805-blue-posts-pub.jpg,LEGACY_IMAGE_CANDIDATE,1,,,
database:1462,RETAIN_EXISTING,1462,fragments/1831/09/22-img2805,1831-09-22,3,3,3,AUTO_MATCHED_EXACT,MATCHED_CONTENT,false,MARQUEE,NO_EMBEDDED_IMAGE,KEEP_EXISTING,945,INVENTORY_MARQUEE,SAFE_TYPED_FRAGMENT_STAGE,,,ORDINARY_MARQUEE_CANDIDATE,0,,,
database:1463,RETAIN_EXISTING,1463,fragments/1831/09/23-img2806,1831-09-23,1,1,1,AUTO_MATCHED_EXACT,MATCHED_CONTENT,false,MARQUEE,NO_EMBEDDED_IMAGE,KEEP_EXISTING,946,INVENTORY_MARQUEE,SAFE_TYPED_FRAGMENT_STAGE,,,ORDINARY_MARQUEE_CANDIDATE,0,,,
database:1464,RETAIN_EXISTING,1464,fragments/1831/09/24-img2806,1831-09-24,1,1,1,AUTO_MATCHED_EXACT,MATCHED_CONTENT,false,MARQUEE,NO_EMBEDDED_IMAGE,KEEP_EXISTING,946,INVENTORY_MARQUEE,SAFE_TYPED_FRAGMENT_STAGE,,,ORDINARY_MARQUEE_CANDIDATE,0,,,
database:1465,RETAIN_EXISTING,1465,fragments/1831/09/25-img2807,1831-09-25,1,1,1,AUTO_MATCHED_EXACT,MATCHED_CONTENT,false,MARQUEE,NO_EMBEDDED_IMAGE,KEEP_EXISTING,947,INVENTORY_MARQUEE,SAFE_TYPED_FRAGMENT_STAGE,,,ORDINARY_MARQUEE_CANDIDATE,0,,,
database:1466,RETAIN_EXISTING,1466,fragments/1831/09/26-img2807,1831-09-26,1,1,1,AUTO_MATCHED_EXACT,MATCHED_CONTENT,false,MARQUEE,NO_EMBEDDED_IMAGE,KEEP_EXISTING,947,INVENTORY_MARQUEE,SAFE_TYPED_FRAGMENT_STAGE,,,ORDINARY_MARQUEE_CANDIDATE,0,,,
database:1467,RETAIN_EXISTING,1467,fragments/1831/09/27-img2807,1831-09-27,1,1,1,AUTO_MATCHED_EXACT,MATCHED_CONTENT,false,MARQUEE,NO_EMBEDDED_IMAGE,KEEP_EXISTING,947,INVENTORY_MARQUEE,SAFE_TYPED_FRAGMENT_STAGE,,,ORDINARY_MARQUEE_CANDIDATE,0,,,
database:1468,RETAIN_EXISTING,1468,fragments/1831/09/28-img2807,1831-09-28,1,1,1,AUTO_MATCHED_EXACT,MATCHED_CONTENT,false,MARQUEE,NO_EMBEDDED_IMAGE,KEEP_EXISTING,947,INVENTORY_MARQUEE,SAFE_TYPED_FRAGMENT_STAGE,,,ORDINARY_MARQUEE_CANDIDATE,0,,,
database:1469,RETAIN_EXISTING,1469,fragments/1831/09/29-img2808,1831-09-29,1,1,1,AUTO_MATCHED_EXACT,MATCHED_CONTENT,false,MARQUEE,NO_EMBEDDED_IMAGE,KEEP_EXISTING,948,INVENTORY_MARQUEE,SAFE_TYPED_FRAGMENT_STAGE,,,ORDINARY_MARQUEE_CANDIDATE,0,,,
database:1470,RETAIN_EXISTING,1470,fragments/1831/09/30-img2808,1831-09-30,1,1,1,AUTO_MATCHED_EXACT,MATCHED_CONTENT,false,MARQUEE,NO_EMBEDDED_IMAGE,KEEP_EXISTING,948,INVENTORY_MARQUEE,SAFE_TYPED_FRAGMENT_STAGE,,,ORDINARY_MARQUEE_CANDIDATE,0,,,
database:1471,RETAIN_EXISTING,1471,fragments/1831/10/01-img2809,1831-10-01,1,1,1,AUTO_MATCHED_EXACT,MATCHED_CONTENT,false,MARQUEE,NO_EMBEDDED_IMAGE,KEEP_EXISTING,949,INVENTORY_MARQUEE,SAFE_TYPED_FRAGMENT_STAGE,,,ORDINARY_MARQUEE_CANDIDATE,0,,,
database:1472,RETAIN_EXISTING,1472,fragments/1831/10/02-img2809,1831-10-02,1,1,1,AUTO_MATCHED_EXACT,MATCHED_CONTENT,false,MARQUEE,NO_EMBEDDED_IMAGE,KEEP_EXISTING,949,INVENTORY_MARQUEE,SAFE_TYPED_FRAGMENT_STAGE,,,ORDINARY_MARQUEE_CANDIDATE,0,,,
database:1473,RETAIN_EXISTING,1473,fragments/1831/10/03-img2809,1831-10-03,1,1,1,AUTO_MATCHED_EXACT,MATCHED_CONTENT,false,MARQUEE,NO_EMBEDDED_IMAGE,KEEP_EXISTING,949,INVENTORY_MARQUEE,SAFE_TYPED_FRAGMENT_STAGE,,,ORDINARY_MARQUEE_CANDIDATE,0,,,
database:1474,RETAIN_EXISTING,1474,fragments/1831/10/04-img2810,1831-10-04,1,1,1,AUTO_MATCHED_EXACT,MATCHED_CONTENT,false,MARQUEE,NO_EMBEDDED_IMAGE,KEEP_EXISTING,950,INVENTORY_MARQUEE,SAFE_TYPED_FRAGMENT_STAGE,,,ORDINARY_MARQUEE_CANDIDATE,0,,,
database:1475,RETAIN_EXISTING,1475,fragments/1831/10/05-img2811,1831-10-05,1,1,1,AUTO_MATCHED_EXACT,MATCHED_CONTENT,false,MARQUEE,NO_EMBEDDED_IMAGE,KEEP_EXISTING,951,INVENTORY_MARQUEE,SAFE_TYPED_FRAGMENT_STAGE,,,ORDINARY_MARQUEE_CANDIDATE,0,,,
database:1476,RETAIN_EXISTING,1476,fragments/1831/10/06-img2811,1831-10-06,1,1,1,AUTO_MATCHED_EXACT,MATCHED_CONTENT,false,MARQUEE,NO_EMBEDDED_IMAGE,KEEP_EXISTING,951,INVENTORY_MARQUEE,SAFE_TYPED_FRAGMENT_STAGE,,,ORDINARY_MARQUEE_CANDIDATE,0,,,
database:1477,RETAIN_EXISTING,1477,fragments/1831/10/07-img2812,1831-10-07,1,1,1,AUTO_MATCHED_EXACT,MATCHED_CONTENT,false,MARQUEE,NO_EMBEDDED_IMAGE,KEEP_EXISTING,952,INVENTORY_MARQUEE,SAFE_TYPED_FRAGMENT_STAGE,,,ORDINARY_MARQUEE_CANDIDATE,0,,,
database:1478,RETAIN_EXISTING,1478,fragments/1831/10/08-img2812,1831-10-08,1,1,1,AUTO_MATCHED_EXACT,MATCHED_CONTENT,false,MARQUEE,NO_EMBEDDED_IMAGE,KEEP_EXISTING,952,INVENTORY_MARQUEE,SAFE_TYPED_FRAGMENT_STAGE,,,ORDINARY_MARQUEE_CANDIDATE,0,,,
database:1479,RETAIN_EXISTING,1479,fragments/1831/10/09-img2812,1831-10-09,1,1,1,AUTO_MATCHED_EXACT,MATCHED_CONTENT,false,MARQUEE,NO_EMBEDDED_IMAGE,KEEP_EXISTING,952,INVENTORY_MARQUEE,SAFE_TYPED_FRAGMENT_STAGE,,,ORDINARY_MARQUEE_CANDIDATE,0,,,
database:1480,RETAIN_EXISTING,1480,fragments/1831/10/10-img2813,1831-10-10,1,1,1,AUTO_MATCHED_EXACT,MATCHED_CONTENT,false,MARQUEE,NO_EMBEDDED_IMAGE,KEEP_EXISTING,953,INVENTORY_MARQUEE,SAFE_TYPED_FRAGMENT_STAGE,,,ORDINARY_MARQUEE_CANDIDATE,0,,,
database:1481,RETAIN_EXISTING,1481,fragments/1831/10/11-img2813,1831-10-11,1,1,1,AUTO_MATCHED_EXACT,MATCHED_CONTENT,false,MARQUEE,NO_EMBEDDED_IMAGE,KEEP_EXISTING,953,INVENTORY_MARQUEE,SAFE_TYPED_FRAGMENT_STAGE,,,ORDINARY_MARQUEE_CANDIDATE,0,,,
database:1482,RETAIN_EXISTING,1482,fragments/1831/10/12-img2813,1831-10-12,1,1,1,AUTO_MATCHED_EXACT,MATCHED_CONTENT,false,MARQUEE,NO_EMBEDDED_IMAGE,KEEP_EXISTING,953,INVENTORY_MARQUEE,SAFE_TYPED_FRAGMENT_STAGE,,,ORDINARY_MARQUEE_CANDIDATE,0,,,
database:1483,RETAIN_EXISTING,1483,fragments/1831/10/13-img2814,1831-10-13,1,1,1,AUTO_MATCHED_EXACT,MATCHED_CONTENT,false,MARQUEE,NO_EMBEDDED_IMAGE,KEEP_EXISTING,954,INVENTORY_MARQUEE,SAFE_TYPED_FRAGMENT_STAGE,,,ORDINARY_MARQUEE_CANDIDATE,0,,,
database:1484,RETAIN_EXISTING,1484,fragments/1831/10/14-img2814,1831-10-14,1,1,1,AUTO_MATCHED_EXACT,MATCHED_CONTENT,false,MARQUEE,NO_EMBEDDED_IMAGE,KEEP_EXISTING,954,INVENTORY_MARQUEE,SAFE_TYPED_FRAGMENT_STAGE,,,ORDINARY_MARQUEE_CANDIDATE,0,,,
database:1485,RETAIN_EXISTING,1485,fragments/1831/10/15-img2814,1831-10-15,1,1,1,AUTO_MATCHED_EXACT,MATCHED_CONTENT,false,MARQUEE,NO_EMBEDDED_IMAGE,KEEP_EXISTING,954,INVENTORY_MARQUEE,SAFE_TYPED_FRAGMENT_STAGE,,,ORDINARY_MARQUEE_CANDIDATE,0,,,
database:1486,RETAIN_EXISTING,1486,fragments/1831/10/16-img2815,1831-10-16,1,1,1,AUTO_MATCHED_EXACT,MATCHED_CONTENT,false,MARQUEE,NO_EMBEDDED_IMAGE,KEEP_EXISTING,955,INVENTORY_MARQUEE,SAFE_TYPED_FRAGMENT_STAGE,,,ORDINARY_MARQUEE_CANDIDATE,0,,,
database:1487,RETAIN_EXISTING,1487,fragments/1831/10/17-img2815,1831-10-17,1,1,1,AUTO_MATCHED_EXACT,MATCHED_CONTENT,false,MARQUEE,NO_EMBEDDED_IMAGE,KEEP_EXISTING,955,INVENTORY_MARQUEE,SAFE_TYPED_FRAGMENT_STAGE,,,ORDINARY_MARQUEE_CANDIDATE,0,,,
database:1488,RETAIN_EXISTING,1488,fragments/1831/10/18-img2815,1831-10-18,1,1,1,AUTO_MATCHED_EXACT,MATCHED_CONTENT,false,MARQUEE,NO_EMBEDDED_IMAGE,KEEP_EXISTING,955,INVENTORY_MARQUEE,SAFE_TYPED_FRAGMENT_STAGE,,,ORDINARY_MARQUEE_CANDIDATE,0,,,
database:1489,RETAIN_EXISTING,1489,fragments/1831/10/19-img2815,1831-10-19,1,1,1,AUTO_MATCHED_EXACT,MATCHED_CONTENT,false,MARQUEE,NO_EMBEDDED_IMAGE,KEEP_EXISTING,955,INVENTORY_MARQUEE,SAFE_TYPED_FRAGMENT_STAGE,,,ORDINARY_MARQUEE_CANDIDATE,0,,,
database:1490,RETAIN_EXISTING,1490,fragments/1831/10/20-img2816-left,1831-10-20,1,1,1,AUTO_MATCHED_EXACT,MATCHED_CONTENT,false,MARQUEE,NO_EMBEDDED_IMAGE,KEEP_EXISTING,956,INVENTORY_MARQUEE,SAFE_TYPED_FRAGMENT_STAGE,,,ORDINARY_MARQUEE_CANDIDATE,0,,,
database:1491,RETAIN_EXISTING,1491,fragments/1831/10/21-img2816-left,1831-10-21,1,1,1,AUTO_MATCHED_EXACT,MATCHED_CONTENT,false,MARQUEE,NO_EMBEDDED_IMAGE,KEEP_EXISTING,956,INVENTORY_MARQUEE,SAFE_TYPED_FRAGMENT_STAGE,,,ORDINARY_MARQUEE_CANDIDATE,0,,,
database:1492,RETAIN_EXISTING,1492,fragments/1831/10/22-img2816-right,1831-10-22,1,1,1,AUTO_MATCHED_EXACT,MATCHED_CONTENT,false,MARQUEE,NO_EMBEDDED_IMAGE,KEEP_EXISTING,956,INVENTORY_MARQUEE,SAFE_TYPED_FRAGMENT_STAGE,,,ORDINARY_MARQUEE_CANDIDATE,0,,,
database:1493,RETAIN_EXISTING,1493,fragments/1831/10/23-img2816-right,1831-10-23,1,1,1,AUTO_MATCHED_EXACT,MATCHED_CONTENT,false,MARQUEE,NO_EMBEDDED_IMAGE,KEEP_EXISTING,956,INVENTORY_MARQUEE,SAFE_TYPED_FRAGMENT_STAGE,,,ORDINARY_MARQUEE_CANDIDATE,0,,,
database:1494,RETAIN_EXISTING,1494,fragments/1831/10/24-img2816-right,1831-10-24,1,1,1,AUTO_MATCHED_EXACT,MATCHED_CONTENT,false,MARQUEE,NO_EMBEDDED_IMAGE,KEEP_EXISTING,956,INVENTORY_MARQUEE,SAFE_TYPED_FRAGMENT_STAGE,,,ORDINARY_MARQUEE_CANDIDATE,0,,,
database:1495,RETAIN_EXISTING,1495,fragments/1831/10/25-img2817-left,1831-10-25,1,1,1,AUTO_MATCHED_EXACT,MATCHED_CONTENT,false,MARQUEE,NO_EMBEDDED_IMAGE,KEEP_EXISTING,957,INVENTORY_MARQUEE,SAFE_TYPED_FRAGMENT_STAGE,,,ORDINARY_MARQUEE_CANDIDATE,0,,,
database:1496,RETAIN_EXISTING,1496,fragments/1831/10/26-img2817-left,1831-10-26,1,1,1,AUTO_MATCHED_EXACT,MATCHED_CONTENT,false,MARQUEE,NO_EMBEDDED_IMAGE,KEEP_EXISTING,957,INVENTORY_MARQUEE,SAFE_TYPED_FRAGMENT_STAGE,,,ORDINARY_MARQUEE_CANDIDATE,0,,,
database:1497,RETAIN_EXISTING,1497,fragments/1831/10/27-img2817-left,1831-10-27,1,1,1,AUTO_MATCHED_EXACT,MATCHED_CONTENT,false,MARQUEE,NO_EMBEDDED_IMAGE,KEEP_EXISTING,957,INVENTORY_MARQUEE,SAFE_TYPED_FRAGMENT_STAGE,,,ORDINARY_MARQUEE_CANDIDATE,0,,,
database:1498,RETAIN_EXISTING,1498,fragments/1831/10/28-img2817-left,1831-10-28,1,1,1,AUTO_MATCHED_EXACT,MATCHED_CONTENT,false,MARQUEE,NO_EMBEDDED_IMAGE,KEEP_EXISTING,957,INVENTORY_MARQUEE,SAFE_TYPED_FRAGMENT_STAGE,,,ORDINARY_MARQUEE_CANDIDATE,0,,,
database:1499,RETAIN_EXISTING,1499,fragments/1831/10/29-img2817-right,1831-10-29,1,1,1,AUTO_MATCHED_EXACT,MATCHED_CONTENT,false,MARQUEE,NO_EMBEDDED_IMAGE,KEEP_EXISTING,957,INVENTORY_MARQUEE,SAFE_TYPED_FRAGMENT_STAGE,,,ORDINARY_MARQUEE_CANDIDATE,0,,,
database:1500,RETAIN_EXISTING,1500,fragments/1831/10/30-img2817-right,1831-10-30,1,1,1,AUTO_MATCHED_EXACT,MATCHED_CONTENT,false,MARQUEE,NO_EMBEDDED_IMAGE,KEEP_EXISTING,957,INVENTORY_MARQUEE,SAFE_TYPED_FRAGMENT_STAGE,,,ORDINARY_MARQUEE_CANDIDATE,0,,,
database:1501,RETAIN_EXISTING,1501,fragments/1831/10/31-img2817-right,1831-10-31,1,1,1,AUTO_MATCHED_EXACT,MATCHED_CONTENT,false,MARQUEE,NO_EMBEDDED_IMAGE,KEEP_EXISTING,957,INVENTORY_MARQUEE,SAFE_TYPED_FRAGMENT_STAGE,,,ORDINARY_MARQUEE_CANDIDATE,0,,,
database:1502,RETAIN_EXISTING,1502,fragments/1831/11/01-img2817-right,1831-11-01,1,1,1,AUTO_MATCHED_EXACT,MATCHED_CONTENT,false,MARQUEE,NO_EMBEDDED_IMAGE,KEEP_EXISTING,957,INVENTORY_MARQUEE,SAFE_TYPED_FRAGMENT_STAGE,,,ORDINARY_MARQUEE_CANDIDATE,0,,,
database:1503,RETAIN_EXISTING,1503,fragments/1831/11/02-img2818,1831-11-02,1,1,1,AUTO_MATCHED_EXACT,MATCHED_CONTENT,false,MARQUEE,NO_EMBEDDED_IMAGE,KEEP_EXISTING,958,INVENTORY_MARQUEE,SAFE_TYPED_FRAGMENT_STAGE,,,ORDINARY_MARQUEE_CANDIDATE,0,,,
database:1504,RETAIN_EXISTING,1504,fragments/1831/11/03-img2818,1831-11-03,1,1,1,AUTO_MATCHED_EXACT,MATCHED_CONTENT,false,MARQUEE,NO_EMBEDDED_IMAGE,KEEP_EXISTING,958,INVENTORY_MARQUEE,SAFE_TYPED_FRAGMENT_STAGE,,,ORDINARY_MARQUEE_CANDIDATE,0,,,
database:1505,RETAIN_EXISTING,1505,fragments/1831/11/04-img2818,1831-11-04,1,1,1,AUTO_MATCHED_EXACT,MATCHED_CONTENT,false,MARQUEE,NO_EMBEDDED_IMAGE,KEEP_EXISTING,958,INVENTORY_MARQUEE,SAFE_TYPED_FRAGMENT_STAGE,,,ORDINARY_MARQUEE_CANDIDATE,0,,,
database:1506,RETAIN_EXISTING,1506,fragments/1831/11/05-img2818,1831-11-05,1,1,1,AUTO_MATCHED_EXACT,MATCHED_CONTENT,false,MARQUEE,NO_EMBEDDED_IMAGE,KEEP_EXISTING,958,INVENTORY_MARQUEE,SAFE_TYPED_FRAGMENT_STAGE,,,ORDINARY_MARQUEE_CANDIDATE,0,,,
database:1507,RETAIN_EXISTING,1507,fragments/1831/11/06-img2819,1831-11-06,1,1,1,AUTO_MATCHED_EXACT,MATCHED_CONTENT,false,MARQUEE,NO_EMBEDDED_IMAGE,KEEP_EXISTING,959,INVENTORY_MARQUEE,SAFE_TYPED_FRAGMENT_STAGE,,,ORDINARY_MARQUEE_CANDIDATE,0,,,
database:1508,RETAIN_EXISTING,1508,fragments/1831/11/07-img2819,1831-11-07,1,1,1,AUTO_MATCHED_EXACT,MATCHED_CONTENT,false,MARQUEE,NO_EMBEDDED_IMAGE,KEEP_EXISTING,959,INVENTORY_MARQUEE,SAFE_TYPED_FRAGMENT_STAGE,,,ORDINARY_MARQUEE_CANDIDATE,0,,,
database:1509,RETAIN_EXISTING,1509,fragments/1831/11/08-img2819,1831-11-08,1,1,1,AUTO_MATCHED_EXACT,MATCHED_CONTENT,false,MARQUEE,NO_EMBEDDED_IMAGE,KEEP_EXISTING,959,INVENTORY_MARQUEE,SAFE_TYPED_FRAGMENT_STAGE,,,ORDINARY_MARQUEE_CANDIDATE,0,,,
database:1510,RETAIN_EXISTING,1510,fragments/1831/11/09-img2819,1831-11-09,1,1,1,AUTO_MATCHED_EXACT,MATCHED_CONTENT,false,MARQUEE,NO_EMBEDDED_IMAGE,KEEP_EXISTING,959,INVENTORY_MARQUEE,SAFE_TYPED_FRAGMENT_STAGE,,,ORDINARY_MARQUEE_CANDIDATE,0,,,
database:1511,RETAIN_EXISTING,1511,fragments/1831/11/10-img2820,1831-11-10,1,1,1,AUTO_MATCHED_EXACT,MATCHED_CONTENT,false,MARQUEE,NO_EMBEDDED_IMAGE,KEEP_EXISTING,960,INVENTORY_MARQUEE,SAFE_TYPED_FRAGMENT_STAGE,,,ORDINARY_MARQUEE_CANDIDATE,0,,,
database:1512,RETAIN_EXISTING,1512,fragments/1831/11/11-img2820,1831-11-11,1,1,1,AUTO_MATCHED_EXACT,MATCHED_CONTENT,false,MARQUEE,NO_EMBEDDED_IMAGE,KEEP_EXISTING,960,INVENTORY_MARQUEE,SAFE_TYPED_FRAGMENT_STAGE,,,ORDINARY_MARQUEE_CANDIDATE,0,,,
database:1513,RETAIN_EXISTING,1513,fragments/1831/11/12-img2820,1831-11-12,1,1,1,AUTO_MATCHED_EXACT,MATCHED_CONTENT,false,MARQUEE,NO_EMBEDDED_IMAGE,KEEP_EXISTING,960,INVENTORY_MARQUEE,SAFE_TYPED_FRAGMENT_STAGE,,,ORDINARY_MARQUEE_CANDIDATE,0,,,
database:1514,RETAIN_EXISTING,1514,fragments/1831/11/13-img2821,1831-11-13,1,1,1,AUTO_MATCHED_EXACT,MATCHED_CONTENT,false,MARQUEE,NO_EMBEDDED_IMAGE,KEEP_EXISTING,961,INVENTORY_MARQUEE,SAFE_TYPED_FRAGMENT_STAGE,,,ORDINARY_MARQUEE_CANDIDATE,0,,,
database:1515,RETAIN_EXISTING,1515,fragments/1831/11/14-img2821,1831-11-14,1,1,1,AUTO_MATCHED_EXACT,MATCHED_CONTENT,false,MARQUEE,NO_EMBEDDED_IMAGE,KEEP_EXISTING,961,INVENTORY_MARQUEE,SAFE_TYPED_FRAGMENT_STAGE,,,ORDINARY_MARQUEE_CANDIDATE,0,,,
database:1516,RETAIN_EXISTING,1516,fragments/1831/11/15-img2821,1831-11-15,1,1,1,AUTO_MATCHED_EXACT,MATCHED_CONTENT,false,MARQUEE,NO_EMBEDDED_IMAGE,KEEP_EXISTING,961,INVENTORY_MARQUEE,SAFE_TYPED_FRAGMENT_STAGE,,,ORDINARY_MARQUEE_CANDIDATE,0,,,
database:1517,RETAIN_EXISTING,1517,fragments/1831/11/16-img2821,1831-11-16,1,1,1,AUTO_MATCHED_EXACT,MATCHED_CONTENT,false,MARQUEE,NO_EMBEDDED_IMAGE,KEEP_EXISTING,961,INVENTORY_MARQUEE,SAFE_TYPED_FRAGMENT_STAGE,,,ORDINARY_MARQUEE_CANDIDATE,0,,,
database:1518,RETAIN_EXISTING,1518,fragments/1831/11/17-img2822,1831-11-17,1,1,1,AUTO_MATCHED_EXACT,MATCHED_CONTENT,false,MARQUEE,NO_EMBEDDED_IMAGE,KEEP_EXISTING,962,INVENTORY_MARQUEE,SAFE_TYPED_FRAGMENT_STAGE,,,ORDINARY_MARQUEE_CANDIDATE,0,,,
database:1519,RETAIN_EXISTING,1519,fragments/1831/11/18-img2822,1831-11-18,1,1,1,AUTO_MATCHED_EXACT,MATCHED_CONTENT,false,MARQUEE,NO_EMBEDDED_IMAGE,KEEP_EXISTING,962,INVENTORY_MARQUEE,SAFE_TYPED_FRAGMENT_STAGE,,,ORDINARY_MARQUEE_CANDIDATE,0,,,
database:1520,RETAIN_EXISTING,1520,fragments/1831/11/19-img2822,1831-11-19,1,1,1,AUTO_MATCHED_EXACT,MATCHED_CONTENT,false,MARQUEE,NO_EMBEDDED_IMAGE,KEEP_EXISTING,962,INVENTORY_MARQUEE,SAFE_TYPED_FRAGMENT_STAGE,,,ORDINARY_MARQUEE_CANDIDATE,0,,,
database:1521,RETAIN_EXISTING,1521,fragments/1831/11/20-img2822,1831-11-20,1,1,1,AUTO_MATCHED_EXACT,MATCHED_CONTENT,false,MARQUEE,NO_EMBEDDED_IMAGE,KEEP_EXISTING,962,INVENTORY_MARQUEE,SAFE_TYPED_FRAGMENT_STAGE,,,ORDINARY_MARQUEE_CANDIDATE,0,,,
database:1522,RETAIN_EXISTING,1522,fragments/1831/11/21-img2822,1831-11-21,1,1,1,AUTO_MATCHED_EXACT,MATCHED_CONTENT,false,MARQUEE,NO_EMBEDDED_IMAGE,KEEP_EXISTING,962,INVENTORY_MARQUEE,SAFE_TYPED_FRAGMENT_STAGE,,,ORDINARY_MARQUEE_CANDIDATE,0,,,
database:1523,RETAIN_EXISTING,1523,fragments/1831/11/22-img2823,1831-11-22,1,1,1,AUTO_MATCHED_EXACT,MATCHED_CONTENT,false,MARQUEE,NO_EMBEDDED_IMAGE,KEEP_EXISTING,963,INVENTORY_MARQUEE,SAFE_TYPED_FRAGMENT_STAGE,,,ORDINARY_MARQUEE_CANDIDATE,0,,,
database:1524,RETAIN_EXISTING,1524,fragments/1831/11/23-img2823,1831-11-23,1,1,1,AUTO_MATCHED_EXACT,MATCHED_CONTENT,false,MARQUEE,NO_EMBEDDED_IMAGE,KEEP_EXISTING,963,INVENTORY_MARQUEE,SAFE_TYPED_FRAGMENT_STAGE,,,ORDINARY_MARQUEE_CANDIDATE,0,,,
database:1525,RETAIN_EXISTING,1525,fragments/1831/11/24-img2823,1831-11-24,1,1,1,AUTO_MATCHED_EXACT,MATCHED_CONTENT,false,MARQUEE,NO_EMBEDDED_IMAGE,KEEP_EXISTING,963,INVENTORY_MARQUEE,SAFE_TYPED_FRAGMENT_STAGE,,,ORDINARY_MARQUEE_CANDIDATE,0,,,
database:1526,RETAIN_EXISTING,1526,fragments/1831/11/25-img2823,1831-11-25,1,1,1,AUTO_MATCHED_EXACT,MATCHED_CONTENT,false,MARQUEE,NO_EMBEDDED_IMAGE,KEEP_EXISTING,963,INVENTORY_MARQUEE,SAFE_TYPED_FRAGMENT_STAGE,,,ORDINARY_MARQUEE_CANDIDATE,0,,,
database:1527,RETAIN_EXISTING,1527,fragments/1831/11/26-img2824,1831-11-26,1,1,1,AUTO_MATCHED_EXACT,MATCHED_CONTENT,false,MARQUEE,NO_EMBEDDED_IMAGE,KEEP_EXISTING,964,INVENTORY_MARQUEE,SAFE_TYPED_FRAGMENT_STAGE,,,ORDINARY_MARQUEE_CANDIDATE,0,,,
database:1528,RETAIN_EXISTING,1528,fragments/1831/11/27-img2824,1831-11-27,1,1,1,AUTO_MATCHED_EXACT,MATCHED_CONTENT,false,MARQUEE,NO_EMBEDDED_IMAGE,KEEP_EXISTING,964,INVENTORY_MARQUEE,SAFE_TYPED_FRAGMENT_STAGE,,,ORDINARY_MARQUEE_CANDIDATE,0,,,
database:1529,RETAIN_EXISTING,1529,fragments/1831/11/28-img2824,1831-11-28,1,1,1,AUTO_MATCHED_EXACT,MATCHED_CONTENT,false,MARQUEE,NO_EMBEDDED_IMAGE,KEEP_EXISTING,964,INVENTORY_MARQUEE,SAFE_TYPED_FRAGMENT_STAGE,,,ORDINARY_MARQUEE_CANDIDATE,0,,,
database:1530,RETAIN_EXISTING,1530,fragments/1831/11/29-img2824,1831-11-29,1,1,1,AUTO_MATCHED_EXACT,MATCHED_CONTENT,false,MARQUEE,NO_EMBEDDED_IMAGE,KEEP_EXISTING,964,INVENTORY_MARQUEE,SAFE_TYPED_FRAGMENT_STAGE,,,ORDINARY_MARQUEE_CANDIDATE,0,,,
database:1531,RETAIN_EXISTING,1531,fragments/1831/11/30-img2824,1831-11-30,1,1,1,AUTO_MATCHED_EXACT,MATCHED_CONTENT,false,MARQUEE,NO_EMBEDDED_IMAGE,KEEP_EXISTING,964,INVENTORY_MARQUEE,SAFE_TYPED_FRAGMENT_STAGE,,,ORDINARY_MARQUEE_CANDIDATE,0,,,
database:1532,RETAIN_EXISTING,1532,fragments/1831/12/01-img2825,1831-12-01,1,1,1,AUTO_MATCHED_EXACT,MATCHED_CONTENT,false,MARQUEE,NO_EMBEDDED_IMAGE,KEEP_EXISTING,965,INVENTORY_MARQUEE,SAFE_TYPED_FRAGMENT_STAGE,,,ORDINARY_MARQUEE_CANDIDATE,0,,,
database:1533,RETAIN_EXISTING,1533,fragments/1831/12/02-img2825,1831-12-02,1,1,1,AUTO_MATCHED_EXACT,MATCHED_CONTENT,false,MARQUEE,NO_EMBEDDED_IMAGE,KEEP_EXISTING,965,INVENTORY_MARQUEE,SAFE_TYPED_FRAGMENT_STAGE,,,ORDINARY_MARQUEE_CANDIDATE,0,,,
database:1534,RETAIN_EXISTING,1534,fragments/1831/12/03-img2825,1831-12-03,1,1,1,AUTO_MATCHED_EXACT,MATCHED_CONTENT,false,MARQUEE,NO_EMBEDDED_IMAGE,KEEP_EXISTING,965,INVENTORY_MARQUEE,SAFE_TYPED_FRAGMENT_STAGE,,,ORDINARY_MARQUEE_CANDIDATE,0,,,
database:1535,RETAIN_EXISTING,1535,fragments/1831/12/04-img2825,1831-12-04,1,1,1,AUTO_MATCHED_EXACT,MATCHED_CONTENT,false,MARQUEE,NO_EMBEDDED_IMAGE,KEEP_EXISTING,965,INVENTORY_MARQUEE,SAFE_TYPED_FRAGMENT_STAGE,,,ORDINARY_MARQUEE_CANDIDATE,0,,,
database:1536,RETAIN_EXISTING,1536,fragments/1831/12/05-img2826,1831-12-05,1,1,1,AUTO_MATCHED_EXACT,MATCHED_CONTENT,false,MARQUEE,NO_EMBEDDED_IMAGE,KEEP_EXISTING,966,INVENTORY_MARQUEE,SAFE_TYPED_FRAGMENT_STAGE,,,ORDINARY_MARQUEE_CANDIDATE,0,,,
database:1537,RETAIN_EXISTING,1537,fragments/1831/12/06-img2826,1831-12-06,1,1,1,AUTO_MATCHED_EXACT,MATCHED_CONTENT,false,MARQUEE,NO_EMBEDDED_IMAGE,KEEP_EXISTING,966,INVENTORY_MARQUEE,SAFE_TYPED_FRAGMENT_STAGE,,,ORDINARY_MARQUEE_CANDIDATE,0,,,
database:1538,RETAIN_EXISTING,1538,fragments/1831/12/07-img2826,1831-12-07,1,1,1,AUTO_MATCHED_EXACT,MATCHED_CONTENT,false,MARQUEE,NO_EMBEDDED_IMAGE,KEEP_EXISTING,966,INVENTORY_MARQUEE,SAFE_TYPED_FRAGMENT_STAGE,,,ORDINARY_MARQUEE_CANDIDATE,0,,,
database:1539,RETAIN_EXISTING,1539,fragments/1831/12/08-img2826,1831-12-08,1,1,1,AUTO_MATCHED_EXACT,MATCHED_CONTENT,false,MARQUEE,NO_EMBEDDED_IMAGE,KEEP_EXISTING,966,INVENTORY_MARQUEE,SAFE_TYPED_FRAGMENT_STAGE,,,ORDINARY_MARQUEE_CANDIDATE,0,,,
database:1540,RETAIN_EXISTING,1540,fragments/1831/12/09-img2826,1831-12-09,1,1,1,AUTO_MATCHED_EXACT,MATCHED_CONTENT,false,MARQUEE,NO_EMBEDDED_IMAGE,KEEP_EXISTING,966,INVENTORY_MARQUEE,SAFE_TYPED_FRAGMENT_STAGE,,,ORDINARY_MARQUEE_CANDIDATE,0,,,
database:1541,RETAIN_EXISTING,1541,fragments/1831/12/10-img2827,1831-12-10,1,1,1,AUTO_MATCHED_EXACT,MATCHED_CONTENT,false,MARQUEE,NO_EMBEDDED_IMAGE,KEEP_EXISTING,967,INVENTORY_MARQUEE,SAFE_TYPED_FRAGMENT_STAGE,,,ORDINARY_MARQUEE_CANDIDATE,0,,,
database:1542,RETAIN_EXISTING,1542,fragments/1831/12/11-img2827,1831-12-11,1,1,1,AUTO_MATCHED_EXACT,MATCHED_CONTENT,false,MARQUEE,NO_EMBEDDED_IMAGE,KEEP_EXISTING,967,INVENTORY_MARQUEE,SAFE_TYPED_FRAGMENT_STAGE,,,ORDINARY_MARQUEE_CANDIDATE,0,,,
database:1543,RETAIN_EXISTING,1543,fragments/1831/12/12-img2827,1831-12-12,1,1,1,AUTO_MATCHED_EXACT,MATCHED_CONTENT,false,MARQUEE,NO_EMBEDDED_IMAGE,KEEP_EXISTING,967,INVENTORY_MARQUEE,SAFE_TYPED_FRAGMENT_STAGE,,,ORDINARY_MARQUEE_CANDIDATE,0,,,
database:1544,RETAIN_EXISTING,1544,fragments/1831/12/13-img2827,1831-12-13,1,1,1,AUTO_MATCHED_EXACT,MATCHED_CONTENT,false,MARQUEE,NO_EMBEDDED_IMAGE,KEEP_EXISTING,967,INVENTORY_MARQUEE,SAFE_TYPED_FRAGMENT_STAGE,,,ORDINARY_MARQUEE_CANDIDATE,0,,,
database:1545,RETAIN_EXISTING,1545,fragments/1831/12/14-img2828,1831-12-14,1,1,1,AUTO_MATCHED_EXACT,MATCHED_CONTENT,false,MARQUEE,NO_EMBEDDED_IMAGE,KEEP_EXISTING,968,INVENTORY_MARQUEE,SAFE_TYPED_FRAGMENT_STAGE,,,ORDINARY_MARQUEE_CANDIDATE,0,,,
database:1546,RETAIN_EXISTING,1546,fragments/1831/12/15-img2828,1831-12-15,1,1,1,AUTO_MATCHED_EXACT,MATCHED_CONTENT,false,MARQUEE,NO_EMBEDDED_IMAGE,KEEP_EXISTING,968,INVENTORY_MARQUEE,SAFE_TYPED_FRAGMENT_STAGE,,,ORDINARY_MARQUEE_CANDIDATE,0,,,
database:1547,RETAIN_EXISTING,1547,fragments/1831/12/16-img2828,1831-12-16,1,1,1,AUTO_MATCHED_EXACT,MATCHED_CONTENT,false,MARQUEE,NO_EMBEDDED_IMAGE,KEEP_EXISTING,968,INVENTORY_MARQUEE,SAFE_TYPED_FRAGMENT_STAGE,,,ORDINARY_MARQUEE_CANDIDATE,0,,,
database:1548,RETAIN_EXISTING,1548,fragments/1831/12/17-img2828,1831-12-17,1,1,1,AUTO_MATCHED_EXACT,MATCHED_CONTENT,false,MARQUEE,NO_EMBEDDED_IMAGE,KEEP_EXISTING,968,INVENTORY_MARQUEE,SAFE_TYPED_FRAGMENT_STAGE,,,ORDINARY_MARQUEE_CANDIDATE,0,,,
database:1549,RETAIN_EXISTING,1549,fragments/1831/12/18-img2829,1831-12-18,1,1,1,AUTO_MATCHED_EXACT,MATCHED_CONTENT,false,MARQUEE,NO_EMBEDDED_IMAGE,KEEP_EXISTING,969,INVENTORY_MARQUEE,SAFE_TYPED_FRAGMENT_STAGE,,,ORDINARY_MARQUEE_CANDIDATE,0,,,
database:1550,RETAIN_EXISTING,1550,fragments/1831/12/19-img2829,1831-12-19,1,1,1,AUTO_MATCHED_EXACT,MATCHED_CONTENT,false,MARQUEE,NO_EMBEDDED_IMAGE,KEEP_EXISTING,969,INVENTORY_MARQUEE,SAFE_TYPED_FRAGMENT_STAGE,,,ORDINARY_MARQUEE_CANDIDATE,0,,,
database:1551,RETAIN_EXISTING,1551,fragments/1831/12/20-img2829,1831-12-20,1,1,1,AUTO_MATCHED_EXACT,MATCHED_CONTENT,false,MARQUEE,NO_EMBEDDED_IMAGE,KEEP_EXISTING,969,INVENTORY_MARQUEE,SAFE_TYPED_FRAGMENT_STAGE,,,ORDINARY_MARQUEE_CANDIDATE,0,,,
database:1552,RETAIN_EXISTING,1552,fragments/1831/12/21-img2829,1831-12-21,1,1,1,AUTO_MATCHED_EXACT,MATCHED_CONTENT,false,MARQUEE,NO_EMBEDDED_IMAGE,KEEP_EXISTING,969,INVENTORY_MARQUEE,SAFE_TYPED_FRAGMENT_STAGE,,,ORDINARY_MARQUEE_CANDIDATE,0,,,
database:1553,RETAIN_EXISTING,1553,fragments/1831/12/22-img2830,1831-12-22,1,1,1,AUTO_MATCHED_EXACT,MATCHED_CONTENT,false,MARQUEE,NO_EMBEDDED_IMAGE,KEEP_EXISTING,970,INVENTORY_MARQUEE,SAFE_TYPED_FRAGMENT_STAGE,,,ORDINARY_MARQUEE_CANDIDATE,0,,,
database:1554,RETAIN_EXISTING,1554,fragments/1831/12/23-img2830,1831-12-23,1,1,1,AUTO_MATCHED_EXACT,MATCHED_CONTENT,false,MARQUEE,NO_EMBEDDED_IMAGE,KEEP_EXISTING,970,INVENTORY_MARQUEE,SAFE_TYPED_FRAGMENT_STAGE,,,ORDINARY_MARQUEE_CANDIDATE,0,,,
database:1555,RETAIN_EXISTING,1555,fragments/1831/12/24-img2830,1831-12-24,1,1,1,AUTO_MATCHED_EXACT,MATCHED_CONTENT,false,MARQUEE,NO_EMBEDDED_IMAGE,KEEP_EXISTING,970,INVENTORY_MARQUEE,SAFE_TYPED_FRAGMENT_STAGE,,,ORDINARY_MARQUEE_CANDIDATE,0,,,
database:1556,RETAIN_EXISTING,1556,fragments/1831/12/25-img2830,1831-12-25,1,1,1,AUTO_MATCHED_EXACT,MATCHED_CONTENT,false,MARQUEE,NO_EMBEDDED_IMAGE,KEEP_EXISTING,970,INVENTORY_MARQUEE,SAFE_TYPED_FRAGMENT_STAGE,,,ORDINARY_MARQUEE_CANDIDATE,0,,,
database:1557,RETAIN_EXISTING,1557,fragments/1831/12/26-img2830,1831-12-26,1,1,1,AUTO_MATCHED_EXACT,MATCHED_CONTENT,false,MARQUEE,NO_EMBEDDED_IMAGE,KEEP_EXISTING,970,INVENTORY_MARQUEE,SAFE_TYPED_FRAGMENT_STAGE,,,ORDINARY_MARQUEE_CANDIDATE,0,,,
database:1558,RETAIN_EXISTING,1558,fragments/1831/12/27-img2831,1831-12-27,1,1,1,AUTO_MATCHED_EXACT,MATCHED_CONTENT,false,MARQUEE,NO_EMBEDDED_IMAGE,KEEP_EXISTING,971,INVENTORY_MARQUEE,SAFE_TYPED_FRAGMENT_STAGE,,,ORDINARY_MARQUEE_CANDIDATE,0,,,
database:1559,RETAIN_EXISTING,1559,fragments/1831/12/28-img2831,1831-12-28,1,1,1,AUTO_MATCHED_EXACT,MATCHED_CONTENT,false,MARQUEE,NO_EMBEDDED_IMAGE,KEEP_EXISTING,971,INVENTORY_MARQUEE,SAFE_TYPED_FRAGMENT_STAGE,,,ORDINARY_MARQUEE_CANDIDATE,0,,,
database:1560,RETAIN_EXISTING,1560,fragments/1831/12/29-img2831,1831-12-29,1,1,1,AUTO_MATCHED_EXACT,MATCHED_CONTENT,false,MARQUEE,NO_EMBEDDED_IMAGE,KEEP_EXISTING,971,INVENTORY_MARQUEE,SAFE_TYPED_FRAGMENT_STAGE,,,ORDINARY_MARQUEE_CANDIDATE,0,,,
database:1561,RETAIN_EXISTING,1561,fragments/1831/12/30-img2831,1831-12-30,1,1,1,AUTO_MATCHED_EXACT,MATCHED_CONTENT,false,MARQUEE,NO_EMBEDDED_IMAGE,KEEP_EXISTING,971,INVENTORY_MARQUEE,SAFE_TYPED_FRAGMENT_STAGE,,,ORDINARY_MARQUEE_CANDIDATE,0,,,
database:1562,RETAIN_EXISTING,1562,fragments/1831/12/31-img2831,1831-12-31,1,1,1,AUTO_MATCHED_EXACT,MATCHED_CONTENT,false,MARQUEE,NO_EMBEDDED_IMAGE,KEEP_EXISTING,971,INVENTORY_MARQUEE,SAFE_TYPED_FRAGMENT_STAGE,,,ORDINARY_MARQUEE_CANDIDATE,0,,,
database:1565,RETAIN_EXISTING,1565,fragments/1832/01/01-img2982,1832-01-01,1,1,1,AUTO_MATCHED_EXACT,MATCHED_CONTENT,false,MARQUEE,NO_EMBEDDED_IMAGE,KEEP_EXISTING,972,INVENTORY_MARQUEE,SAFE_TYPED_FRAGMENT_STAGE,,,ORDINARY_MARQUEE_CANDIDATE,0,,,
database:1566,RETAIN_EXISTING,1566,fragments/1832/01/01-img2992,1832-01-01,2,2,2,AUTO_MATCHED_EXACT,MATCHED_CONTENT,false,MARQUEE,NO_EMBEDDED_IMAGE,KEEP_EXISTING,980,INVENTORY_MARQUEE,SAFE_TYPED_FRAGMENT_STAGE,,,ORDINARY_MARQUEE_CANDIDATE,0,,,
database:1563,RETAIN_EXISTING,1563,fragments/1832/01/01-dc-highlights-1832,1832-01-01,3,3,3,AUTO_MATCHED_EXACT,MATCHED_CONTENT,false,MARQUEE,NO_EMBEDDED_IMAGE,KEEP_ABSENT,,UNRESOLVED,SAFE_TYPED_FRAGMENT_STAGE,,,ORPHAN_OR_INCONSISTENT,0,,,
database:1564,RETAIN_EXISTING,1564,fragments/1832/01/01-note-in-front-of-diary,1832-01-01,4,4,4,AUTO_MATCHED_EXACT,MATCHED_CONTENT,true,IMAGE,DATABASE_EMBEDDED_IMAGE,KEEP_ABSENT,,UNRESOLVED,DEFERRED_IMAGE_MIGRATION,,images/img2982-note-at-front-of-diary.jpg,ORPHAN_OR_INCONSISTENT,1,,,
database:1567,RETAIN_EXISTING,1567,fragments/1832/01/02-img2993,1832-01-02,1,1,1,AUTO_MATCHED_EXACT,MATCHED_CONTENT,false,MARQUEE,NO_EMBEDDED_IMAGE,KEEP_EXISTING,981,INVENTORY_MARQUEE,SAFE_TYPED_FRAGMENT_STAGE,,,ORDINARY_MARQUEE_CANDIDATE,0,,,
database:1568,RETAIN_EXISTING,1568,fragments/1832/01/03-img2993,1832-01-03,1,1,1,AUTO_MATCHED_EXACT,MATCHED_CONTENT,false,MARQUEE,NO_EMBEDDED_IMAGE,KEEP_EXISTING,981,INVENTORY_MARQUEE,SAFE_TYPED_FRAGMENT_STAGE,,,ORDINARY_MARQUEE_CANDIDATE,0,,,
database:1569,RETAIN_EXISTING,1569,fragments/1832/01/04-img2993,1832-01-04,1,1,1,AUTO_MATCHED_EXACT,MATCHED_CONTENT,false,MARQUEE,NO_EMBEDDED_IMAGE,KEEP_EXISTING,981,INVENTORY_MARQUEE,SAFE_TYPED_FRAGMENT_STAGE,,,ORDINARY_MARQUEE_CANDIDATE,0,,,
database:1570,RETAIN_EXISTING,1570,fragments/1832/01/05-img2993,1832-01-05,1,1,1,AUTO_MATCHED_EXACT,MATCHED_CONTENT,false,MARQUEE,NO_EMBEDDED_IMAGE,KEEP_EXISTING,981,INVENTORY_MARQUEE,SAFE_TYPED_FRAGMENT_STAGE,,,ORDINARY_MARQUEE_CANDIDATE,0,,,
database:1571,RETAIN_EXISTING,1571,fragments/1832/01/06-img2993,1832-01-06,1,1,1,AUTO_MATCHED_EXACT,MATCHED_CONTENT,false,MARQUEE,NO_EMBEDDED_IMAGE,KEEP_EXISTING,981,INVENTORY_MARQUEE,SAFE_TYPED_FRAGMENT_STAGE,,,ORDINARY_MARQUEE_CANDIDATE,0,,,
database:1572,RETAIN_EXISTING,1572,fragments/1832/01/07-img2993,1832-01-07,1,1,1,AUTO_MATCHED_EXACT,MATCHED_CONTENT,false,MARQUEE,NO_EMBEDDED_IMAGE,KEEP_EXISTING,981,INVENTORY_MARQUEE,SAFE_TYPED_FRAGMENT_STAGE,,,ORDINARY_MARQUEE_CANDIDATE,0,,,
database:1573,RETAIN_EXISTING,1573,fragments/1832/01/08-img2993,1832-01-08,1,1,1,AUTO_MATCHED_EXACT,MATCHED_CONTENT,false,MARQUEE,NO_EMBEDDED_IMAGE,KEEP_EXISTING,981,INVENTORY_MARQUEE,SAFE_TYPED_FRAGMENT_STAGE,,,ORDINARY_MARQUEE_CANDIDATE,0,,,
database:1574,RETAIN_EXISTING,1574,fragments/1832/01/09-img2994,1832-01-09,1,1,1,AUTO_MATCHED_EXACT,MATCHED_CONTENT,false,MARQUEE,NO_EMBEDDED_IMAGE,KEEP_EXISTING,982,INVENTORY_MARQUEE,SAFE_TYPED_FRAGMENT_STAGE,,,ORDINARY_MARQUEE_CANDIDATE,0,,,
database:1575,RETAIN_EXISTING,1575,fragments/1832/01/10-img2994,1832-01-10,1,1,1,AUTO_MATCHED_EXACT,MATCHED_CONTENT,false,MARQUEE,NO_EMBEDDED_IMAGE,KEEP_EXISTING,982,INVENTORY_MARQUEE,SAFE_TYPED_FRAGMENT_STAGE,,,ORDINARY_MARQUEE_CANDIDATE,0,,,
database:1576,RETAIN_EXISTING,1576,fragments/1832/01/11-img2994,1832-01-11,1,1,1,AUTO_MATCHED_EXACT,MATCHED_CONTENT,false,MARQUEE,NO_EMBEDDED_IMAGE,KEEP_EXISTING,982,INVENTORY_MARQUEE,SAFE_TYPED_FRAGMENT_STAGE,,,ORDINARY_MARQUEE_CANDIDATE,0,,,
database:1577,RETAIN_EXISTING,1577,fragments/1832/01/12-img2994,1832-01-12,1,1,1,AUTO_MATCHED_EXACT,MATCHED_CONTENT,false,MARQUEE,NO_EMBEDDED_IMAGE,KEEP_EXISTING,982,INVENTORY_MARQUEE,SAFE_TYPED_FRAGMENT_STAGE,,,ORDINARY_MARQUEE_CANDIDATE,0,,,
database:1578,RETAIN_EXISTING,1578,fragments/1832/01/13-img2994,1832-01-13,1,1,1,AUTO_MATCHED_EXACT,MATCHED_CONTENT,false,MARQUEE,NO_EMBEDDED_IMAGE,KEEP_EXISTING,982,INVENTORY_MARQUEE,SAFE_TYPED_FRAGMENT_STAGE,,,ORDINARY_MARQUEE_CANDIDATE,0,,,
database:1579,RETAIN_EXISTING,1579,fragments/1832/01/14-img2994,1832-01-14,1,1,1,AUTO_MATCHED_EXACT,MATCHED_CONTENT,false,MARQUEE,NO_EMBEDDED_IMAGE,KEEP_EXISTING,982,INVENTORY_MARQUEE,SAFE_TYPED_FRAGMENT_STAGE,,,ORDINARY_MARQUEE_CANDIDATE,0,,,
database:1580,RETAIN_EXISTING,1580,fragments/1832/01/15-img2994,1832-01-15,1,1,1,AUTO_MATCHED_EXACT,MATCHED_CONTENT,false,MARQUEE,NO_EMBEDDED_IMAGE,KEEP_EXISTING,982,INVENTORY_MARQUEE,SAFE_TYPED_FRAGMENT_STAGE,,,ORDINARY_MARQUEE_CANDIDATE,0,,,
database:1581,RETAIN_EXISTING,1581,fragments/1832/01/16-img2995,1832-01-16,1,1,1,AUTO_MATCHED_EXACT,MATCHED_CONTENT,false,MARQUEE,NO_EMBEDDED_IMAGE,KEEP_EXISTING,983,INVENTORY_MARQUEE,SAFE_TYPED_FRAGMENT_STAGE,,,ORDINARY_MARQUEE_CANDIDATE,0,,,
database:1582,RETAIN_EXISTING,1582,fragments/1832/01/17-img2995,1832-01-17,1,1,1,AUTO_MATCHED_EXACT,MATCHED_CONTENT,false,MARQUEE,NO_EMBEDDED_IMAGE,KEEP_EXISTING,983,INVENTORY_MARQUEE,SAFE_TYPED_FRAGMENT_STAGE,,,ORDINARY_MARQUEE_CANDIDATE,0,,,
database:1583,RETAIN_EXISTING,1583,fragments/1832/01/18-img2995,1832-01-18,1,1,1,AUTO_MATCHED_EXACT,MATCHED_CONTENT,false,MARQUEE,NO_EMBEDDED_IMAGE,KEEP_EXISTING,983,INVENTORY_MARQUEE,SAFE_TYPED_FRAGMENT_STAGE,,,ORDINARY_MARQUEE_CANDIDATE,0,,,
database:1584,RETAIN_EXISTING,1584,fragments/1832/01/19-img2995,1832-01-19,1,1,1,AUTO_MATCHED_EXACT,MATCHED_CONTENT,false,MARQUEE,NO_EMBEDDED_IMAGE,KEEP_EXISTING,983,INVENTORY_MARQUEE,SAFE_TYPED_FRAGMENT_STAGE,,,ORDINARY_MARQUEE_CANDIDATE,0,,,
database:1585,RETAIN_EXISTING,1585,fragments/1832/01/20-img2995,1832-01-20,1,1,1,AUTO_MATCHED_EXACT,MATCHED_CONTENT,false,MARQUEE,NO_EMBEDDED_IMAGE,KEEP_EXISTING,983,INVENTORY_MARQUEE,SAFE_TYPED_FRAGMENT_STAGE,,,ORDINARY_MARQUEE_CANDIDATE,0,,,
database:1586,RETAIN_EXISTING,1586,fragments/1832/01/21-img2995,1832-01-21,1,1,1,AUTO_MATCHED_EXACT,MATCHED_CONTENT,false,MARQUEE,NO_EMBEDDED_IMAGE,KEEP_EXISTING,983,INVENTORY_MARQUEE,SAFE_TYPED_FRAGMENT_STAGE,,,ORDINARY_MARQUEE_CANDIDATE,0,,,
database:1587,RETAIN_EXISTING,1587,fragments/1832/01/22-img2995,1832-01-22,1,1,1,AUTO_MATCHED_EXACT,MATCHED_CONTENT,false,MARQUEE,NO_EMBEDDED_IMAGE,KEEP_EXISTING,983,INVENTORY_MARQUEE,SAFE_TYPED_FRAGMENT_STAGE,,,ORDINARY_MARQUEE_CANDIDATE,0,,,
database:1588,RETAIN_EXISTING,1588,fragments/1832/01/23-img2996,1832-01-23,1,1,1,AUTO_MATCHED_EXACT,MATCHED_CONTENT,false,MARQUEE,NO_EMBEDDED_IMAGE,KEEP_EXISTING,984,INVENTORY_MARQUEE,SAFE_TYPED_FRAGMENT_STAGE,,,ORDINARY_MARQUEE_CANDIDATE,0,,,
database:1589,RETAIN_EXISTING,1589,fragments/1832/01/24-img2996,1832-01-24,1,1,1,AUTO_MATCHED_EXACT,MATCHED_CONTENT,false,MARQUEE,NO_EMBEDDED_IMAGE,KEEP_EXISTING,984,INVENTORY_MARQUEE,SAFE_TYPED_FRAGMENT_STAGE,,,ORDINARY_MARQUEE_CANDIDATE,0,,,
database:1590,RETAIN_EXISTING,1590,fragments/1832/01/25-img2996,1832-01-25,1,1,1,AUTO_MATCHED_EXACT,MATCHED_CONTENT,false,MARQUEE,NO_EMBEDDED_IMAGE,KEEP_EXISTING,984,INVENTORY_MARQUEE,SAFE_TYPED_FRAGMENT_STAGE,,,ORDINARY_MARQUEE_CANDIDATE,0,,,
database:1591,RETAIN_EXISTING,1591,fragments/1832/01/26-img2996,1832-01-26,1,1,1,AUTO_MATCHED_EXACT,MATCHED_CONTENT,false,MARQUEE,NO_EMBEDDED_IMAGE,KEEP_EXISTING,984,INVENTORY_MARQUEE,SAFE_TYPED_FRAGMENT_STAGE,,,ORDINARY_MARQUEE_CANDIDATE,0,,,
database:1592,RETAIN_EXISTING,1592,fragments/1832/01/27-img2996,1832-01-27,1,1,1,AUTO_MATCHED_EXACT,MATCHED_CONTENT,false,MARQUEE,NO_EMBEDDED_IMAGE,KEEP_EXISTING,984,INVENTORY_MARQUEE,SAFE_TYPED_FRAGMENT_STAGE,,,ORDINARY_MARQUEE_CANDIDATE,0,,,
database:1593,RETAIN_EXISTING,1593,fragments/1832/01/28-img2996,1832-01-28,1,1,1,AUTO_MATCHED_EXACT,MATCHED_CONTENT,false,MARQUEE,NO_EMBEDDED_IMAGE,KEEP_EXISTING,984,INVENTORY_MARQUEE,SAFE_TYPED_FRAGMENT_STAGE,,,ORDINARY_MARQUEE_CANDIDATE,0,,,
database:1594,RETAIN_EXISTING,1594,fragments/1832/01/29-img2996,1832-01-29,1,1,1,AUTO_MATCHED_EXACT,MATCHED_CONTENT,false,MARQUEE,NO_EMBEDDED_IMAGE,KEEP_EXISTING,984,INVENTORY_MARQUEE,SAFE_TYPED_FRAGMENT_STAGE,,,ORDINARY_MARQUEE_CANDIDATE,0,,,
database:1595,RETAIN_EXISTING,1595,fragments/1832/01/30-img2997,1832-01-30,1,1,1,AUTO_MATCHED_EXACT,MATCHED_CONTENT,false,MARQUEE,NO_EMBEDDED_IMAGE,KEEP_EXISTING,985,INVENTORY_MARQUEE,SAFE_TYPED_FRAGMENT_STAGE,,,ORDINARY_MARQUEE_CANDIDATE,0,,,
database:1596,RETAIN_EXISTING,1596,fragments/1832/01/31-img2997,1832-01-31,1,1,1,AUTO_MATCHED_EXACT,MATCHED_CONTENT,false,MARQUEE,NO_EMBEDDED_IMAGE,KEEP_EXISTING,985,INVENTORY_MARQUEE,SAFE_TYPED_FRAGMENT_STAGE,,,ORDINARY_MARQUEE_CANDIDATE,0,,,
database:1597,RETAIN_EXISTING,1597,fragments/1832/02/01-img2997,1832-02-01,1,1,1,AUTO_MATCHED_EXACT,MATCHED_CONTENT,false,MARQUEE,NO_EMBEDDED_IMAGE,KEEP_EXISTING,985,INVENTORY_MARQUEE,SAFE_TYPED_FRAGMENT_STAGE,,,ORDINARY_MARQUEE_CANDIDATE,0,,,
database:1598,RETAIN_EXISTING,1598,fragments/1832/02/02-img2997,1832-02-02,1,1,1,AUTO_MATCHED_EXACT,MATCHED_CONTENT,false,MARQUEE,NO_EMBEDDED_IMAGE,KEEP_EXISTING,985,INVENTORY_MARQUEE,SAFE_TYPED_FRAGMENT_STAGE,,,ORDINARY_MARQUEE_CANDIDATE,0,,,
database:1599,RETAIN_EXISTING,1599,fragments/1832/02/03-img2997,1832-02-03,1,1,1,AUTO_MATCHED_EXACT,MATCHED_CONTENT,false,MARQUEE,NO_EMBEDDED_IMAGE,KEEP_EXISTING,985,INVENTORY_MARQUEE,SAFE_TYPED_FRAGMENT_STAGE,,,ORDINARY_MARQUEE_CANDIDATE,0,,,
database:1600,RETAIN_EXISTING,1600,fragments/1832/02/04-img2997,1832-02-04,1,1,1,AUTO_MATCHED_EXACT,MATCHED_CONTENT,false,MARQUEE,NO_EMBEDDED_IMAGE,KEEP_EXISTING,985,INVENTORY_MARQUEE,SAFE_TYPED_FRAGMENT_STAGE,,,ORDINARY_MARQUEE_CANDIDATE,0,,,
database:1601,RETAIN_EXISTING,1601,fragments/1832/02/05-img2997,1832-02-05,1,1,1,AUTO_MATCHED_EXACT,MATCHED_CONTENT,false,MARQUEE,NO_EMBEDDED_IMAGE,KEEP_EXISTING,985,INVENTORY_MARQUEE,SAFE_TYPED_FRAGMENT_STAGE,,,ORDINARY_MARQUEE_CANDIDATE,0,,,
database:1602,RETAIN_EXISTING,1602,fragments/1832/02/06-img2998,1832-02-06,1,1,1,AUTO_MATCHED_EXACT,MATCHED_CONTENT,false,MARQUEE,NO_EMBEDDED_IMAGE,KEEP_EXISTING,986,INVENTORY_MARQUEE,SAFE_TYPED_FRAGMENT_STAGE,,,ORDINARY_MARQUEE_CANDIDATE,0,,,
database:1603,RETAIN_EXISTING,1603,fragments/1832/02/07-img2998,1832-02-07,1,1,1,AUTO_MATCHED_EXACT,MATCHED_CONTENT,false,MARQUEE,NO_EMBEDDED_IMAGE,KEEP_EXISTING,986,INVENTORY_MARQUEE,SAFE_TYPED_FRAGMENT_STAGE,,,ORDINARY_MARQUEE_CANDIDATE,0,,,
database:1604,RETAIN_EXISTING,1604,fragments/1832/02/08-img2998,1832-02-08,1,1,1,AUTO_MATCHED_EXACT,MATCHED_CONTENT,false,MARQUEE,NO_EMBEDDED_IMAGE,KEEP_EXISTING,986,INVENTORY_MARQUEE,SAFE_TYPED_FRAGMENT_STAGE,,,ORDINARY_MARQUEE_CANDIDATE,0,,,
database:1605,RETAIN_EXISTING,1605,fragments/1832/02/09-img2998,1832-02-09,1,1,1,AUTO_MATCHED_EXACT,MATCHED_CONTENT,false,MARQUEE,NO_EMBEDDED_IMAGE,KEEP_EXISTING,986,INVENTORY_MARQUEE,SAFE_TYPED_FRAGMENT_STAGE,,,ORDINARY_MARQUEE_CANDIDATE,0,,,
database:1606,RETAIN_EXISTING,1606,fragments/1832/02/10-img2998,1832-02-10,1,1,1,AUTO_MATCHED_EXACT,MATCHED_CONTENT,false,MARQUEE,NO_EMBEDDED_IMAGE,KEEP_EXISTING,986,INVENTORY_MARQUEE,SAFE_TYPED_FRAGMENT_STAGE,,,ORDINARY_MARQUEE_CANDIDATE,0,,,
database:1607,RETAIN_EXISTING,1607,fragments/1832/02/11-img2998,1832-02-11,1,1,1,AUTO_MATCHED_EXACT,MATCHED_CONTENT,false,MARQUEE,NO_EMBEDDED_IMAGE,KEEP_EXISTING,986,INVENTORY_MARQUEE,SAFE_TYPED_FRAGMENT_STAGE,,,ORDINARY_MARQUEE_CANDIDATE,0,,,
database:1608,RETAIN_EXISTING,1608,fragments/1832/02/12-img2998,1832-02-12,1,1,1,AUTO_MATCHED_EXACT,MATCHED_CONTENT,false,MARQUEE,NO_EMBEDDED_IMAGE,KEEP_EXISTING,986,INVENTORY_MARQUEE,SAFE_TYPED_FRAGMENT_STAGE,,,ORDINARY_MARQUEE_CANDIDATE,0,,,
database:1609,RETAIN_EXISTING,1609,fragments/1832/02/13-img2999,1832-02-13,1,1,1,AUTO_MATCHED_EXACT,MATCHED_CONTENT,false,MARQUEE,NO_EMBEDDED_IMAGE,KEEP_EXISTING,987,INVENTORY_MARQUEE,SAFE_TYPED_FRAGMENT_STAGE,,,ORDINARY_MARQUEE_CANDIDATE,0,,,
database:1610,RETAIN_EXISTING,1610,fragments/1832/02/14-img2999,1832-02-14,1,1,1,AUTO_MATCHED_EXACT,MATCHED_CONTENT,false,MARQUEE,NO_EMBEDDED_IMAGE,KEEP_EXISTING,987,INVENTORY_MARQUEE,SAFE_TYPED_FRAGMENT_STAGE,,,ORDINARY_MARQUEE_CANDIDATE,0,,,
database:1611,RETAIN_EXISTING,1611,fragments/1832/02/15-img2999,1832-02-15,1,1,1,AUTO_MATCHED_EXACT,MATCHED_CONTENT,false,MARQUEE,NO_EMBEDDED_IMAGE,KEEP_EXISTING,987,INVENTORY_MARQUEE,SAFE_TYPED_FRAGMENT_STAGE,,,ORDINARY_MARQUEE_CANDIDATE,0,,,
database:1612,RETAIN_EXISTING,1612,fragments/1832/02/16-img2999,1832-02-16,1,1,1,AUTO_MATCHED_EXACT,MATCHED_CONTENT,false,MARQUEE,NO_EMBEDDED_IMAGE,KEEP_EXISTING,987,INVENTORY_MARQUEE,SAFE_TYPED_FRAGMENT_STAGE,,,ORDINARY_MARQUEE_CANDIDATE,0,,,
database:1613,RETAIN_EXISTING,1613,fragments/1832/02/17-img2999,1832-02-17,1,1,1,AUTO_MATCHED_EXACT,MATCHED_CONTENT,false,MARQUEE,NO_EMBEDDED_IMAGE,KEEP_EXISTING,987,INVENTORY_MARQUEE,SAFE_TYPED_FRAGMENT_STAGE,,,ORDINARY_MARQUEE_CANDIDATE,0,,,
database:1614,RETAIN_EXISTING,1614,fragments/1832/02/18-img2999,1832-02-18,1,1,1,AUTO_MATCHED_EXACT,MATCHED_CONTENT,false,MARQUEE,NO_EMBEDDED_IMAGE,KEEP_EXISTING,987,INVENTORY_MARQUEE,SAFE_TYPED_FRAGMENT_STAGE,,,ORDINARY_MARQUEE_CANDIDATE,0,,,
database:1615,RETAIN_EXISTING,1615,fragments/1832/02/19-img2999,1832-02-19,1,1,1,AUTO_MATCHED_EXACT,MATCHED_CONTENT,false,MARQUEE,NO_EMBEDDED_IMAGE,KEEP_EXISTING,987,INVENTORY_MARQUEE,SAFE_TYPED_FRAGMENT_STAGE,,,ORDINARY_MARQUEE_CANDIDATE,0,,,
database:1616,RETAIN_EXISTING,1616,fragments/1832/02/20-img3001,1832-02-20,1,1,1,AUTO_MATCHED_EXACT,MATCHED_CONTENT,false,MARQUEE,NO_EMBEDDED_IMAGE,KEEP_EXISTING,988,INVENTORY_MARQUEE,SAFE_TYPED_FRAGMENT_STAGE,,,ORDINARY_MARQUEE_CANDIDATE,0,,,
database:1617,RETAIN_EXISTING,1617,fragments/1832/02/21-img3001,1832-02-21,1,1,1,AUTO_MATCHED_EXACT,MATCHED_CONTENT,false,MARQUEE,NO_EMBEDDED_IMAGE,KEEP_EXISTING,988,INVENTORY_MARQUEE,SAFE_TYPED_FRAGMENT_STAGE,,,ORDINARY_MARQUEE_CANDIDATE,0,,,
database:1618,RETAIN_EXISTING,1618,fragments/1832/02/22-img3001,1832-02-22,1,1,1,AUTO_MATCHED_EXACT,MATCHED_CONTENT,false,MARQUEE,NO_EMBEDDED_IMAGE,KEEP_EXISTING,988,INVENTORY_MARQUEE,SAFE_TYPED_FRAGMENT_STAGE,,,ORDINARY_MARQUEE_CANDIDATE,0,,,
database:1619,RETAIN_EXISTING,1619,fragments/1832/02/23-img3001,1832-02-23,1,1,1,AUTO_MATCHED_EXACT,MATCHED_CONTENT,false,MARQUEE,NO_EMBEDDED_IMAGE,KEEP_EXISTING,988,INVENTORY_MARQUEE,SAFE_TYPED_FRAGMENT_STAGE,,,ORDINARY_MARQUEE_CANDIDATE,0,,,
database:1620,RETAIN_EXISTING,1620,fragments/1832/02/24-img3001,1832-02-24,1,1,1,AUTO_MATCHED_EXACT,MATCHED_CONTENT,false,MARQUEE,NO_EMBEDDED_IMAGE,KEEP_EXISTING,988,INVENTORY_MARQUEE,SAFE_TYPED_FRAGMENT_STAGE,,,ORDINARY_MARQUEE_CANDIDATE,0,,,
database:1621,RETAIN_EXISTING,1621,fragments/1832/02/25-img3001,1832-02-25,1,1,1,AUTO_MATCHED_EXACT,MATCHED_CONTENT,false,MARQUEE,NO_EMBEDDED_IMAGE,KEEP_EXISTING,988,INVENTORY_MARQUEE,SAFE_TYPED_FRAGMENT_STAGE,,,ORDINARY_MARQUEE_CANDIDATE,0,,,
database:1622,RETAIN_EXISTING,1622,fragments/1832/02/26-img3001,1832-02-26,1,1,1,AUTO_MATCHED_EXACT,MATCHED_CONTENT,false,MARQUEE,NO_EMBEDDED_IMAGE,KEEP_EXISTING,988,INVENTORY_MARQUEE,SAFE_TYPED_FRAGMENT_STAGE,,,ORDINARY_MARQUEE_CANDIDATE,0,,,
database:1623,RETAIN_EXISTING,1623,fragments/1832/02/27-img3002,1832-02-27,1,1,1,AUTO_MATCHED_EXACT,MATCHED_CONTENT,false,MARQUEE,NO_EMBEDDED_IMAGE,KEEP_EXISTING,989,INVENTORY_MARQUEE,SAFE_TYPED_FRAGMENT_STAGE,,,ORDINARY_MARQUEE_CANDIDATE,0,,,
database:1624,RETAIN_EXISTING,1624,fragments/1832/02/28-img3002,1832-02-28,1,1,1,AUTO_MATCHED_EXACT,MATCHED_CONTENT,false,MARQUEE,NO_EMBEDDED_IMAGE,KEEP_EXISTING,989,INVENTORY_MARQUEE,SAFE_TYPED_FRAGMENT_STAGE,,,ORDINARY_MARQUEE_CANDIDATE,0,,,
database:1625,RETAIN_EXISTING,1625,fragments/1832/02/29-img3002,1832-02-29,1,1,1,AUTO_MATCHED_EXACT,MATCHED_CONTENT,false,MARQUEE,NO_EMBEDDED_IMAGE,KEEP_EXISTING,989,INVENTORY_MARQUEE,SAFE_TYPED_FRAGMENT_STAGE,,,ORDINARY_MARQUEE_CANDIDATE,0,,,
database:1626,RETAIN_EXISTING,1626,fragments/1832/03/01-img3002,1832-03-01,1,1,1,AUTO_MATCHED_EXACT,MATCHED_CONTENT,false,MARQUEE,NO_EMBEDDED_IMAGE,KEEP_EXISTING,989,INVENTORY_MARQUEE,SAFE_TYPED_FRAGMENT_STAGE,,,ORDINARY_MARQUEE_CANDIDATE,0,,,
database:1627,RETAIN_EXISTING,1627,fragments/1832/03/02-img3002,1832-03-02,1,1,1,AUTO_MATCHED_EXACT,MATCHED_CONTENT,false,MARQUEE,NO_EMBEDDED_IMAGE,KEEP_EXISTING,989,INVENTORY_MARQUEE,SAFE_TYPED_FRAGMENT_STAGE,,,ORDINARY_MARQUEE_CANDIDATE,0,,,
database:1628,RETAIN_EXISTING,1628,fragments/1832/03/03-img3002,1832-03-03,1,1,1,AUTO_MATCHED_EXACT,MATCHED_CONTENT,false,MARQUEE,NO_EMBEDDED_IMAGE,KEEP_EXISTING,989,INVENTORY_MARQUEE,SAFE_TYPED_FRAGMENT_STAGE,,,ORDINARY_MARQUEE_CANDIDATE,0,,,
database:1629,RETAIN_EXISTING,1629,fragments/1832/03/04-img3002,1832-03-04,1,1,1,AUTO_MATCHED_EXACT,MATCHED_CONTENT,false,MARQUEE,NO_EMBEDDED_IMAGE,KEEP_EXISTING,989,INVENTORY_MARQUEE,SAFE_TYPED_FRAGMENT_STAGE,,,ORDINARY_MARQUEE_CANDIDATE,0,,,
database:1630,RETAIN_EXISTING,1630,fragments/1832/03/05-img3003,1832-03-05,1,1,1,AUTO_MATCHED_EXACT,MATCHED_CONTENT,false,MARQUEE,NO_EMBEDDED_IMAGE,KEEP_EXISTING,990,INVENTORY_MARQUEE,SAFE_TYPED_FRAGMENT_STAGE,,,ORDINARY_MARQUEE_CANDIDATE,0,,,
database:1631,RETAIN_EXISTING,1631,fragments/1832/03/06-img3003,1832-03-06,1,1,1,AUTO_MATCHED_EXACT,MATCHED_CONTENT,false,MARQUEE,NO_EMBEDDED_IMAGE,KEEP_EXISTING,990,INVENTORY_MARQUEE,SAFE_TYPED_FRAGMENT_STAGE,,,ORDINARY_MARQUEE_CANDIDATE,0,,,
database:1632,RETAIN_EXISTING,1632,fragments/1832/03/07-img3003,1832-03-07,1,1,1,AUTO_MATCHED_EXACT,MATCHED_CONTENT,false,MARQUEE,NO_EMBEDDED_IMAGE,KEEP_EXISTING,990,INVENTORY_MARQUEE,SAFE_TYPED_FRAGMENT_STAGE,,,ORDINARY_MARQUEE_CANDIDATE,0,,,
database:1633,RETAIN_EXISTING,1633,fragments/1832/03/08-img3003,1832-03-08,1,1,1,AUTO_MATCHED_EXACT,MATCHED_CONTENT,false,MARQUEE,NO_EMBEDDED_IMAGE,KEEP_EXISTING,990,INVENTORY_MARQUEE,SAFE_TYPED_FRAGMENT_STAGE,,,ORDINARY_MARQUEE_CANDIDATE,0,,,
database:1634,RETAIN_EXISTING,1634,fragments/1832/03/09-img3003,1832-03-09,1,1,1,AUTO_MATCHED_EXACT,MATCHED_CONTENT,false,MARQUEE,NO_EMBEDDED_IMAGE,KEEP_EXISTING,990,INVENTORY_MARQUEE,SAFE_TYPED_FRAGMENT_STAGE,,,ORDINARY_MARQUEE_CANDIDATE,0,,,
database:1635,RETAIN_EXISTING,1635,fragments/1832/03/10-img3003,1832-03-10,1,1,1,AUTO_MATCHED_EXACT,MATCHED_CONTENT,false,MARQUEE,NO_EMBEDDED_IMAGE,KEEP_EXISTING,990,INVENTORY_MARQUEE,SAFE_TYPED_FRAGMENT_STAGE,,,ORDINARY_MARQUEE_CANDIDATE,0,,,
database:1636,RETAIN_EXISTING,1636,fragments/1832/03/11-img3003,1832-03-11,1,1,1,AUTO_MATCHED_EXACT,MATCHED_CONTENT,false,MARQUEE,NO_EMBEDDED_IMAGE,KEEP_EXISTING,990,INVENTORY_MARQUEE,SAFE_TYPED_FRAGMENT_STAGE,,,ORDINARY_MARQUEE_CANDIDATE,0,,,
database:1637,RETAIN_EXISTING,1637,fragments/1832/03/12-img3004,1832-03-12,1,1,1,AUTO_MATCHED_EXACT,MATCHED_CONTENT,false,MARQUEE,NO_EMBEDDED_IMAGE,KEEP_EXISTING,991,INVENTORY_MARQUEE,SAFE_TYPED_FRAGMENT_STAGE,,,ORDINARY_MARQUEE_CANDIDATE,0,,,
database:1638,RETAIN_EXISTING,1638,fragments/1832/03/13-img3004,1832-03-13,1,1,1,AUTO_MATCHED_EXACT,MATCHED_CONTENT,false,MARQUEE,NO_EMBEDDED_IMAGE,KEEP_EXISTING,991,INVENTORY_MARQUEE,SAFE_TYPED_FRAGMENT_STAGE,,,ORDINARY_MARQUEE_CANDIDATE,0,,,
database:1639,RETAIN_EXISTING,1639,fragments/1832/03/14-img3004,1832-03-14,1,1,1,AUTO_MATCHED_EXACT,MATCHED_CONTENT,false,MARQUEE,NO_EMBEDDED_IMAGE,KEEP_EXISTING,991,INVENTORY_MARQUEE,SAFE_TYPED_FRAGMENT_STAGE,,,ORDINARY_MARQUEE_CANDIDATE,0,,,
database:1640,RETAIN_EXISTING,1640,fragments/1832/03/15-img3004,1832-03-15,1,1,1,AUTO_MATCHED_EXACT,MATCHED_CONTENT,false,MARQUEE,NO_EMBEDDED_IMAGE,KEEP_EXISTING,991,INVENTORY_MARQUEE,SAFE_TYPED_FRAGMENT_STAGE,,,ORDINARY_MARQUEE_CANDIDATE,0,,,
database:1641,RETAIN_EXISTING,1641,fragments/1832/03/16-img3004,1832-03-16,1,1,1,AUTO_MATCHED_EXACT,MATCHED_CONTENT,false,MARQUEE,NO_EMBEDDED_IMAGE,KEEP_EXISTING,991,INVENTORY_MARQUEE,SAFE_TYPED_FRAGMENT_STAGE,,,ORDINARY_MARQUEE_CANDIDATE,0,,,
database:1642,RETAIN_EXISTING,1642,fragments/1832/03/17-img3004,1832-03-17,1,1,1,AUTO_MATCHED_EXACT,MATCHED_CONTENT,false,MARQUEE,NO_EMBEDDED_IMAGE,KEEP_EXISTING,991,INVENTORY_MARQUEE,SAFE_TYPED_FRAGMENT_STAGE,,,ORDINARY_MARQUEE_CANDIDATE,0,,,
database:1643,RETAIN_EXISTING,1643,fragments/1832/03/18-img3004,1832-03-18,1,1,1,AUTO_MATCHED_EXACT,MATCHED_CONTENT,false,MARQUEE,NO_EMBEDDED_IMAGE,KEEP_EXISTING,991,INVENTORY_MARQUEE,SAFE_TYPED_FRAGMENT_STAGE,,,ORDINARY_MARQUEE_CANDIDATE,0,,,
database:1644,RETAIN_EXISTING,1644,fragments/1832/03/19-img3005,1832-03-19,1,1,1,AUTO_MATCHED_EXACT,MATCHED_CONTENT,false,MARQUEE,NO_EMBEDDED_IMAGE,KEEP_EXISTING,992,INVENTORY_MARQUEE,SAFE_TYPED_FRAGMENT_STAGE,,,ORDINARY_MARQUEE_CANDIDATE,0,,,
database:1645,RETAIN_EXISTING,1645,fragments/1832/03/20-img3005,1832-03-20,1,1,1,AUTO_MATCHED_EXACT,MATCHED_CONTENT,false,MARQUEE,NO_EMBEDDED_IMAGE,KEEP_EXISTING,992,INVENTORY_MARQUEE,SAFE_TYPED_FRAGMENT_STAGE,,,ORDINARY_MARQUEE_CANDIDATE,0,,,
database:1646,RETAIN_EXISTING,1646,fragments/1832/03/21-img3005,1832-03-21,1,1,1,AUTO_MATCHED_EXACT,MATCHED_CONTENT,false,MARQUEE,NO_EMBEDDED_IMAGE,KEEP_EXISTING,992,INVENTORY_MARQUEE,SAFE_TYPED_FRAGMENT_STAGE,,,ORDINARY_MARQUEE_CANDIDATE,0,,,
database:1647,RETAIN_EXISTING,1647,fragments/1832/03/22-img3005,1832-03-22,1,1,1,AUTO_MATCHED_EXACT,MATCHED_CONTENT,false,MARQUEE,NO_EMBEDDED_IMAGE,KEEP_EXISTING,992,INVENTORY_MARQUEE,SAFE_TYPED_FRAGMENT_STAGE,,,ORDINARY_MARQUEE_CANDIDATE,0,,,
database:1648,RETAIN_EXISTING,1648,fragments/1832/03/23-img3005,1832-03-23,1,1,1,AUTO_MATCHED_EXACT,MATCHED_CONTENT,false,MARQUEE,NO_EMBEDDED_IMAGE,KEEP_EXISTING,992,INVENTORY_MARQUEE,SAFE_TYPED_FRAGMENT_STAGE,,,ORDINARY_MARQUEE_CANDIDATE,0,,,
database:1649,RETAIN_EXISTING,1649,fragments/1832/03/24-img3005,1832-03-24,1,1,1,AUTO_MATCHED_EXACT,MATCHED_CONTENT,false,MARQUEE,NO_EMBEDDED_IMAGE,KEEP_EXISTING,992,INVENTORY_MARQUEE,SAFE_TYPED_FRAGMENT_STAGE,,,ORDINARY_MARQUEE_CANDIDATE,0,,,
database:1650,RETAIN_EXISTING,1650,fragments/1832/03/25-img3005,1832-03-25,1,1,1,AUTO_MATCHED_EXACT,MATCHED_CONTENT,false,MARQUEE,NO_EMBEDDED_IMAGE,KEEP_EXISTING,992,INVENTORY_MARQUEE,SAFE_TYPED_FRAGMENT_STAGE,,,ORDINARY_MARQUEE_CANDIDATE,0,,,
database:1651,RETAIN_EXISTING,1651,fragments/1832/03/26-img3006,1832-03-26,1,1,1,AUTO_MATCHED_EXACT,MATCHED_CONTENT,false,MARQUEE,NO_EMBEDDED_IMAGE,KEEP_EXISTING,993,INVENTORY_MARQUEE,SAFE_TYPED_FRAGMENT_STAGE,,,ORDINARY_MARQUEE_CANDIDATE,0,,,
database:1652,RETAIN_EXISTING,1652,fragments/1832/03/27-img3006,1832-03-27,1,1,1,AUTO_MATCHED_EXACT,MATCHED_CONTENT,false,MARQUEE,NO_EMBEDDED_IMAGE,KEEP_EXISTING,993,INVENTORY_MARQUEE,SAFE_TYPED_FRAGMENT_STAGE,,,ORDINARY_MARQUEE_CANDIDATE,0,,,
database:1653,RETAIN_EXISTING,1653,fragments/1832/03/28-img3006,1832-03-28,1,1,1,AUTO_MATCHED_EXACT,MATCHED_CONTENT,false,MARQUEE,NO_EMBEDDED_IMAGE,KEEP_EXISTING,993,INVENTORY_MARQUEE,SAFE_TYPED_FRAGMENT_STAGE,,,ORDINARY_MARQUEE_CANDIDATE,0,,,
database:1654,RETAIN_EXISTING,1654,fragments/1832/03/29-img3006,1832-03-29,1,1,1,AUTO_MATCHED_EXACT,MATCHED_CONTENT,false,MARQUEE,NO_EMBEDDED_IMAGE,KEEP_EXISTING,993,INVENTORY_MARQUEE,SAFE_TYPED_FRAGMENT_STAGE,,,ORDINARY_MARQUEE_CANDIDATE,0,,,
database:1655,RETAIN_EXISTING,1655,fragments/1832/03/30-img3006,1832-03-30,1,1,1,AUTO_MATCHED_EXACT,MATCHED_CONTENT,false,MARQUEE,NO_EMBEDDED_IMAGE,KEEP_EXISTING,993,INVENTORY_MARQUEE,SAFE_TYPED_FRAGMENT_STAGE,,,ORDINARY_MARQUEE_CANDIDATE,0,,,
database:1656,RETAIN_EXISTING,1656,fragments/1832/03/31-img3006,1832-03-31,1,1,1,AUTO_MATCHED_EXACT,MATCHED_CONTENT,false,MARQUEE,NO_EMBEDDED_IMAGE,KEEP_EXISTING,993,INVENTORY_MARQUEE,SAFE_TYPED_FRAGMENT_STAGE,,,ORDINARY_MARQUEE_CANDIDATE,0,,,
database:1657,RETAIN_EXISTING,1657,fragments/1832/04/01-img3006,1832-04-01,1,1,1,AUTO_MATCHED_EXACT,MATCHED_CONTENT,false,MARQUEE,NO_EMBEDDED_IMAGE,KEEP_EXISTING,993,INVENTORY_MARQUEE,SAFE_TYPED_FRAGMENT_STAGE,,,ORDINARY_MARQUEE_CANDIDATE,0,,,
database:1658,RETAIN_EXISTING,1658,fragments/1832/04/02-img3007,1832-04-02,1,1,1,AUTO_MATCHED_EXACT,MATCHED_CONTENT,false,MARQUEE,NO_EMBEDDED_IMAGE,KEEP_EXISTING,994,INVENTORY_MARQUEE,SAFE_TYPED_FRAGMENT_STAGE,,,ORDINARY_MARQUEE_CANDIDATE,0,,,
database:1659,RETAIN_EXISTING,1659,fragments/1832/04/03-img3007,1832-04-03,1,1,1,AUTO_MATCHED_EXACT,MATCHED_CONTENT,false,MARQUEE,NO_EMBEDDED_IMAGE,KEEP_EXISTING,994,INVENTORY_MARQUEE,SAFE_TYPED_FRAGMENT_STAGE,,,ORDINARY_MARQUEE_CANDIDATE,0,,,
database:1660,RETAIN_EXISTING,1660,fragments/1832/04/04-img3007,1832-04-04,1,1,1,AUTO_MATCHED_EXACT,MATCHED_CONTENT,false,MARQUEE,NO_EMBEDDED_IMAGE,KEEP_EXISTING,994,INVENTORY_MARQUEE,SAFE_TYPED_FRAGMENT_STAGE,,,ORDINARY_MARQUEE_CANDIDATE,0,,,
database:1661,RETAIN_EXISTING,1661,fragments/1832/04/05-img3007,1832-04-05,1,1,1,AUTO_MATCHED_EXACT,MATCHED_CONTENT,false,MARQUEE,NO_EMBEDDED_IMAGE,KEEP_EXISTING,994,INVENTORY_MARQUEE,SAFE_TYPED_FRAGMENT_STAGE,,,ORDINARY_MARQUEE_CANDIDATE,0,,,
database:1662,RETAIN_EXISTING,1662,fragments/1832/04/06-img3007,1832-04-06,1,1,1,AUTO_MATCHED_EXACT,MATCHED_CONTENT,false,MARQUEE,NO_EMBEDDED_IMAGE,KEEP_EXISTING,994,INVENTORY_MARQUEE,SAFE_TYPED_FRAGMENT_STAGE,,,ORDINARY_MARQUEE_CANDIDATE,0,,,
database:1663,RETAIN_EXISTING,1663,fragments/1832/04/07-img3007,1832-04-07,1,1,1,AUTO_MATCHED_EXACT,MATCHED_CONTENT,false,MARQUEE,NO_EMBEDDED_IMAGE,KEEP_EXISTING,994,INVENTORY_MARQUEE,SAFE_TYPED_FRAGMENT_STAGE,,,ORDINARY_MARQUEE_CANDIDATE,0,,,
database:1664,RETAIN_EXISTING,1664,fragments/1832/04/08-img3007,1832-04-08,1,1,1,AUTO_MATCHED_EXACT,MATCHED_CONTENT,false,MARQUEE,NO_EMBEDDED_IMAGE,KEEP_EXISTING,994,INVENTORY_MARQUEE,SAFE_TYPED_FRAGMENT_STAGE,,,ORDINARY_MARQUEE_CANDIDATE,0,,,
database:1665,RETAIN_EXISTING,1665,fragments/1832/04/09-img3008,1832-04-09,1,1,1,AUTO_MATCHED_EXACT,MATCHED_CONTENT,false,MARQUEE,NO_EMBEDDED_IMAGE,KEEP_EXISTING,995,INVENTORY_MARQUEE,SAFE_TYPED_FRAGMENT_STAGE,,,ORDINARY_MARQUEE_CANDIDATE,0,,,
database:1666,RETAIN_EXISTING,1666,fragments/1832/04/10-img3008,1832-04-10,1,1,1,AUTO_MATCHED_EXACT,MATCHED_CONTENT,false,MARQUEE,NO_EMBEDDED_IMAGE,KEEP_EXISTING,995,INVENTORY_MARQUEE,SAFE_TYPED_FRAGMENT_STAGE,,,ORDINARY_MARQUEE_CANDIDATE,0,,,
database:1667,RETAIN_EXISTING,1667,fragments/1832/04/11-img3008,1832-04-11,1,1,1,AUTO_MATCHED_EXACT,MATCHED_CONTENT,false,MARQUEE,NO_EMBEDDED_IMAGE,KEEP_EXISTING,995,INVENTORY_MARQUEE,SAFE_TYPED_FRAGMENT_STAGE,,,ORDINARY_MARQUEE_CANDIDATE,0,,,
database:1668,RETAIN_EXISTING,1668,fragments/1832/04/12-img3008,1832-04-12,1,1,1,AUTO_MATCHED_EXACT,MATCHED_CONTENT,false,MARQUEE,NO_EMBEDDED_IMAGE,KEEP_EXISTING,995,INVENTORY_MARQUEE,SAFE_TYPED_FRAGMENT_STAGE,,,ORDINARY_MARQUEE_CANDIDATE,0,,,
database:1669,RETAIN_EXISTING,1669,fragments/1832/04/13-img3008,1832-04-13,1,1,1,AUTO_MATCHED_EXACT,MATCHED_CONTENT,false,MARQUEE,NO_EMBEDDED_IMAGE,KEEP_EXISTING,995,INVENTORY_MARQUEE,SAFE_TYPED_FRAGMENT_STAGE,,,ORDINARY_MARQUEE_CANDIDATE,0,,,
database:1670,RETAIN_EXISTING,1670,fragments/1832/04/14-img3008,1832-04-14,1,1,1,AUTO_MATCHED_EXACT,MATCHED_CONTENT,false,MARQUEE,NO_EMBEDDED_IMAGE,KEEP_EXISTING,995,INVENTORY_MARQUEE,SAFE_TYPED_FRAGMENT_STAGE,,,ORDINARY_MARQUEE_CANDIDATE,0,,,
database:1671,RETAIN_EXISTING,1671,fragments/1832/04/15-img3008,1832-04-15,1,1,1,AUTO_MATCHED_EXACT,MATCHED_CONTENT,false,MARQUEE,NO_EMBEDDED_IMAGE,KEEP_EXISTING,995,INVENTORY_MARQUEE,SAFE_TYPED_FRAGMENT_STAGE,,,ORDINARY_MARQUEE_CANDIDATE,0,,,
database:1672,RETAIN_EXISTING,1672,fragments/1832/04/16-img3009,1832-04-16,1,1,1,AUTO_MATCHED_EXACT,MATCHED_CONTENT,false,MARQUEE,NO_EMBEDDED_IMAGE,KEEP_EXISTING,996,INVENTORY_MARQUEE,SAFE_TYPED_FRAGMENT_STAGE,,,ORDINARY_MARQUEE_CANDIDATE,0,,,
database:1673,RETAIN_EXISTING,1673,fragments/1832/04/17-img3009,1832-04-17,1,1,1,AUTO_MATCHED_EXACT,MATCHED_CONTENT,false,MARQUEE,NO_EMBEDDED_IMAGE,KEEP_EXISTING,996,INVENTORY_MARQUEE,SAFE_TYPED_FRAGMENT_STAGE,,,ORDINARY_MARQUEE_CANDIDATE,0,,,
database:1674,RETAIN_EXISTING,1674,fragments/1832/04/18-img3009,1832-04-18,1,1,1,AUTO_MATCHED_EXACT,MATCHED_CONTENT,false,MARQUEE,NO_EMBEDDED_IMAGE,KEEP_EXISTING,996,INVENTORY_MARQUEE,SAFE_TYPED_FRAGMENT_STAGE,,,ORDINARY_MARQUEE_CANDIDATE,0,,,
database:1675,RETAIN_EXISTING,1675,fragments/1832/04/19-img3009,1832-04-19,1,1,1,AUTO_MATCHED_EXACT,MATCHED_CONTENT,false,MARQUEE,NO_EMBEDDED_IMAGE,KEEP_EXISTING,996,INVENTORY_MARQUEE,SAFE_TYPED_FRAGMENT_STAGE,,,ORDINARY_MARQUEE_CANDIDATE,0,,,
database:1676,RETAIN_EXISTING,1676,fragments/1832/04/20-img3009,1832-04-20,1,1,1,AUTO_MATCHED_EXACT,MATCHED_CONTENT,false,MARQUEE,NO_EMBEDDED_IMAGE,KEEP_EXISTING,996,INVENTORY_MARQUEE,SAFE_TYPED_FRAGMENT_STAGE,,,ORDINARY_MARQUEE_CANDIDATE,0,,,
database:1677,RETAIN_EXISTING,1677,fragments/1832/04/21-img3009,1832-04-21,1,1,1,AUTO_MATCHED_EXACT,MATCHED_CONTENT,false,MARQUEE,NO_EMBEDDED_IMAGE,KEEP_EXISTING,996,INVENTORY_MARQUEE,SAFE_TYPED_FRAGMENT_STAGE,,,ORDINARY_MARQUEE_CANDIDATE,0,,,
database:1678,RETAIN_EXISTING,1678,fragments/1832/04/22-img3009,1832-04-22,1,1,1,AUTO_MATCHED_EXACT,MATCHED_CONTENT,false,MARQUEE,NO_EMBEDDED_IMAGE,KEEP_EXISTING,996,INVENTORY_MARQUEE,SAFE_TYPED_FRAGMENT_STAGE,,,ORDINARY_MARQUEE_CANDIDATE,0,,,
database:1679,RETAIN_EXISTING,1679,fragments/1832/04/23-img3010,1832-04-23,1,1,1,AUTO_MATCHED_EXACT,MATCHED_CONTENT,false,MARQUEE,NO_EMBEDDED_IMAGE,KEEP_EXISTING,997,INVENTORY_MARQUEE,SAFE_TYPED_FRAGMENT_STAGE,,,ORDINARY_MARQUEE_CANDIDATE,0,,,
database:1680,RETAIN_EXISTING,1680,fragments/1832/04/24-img3010,1832-04-24,1,1,1,AUTO_MATCHED_EXACT,MATCHED_CONTENT,false,MARQUEE,NO_EMBEDDED_IMAGE,KEEP_EXISTING,997,INVENTORY_MARQUEE,SAFE_TYPED_FRAGMENT_STAGE,,,ORDINARY_MARQUEE_CANDIDATE,0,,,
database:1681,RETAIN_EXISTING,1681,fragments/1832/04/25-img3010,1832-04-25,1,1,1,AUTO_MATCHED_EXACT,MATCHED_CONTENT,false,MARQUEE,NO_EMBEDDED_IMAGE,KEEP_EXISTING,997,INVENTORY_MARQUEE,SAFE_TYPED_FRAGMENT_STAGE,,,ORDINARY_MARQUEE_CANDIDATE,0,,,
database:1682,RETAIN_EXISTING,1682,fragments/1832/04/26-img3010,1832-04-26,1,1,1,AUTO_MATCHED_EXACT,MATCHED_CONTENT,false,MARQUEE,NO_EMBEDDED_IMAGE,KEEP_EXISTING,997,INVENTORY_MARQUEE,SAFE_TYPED_FRAGMENT_STAGE,,,ORDINARY_MARQUEE_CANDIDATE,0,,,
database:1683,RETAIN_EXISTING,1683,fragments/1832/04/27-img3010,1832-04-27,1,1,1,AUTO_MATCHED_EXACT,MATCHED_CONTENT,false,MARQUEE,NO_EMBEDDED_IMAGE,KEEP_EXISTING,997,INVENTORY_MARQUEE,SAFE_TYPED_FRAGMENT_STAGE,,,ORDINARY_MARQUEE_CANDIDATE,0,,,
database:1684,RETAIN_EXISTING,1684,fragments/1832/04/28-img3010,1832-04-28,1,1,1,AUTO_MATCHED_EXACT,MATCHED_CONTENT,false,MARQUEE,NO_EMBEDDED_IMAGE,KEEP_EXISTING,997,INVENTORY_MARQUEE,SAFE_TYPED_FRAGMENT_STAGE,,,ORDINARY_MARQUEE_CANDIDATE,0,,,
database:1685,RETAIN_EXISTING,1685,fragments/1832/04/29-img3010,1832-04-29,1,1,1,AUTO_MATCHED_EXACT,MATCHED_CONTENT,false,MARQUEE,NO_EMBEDDED_IMAGE,KEEP_EXISTING,997,INVENTORY_MARQUEE,SAFE_TYPED_FRAGMENT_STAGE,,,ORDINARY_MARQUEE_CANDIDATE,0,,,
database:1686,RETAIN_EXISTING,1686,fragments/1832/04/30-img3011,1832-04-30,1,1,1,AUTO_MATCHED_EXACT,MATCHED_CONTENT,false,MARQUEE,NO_EMBEDDED_IMAGE,KEEP_EXISTING,998,INVENTORY_MARQUEE,SAFE_TYPED_FRAGMENT_STAGE,,,ORDINARY_MARQUEE_CANDIDATE,0,,,
database:1687,RETAIN_EXISTING,1687,fragments/1832/05/01-img3011,1832-05-01,1,1,1,AUTO_MATCHED_EXACT,MATCHED_CONTENT,false,MARQUEE,NO_EMBEDDED_IMAGE,KEEP_EXISTING,998,INVENTORY_MARQUEE,SAFE_TYPED_FRAGMENT_STAGE,,,ORDINARY_MARQUEE_CANDIDATE,0,,,
database:1688,RETAIN_EXISTING,1688,fragments/1832/05/02-img3011,1832-05-02,1,1,1,AUTO_MATCHED_EXACT,MATCHED_CONTENT,false,MARQUEE,NO_EMBEDDED_IMAGE,KEEP_EXISTING,998,INVENTORY_MARQUEE,SAFE_TYPED_FRAGMENT_STAGE,,,ORDINARY_MARQUEE_CANDIDATE,0,,,
database:1689,RETAIN_EXISTING,1689,fragments/1832/05/03-img3011,1832-05-03,1,1,1,AUTO_MATCHED_EXACT,MATCHED_CONTENT,false,MARQUEE,NO_EMBEDDED_IMAGE,KEEP_EXISTING,998,INVENTORY_MARQUEE,SAFE_TYPED_FRAGMENT_STAGE,,,ORDINARY_MARQUEE_CANDIDATE,0,,,
database:1690,RETAIN_EXISTING,1690,fragments/1832/05/04-img3011,1832-05-04,1,1,1,AUTO_MATCHED_EXACT,MATCHED_CONTENT,false,MARQUEE,NO_EMBEDDED_IMAGE,KEEP_EXISTING,998,INVENTORY_MARQUEE,SAFE_TYPED_FRAGMENT_STAGE,,,ORDINARY_MARQUEE_CANDIDATE,0,,,
database:1691,RETAIN_EXISTING,1691,fragments/1832/05/05-img3011,1832-05-05,1,1,1,AUTO_MATCHED_EXACT,MATCHED_CONTENT,false,MARQUEE,NO_EMBEDDED_IMAGE,KEEP_EXISTING,998,INVENTORY_MARQUEE,SAFE_TYPED_FRAGMENT_STAGE,,,ORDINARY_MARQUEE_CANDIDATE,0,,,
database:1692,RETAIN_EXISTING,1692,fragments/1832/05/06-img3011,1832-05-06,1,1,1,AUTO_MATCHED_EXACT,MATCHED_CONTENT,false,MARQUEE,NO_EMBEDDED_IMAGE,KEEP_EXISTING,998,INVENTORY_MARQUEE,SAFE_TYPED_FRAGMENT_STAGE,,,ORDINARY_MARQUEE_CANDIDATE,0,,,
database:1693,RETAIN_EXISTING,1693,fragments/1832/05/07-img3012,1832-05-07,1,1,1,AUTO_MATCHED_EXACT,MATCHED_CONTENT,false,MARQUEE,NO_EMBEDDED_IMAGE,KEEP_EXISTING,999,INVENTORY_MARQUEE,SAFE_TYPED_FRAGMENT_STAGE,,,ORDINARY_MARQUEE_CANDIDATE,0,,,
database:1694,RETAIN_EXISTING,1694,fragments/1832/05/08-img3012,1832-05-08,1,1,1,AUTO_MATCHED_EXACT,MATCHED_CONTENT,false,MARQUEE,NO_EMBEDDED_IMAGE,KEEP_EXISTING,999,INVENTORY_MARQUEE,SAFE_TYPED_FRAGMENT_STAGE,,,ORDINARY_MARQUEE_CANDIDATE,0,,,
database:1695,RETAIN_EXISTING,1695,fragments/1832/05/09-img3012,1832-05-09,1,1,1,AUTO_MATCHED_EXACT,MATCHED_CONTENT,false,MARQUEE,NO_EMBEDDED_IMAGE,KEEP_EXISTING,999,INVENTORY_MARQUEE,SAFE_TYPED_FRAGMENT_STAGE,,,ORDINARY_MARQUEE_CANDIDATE,0,,,
database:1696,RETAIN_EXISTING,1696,fragments/1832/05/10-img3012,1832-05-10,1,1,1,AUTO_MATCHED_EXACT,MATCHED_CONTENT,false,MARQUEE,NO_EMBEDDED_IMAGE,KEEP_EXISTING,999,INVENTORY_MARQUEE,SAFE_TYPED_FRAGMENT_STAGE,,,ORDINARY_MARQUEE_CANDIDATE,0,,,
database:1697,RETAIN_EXISTING,1697,fragments/1832/05/11-img3012,1832-05-11,1,1,1,AUTO_MATCHED_EXACT,MATCHED_CONTENT,false,MARQUEE,NO_EMBEDDED_IMAGE,KEEP_EXISTING,999,INVENTORY_MARQUEE,SAFE_TYPED_FRAGMENT_STAGE,,,ORDINARY_MARQUEE_CANDIDATE,0,,,
database:1698,RETAIN_EXISTING,1698,fragments/1832/05/12-img3012,1832-05-12,1,1,1,AUTO_MATCHED_EXACT,MATCHED_CONTENT,false,MARQUEE,NO_EMBEDDED_IMAGE,KEEP_EXISTING,999,INVENTORY_MARQUEE,SAFE_TYPED_FRAGMENT_STAGE,,,ORDINARY_MARQUEE_CANDIDATE,0,,,
database:1699,RETAIN_EXISTING,1699,fragments/1832/05/13-img3012,1832-05-13,1,1,1,AUTO_MATCHED_EXACT,MATCHED_CONTENT,false,MARQUEE,NO_EMBEDDED_IMAGE,KEEP_EXISTING,999,INVENTORY_MARQUEE,SAFE_TYPED_FRAGMENT_STAGE,,,ORDINARY_MARQUEE_CANDIDATE,0,,,
database:1700,RETAIN_EXISTING,1700,fragments/1832/05/14-img3013,1832-05-14,1,1,1,AUTO_MATCHED_EXACT,MATCHED_CONTENT,false,MARQUEE,NO_EMBEDDED_IMAGE,KEEP_EXISTING,1000,INVENTORY_MARQUEE,SAFE_TYPED_FRAGMENT_STAGE,,,ORDINARY_MARQUEE_CANDIDATE,0,,,
database:1701,RETAIN_EXISTING,1701,fragments/1832/05/15-img3013,1832-05-15,1,1,1,AUTO_MATCHED_EXACT,MATCHED_CONTENT,false,MARQUEE,NO_EMBEDDED_IMAGE,KEEP_EXISTING,1000,INVENTORY_MARQUEE,SAFE_TYPED_FRAGMENT_STAGE,,,ORDINARY_MARQUEE_CANDIDATE,0,,,
database:1702,RETAIN_EXISTING,1702,fragments/1832/05/16-img3013,1832-05-16,1,1,1,AUTO_MATCHED_EXACT,MATCHED_CONTENT,false,MARQUEE,NO_EMBEDDED_IMAGE,KEEP_EXISTING,1000,INVENTORY_MARQUEE,SAFE_TYPED_FRAGMENT_STAGE,,,ORDINARY_MARQUEE_CANDIDATE,0,,,
database:1703,RETAIN_EXISTING,1703,fragments/1832/05/17-img3013,1832-05-17,1,1,1,AUTO_MATCHED_EXACT,MATCHED_CONTENT,false,MARQUEE,NO_EMBEDDED_IMAGE,KEEP_EXISTING,1000,INVENTORY_MARQUEE,SAFE_TYPED_FRAGMENT_STAGE,,,ORDINARY_MARQUEE_CANDIDATE,0,,,
database:1704,RETAIN_EXISTING,1704,fragments/1832/05/18-img3013,1832-05-18,1,1,1,AUTO_MATCHED_EXACT,MATCHED_CONTENT,false,MARQUEE,NO_EMBEDDED_IMAGE,KEEP_EXISTING,1000,INVENTORY_MARQUEE,SAFE_TYPED_FRAGMENT_STAGE,,,ORDINARY_MARQUEE_CANDIDATE,0,,,
database:1705,RETAIN_EXISTING,1705,fragments/1832/05/19-img3013,1832-05-19,1,1,1,AUTO_MATCHED_EXACT,MATCHED_CONTENT,false,MARQUEE,NO_EMBEDDED_IMAGE,KEEP_EXISTING,1000,INVENTORY_MARQUEE,SAFE_TYPED_FRAGMENT_STAGE,,,ORDINARY_MARQUEE_CANDIDATE,0,,,
database:1706,RETAIN_EXISTING,1706,fragments/1832/05/20-img3013,1832-05-20,1,1,1,AUTO_MATCHED_EXACT,MATCHED_CONTENT,false,MARQUEE,NO_EMBEDDED_IMAGE,KEEP_EXISTING,1000,INVENTORY_MARQUEE,SAFE_TYPED_FRAGMENT_STAGE,,,ORDINARY_MARQUEE_CANDIDATE,0,,,
database:1707,RETAIN_EXISTING,1707,fragments/1832/05/21-img3014,1832-05-21,1,1,1,AUTO_MATCHED_EXACT,MATCHED_CONTENT,false,MARQUEE,NO_EMBEDDED_IMAGE,KEEP_EXISTING,1001,INVENTORY_MARQUEE,SAFE_TYPED_FRAGMENT_STAGE,,,ORDINARY_MARQUEE_CANDIDATE,0,,,
database:1708,RETAIN_EXISTING,1708,fragments/1832/05/22-img3014,1832-05-22,1,1,1,AUTO_MATCHED_EXACT,MATCHED_CONTENT,false,MARQUEE,NO_EMBEDDED_IMAGE,KEEP_EXISTING,1001,INVENTORY_MARQUEE,SAFE_TYPED_FRAGMENT_STAGE,,,ORDINARY_MARQUEE_CANDIDATE,0,,,
database:1709,RETAIN_EXISTING,1709,fragments/1832/05/23-img3014,1832-05-23,1,1,1,AUTO_MATCHED_EXACT,MATCHED_CONTENT,false,MARQUEE,NO_EMBEDDED_IMAGE,KEEP_EXISTING,1001,INVENTORY_MARQUEE,SAFE_TYPED_FRAGMENT_STAGE,,,ORDINARY_MARQUEE_CANDIDATE,0,,,
database:1710,RETAIN_EXISTING,1710,fragments/1832/05/24-img3014,1832-05-24,1,1,1,AUTO_MATCHED_EXACT,MATCHED_CONTENT,false,MARQUEE,NO_EMBEDDED_IMAGE,KEEP_EXISTING,1001,INVENTORY_MARQUEE,SAFE_TYPED_FRAGMENT_STAGE,,,ORDINARY_MARQUEE_CANDIDATE,0,,,
database:1711,RETAIN_EXISTING,1711,fragments/1832/05/25-img3014,1832-05-25,1,1,1,AUTO_MATCHED_EXACT,MATCHED_CONTENT,false,MARQUEE,NO_EMBEDDED_IMAGE,KEEP_EXISTING,1001,INVENTORY_MARQUEE,SAFE_TYPED_FRAGMENT_STAGE,,,ORDINARY_MARQUEE_CANDIDATE,0,,,
database:1712,RETAIN_EXISTING,1712,fragments/1832/05/26-img3014,1832-05-26,1,1,1,AUTO_MATCHED_EXACT,MATCHED_CONTENT,false,MARQUEE,NO_EMBEDDED_IMAGE,KEEP_EXISTING,1001,INVENTORY_MARQUEE,SAFE_TYPED_FRAGMENT_STAGE,,,ORDINARY_MARQUEE_CANDIDATE,0,,,
database:1713,RETAIN_EXISTING,1713,fragments/1832/05/27-img3014,1832-05-27,1,1,1,AUTO_MATCHED_EXACT,MATCHED_CONTENT,false,MARQUEE,NO_EMBEDDED_IMAGE,KEEP_EXISTING,1001,INVENTORY_MARQUEE,SAFE_TYPED_FRAGMENT_STAGE,,,ORDINARY_MARQUEE_CANDIDATE,0,,,
database:1714,RETAIN_EXISTING,1714,fragments/1832/06/04-img3015,1832-06-04,1,1,1,AUTO_MATCHED_EXACT,MATCHED_CONTENT,false,MARQUEE,NO_EMBEDDED_IMAGE,KEEP_EXISTING,1002,INVENTORY_MARQUEE,SAFE_TYPED_FRAGMENT_STAGE,,,ORDINARY_MARQUEE_CANDIDATE,0,,,
database:1715,RETAIN_EXISTING,1715,fragments/1832/06/05-img3015,1832-06-05,1,1,1,AUTO_MATCHED_EXACT,MATCHED_CONTENT,false,MARQUEE,NO_EMBEDDED_IMAGE,KEEP_EXISTING,1002,INVENTORY_MARQUEE,SAFE_TYPED_FRAGMENT_STAGE,,,ORDINARY_MARQUEE_CANDIDATE,0,,,
database:1716,RETAIN_EXISTING,1716,fragments/1832/06/06-img3015,1832-06-06,1,1,1,AUTO_MATCHED_EXACT,MATCHED_CONTENT,false,MARQUEE,NO_EMBEDDED_IMAGE,KEEP_EXISTING,1002,INVENTORY_MARQUEE,SAFE_TYPED_FRAGMENT_STAGE,,,ORDINARY_MARQUEE_CANDIDATE,0,,,
database:1717,RETAIN_EXISTING,1717,fragments/1832/06/07-img3015,1832-06-07,1,1,1,AUTO_MATCHED_EXACT,MATCHED_CONTENT,false,MARQUEE,NO_EMBEDDED_IMAGE,KEEP_EXISTING,1002,INVENTORY_MARQUEE,SAFE_TYPED_FRAGMENT_STAGE,,,ORDINARY_MARQUEE_CANDIDATE,0,,,
database:1718,RETAIN_EXISTING,1718,fragments/1832/06/08-img3015,1832-06-08,1,1,1,AUTO_MATCHED_EXACT,MATCHED_CONTENT,false,MARQUEE,NO_EMBEDDED_IMAGE,KEEP_EXISTING,1002,INVENTORY_MARQUEE,SAFE_TYPED_FRAGMENT_STAGE,,,ORDINARY_MARQUEE_CANDIDATE,0,,,
database:1719,RETAIN_EXISTING,1719,fragments/1832/06/09-img3015,1832-06-09,1,1,1,AUTO_MATCHED_EXACT,MATCHED_CONTENT,false,MARQUEE,NO_EMBEDDED_IMAGE,KEEP_EXISTING,1002,INVENTORY_MARQUEE,SAFE_TYPED_FRAGMENT_STAGE,,,ORDINARY_MARQUEE_CANDIDATE,0,,,
database:1720,RETAIN_EXISTING,1720,fragments/1832/06/10-img3015,1832-06-10,1,1,1,AUTO_MATCHED_EXACT,MATCHED_CONTENT,false,MARQUEE,NO_EMBEDDED_IMAGE,KEEP_EXISTING,1002,INVENTORY_MARQUEE,SAFE_TYPED_FRAGMENT_STAGE,,,ORDINARY_MARQUEE_CANDIDATE,0,,,
database:1721,RETAIN_EXISTING,1721,fragments/1832/06/11-img3016,1832-06-11,1,1,1,AUTO_MATCHED_EXACT,MATCHED_CONTENT,false,MARQUEE,NO_EMBEDDED_IMAGE,KEEP_EXISTING,1003,INVENTORY_MARQUEE,SAFE_TYPED_FRAGMENT_STAGE,,,ORDINARY_MARQUEE_CANDIDATE,0,,,
database:1722,RETAIN_EXISTING,1722,fragments/1832/06/12-img3016,1832-06-12,1,1,1,AUTO_MATCHED_EXACT,MATCHED_CONTENT,false,MARQUEE,NO_EMBEDDED_IMAGE,KEEP_EXISTING,1003,INVENTORY_MARQUEE,SAFE_TYPED_FRAGMENT_STAGE,,,ORDINARY_MARQUEE_CANDIDATE,0,,,
database:1723,RETAIN_EXISTING,1723,fragments/1832/06/13-img3016,1832-06-13,1,1,1,AUTO_MATCHED_EXACT,MATCHED_CONTENT,false,MARQUEE,NO_EMBEDDED_IMAGE,KEEP_EXISTING,1003,INVENTORY_MARQUEE,SAFE_TYPED_FRAGMENT_STAGE,,,ORDINARY_MARQUEE_CANDIDATE,0,,,
database:1724,RETAIN_EXISTING,1724,fragments/1832/06/14-img3016,1832-06-14,1,1,1,AUTO_MATCHED_EXACT,MATCHED_CONTENT,false,MARQUEE,NO_EMBEDDED_IMAGE,KEEP_EXISTING,1003,INVENTORY_MARQUEE,SAFE_TYPED_FRAGMENT_STAGE,,,ORDINARY_MARQUEE_CANDIDATE,0,,,
database:1725,RETAIN_EXISTING,1725,fragments/1832/06/15-img3016,1832-06-15,1,1,1,AUTO_MATCHED_EXACT,MATCHED_CONTENT,false,MARQUEE,NO_EMBEDDED_IMAGE,KEEP_EXISTING,1003,INVENTORY_MARQUEE,SAFE_TYPED_FRAGMENT_STAGE,,,ORDINARY_MARQUEE_CANDIDATE,0,,,
database:1726,RETAIN_EXISTING,1726,fragments/1832/06/16-img3016,1832-06-16,1,1,1,AUTO_MATCHED_EXACT,MATCHED_CONTENT,false,MARQUEE,NO_EMBEDDED_IMAGE,KEEP_EXISTING,1003,INVENTORY_MARQUEE,SAFE_TYPED_FRAGMENT_STAGE,,,ORDINARY_MARQUEE_CANDIDATE,0,,,
database:1727,RETAIN_EXISTING,1727,fragments/1832/06/17-img3016,1832-06-17,1,1,1,AUTO_MATCHED_EXACT,MATCHED_CONTENT,false,MARQUEE,NO_EMBEDDED_IMAGE,KEEP_EXISTING,1003,INVENTORY_MARQUEE,SAFE_TYPED_FRAGMENT_STAGE,,,ORDINARY_MARQUEE_CANDIDATE,0,,,
database:1728,RETAIN_EXISTING,1728,fragments/1832/06/18-img3017,1832-06-18,1,1,1,AUTO_MATCHED_EXACT,MATCHED_CONTENT,false,MARQUEE,NO_EMBEDDED_IMAGE,KEEP_EXISTING,1004,INVENTORY_MARQUEE,SAFE_TYPED_FRAGMENT_STAGE,,,ORDINARY_MARQUEE_CANDIDATE,0,,,
database:1729,RETAIN_EXISTING,1729,fragments/1832/06/19-img3017,1832-06-19,1,1,1,AUTO_MATCHED_EXACT,MATCHED_CONTENT,false,MARQUEE,NO_EMBEDDED_IMAGE,KEEP_EXISTING,1004,INVENTORY_MARQUEE,SAFE_TYPED_FRAGMENT_STAGE,,,ORDINARY_MARQUEE_CANDIDATE,0,,,
database:1730,RETAIN_EXISTING,1730,fragments/1832/06/20-img3017,1832-06-20,1,1,1,AUTO_MATCHED_EXACT,MATCHED_CONTENT,false,MARQUEE,NO_EMBEDDED_IMAGE,KEEP_EXISTING,1004,INVENTORY_MARQUEE,SAFE_TYPED_FRAGMENT_STAGE,,,ORDINARY_MARQUEE_CANDIDATE,0,,,
database:1731,RETAIN_EXISTING,1731,fragments/1832/06/21-img3017,1832-06-21,1,1,1,AUTO_MATCHED_EXACT,MATCHED_CONTENT,false,MARQUEE,NO_EMBEDDED_IMAGE,KEEP_EXISTING,1004,INVENTORY_MARQUEE,SAFE_TYPED_FRAGMENT_STAGE,,,ORDINARY_MARQUEE_CANDIDATE,0,,,
database:1732,RETAIN_EXISTING,1732,fragments/1832/06/22-img3017,1832-06-22,1,1,1,AUTO_MATCHED_EXACT,MATCHED_CONTENT,false,MARQUEE,NO_EMBEDDED_IMAGE,KEEP_EXISTING,1004,INVENTORY_MARQUEE,SAFE_TYPED_FRAGMENT_STAGE,,,ORDINARY_MARQUEE_CANDIDATE,0,,,
database:1733,RETAIN_EXISTING,1733,fragments/1832/06/23-img3017,1832-06-23,1,1,1,AUTO_MATCHED_EXACT,MATCHED_CONTENT,false,MARQUEE,NO_EMBEDDED_IMAGE,KEEP_EXISTING,1004,INVENTORY_MARQUEE,SAFE_TYPED_FRAGMENT_STAGE,,,ORDINARY_MARQUEE_CANDIDATE,0,,,
database:1734,RETAIN_EXISTING,1734,fragments/1832/06/24-img3017,1832-06-24,1,1,1,AUTO_MATCHED_EXACT,MATCHED_CONTENT,false,MARQUEE,NO_EMBEDDED_IMAGE,KEEP_EXISTING,1004,INVENTORY_MARQUEE,SAFE_TYPED_FRAGMENT_STAGE,,,ORDINARY_MARQUEE_CANDIDATE,0,,,
database:1735,RETAIN_EXISTING,1735,fragments/1832/06/25-img3018,1832-06-25,1,1,1,AUTO_MATCHED_EXACT,MATCHED_CONTENT,false,MARQUEE,NO_EMBEDDED_IMAGE,KEEP_EXISTING,1005,INVENTORY_MARQUEE,SAFE_TYPED_FRAGMENT_STAGE,,,ORDINARY_MARQUEE_CANDIDATE,0,,,
database:1736,RETAIN_EXISTING,1736,fragments/1832/06/26-img3018,1832-06-26,1,1,1,AUTO_MATCHED_EXACT,MATCHED_CONTENT,false,MARQUEE,NO_EMBEDDED_IMAGE,KEEP_EXISTING,1005,INVENTORY_MARQUEE,SAFE_TYPED_FRAGMENT_STAGE,,,ORDINARY_MARQUEE_CANDIDATE,0,,,
database:1738,UPDATE_EXISTING_FROM_SOURCE,1738,fragments/1832/06/27-m3-img3018-murder-of-nicholas-fairles,1832-06-27,1,1,1,MATCH_EDITED_KEEP_SOURCE,USE_SOURCE,true,MARQUEE,REVIEW_LEDGER_OVERRIDE,KEEP_ABSENT,,UNRESOLVED,SAFE_TYPED_FRAGMENT_STAGE,,images/img3018-murder-of-nicholas-fairles.png,ORPHAN_OR_INCONSISTENT,1,Richard,2026-09-10T08:41:00+01:00,This is an informational fragment with no marquee.
source:fragments/1832/06/27-m3-img3018-murder-of-nicholas-fairles-image,CREATE_FRAGMENT,,fragments/1832/06/27-m3-img3018-murder-of-nicholas-fairles-image,1832-06-27,,1.5,2,CREATE_MISSING,USE_SOURCE,false,IMAGE,REVIEW_LEDGER_OVERRIDE,KEEP_ABSENT,,UNRESOLVED,DEFERRED_IMAGE_MIGRATION,fragments/1832/06/27-m3-img3018-murder-of-nicholas-fairles,diary-1832/images/img3018-murder-of-nicholas-fairles.png,,0,Richard,2026-09-10T10:31:00+01:00,Image separated from the existing informational Fragment.
database:1737,RETAIN_EXISTING,1737,fragments/1832/06/27-img3018,1832-06-27,2,2,3,AUTO_MATCHED_EXACT,MATCHED_CONTENT,false,MARQUEE,NO_EMBEDDED_IMAGE,KEEP_EXISTING,1005,INVENTORY_MARQUEE,SAFE_TYPED_FRAGMENT_STAGE,,,ORDINARY_MARQUEE_CANDIDATE,0,,,
database:1739,RETAIN_EXISTING,1739,fragments/1832/06/28-img3018,1832-06-28,1,1,1,AUTO_MATCHED_EXACT,MATCHED_CONTENT,false,MARQUEE,NO_EMBEDDED_IMAGE,KEEP_EXISTING,1005,INVENTORY_MARQUEE,SAFE_TYPED_FRAGMENT_STAGE,,,ORDINARY_MARQUEE_CANDIDATE,0,,,
database:1740,RETAIN_EXISTING,1740,fragments/1832/06/29-img3018,1832-06-29,1,1,1,AUTO_MATCHED_EXACT,MATCHED_CONTENT,false,MARQUEE,NO_EMBEDDED_IMAGE,KEEP_EXISTING,1005,INVENTORY_MARQUEE,SAFE_TYPED_FRAGMENT_STAGE,,,ORDINARY_MARQUEE_CANDIDATE,0,,,
database:1741,RETAIN_EXISTING,1741,fragments/1832/06/30-img3018,1832-06-30,1,1,1,AUTO_MATCHED_EXACT,MATCHED_CONTENT,false,MARQUEE,NO_EMBEDDED_IMAGE,KEEP_EXISTING,1005,INVENTORY_MARQUEE,SAFE_TYPED_FRAGMENT_STAGE,,,ORDINARY_MARQUEE_CANDIDATE,0,,,
database:1742,RETAIN_EXISTING,1742,fragments/1832/07/01-img3018,1832-07-01,1,1,1,AUTO_MATCHED_EXACT,MATCHED_CONTENT,false,MARQUEE,NO_EMBEDDED_IMAGE,KEEP_EXISTING,1005,INVENTORY_MARQUEE,SAFE_TYPED_FRAGMENT_STAGE,,,ORDINARY_MARQUEE_CANDIDATE,0,,,
database:1743,RETAIN_EXISTING,1743,fragments/1832/07/02-img3019,1832-07-02,1,1,1,AUTO_MATCHED_EXACT,MATCHED_CONTENT,false,MARQUEE,NO_EMBEDDED_IMAGE,KEEP_EXISTING,1006,INVENTORY_MARQUEE,SAFE_TYPED_FRAGMENT_STAGE,,,ORDINARY_MARQUEE_CANDIDATE,0,,,
database:1744,RETAIN_EXISTING,1744,fragments/1832/07/03-img3019,1832-07-03,1,1,1,AUTO_MATCHED_EXACT,MATCHED_CONTENT,false,MARQUEE,NO_EMBEDDED_IMAGE,KEEP_EXISTING,1006,INVENTORY_MARQUEE,SAFE_TYPED_FRAGMENT_STAGE,,,ORDINARY_MARQUEE_CANDIDATE,0,,,
database:1745,RETAIN_EXISTING,1745,fragments/1832/07/04-img3019,1832-07-04,1,1,1,AUTO_MATCHED_EXACT,MATCHED_CONTENT,false,MARQUEE,NO_EMBEDDED_IMAGE,KEEP_EXISTING,1006,INVENTORY_MARQUEE,SAFE_TYPED_FRAGMENT_STAGE,,,ORDINARY_MARQUEE_CANDIDATE,0,,,
database:1746,RETAIN_EXISTING,1746,fragments/1832/07/05-img3019,1832-07-05,1,1,1,AUTO_MATCHED_EXACT,MATCHED_CONTENT,false,MARQUEE,NO_EMBEDDED_IMAGE,KEEP_EXISTING,1006,INVENTORY_MARQUEE,SAFE_TYPED_FRAGMENT_STAGE,,,ORDINARY_MARQUEE_CANDIDATE,0,,,
database:1747,RETAIN_EXISTING,1747,fragments/1832/07/06-img3019,1832-07-06,1,1,1,AUTO_MATCHED_EXACT,MATCHED_CONTENT,false,MARQUEE,NO_EMBEDDED_IMAGE,KEEP_EXISTING,1006,INVENTORY_MARQUEE,SAFE_TYPED_FRAGMENT_STAGE,,,ORDINARY_MARQUEE_CANDIDATE,0,,,
database:1748,RETAIN_EXISTING,1748,fragments/1832/07/07-img3019,1832-07-07,1,1,1,AUTO_MATCHED_EXACT,MATCHED_CONTENT,false,MARQUEE,NO_EMBEDDED_IMAGE,KEEP_EXISTING,1006,INVENTORY_MARQUEE,SAFE_TYPED_FRAGMENT_STAGE,,,ORDINARY_MARQUEE_CANDIDATE,0,,,
database:1749,RETAIN_EXISTING,1749,fragments/1832/07/08-img3019,1832-07-08,1,1,1,AUTO_MATCHED_EXACT,MATCHED_CONTENT,false,MARQUEE,NO_EMBEDDED_IMAGE,KEEP_EXISTING,1006,INVENTORY_MARQUEE,SAFE_TYPED_FRAGMENT_STAGE,,,ORDINARY_MARQUEE_CANDIDATE,0,,,
database:1750,RETAIN_EXISTING,1750,fragments/1832/07/09-img3020,1832-07-09,1,1,1,AUTO_MATCHED_EXACT,MATCHED_CONTENT,false,MARQUEE,NO_EMBEDDED_IMAGE,KEEP_EXISTING,1007,INVENTORY_MARQUEE,SAFE_TYPED_FRAGMENT_STAGE,,,ORDINARY_MARQUEE_CANDIDATE,0,,,
database:1751,RETAIN_EXISTING,1751,fragments/1832/07/10-img3020,1832-07-10,1,1,1,AUTO_MATCHED_EXACT,MATCHED_CONTENT,false,MARQUEE,NO_EMBEDDED_IMAGE,KEEP_EXISTING,1007,INVENTORY_MARQUEE,SAFE_TYPED_FRAGMENT_STAGE,,,ORDINARY_MARQUEE_CANDIDATE,0,,,
database:1752,RETAIN_EXISTING,1752,fragments/1832/07/11-img3020,1832-07-11,1,1,1,AUTO_MATCHED_EXACT,MATCHED_CONTENT,false,MARQUEE,NO_EMBEDDED_IMAGE,KEEP_EXISTING,1007,INVENTORY_MARQUEE,SAFE_TYPED_FRAGMENT_STAGE,,,ORDINARY_MARQUEE_CANDIDATE,0,,,
database:1753,RETAIN_EXISTING,1753,fragments/1832/07/12-img3020,1832-07-12,1,1,1,AUTO_MATCHED_EXACT,MATCHED_CONTENT,false,MARQUEE,NO_EMBEDDED_IMAGE,KEEP_EXISTING,1007,INVENTORY_MARQUEE,SAFE_TYPED_FRAGMENT_STAGE,,,ORDINARY_MARQUEE_CANDIDATE,0,,,
database:1754,RETAIN_EXISTING,1754,fragments/1832/07/13-img3020,1832-07-13,1,1,1,AUTO_MATCHED_EXACT,MATCHED_CONTENT,false,MARQUEE,NO_EMBEDDED_IMAGE,KEEP_EXISTING,1007,INVENTORY_MARQUEE,SAFE_TYPED_FRAGMENT_STAGE,,,ORDINARY_MARQUEE_CANDIDATE,0,,,
database:1755,RETAIN_EXISTING,1755,fragments/1832/07/14-img3020,1832-07-14,1,1,1,AUTO_MATCHED_EXACT,MATCHED_CONTENT,false,MARQUEE,NO_EMBEDDED_IMAGE,KEEP_EXISTING,1007,INVENTORY_MARQUEE,SAFE_TYPED_FRAGMENT_STAGE,,,ORDINARY_MARQUEE_CANDIDATE,0,,,
database:1756,RETAIN_EXISTING,1756,fragments/1832/07/15-img3020,1832-07-15,1,1,1,AUTO_MATCHED_EXACT,MATCHED_CONTENT,false,MARQUEE,NO_EMBEDDED_IMAGE,KEEP_EXISTING,1007,INVENTORY_MARQUEE,SAFE_TYPED_FRAGMENT_STAGE,,,ORDINARY_MARQUEE_CANDIDATE,0,,,
database:1757,RETAIN_EXISTING,1757,fragments/1832/07/16-img3021,1832-07-16,1,1,1,AUTO_MATCHED_EXACT,MATCHED_CONTENT,false,MARQUEE,NO_EMBEDDED_IMAGE,KEEP_EXISTING,1008,INVENTORY_MARQUEE,SAFE_TYPED_FRAGMENT_STAGE,,,ORDINARY_MARQUEE_CANDIDATE,0,,,
database:1758,RETAIN_EXISTING,1758,fragments/1832/07/17-img3021,1832-07-17,1,1,1,AUTO_MATCHED_EXACT,MATCHED_CONTENT,false,MARQUEE,NO_EMBEDDED_IMAGE,KEEP_EXISTING,1008,INVENTORY_MARQUEE,SAFE_TYPED_FRAGMENT_STAGE,,,ORDINARY_MARQUEE_CANDIDATE,0,,,
database:1759,RETAIN_EXISTING,1759,fragments/1832/07/18-img3021,1832-07-18,1,1,1,AUTO_MATCHED_EXACT,MATCHED_CONTENT,false,MARQUEE,NO_EMBEDDED_IMAGE,KEEP_EXISTING,1008,INVENTORY_MARQUEE,SAFE_TYPED_FRAGMENT_STAGE,,,ORDINARY_MARQUEE_CANDIDATE,0,,,
database:1760,RETAIN_EXISTING,1760,fragments/1832/07/19-img3021,1832-07-19,1,1,1,AUTO_MATCHED_EXACT,MATCHED_CONTENT,false,MARQUEE,NO_EMBEDDED_IMAGE,KEEP_EXISTING,1008,INVENTORY_MARQUEE,SAFE_TYPED_FRAGMENT_STAGE,,,ORDINARY_MARQUEE_CANDIDATE,0,,,
database:1761,RETAIN_EXISTING,1761,fragments/1832/07/20-img3021,1832-07-20,1,1,1,AUTO_MATCHED_EXACT,MATCHED_CONTENT,false,MARQUEE,NO_EMBEDDED_IMAGE,KEEP_EXISTING,1008,INVENTORY_MARQUEE,SAFE_TYPED_FRAGMENT_STAGE,,,ORDINARY_MARQUEE_CANDIDATE,0,,,
database:1762,RETAIN_EXISTING,1762,fragments/1832/07/21-img3021,1832-07-21,1,1,1,AUTO_MATCHED_EXACT,MATCHED_CONTENT,false,MARQUEE,NO_EMBEDDED_IMAGE,KEEP_EXISTING,1008,INVENTORY_MARQUEE,SAFE_TYPED_FRAGMENT_STAGE,,,ORDINARY_MARQUEE_CANDIDATE,0,,,
database:1763,RETAIN_EXISTING,1763,fragments/1832/07/22-img3021,1832-07-22,1,1,1,AUTO_MATCHED_EXACT,MATCHED_CONTENT,false,MARQUEE,NO_EMBEDDED_IMAGE,KEEP_EXISTING,1008,INVENTORY_MARQUEE,SAFE_TYPED_FRAGMENT_STAGE,,,ORDINARY_MARQUEE_CANDIDATE,0,,,
database:1764,RETAIN_EXISTING,1764,fragments/1832/07/23-img3022,1832-07-23,1,1,1,AUTO_MATCHED_EXACT,MATCHED_CONTENT,false,MARQUEE,NO_EMBEDDED_IMAGE,KEEP_EXISTING,1009,INVENTORY_MARQUEE,SAFE_TYPED_FRAGMENT_STAGE,,,ORDINARY_MARQUEE_CANDIDATE,0,,,
database:1765,RETAIN_EXISTING,1765,fragments/1832/07/24-img3022,1832-07-24,1,1,1,AUTO_MATCHED_EXACT,MATCHED_CONTENT,false,MARQUEE,NO_EMBEDDED_IMAGE,KEEP_EXISTING,1009,INVENTORY_MARQUEE,SAFE_TYPED_FRAGMENT_STAGE,,,ORDINARY_MARQUEE_CANDIDATE,0,,,
database:1766,RETAIN_EXISTING,1766,fragments/1832/07/25-img3022,1832-07-25,1,1,1,AUTO_MATCHED_EXACT,MATCHED_CONTENT,false,MARQUEE,NO_EMBEDDED_IMAGE,KEEP_EXISTING,1009,INVENTORY_MARQUEE,SAFE_TYPED_FRAGMENT_STAGE,,,ORDINARY_MARQUEE_CANDIDATE,0,,,
database:1767,RETAIN_EXISTING,1767,fragments/1832/07/26-img3022,1832-07-26,1,1,1,AUTO_MATCHED_EXACT,MATCHED_CONTENT,false,MARQUEE,NO_EMBEDDED_IMAGE,KEEP_EXISTING,1009,INVENTORY_MARQUEE,SAFE_TYPED_FRAGMENT_STAGE,,,ORDINARY_MARQUEE_CANDIDATE,0,,,
database:1768,RETAIN_EXISTING,1768,fragments/1832/07/27-img3022,1832-07-27,1,1,1,AUTO_MATCHED_EXACT,MATCHED_CONTENT,false,MARQUEE,NO_EMBEDDED_IMAGE,KEEP_EXISTING,1009,INVENTORY_MARQUEE,SAFE_TYPED_FRAGMENT_STAGE,,,ORDINARY_MARQUEE_CANDIDATE,0,,,
database:1769,RETAIN_EXISTING,1769,fragments/1832/07/28-img3022,1832-07-28,1,1,1,AUTO_MATCHED_EXACT,MATCHED_CONTENT,false,MARQUEE,NO_EMBEDDED_IMAGE,KEEP_EXISTING,1009,INVENTORY_MARQUEE,SAFE_TYPED_FRAGMENT_STAGE,,,ORDINARY_MARQUEE_CANDIDATE,0,,,
database:1770,RETAIN_EXISTING,1770,fragments/1832/07/29-img3022,1832-07-29,1,1,1,AUTO_MATCHED_EXACT,MATCHED_CONTENT,false,MARQUEE,NO_EMBEDDED_IMAGE,KEEP_EXISTING,1009,INVENTORY_MARQUEE,SAFE_TYPED_FRAGMENT_STAGE,,,ORDINARY_MARQUEE_CANDIDATE,0,,,
database:1771,RETAIN_EXISTING,1771,fragments/1832/07/30-img3023,1832-07-30,1,1,1,AUTO_MATCHED_EXACT,MATCHED_CONTENT,false,MARQUEE,NO_EMBEDDED_IMAGE,KEEP_EXISTING,1010,INVENTORY_MARQUEE,SAFE_TYPED_FRAGMENT_STAGE,,,ORDINARY_MARQUEE_CANDIDATE,0,,,
database:1772,RETAIN_EXISTING,1772,fragments/1832/07/31-img3023,1832-07-31,1,1,1,AUTO_MATCHED_EXACT,MATCHED_CONTENT,false,MARQUEE,NO_EMBEDDED_IMAGE,KEEP_EXISTING,1010,INVENTORY_MARQUEE,SAFE_TYPED_FRAGMENT_STAGE,,,ORDINARY_MARQUEE_CANDIDATE,0,,,
database:1773,RETAIN_EXISTING,1773,fragments/1832/08/01-img3023,1832-08-01,1,1,1,AUTO_MATCHED_EXACT,MATCHED_CONTENT,false,MARQUEE,NO_EMBEDDED_IMAGE,KEEP_EXISTING,1010,INVENTORY_MARQUEE,SAFE_TYPED_FRAGMENT_STAGE,,,ORDINARY_MARQUEE_CANDIDATE,0,,,
database:1774,RETAIN_EXISTING,1774,fragments/1832/08/02-img3023,1832-08-02,1,1,1,AUTO_MATCHED_EXACT,MATCHED_CONTENT,false,MARQUEE,NO_EMBEDDED_IMAGE,KEEP_EXISTING,1010,INVENTORY_MARQUEE,SAFE_TYPED_FRAGMENT_STAGE,,,ORDINARY_MARQUEE_CANDIDATE,0,,,
database:1775,RETAIN_EXISTING,1775,fragments/1832/08/03-img3023,1832-08-03,1,1,1,AUTO_MATCHED_EXACT,MATCHED_CONTENT,false,MARQUEE,NO_EMBEDDED_IMAGE,KEEP_EXISTING,1010,INVENTORY_MARQUEE,SAFE_TYPED_FRAGMENT_STAGE,,,ORDINARY_MARQUEE_CANDIDATE,0,,,
database:1776,RETAIN_EXISTING,1776,fragments/1832/08/04-img3023,1832-08-04,1,1,1,AUTO_MATCHED_EXACT,MATCHED_CONTENT,false,MARQUEE,NO_EMBEDDED_IMAGE,KEEP_EXISTING,1010,INVENTORY_MARQUEE,SAFE_TYPED_FRAGMENT_STAGE,,,ORDINARY_MARQUEE_CANDIDATE,0,,,
database:1777,RETAIN_EXISTING,1777,fragments/1832/08/05-img3023,1832-08-05,1,1,1,AUTO_MATCHED_EXACT,MATCHED_CONTENT,false,MARQUEE,NO_EMBEDDED_IMAGE,KEEP_EXISTING,1010,INVENTORY_MARQUEE,SAFE_TYPED_FRAGMENT_STAGE,,,ORDINARY_MARQUEE_CANDIDATE,0,,,
database:1778,RETAIN_EXISTING,1778,fragments/1832/08/06-img3024,1832-08-06,1,1,1,AUTO_MATCHED_EXACT,MATCHED_CONTENT,false,MARQUEE,NO_EMBEDDED_IMAGE,KEEP_EXISTING,1011,INVENTORY_MARQUEE,SAFE_TYPED_FRAGMENT_STAGE,,,ORDINARY_MARQUEE_CANDIDATE,0,,,
database:1779,RETAIN_EXISTING,1779,fragments/1832/08/07-img3024,1832-08-07,1,1,1,AUTO_MATCHED_EXACT,MATCHED_CONTENT,false,MARQUEE,NO_EMBEDDED_IMAGE,KEEP_EXISTING,1011,INVENTORY_MARQUEE,SAFE_TYPED_FRAGMENT_STAGE,,,ORDINARY_MARQUEE_CANDIDATE,0,,,
database:1780,RETAIN_EXISTING,1780,fragments/1832/08/08-img3024,1832-08-08,1,1,1,AUTO_MATCHED_EXACT,MATCHED_CONTENT,false,MARQUEE,NO_EMBEDDED_IMAGE,KEEP_EXISTING,1011,INVENTORY_MARQUEE,SAFE_TYPED_FRAGMENT_STAGE,,,ORDINARY_MARQUEE_CANDIDATE,0,,,
database:1781,RETAIN_EXISTING,1781,fragments/1832/08/09-img3024,1832-08-09,1,1,1,AUTO_MATCHED_EXACT,MATCHED_CONTENT,false,MARQUEE,NO_EMBEDDED_IMAGE,KEEP_EXISTING,1011,INVENTORY_MARQUEE,SAFE_TYPED_FRAGMENT_STAGE,,,ORDINARY_MARQUEE_CANDIDATE,0,,,
database:1782,RETAIN_EXISTING,1782,fragments/1832/08/10-img3024,1832-08-10,1,1,1,AUTO_MATCHED_EXACT,MATCHED_CONTENT,false,MARQUEE,NO_EMBEDDED_IMAGE,KEEP_EXISTING,1011,INVENTORY_MARQUEE,SAFE_TYPED_FRAGMENT_STAGE,,,ORDINARY_MARQUEE_CANDIDATE,0,,,
database:1783,RETAIN_EXISTING,1783,fragments/1832/08/11-img3024,1832-08-11,1,1,1,AUTO_MATCHED_EXACT,MATCHED_CONTENT,false,MARQUEE,NO_EMBEDDED_IMAGE,KEEP_EXISTING,1011,INVENTORY_MARQUEE,SAFE_TYPED_FRAGMENT_STAGE,,,ORDINARY_MARQUEE_CANDIDATE,0,,,
database:1784,RETAIN_EXISTING,1784,fragments/1832/08/12-img3024,1832-08-12,1,1,1,AUTO_MATCHED_EXACT,MATCHED_CONTENT,false,MARQUEE,NO_EMBEDDED_IMAGE,KEEP_EXISTING,1011,INVENTORY_MARQUEE,SAFE_TYPED_FRAGMENT_STAGE,,,ORDINARY_MARQUEE_CANDIDATE,0,,,
database:1785,RETAIN_EXISTING,1785,fragments/1832/08/13-img3025,1832-08-13,1,1,1,AUTO_MATCHED_EXACT,MATCHED_CONTENT,false,MARQUEE,NO_EMBEDDED_IMAGE,KEEP_EXISTING,1012,INVENTORY_MARQUEE,SAFE_TYPED_FRAGMENT_STAGE,,,ORDINARY_MARQUEE_CANDIDATE,0,,,
database:1786,RETAIN_EXISTING,1786,fragments/1832/08/14-img3025,1832-08-14,1,1,1,AUTO_MATCHED_EXACT,MATCHED_CONTENT,false,MARQUEE,NO_EMBEDDED_IMAGE,KEEP_EXISTING,1012,INVENTORY_MARQUEE,SAFE_TYPED_FRAGMENT_STAGE,,,ORDINARY_MARQUEE_CANDIDATE,0,,,
database:1787,RETAIN_EXISTING,1787,fragments/1832/08/15-img3025,1832-08-15,1,1,1,AUTO_MATCHED_EXACT,MATCHED_CONTENT,false,MARQUEE,NO_EMBEDDED_IMAGE,KEEP_EXISTING,1012,INVENTORY_MARQUEE,SAFE_TYPED_FRAGMENT_STAGE,,,ORDINARY_MARQUEE_CANDIDATE,0,,,
database:1788,RETAIN_EXISTING,1788,fragments/1832/08/16-img3025,1832-08-16,1,1,1,AUTO_MATCHED_EXACT,MATCHED_CONTENT,false,MARQUEE,NO_EMBEDDED_IMAGE,KEEP_EXISTING,1012,INVENTORY_MARQUEE,SAFE_TYPED_FRAGMENT_STAGE,,,ORDINARY_MARQUEE_CANDIDATE,0,,,
database:1789,RETAIN_EXISTING,1789,fragments/1832/08/17-img3025,1832-08-17,1,1,1,AUTO_MATCHED_EXACT,MATCHED_CONTENT,false,MARQUEE,NO_EMBEDDED_IMAGE,KEEP_EXISTING,1012,INVENTORY_MARQUEE,SAFE_TYPED_FRAGMENT_STAGE,,,ORDINARY_MARQUEE_CANDIDATE,0,,,
database:1790,RETAIN_EXISTING,1790,fragments/1832/08/18-img3025,1832-08-18,1,1,1,AUTO_MATCHED_EXACT,MATCHED_CONTENT,false,MARQUEE,NO_EMBEDDED_IMAGE,KEEP_EXISTING,1012,INVENTORY_MARQUEE,SAFE_TYPED_FRAGMENT_STAGE,,,ORDINARY_MARQUEE_CANDIDATE,0,,,
database:1791,RETAIN_EXISTING,1791,fragments/1832/08/19-img3025,1832-08-19,1,1,1,AUTO_MATCHED_EXACT,MATCHED_CONTENT,false,MARQUEE,NO_EMBEDDED_IMAGE,KEEP_EXISTING,1012,INVENTORY_MARQUEE,SAFE_TYPED_FRAGMENT_STAGE,,,ORDINARY_MARQUEE_CANDIDATE,0,,,
database:1792,RETAIN_EXISTING,1792,fragments/1832/08/20-img3026,1832-08-20,1,1,1,AUTO_MATCHED_EXACT,MATCHED_CONTENT,false,MARQUEE,NO_EMBEDDED_IMAGE,KEEP_EXISTING,1013,INVENTORY_MARQUEE,SAFE_TYPED_FRAGMENT_STAGE,,,ORDINARY_MARQUEE_CANDIDATE,0,,,
database:1793,RETAIN_EXISTING,1793,fragments/1832/08/21-img3026,1832-08-21,1,1,1,AUTO_MATCHED_EXACT,MATCHED_CONTENT,false,MARQUEE,NO_EMBEDDED_IMAGE,KEEP_EXISTING,1013,INVENTORY_MARQUEE,SAFE_TYPED_FRAGMENT_STAGE,,,ORDINARY_MARQUEE_CANDIDATE,0,,,
database:1794,RETAIN_EXISTING,1794,fragments/1832/08/22-img3026,1832-08-22,1,1,1,AUTO_MATCHED_EXACT,MATCHED_CONTENT,false,MARQUEE,NO_EMBEDDED_IMAGE,KEEP_EXISTING,1013,INVENTORY_MARQUEE,SAFE_TYPED_FRAGMENT_STAGE,,,ORDINARY_MARQUEE_CANDIDATE,0,,,
database:1795,RETAIN_EXISTING,1795,fragments/1832/08/23-img3026,1832-08-23,1,1,1,AUTO_MATCHED_EXACT,MATCHED_CONTENT,false,MARQUEE,NO_EMBEDDED_IMAGE,KEEP_EXISTING,1013,INVENTORY_MARQUEE,SAFE_TYPED_FRAGMENT_STAGE,,,ORDINARY_MARQUEE_CANDIDATE,0,,,
database:1796,RETAIN_EXISTING,1796,fragments/1832/08/24-img3026,1832-08-24,1,1,1,AUTO_MATCHED_EXACT,MATCHED_CONTENT,false,MARQUEE,NO_EMBEDDED_IMAGE,KEEP_EXISTING,1013,INVENTORY_MARQUEE,SAFE_TYPED_FRAGMENT_STAGE,,,ORDINARY_MARQUEE_CANDIDATE,0,,,
database:1797,RETAIN_EXISTING,1797,fragments/1832/08/25-img3026,1832-08-25,1,1,1,AUTO_MATCHED_EXACT,MATCHED_CONTENT,false,MARQUEE,NO_EMBEDDED_IMAGE,KEEP_EXISTING,1013,INVENTORY_MARQUEE,SAFE_TYPED_FRAGMENT_STAGE,,,ORDINARY_MARQUEE_CANDIDATE,0,,,
database:1798,RETAIN_EXISTING,1798,fragments/1832/08/26-img3026,1832-08-26,1,1,1,AUTO_MATCHED_EXACT,MATCHED_CONTENT,false,MARQUEE,NO_EMBEDDED_IMAGE,KEEP_EXISTING,1013,INVENTORY_MARQUEE,SAFE_TYPED_FRAGMENT_STAGE,,,ORDINARY_MARQUEE_CANDIDATE,0,,,
database:1799,RETAIN_EXISTING,1799,fragments/1832/08/27-img3027,1832-08-27,1,1,1,AUTO_MATCHED_EXACT,MATCHED_CONTENT,false,MARQUEE,NO_EMBEDDED_IMAGE,KEEP_EXISTING,1014,INVENTORY_MARQUEE,SAFE_TYPED_FRAGMENT_STAGE,,,ORDINARY_MARQUEE_CANDIDATE,0,,,
database:1800,RETAIN_EXISTING,1800,fragments/1832/08/28-img3027,1832-08-28,1,1,1,AUTO_MATCHED_EXACT,MATCHED_CONTENT,false,MARQUEE,NO_EMBEDDED_IMAGE,KEEP_EXISTING,1014,INVENTORY_MARQUEE,SAFE_TYPED_FRAGMENT_STAGE,,,ORDINARY_MARQUEE_CANDIDATE,0,,,
database:1801,RETAIN_EXISTING,1801,fragments/1832/08/29-img3027,1832-08-29,1,1,1,AUTO_MATCHED_EXACT,MATCHED_CONTENT,false,MARQUEE,NO_EMBEDDED_IMAGE,KEEP_EXISTING,1014,INVENTORY_MARQUEE,SAFE_TYPED_FRAGMENT_STAGE,,,ORDINARY_MARQUEE_CANDIDATE,0,,,
database:1802,RETAIN_EXISTING,1802,fragments/1832/08/30-img3027,1832-08-30,1,1,1,AUTO_MATCHED_EXACT,MATCHED_CONTENT,false,MARQUEE,NO_EMBEDDED_IMAGE,KEEP_EXISTING,1014,INVENTORY_MARQUEE,SAFE_TYPED_FRAGMENT_STAGE,,,ORDINARY_MARQUEE_CANDIDATE,0,,,
database:1803,RETAIN_EXISTING,1803,fragments/1832/08/31-img3027,1832-08-31,1,1,1,AUTO_MATCHED_EXACT,MATCHED_CONTENT,false,MARQUEE,NO_EMBEDDED_IMAGE,KEEP_EXISTING,1014,INVENTORY_MARQUEE,SAFE_TYPED_FRAGMENT_STAGE,,,ORDINARY_MARQUEE_CANDIDATE,0,,,
database:1804,RETAIN_EXISTING,1804,fragments/1832/09/01-img3027,1832-09-01,1,1,1,AUTO_MATCHED_EXACT,MATCHED_CONTENT,false,MARQUEE,NO_EMBEDDED_IMAGE,KEEP_EXISTING,1014,INVENTORY_MARQUEE,SAFE_TYPED_FRAGMENT_STAGE,,,ORDINARY_MARQUEE_CANDIDATE,0,,,
database:1805,RETAIN_EXISTING,1805,fragments/1832/09/02-img3027,1832-09-02,1,1,1,AUTO_MATCHED_EXACT,MATCHED_CONTENT,false,MARQUEE,NO_EMBEDDED_IMAGE,KEEP_EXISTING,1014,INVENTORY_MARQUEE,SAFE_TYPED_FRAGMENT_STAGE,,,ORDINARY_MARQUEE_CANDIDATE,0,,,
database:1806,RETAIN_EXISTING,1806,fragments/1832/09/03-img3028,1832-09-03,1,1,1,AUTO_MATCHED_EXACT,MATCHED_CONTENT,false,MARQUEE,NO_EMBEDDED_IMAGE,KEEP_EXISTING,1015,INVENTORY_MARQUEE,SAFE_TYPED_FRAGMENT_STAGE,,,ORDINARY_MARQUEE_CANDIDATE,0,,,
database:1807,RETAIN_EXISTING,1807,fragments/1832/09/04-img3028,1832-09-04,1,1,1,AUTO_MATCHED_EXACT,MATCHED_CONTENT,false,MARQUEE,NO_EMBEDDED_IMAGE,KEEP_EXISTING,1015,INVENTORY_MARQUEE,SAFE_TYPED_FRAGMENT_STAGE,,,ORDINARY_MARQUEE_CANDIDATE,0,,,
database:1808,RETAIN_EXISTING,1808,fragments/1832/09/05-img3028,1832-09-05,1,1,1,AUTO_MATCHED_EXACT,MATCHED_CONTENT,false,MARQUEE,NO_EMBEDDED_IMAGE,KEEP_EXISTING,1015,INVENTORY_MARQUEE,SAFE_TYPED_FRAGMENT_STAGE,,,ORDINARY_MARQUEE_CANDIDATE,0,,,
database:1809,RETAIN_EXISTING,1809,fragments/1832/09/06-img3028,1832-09-06,1,1,1,AUTO_MATCHED_EXACT,MATCHED_CONTENT,false,MARQUEE,NO_EMBEDDED_IMAGE,KEEP_EXISTING,1015,INVENTORY_MARQUEE,SAFE_TYPED_FRAGMENT_STAGE,,,ORDINARY_MARQUEE_CANDIDATE,0,,,
database:1810,RETAIN_EXISTING,1810,fragments/1832/09/07-img3028,1832-09-07,1,1,1,AUTO_MATCHED_EXACT,MATCHED_CONTENT,false,MARQUEE,NO_EMBEDDED_IMAGE,KEEP_EXISTING,1015,INVENTORY_MARQUEE,SAFE_TYPED_FRAGMENT_STAGE,,,ORDINARY_MARQUEE_CANDIDATE,0,,,
database:1811,RETAIN_EXISTING,1811,fragments/1832/09/08-img3028,1832-09-08,1,1,1,AUTO_MATCHED_EXACT,MATCHED_CONTENT,false,MARQUEE,NO_EMBEDDED_IMAGE,KEEP_EXISTING,1015,INVENTORY_MARQUEE,SAFE_TYPED_FRAGMENT_STAGE,,,ORDINARY_MARQUEE_CANDIDATE,0,,,
database:1812,RETAIN_EXISTING,1812,fragments/1832/09/09-img3028,1832-09-09,1,1,1,AUTO_MATCHED_EXACT,MATCHED_CONTENT,false,MARQUEE,NO_EMBEDDED_IMAGE,KEEP_EXISTING,1015,INVENTORY_MARQUEE,SAFE_TYPED_FRAGMENT_STAGE,,,ORDINARY_MARQUEE_CANDIDATE,0,,,
database:1813,RETAIN_EXISTING,1813,fragments/1832/09/10-img3029,1832-09-10,1,1,1,AUTO_MATCHED_EXACT,MATCHED_CONTENT,false,MARQUEE,NO_EMBEDDED_IMAGE,KEEP_EXISTING,1016,INVENTORY_MARQUEE,SAFE_TYPED_FRAGMENT_STAGE,,,ORDINARY_MARQUEE_CANDIDATE,0,,,
database:1814,RETAIN_EXISTING,1814,fragments/1832/09/11-img3029,1832-09-11,1,1,1,AUTO_MATCHED_EXACT,MATCHED_CONTENT,false,MARQUEE,NO_EMBEDDED_IMAGE,KEEP_EXISTING,1016,INVENTORY_MARQUEE,SAFE_TYPED_FRAGMENT_STAGE,,,ORDINARY_MARQUEE_CANDIDATE,0,,,
database:1815,RETAIN_EXISTING,1815,fragments/1832/09/12-img3029,1832-09-12,1,1,1,AUTO_MATCHED_EXACT,MATCHED_CONTENT,false,MARQUEE,NO_EMBEDDED_IMAGE,KEEP_EXISTING,1016,INVENTORY_MARQUEE,SAFE_TYPED_FRAGMENT_STAGE,,,ORDINARY_MARQUEE_CANDIDATE,0,,,
database:1816,RETAIN_EXISTING,1816,fragments/1832/09/13-img3029,1832-09-13,1,1,1,AUTO_MATCHED_EXACT,MATCHED_CONTENT,false,MARQUEE,NO_EMBEDDED_IMAGE,KEEP_EXISTING,1016,INVENTORY_MARQUEE,SAFE_TYPED_FRAGMENT_STAGE,,,ORDINARY_MARQUEE_CANDIDATE,0,,,
database:1817,RETAIN_EXISTING,1817,fragments/1832/09/14-img3029,1832-09-14,1,1,1,AUTO_MATCHED_EXACT,MATCHED_CONTENT,false,MARQUEE,NO_EMBEDDED_IMAGE,KEEP_EXISTING,1016,INVENTORY_MARQUEE,SAFE_TYPED_FRAGMENT_STAGE,,,ORDINARY_MARQUEE_CANDIDATE,0,,,
database:1818,RETAIN_EXISTING,1818,fragments/1832/09/15-img3029,1832-09-15,1,1,1,AUTO_MATCHED_EXACT,MATCHED_CONTENT,false,MARQUEE,NO_EMBEDDED_IMAGE,KEEP_EXISTING,1016,INVENTORY_MARQUEE,SAFE_TYPED_FRAGMENT_STAGE,,,ORDINARY_MARQUEE_CANDIDATE,0,,,
database:1819,RETAIN_EXISTING,1819,fragments/1832/09/16-img3029,1832-09-16,1,1,1,AUTO_MATCHED_EXACT,MATCHED_CONTENT,false,MARQUEE,NO_EMBEDDED_IMAGE,KEEP_EXISTING,1016,INVENTORY_MARQUEE,SAFE_TYPED_FRAGMENT_STAGE,,,ORDINARY_MARQUEE_CANDIDATE,0,,,
database:1820,RETAIN_EXISTING,1820,fragments/1832/09/17-img3030,1832-09-17,1,1,1,AUTO_MATCHED_EXACT,MATCHED_CONTENT,false,MARQUEE,NO_EMBEDDED_IMAGE,KEEP_EXISTING,1017,INVENTORY_MARQUEE,SAFE_TYPED_FRAGMENT_STAGE,,,ORDINARY_MARQUEE_CANDIDATE,0,,,
database:1821,RETAIN_EXISTING,1821,fragments/1832/09/18-img3030,1832-09-18,1,1,1,AUTO_MATCHED_EXACT,MATCHED_CONTENT,false,MARQUEE,NO_EMBEDDED_IMAGE,KEEP_EXISTING,1017,INVENTORY_MARQUEE,SAFE_TYPED_FRAGMENT_STAGE,,,ORDINARY_MARQUEE_CANDIDATE,0,,,
database:1822,RETAIN_EXISTING,1822,fragments/1832/09/19-img3030,1832-09-19,1,1,1,AUTO_MATCHED_EXACT,MATCHED_CONTENT,false,MARQUEE,NO_EMBEDDED_IMAGE,KEEP_EXISTING,1017,INVENTORY_MARQUEE,SAFE_TYPED_FRAGMENT_STAGE,,,ORDINARY_MARQUEE_CANDIDATE,0,,,
database:1823,RETAIN_EXISTING,1823,fragments/1832/09/20-img3030,1832-09-20,1,1,1,AUTO_MATCHED_EXACT,MATCHED_CONTENT,false,MARQUEE,NO_EMBEDDED_IMAGE,KEEP_EXISTING,1017,INVENTORY_MARQUEE,SAFE_TYPED_FRAGMENT_STAGE,,,ORDINARY_MARQUEE_CANDIDATE,0,,,
database:1824,RETAIN_EXISTING,1824,fragments/1832/09/21-img3030,1832-09-21,1,1,1,AUTO_MATCHED_EXACT,MATCHED_CONTENT,false,MARQUEE,NO_EMBEDDED_IMAGE,KEEP_EXISTING,1017,INVENTORY_MARQUEE,SAFE_TYPED_FRAGMENT_STAGE,,,ORDINARY_MARQUEE_CANDIDATE,0,,,
database:1825,RETAIN_EXISTING,1825,fragments/1832/09/22-img3030,1832-09-22,1,1,1,AUTO_MATCHED_EXACT,MATCHED_CONTENT,false,MARQUEE,NO_EMBEDDED_IMAGE,KEEP_EXISTING,1017,INVENTORY_MARQUEE,SAFE_TYPED_FRAGMENT_STAGE,,,ORDINARY_MARQUEE_CANDIDATE,0,,,
database:1826,RETAIN_EXISTING,1826,fragments/1832/09/23-img3030,1832-09-23,1,1,1,AUTO_MATCHED_EXACT,MATCHED_CONTENT,false,MARQUEE,NO_EMBEDDED_IMAGE,KEEP_EXISTING,1017,INVENTORY_MARQUEE,SAFE_TYPED_FRAGMENT_STAGE,,,ORDINARY_MARQUEE_CANDIDATE,0,,,
database:1827,RETAIN_EXISTING,1827,fragments/1832/09/24-img3031,1832-09-24,1,1,1,AUTO_MATCHED_EXACT,MATCHED_CONTENT,false,MARQUEE,NO_EMBEDDED_IMAGE,KEEP_EXISTING,1018,INVENTORY_MARQUEE,SAFE_TYPED_FRAGMENT_STAGE,,,ORDINARY_MARQUEE_CANDIDATE,0,,,
database:1828,RETAIN_EXISTING,1828,fragments/1832/09/25-img3031,1832-09-25,1,1,1,AUTO_MATCHED_EXACT,MATCHED_CONTENT,false,MARQUEE,NO_EMBEDDED_IMAGE,KEEP_EXISTING,1018,INVENTORY_MARQUEE,SAFE_TYPED_FRAGMENT_STAGE,,,ORDINARY_MARQUEE_CANDIDATE,0,,,
database:1829,RETAIN_EXISTING,1829,fragments/1832/09/26-img3031,1832-09-26,1,1,1,AUTO_MATCHED_EXACT,MATCHED_CONTENT,false,MARQUEE,NO_EMBEDDED_IMAGE,KEEP_EXISTING,1018,INVENTORY_MARQUEE,SAFE_TYPED_FRAGMENT_STAGE,,,ORDINARY_MARQUEE_CANDIDATE,0,,,
database:1830,RETAIN_EXISTING,1830,fragments/1832/09/27-img3031,1832-09-27,1,1,1,AUTO_MATCHED_EXACT,MATCHED_CONTENT,false,MARQUEE,NO_EMBEDDED_IMAGE,KEEP_EXISTING,1018,INVENTORY_MARQUEE,SAFE_TYPED_FRAGMENT_STAGE,,,ORDINARY_MARQUEE_CANDIDATE,0,,,
database:1831,RETAIN_EXISTING,1831,fragments/1832/09/28-img3031,1832-09-28,1,1,1,AUTO_MATCHED_EXACT,MATCHED_CONTENT,false,MARQUEE,NO_EMBEDDED_IMAGE,KEEP_EXISTING,1018,INVENTORY_MARQUEE,SAFE_TYPED_FRAGMENT_STAGE,,,ORDINARY_MARQUEE_CANDIDATE,0,,,
database:1832,RETAIN_EXISTING,1832,fragments/1832/09/29-img3031,1832-09-29,1,1,1,AUTO_MATCHED_EXACT,MATCHED_CONTENT,false,MARQUEE,NO_EMBEDDED_IMAGE,KEEP_EXISTING,1018,INVENTORY_MARQUEE,SAFE_TYPED_FRAGMENT_STAGE,,,ORDINARY_MARQUEE_CANDIDATE,0,,,
database:1833,RETAIN_EXISTING,1833,fragments/1832/09/30-img3031,1832-09-30,1,1,1,AUTO_MATCHED_EXACT,MATCHED_CONTENT,false,MARQUEE,NO_EMBEDDED_IMAGE,KEEP_EXISTING,1018,INVENTORY_MARQUEE,SAFE_TYPED_FRAGMENT_STAGE,,,ORDINARY_MARQUEE_CANDIDATE,0,,,
database:1834,RETAIN_EXISTING,1834,fragments/1832/10/01-img3032,1832-10-01,1,1,1,AUTO_MATCHED_EXACT,MATCHED_CONTENT,false,MARQUEE,NO_EMBEDDED_IMAGE,KEEP_EXISTING,1019,INVENTORY_MARQUEE,SAFE_TYPED_FRAGMENT_STAGE,,,ORDINARY_MARQUEE_CANDIDATE,0,,,
database:1835,RETAIN_EXISTING,1835,fragments/1832/10/02-img3032,1832-10-02,1,1,1,AUTO_MATCHED_EXACT,MATCHED_CONTENT,false,MARQUEE,NO_EMBEDDED_IMAGE,KEEP_EXISTING,1019,INVENTORY_MARQUEE,SAFE_TYPED_FRAGMENT_STAGE,,,ORDINARY_MARQUEE_CANDIDATE,0,,,
database:1836,RETAIN_EXISTING,1836,fragments/1832/10/03-img3032,1832-10-03,1,1,1,AUTO_MATCHED_EXACT,MATCHED_CONTENT,false,MARQUEE,NO_EMBEDDED_IMAGE,KEEP_EXISTING,1019,INVENTORY_MARQUEE,SAFE_TYPED_FRAGMENT_STAGE,,,ORDINARY_MARQUEE_CANDIDATE,0,,,
database:1837,RETAIN_EXISTING,1837,fragments/1832/10/04-img3032,1832-10-04,1,1,1,AUTO_MATCHED_EXACT,MATCHED_CONTENT,false,MARQUEE,NO_EMBEDDED_IMAGE,KEEP_EXISTING,1019,INVENTORY_MARQUEE,SAFE_TYPED_FRAGMENT_STAGE,,,ORDINARY_MARQUEE_CANDIDATE,0,,,
database:1838,RETAIN_EXISTING,1838,fragments/1832/10/05-img3032,1832-10-05,1,1,1,AUTO_MATCHED_EXACT,MATCHED_CONTENT,false,MARQUEE,NO_EMBEDDED_IMAGE,KEEP_EXISTING,1019,INVENTORY_MARQUEE,SAFE_TYPED_FRAGMENT_STAGE,,,ORDINARY_MARQUEE_CANDIDATE,0,,,
database:1839,RETAIN_EXISTING,1839,fragments/1832/10/06-img3032,1832-10-06,1,1,1,AUTO_MATCHED_EXACT,MATCHED_CONTENT,false,MARQUEE,NO_EMBEDDED_IMAGE,KEEP_EXISTING,1019,INVENTORY_MARQUEE,SAFE_TYPED_FRAGMENT_STAGE,,,ORDINARY_MARQUEE_CANDIDATE,0,,,
database:1840,RETAIN_EXISTING,1840,fragments/1832/10/07-img3032,1832-10-07,1,1,1,AUTO_MATCHED_EXACT,MATCHED_CONTENT,false,MARQUEE,NO_EMBEDDED_IMAGE,KEEP_EXISTING,1019,INVENTORY_MARQUEE,SAFE_TYPED_FRAGMENT_STAGE,,,ORDINARY_MARQUEE_CANDIDATE,0,,,
database:1841,RETAIN_EXISTING,1841,fragments/1832/10/08-img3033,1832-10-08,1,1,1,AUTO_MATCHED_EXACT,MATCHED_CONTENT,false,MARQUEE,NO_EMBEDDED_IMAGE,KEEP_EXISTING,1020,INVENTORY_MARQUEE,SAFE_TYPED_FRAGMENT_STAGE,,,ORDINARY_MARQUEE_CANDIDATE,0,,,
database:1842,RETAIN_EXISTING,1842,fragments/1832/10/09-img3033,1832-10-09,1,1,1,AUTO_MATCHED_EXACT,MATCHED_CONTENT,false,MARQUEE,NO_EMBEDDED_IMAGE,KEEP_EXISTING,1020,INVENTORY_MARQUEE,SAFE_TYPED_FRAGMENT_STAGE,,,ORDINARY_MARQUEE_CANDIDATE,0,,,
database:1843,RETAIN_EXISTING,1843,fragments/1832/10/10-img3033,1832-10-10,1,1,1,AUTO_MATCHED_EXACT,MATCHED_CONTENT,false,MARQUEE,NO_EMBEDDED_IMAGE,KEEP_EXISTING,1020,INVENTORY_MARQUEE,SAFE_TYPED_FRAGMENT_STAGE,,,ORDINARY_MARQUEE_CANDIDATE,0,,,
database:1844,RETAIN_EXISTING,1844,fragments/1832/10/11-img3033,1832-10-11,1,1,1,AUTO_MATCHED_EXACT,MATCHED_CONTENT,false,MARQUEE,NO_EMBEDDED_IMAGE,KEEP_EXISTING,1020,INVENTORY_MARQUEE,SAFE_TYPED_FRAGMENT_STAGE,,,ORDINARY_MARQUEE_CANDIDATE,0,,,
database:1845,RETAIN_EXISTING,1845,fragments/1832/10/12-img3033,1832-10-12,1,1,1,AUTO_MATCHED_EXACT,MATCHED_CONTENT,false,MARQUEE,NO_EMBEDDED_IMAGE,KEEP_EXISTING,1020,INVENTORY_MARQUEE,SAFE_TYPED_FRAGMENT_STAGE,,,ORDINARY_MARQUEE_CANDIDATE,0,,,
database:1846,RETAIN_EXISTING,1846,fragments/1832/10/13-img3033,1832-10-13,1,1,1,AUTO_MATCHED_EXACT,MATCHED_CONTENT,false,MARQUEE,NO_EMBEDDED_IMAGE,KEEP_EXISTING,1020,INVENTORY_MARQUEE,SAFE_TYPED_FRAGMENT_STAGE,,,ORDINARY_MARQUEE_CANDIDATE,0,,,
database:1847,RETAIN_EXISTING,1847,fragments/1832/10/14-img3033,1832-10-14,1,1,1,AUTO_MATCHED_EXACT,MATCHED_CONTENT,false,MARQUEE,NO_EMBEDDED_IMAGE,KEEP_EXISTING,1020,INVENTORY_MARQUEE,SAFE_TYPED_FRAGMENT_STAGE,,,ORDINARY_MARQUEE_CANDIDATE,0,,,
database:1848,RETAIN_EXISTING,1848,fragments/1832/10/15-img3034,1832-10-15,1,1,1,AUTO_MATCHED_EXACT,MATCHED_CONTENT,false,MARQUEE,NO_EMBEDDED_IMAGE,KEEP_EXISTING,1021,INVENTORY_MARQUEE,SAFE_TYPED_FRAGMENT_STAGE,,,ORDINARY_MARQUEE_CANDIDATE,0,,,
database:1849,RETAIN_EXISTING,1849,fragments/1832/10/16-img3034,1832-10-16,1,1,1,AUTO_MATCHED_EXACT,MATCHED_CONTENT,false,MARQUEE,NO_EMBEDDED_IMAGE,KEEP_EXISTING,1021,INVENTORY_MARQUEE,SAFE_TYPED_FRAGMENT_STAGE,,,ORDINARY_MARQUEE_CANDIDATE,0,,,
database:1850,RETAIN_EXISTING,1850,fragments/1832/10/17-img3034,1832-10-17,1,1,1,AUTO_MATCHED_EXACT,MATCHED_CONTENT,false,MARQUEE,NO_EMBEDDED_IMAGE,KEEP_EXISTING,1021,INVENTORY_MARQUEE,SAFE_TYPED_FRAGMENT_STAGE,,,ORDINARY_MARQUEE_CANDIDATE,0,,,
database:1851,RETAIN_EXISTING,1851,fragments/1832/10/18-img3034,1832-10-18,1,1,1,AUTO_MATCHED_EXACT,MATCHED_CONTENT,false,MARQUEE,NO_EMBEDDED_IMAGE,KEEP_EXISTING,1021,INVENTORY_MARQUEE,SAFE_TYPED_FRAGMENT_STAGE,,,ORDINARY_MARQUEE_CANDIDATE,0,,,
database:1852,RETAIN_EXISTING,1852,fragments/1832/10/19-img3034,1832-10-19,1,1,1,AUTO_MATCHED_EXACT,MATCHED_CONTENT,false,MARQUEE,NO_EMBEDDED_IMAGE,KEEP_EXISTING,1021,INVENTORY_MARQUEE,SAFE_TYPED_FRAGMENT_STAGE,,,ORDINARY_MARQUEE_CANDIDATE,0,,,
database:1853,RETAIN_EXISTING,1853,fragments/1832/10/20-img3034,1832-10-20,1,1,1,AUTO_MATCHED_EXACT,MATCHED_CONTENT,false,MARQUEE,NO_EMBEDDED_IMAGE,KEEP_EXISTING,1021,INVENTORY_MARQUEE,SAFE_TYPED_FRAGMENT_STAGE,,,ORDINARY_MARQUEE_CANDIDATE,0,,,
database:1854,RETAIN_EXISTING,1854,fragments/1832/10/21-img3034,1832-10-21,1,1,1,AUTO_MATCHED_EXACT,MATCHED_CONTENT,false,MARQUEE,NO_EMBEDDED_IMAGE,KEEP_EXISTING,1021,INVENTORY_MARQUEE,SAFE_TYPED_FRAGMENT_STAGE,,,ORDINARY_MARQUEE_CANDIDATE,0,,,
database:1855,RETAIN_EXISTING,1855,fragments/1832/10/22-img3035,1832-10-22,1,1,1,AUTO_MATCHED_EXACT,MATCHED_CONTENT,false,MARQUEE,NO_EMBEDDED_IMAGE,KEEP_EXISTING,1022,INVENTORY_MARQUEE,SAFE_TYPED_FRAGMENT_STAGE,,,ORDINARY_MARQUEE_CANDIDATE,0,,,
database:1856,RETAIN_EXISTING,1856,fragments/1832/10/23-img3035,1832-10-23,1,1,1,AUTO_MATCHED_EXACT,MATCHED_CONTENT,false,MARQUEE,NO_EMBEDDED_IMAGE,KEEP_EXISTING,1022,INVENTORY_MARQUEE,SAFE_TYPED_FRAGMENT_STAGE,,,ORDINARY_MARQUEE_CANDIDATE,0,,,
database:1857,RETAIN_EXISTING,1857,fragments/1832/10/24-img3035,1832-10-24,1,1,1,AUTO_MATCHED_EXACT,MATCHED_CONTENT,false,MARQUEE,NO_EMBEDDED_IMAGE,KEEP_EXISTING,1022,INVENTORY_MARQUEE,SAFE_TYPED_FRAGMENT_STAGE,,,ORDINARY_MARQUEE_CANDIDATE,0,,,
database:1858,RETAIN_EXISTING,1858,fragments/1832/10/25-img3035,1832-10-25,1,1,1,AUTO_MATCHED_EXACT,MATCHED_CONTENT,false,MARQUEE,NO_EMBEDDED_IMAGE,KEEP_EXISTING,1022,INVENTORY_MARQUEE,SAFE_TYPED_FRAGMENT_STAGE,,,ORDINARY_MARQUEE_CANDIDATE,0,,,
database:1859,RETAIN_EXISTING,1859,fragments/1832/10/26-img3035,1832-10-26,1,1,1,AUTO_MATCHED_EXACT,MATCHED_CONTENT,false,MARQUEE,NO_EMBEDDED_IMAGE,KEEP_EXISTING,1022,INVENTORY_MARQUEE,SAFE_TYPED_FRAGMENT_STAGE,,,ORDINARY_MARQUEE_CANDIDATE,0,,,
database:1860,RETAIN_EXISTING,1860,fragments/1832/10/27-img3035,1832-10-27,1,1,1,AUTO_MATCHED_EXACT,MATCHED_CONTENT,false,MARQUEE,NO_EMBEDDED_IMAGE,KEEP_EXISTING,1022,INVENTORY_MARQUEE,SAFE_TYPED_FRAGMENT_STAGE,,,ORDINARY_MARQUEE_CANDIDATE,0,,,
database:1861,RETAIN_EXISTING,1861,fragments/1832/10/28-img3035,1832-10-28,1,1,1,AUTO_MATCHED_EXACT,MATCHED_CONTENT,false,MARQUEE,NO_EMBEDDED_IMAGE,KEEP_EXISTING,1022,INVENTORY_MARQUEE,SAFE_TYPED_FRAGMENT_STAGE,,,ORDINARY_MARQUEE_CANDIDATE,0,,,
database:1862,RETAIN_EXISTING,1862,fragments/1832/10/29-img3036,1832-10-29,1,1,1,AUTO_MATCHED_EXACT,MATCHED_CONTENT,false,MARQUEE,NO_EMBEDDED_IMAGE,KEEP_EXISTING,1023,INVENTORY_MARQUEE,SAFE_TYPED_FRAGMENT_STAGE,,,ORDINARY_MARQUEE_CANDIDATE,0,,,
database:1863,RETAIN_EXISTING,1863,fragments/1832/10/30-img3036,1832-10-30,1,1,1,AUTO_MATCHED_EXACT,MATCHED_CONTENT,false,MARQUEE,NO_EMBEDDED_IMAGE,KEEP_EXISTING,1023,INVENTORY_MARQUEE,SAFE_TYPED_FRAGMENT_STAGE,,,ORDINARY_MARQUEE_CANDIDATE,0,,,
database:1864,RETAIN_EXISTING,1864,fragments/1832/10/31-img3036,1832-10-31,1,1,1,AUTO_MATCHED_EXACT,MATCHED_CONTENT,false,MARQUEE,NO_EMBEDDED_IMAGE,KEEP_EXISTING,1023,INVENTORY_MARQUEE,SAFE_TYPED_FRAGMENT_STAGE,,,ORDINARY_MARQUEE_CANDIDATE,0,,,
database:1865,RETAIN_EXISTING,1865,fragments/1832/11/01-img3036,1832-11-01,1,1,1,AUTO_MATCHED_EXACT,MATCHED_CONTENT,false,MARQUEE,NO_EMBEDDED_IMAGE,KEEP_EXISTING,1023,INVENTORY_MARQUEE,SAFE_TYPED_FRAGMENT_STAGE,,,ORDINARY_MARQUEE_CANDIDATE,0,,,
database:1866,RETAIN_EXISTING,1866,fragments/1832/11/02-img3036,1832-11-02,1,1,1,AUTO_MATCHED_EXACT,MATCHED_CONTENT,false,MARQUEE,NO_EMBEDDED_IMAGE,KEEP_EXISTING,1023,INVENTORY_MARQUEE,SAFE_TYPED_FRAGMENT_STAGE,,,ORDINARY_MARQUEE_CANDIDATE,0,,,
database:1867,RETAIN_EXISTING,1867,fragments/1832/11/03-img3036,1832-11-03,1,1,1,AUTO_MATCHED_EXACT,MATCHED_CONTENT,false,MARQUEE,NO_EMBEDDED_IMAGE,KEEP_EXISTING,1023,INVENTORY_MARQUEE,SAFE_TYPED_FRAGMENT_STAGE,,,ORDINARY_MARQUEE_CANDIDATE,0,,,
database:1868,RETAIN_EXISTING,1868,fragments/1832/11/04-img3036,1832-11-04,1,1,1,AUTO_MATCHED_EXACT,MATCHED_CONTENT,false,MARQUEE,NO_EMBEDDED_IMAGE,KEEP_EXISTING,1023,INVENTORY_MARQUEE,SAFE_TYPED_FRAGMENT_STAGE,,,ORDINARY_MARQUEE_CANDIDATE,0,,,
database:1869,RETAIN_EXISTING,1869,fragments/1832/11/05-img3037,1832-11-05,1,1,1,AUTO_MATCHED_EXACT,MATCHED_CONTENT,false,MARQUEE,NO_EMBEDDED_IMAGE,KEEP_EXISTING,1024,INVENTORY_MARQUEE,SAFE_TYPED_FRAGMENT_STAGE,,,ORDINARY_MARQUEE_CANDIDATE,0,,,
database:1870,RETAIN_EXISTING,1870,fragments/1832/11/06-img3037,1832-11-06,1,1,1,AUTO_MATCHED_EXACT,MATCHED_CONTENT,false,MARQUEE,NO_EMBEDDED_IMAGE,KEEP_EXISTING,1024,INVENTORY_MARQUEE,SAFE_TYPED_FRAGMENT_STAGE,,,ORDINARY_MARQUEE_CANDIDATE,0,,,
database:1871,RETAIN_EXISTING,1871,fragments/1832/11/07-img3037,1832-11-07,1,1,1,AUTO_MATCHED_EXACT,MATCHED_CONTENT,false,MARQUEE,NO_EMBEDDED_IMAGE,KEEP_EXISTING,1024,INVENTORY_MARQUEE,SAFE_TYPED_FRAGMENT_STAGE,,,ORDINARY_MARQUEE_CANDIDATE,0,,,
database:1872,RETAIN_EXISTING,1872,fragments/1832/11/08-img3037,1832-11-08,1,1,1,AUTO_MATCHED_EXACT,MATCHED_CONTENT,false,MARQUEE,NO_EMBEDDED_IMAGE,KEEP_EXISTING,1024,INVENTORY_MARQUEE,SAFE_TYPED_FRAGMENT_STAGE,,,ORDINARY_MARQUEE_CANDIDATE,0,,,
database:1873,RETAIN_EXISTING,1873,fragments/1832/11/09-img3037,1832-11-09,1,1,1,AUTO_MATCHED_EXACT,MATCHED_CONTENT,false,MARQUEE,NO_EMBEDDED_IMAGE,KEEP_EXISTING,1024,INVENTORY_MARQUEE,SAFE_TYPED_FRAGMENT_STAGE,,,ORDINARY_MARQUEE_CANDIDATE,0,,,
database:1874,RETAIN_EXISTING,1874,fragments/1832/11/10-img3037,1832-11-10,1,1,1,AUTO_MATCHED_EXACT,MATCHED_CONTENT,false,MARQUEE,NO_EMBEDDED_IMAGE,KEEP_EXISTING,1024,INVENTORY_MARQUEE,SAFE_TYPED_FRAGMENT_STAGE,,,ORDINARY_MARQUEE_CANDIDATE,0,,,
database:1875,RETAIN_EXISTING,1875,fragments/1832/11/11-img3037,1832-11-11,1,1,1,AUTO_MATCHED_EXACT,MATCHED_CONTENT,false,MARQUEE,NO_EMBEDDED_IMAGE,KEEP_EXISTING,1024,INVENTORY_MARQUEE,SAFE_TYPED_FRAGMENT_STAGE,,,ORDINARY_MARQUEE_CANDIDATE,0,,,
database:1876,RETAIN_EXISTING,1876,fragments/1832/11/12-img3038,1832-11-12,1,1,1,AUTO_MATCHED_EXACT,MATCHED_CONTENT,false,MARQUEE,NO_EMBEDDED_IMAGE,KEEP_EXISTING,1025,INVENTORY_MARQUEE,SAFE_TYPED_FRAGMENT_STAGE,,,ORDINARY_MARQUEE_CANDIDATE,0,,,
database:1877,RETAIN_EXISTING,1877,fragments/1832/11/13-img3038,1832-11-13,1,1,1,AUTO_MATCHED_EXACT,MATCHED_CONTENT,false,MARQUEE,NO_EMBEDDED_IMAGE,KEEP_EXISTING,1025,INVENTORY_MARQUEE,SAFE_TYPED_FRAGMENT_STAGE,,,ORDINARY_MARQUEE_CANDIDATE,0,,,
database:1878,RETAIN_EXISTING,1878,fragments/1832/11/14-img3038,1832-11-14,1,1,1,AUTO_MATCHED_EXACT,MATCHED_CONTENT,false,MARQUEE,NO_EMBEDDED_IMAGE,KEEP_EXISTING,1025,INVENTORY_MARQUEE,SAFE_TYPED_FRAGMENT_STAGE,,,ORDINARY_MARQUEE_CANDIDATE,0,,,
database:1879,RETAIN_EXISTING,1879,fragments/1832/11/15-img3038,1832-11-15,1,1,1,AUTO_MATCHED_EXACT,MATCHED_CONTENT,false,MARQUEE,NO_EMBEDDED_IMAGE,KEEP_EXISTING,1025,INVENTORY_MARQUEE,SAFE_TYPED_FRAGMENT_STAGE,,,ORDINARY_MARQUEE_CANDIDATE,0,,,
database:1880,RETAIN_EXISTING,1880,fragments/1832/11/16-img3038,1832-11-16,1,1,1,AUTO_MATCHED_EXACT,MATCHED_CONTENT,false,MARQUEE,NO_EMBEDDED_IMAGE,KEEP_EXISTING,1025,INVENTORY_MARQUEE,SAFE_TYPED_FRAGMENT_STAGE,,,ORDINARY_MARQUEE_CANDIDATE,0,,,
database:1881,RETAIN_EXISTING,1881,fragments/1832/11/17-img3038,1832-11-17,1,1,1,AUTO_MATCHED_EXACT,MATCHED_CONTENT,false,MARQUEE,NO_EMBEDDED_IMAGE,KEEP_EXISTING,1025,INVENTORY_MARQUEE,SAFE_TYPED_FRAGMENT_STAGE,,,ORDINARY_MARQUEE_CANDIDATE,0,,,
database:1882,RETAIN_EXISTING,1882,fragments/1832/11/18-img3038,1832-11-18,1,1,1,AUTO_MATCHED_EXACT,MATCHED_CONTENT,false,MARQUEE,NO_EMBEDDED_IMAGE,KEEP_EXISTING,1025,INVENTORY_MARQUEE,SAFE_TYPED_FRAGMENT_STAGE,,,ORDINARY_MARQUEE_CANDIDATE,0,,,
database:1883,RETAIN_EXISTING,1883,fragments/1832/11/19-img3039,1832-11-19,1,1,1,AUTO_MATCHED_EXACT,MATCHED_CONTENT,false,MARQUEE,NO_EMBEDDED_IMAGE,KEEP_EXISTING,1026,INVENTORY_MARQUEE,SAFE_TYPED_FRAGMENT_STAGE,,,ORDINARY_MARQUEE_CANDIDATE,0,,,
database:1884,RETAIN_EXISTING,1884,fragments/1832/11/20-img3039,1832-11-20,1,1,1,AUTO_MATCHED_EXACT,MATCHED_CONTENT,false,MARQUEE,NO_EMBEDDED_IMAGE,KEEP_EXISTING,1026,INVENTORY_MARQUEE,SAFE_TYPED_FRAGMENT_STAGE,,,ORDINARY_MARQUEE_CANDIDATE,0,,,
database:1885,RETAIN_EXISTING,1885,fragments/1832/11/21-img3039,1832-11-21,1,1,1,AUTO_MATCHED_EXACT,MATCHED_CONTENT,false,MARQUEE,NO_EMBEDDED_IMAGE,KEEP_EXISTING,1026,INVENTORY_MARQUEE,SAFE_TYPED_FRAGMENT_STAGE,,,ORDINARY_MARQUEE_CANDIDATE,0,,,
database:1886,RETAIN_EXISTING,1886,fragments/1832/11/22-img3039,1832-11-22,1,1,1,AUTO_MATCHED_EXACT,MATCHED_CONTENT,false,MARQUEE,NO_EMBEDDED_IMAGE,KEEP_EXISTING,1026,INVENTORY_MARQUEE,SAFE_TYPED_FRAGMENT_STAGE,,,ORDINARY_MARQUEE_CANDIDATE,0,,,
database:1887,RETAIN_EXISTING,1887,fragments/1832/11/23-img3039,1832-11-23,1,1,1,AUTO_MATCHED_EXACT,MATCHED_CONTENT,false,MARQUEE,NO_EMBEDDED_IMAGE,KEEP_EXISTING,1026,INVENTORY_MARQUEE,SAFE_TYPED_FRAGMENT_STAGE,,,ORDINARY_MARQUEE_CANDIDATE,0,,,
database:1888,RETAIN_EXISTING,1888,fragments/1832/11/24-img3039,1832-11-24,1,1,1,AUTO_MATCHED_EXACT,MATCHED_CONTENT,false,MARQUEE,NO_EMBEDDED_IMAGE,KEEP_EXISTING,1026,INVENTORY_MARQUEE,SAFE_TYPED_FRAGMENT_STAGE,,,ORDINARY_MARQUEE_CANDIDATE,0,,,
database:1889,RETAIN_EXISTING,1889,fragments/1832/11/25-img3039,1832-11-25,1,1,1,AUTO_MATCHED_EXACT,MATCHED_CONTENT,false,MARQUEE,NO_EMBEDDED_IMAGE,KEEP_EXISTING,1026,INVENTORY_MARQUEE,SAFE_TYPED_FRAGMENT_STAGE,,,ORDINARY_MARQUEE_CANDIDATE,0,,,
database:1890,RETAIN_EXISTING,1890,fragments/1832/11/26-img3040,1832-11-26,1,1,1,AUTO_MATCHED_EXACT,MATCHED_CONTENT,false,MARQUEE,NO_EMBEDDED_IMAGE,KEEP_EXISTING,1027,INVENTORY_MARQUEE,SAFE_TYPED_FRAGMENT_STAGE,,,ORDINARY_MARQUEE_CANDIDATE,0,,,
database:1891,RETAIN_EXISTING,1891,fragments/1832/11/27-img3040,1832-11-27,1,1,1,AUTO_MATCHED_EXACT,MATCHED_CONTENT,false,MARQUEE,NO_EMBEDDED_IMAGE,KEEP_EXISTING,1027,INVENTORY_MARQUEE,SAFE_TYPED_FRAGMENT_STAGE,,,ORDINARY_MARQUEE_CANDIDATE,0,,,
database:1892,RETAIN_EXISTING,1892,fragments/1832/11/28-img3040,1832-11-28,1,1,1,AUTO_MATCHED_EXACT,MATCHED_CONTENT,false,MARQUEE,NO_EMBEDDED_IMAGE,KEEP_EXISTING,1027,INVENTORY_MARQUEE,SAFE_TYPED_FRAGMENT_STAGE,,,ORDINARY_MARQUEE_CANDIDATE,0,,,
database:1893,RETAIN_EXISTING,1893,fragments/1832/11/29-img3040,1832-11-29,1,1,1,AUTO_MATCHED_EXACT,MATCHED_CONTENT,false,MARQUEE,NO_EMBEDDED_IMAGE,KEEP_EXISTING,1027,INVENTORY_MARQUEE,SAFE_TYPED_FRAGMENT_STAGE,,,ORDINARY_MARQUEE_CANDIDATE,0,,,
database:1894,RETAIN_EXISTING,1894,fragments/1832/11/30-img3040,1832-11-30,1,1,1,AUTO_MATCHED_EXACT,MATCHED_CONTENT,false,MARQUEE,NO_EMBEDDED_IMAGE,KEEP_EXISTING,1027,INVENTORY_MARQUEE,SAFE_TYPED_FRAGMENT_STAGE,,,ORDINARY_MARQUEE_CANDIDATE,0,,,
database:1895,RETAIN_EXISTING,1895,fragments/1832/12/01-img3040,1832-12-01,1,1,1,AUTO_MATCHED_EXACT,MATCHED_CONTENT,false,MARQUEE,NO_EMBEDDED_IMAGE,KEEP_EXISTING,1027,INVENTORY_MARQUEE,SAFE_TYPED_FRAGMENT_STAGE,,,ORDINARY_MARQUEE_CANDIDATE,0,,,
database:1896,RETAIN_EXISTING,1896,fragments/1832/12/02-img3040,1832-12-02,1,1,1,AUTO_MATCHED_EXACT,MATCHED_CONTENT,false,MARQUEE,NO_EMBEDDED_IMAGE,KEEP_EXISTING,1027,INVENTORY_MARQUEE,SAFE_TYPED_FRAGMENT_STAGE,,,ORDINARY_MARQUEE_CANDIDATE,0,,,
database:1897,RETAIN_EXISTING,1897,fragments/1832/12/03-img3041,1832-12-03,1,1,1,AUTO_MATCHED_EXACT,MATCHED_CONTENT,false,MARQUEE,NO_EMBEDDED_IMAGE,KEEP_EXISTING,1028,INVENTORY_MARQUEE,SAFE_TYPED_FRAGMENT_STAGE,,,ORDINARY_MARQUEE_CANDIDATE,0,,,
database:1898,RETAIN_EXISTING,1898,fragments/1832/12/04-img3041,1832-12-04,1,1,1,AUTO_MATCHED_EXACT,MATCHED_CONTENT,false,MARQUEE,NO_EMBEDDED_IMAGE,KEEP_EXISTING,1028,INVENTORY_MARQUEE,SAFE_TYPED_FRAGMENT_STAGE,,,ORDINARY_MARQUEE_CANDIDATE,0,,,
database:1899,RETAIN_EXISTING,1899,fragments/1832/12/05-img3041,1832-12-05,1,1,1,AUTO_MATCHED_EXACT,MATCHED_CONTENT,false,MARQUEE,NO_EMBEDDED_IMAGE,KEEP_EXISTING,1028,INVENTORY_MARQUEE,SAFE_TYPED_FRAGMENT_STAGE,,,ORDINARY_MARQUEE_CANDIDATE,0,,,
database:1900,RETAIN_EXISTING,1900,fragments/1832/12/06-img3041,1832-12-06,1,1,1,AUTO_MATCHED_EXACT,MATCHED_CONTENT,false,MARQUEE,NO_EMBEDDED_IMAGE,KEEP_EXISTING,1028,INVENTORY_MARQUEE,SAFE_TYPED_FRAGMENT_STAGE,,,ORDINARY_MARQUEE_CANDIDATE,0,,,
database:1901,RETAIN_EXISTING,1901,fragments/1832/12/07-img3041,1832-12-07,1,1,1,AUTO_MATCHED_EXACT,MATCHED_CONTENT,false,MARQUEE,NO_EMBEDDED_IMAGE,KEEP_EXISTING,1028,INVENTORY_MARQUEE,SAFE_TYPED_FRAGMENT_STAGE,,,ORDINARY_MARQUEE_CANDIDATE,0,,,
database:1902,RETAIN_EXISTING,1902,fragments/1832/12/08-img3041,1832-12-08,1,1,1,AUTO_MATCHED_EXACT,MATCHED_CONTENT,false,MARQUEE,NO_EMBEDDED_IMAGE,KEEP_EXISTING,1028,INVENTORY_MARQUEE,SAFE_TYPED_FRAGMENT_STAGE,,,ORDINARY_MARQUEE_CANDIDATE,0,,,
database:1903,RETAIN_EXISTING,1903,fragments/1832/12/09-img3041,1832-12-09,1,1,1,AUTO_MATCHED_EXACT,MATCHED_CONTENT,false,MARQUEE,NO_EMBEDDED_IMAGE,KEEP_EXISTING,1028,INVENTORY_MARQUEE,SAFE_TYPED_FRAGMENT_STAGE,,,ORDINARY_MARQUEE_CANDIDATE,0,,,
database:1904,RETAIN_EXISTING,1904,fragments/1832/12/10-img3042,1832-12-10,1,1,1,AUTO_MATCHED_EXACT,MATCHED_CONTENT,false,MARQUEE,NO_EMBEDDED_IMAGE,KEEP_EXISTING,1029,INVENTORY_MARQUEE,SAFE_TYPED_FRAGMENT_STAGE,,,ORDINARY_MARQUEE_CANDIDATE,0,,,
database:1905,RETAIN_EXISTING,1905,fragments/1832/12/11-img3042,1832-12-11,1,1,1,AUTO_MATCHED_EXACT,MATCHED_CONTENT,false,MARQUEE,NO_EMBEDDED_IMAGE,KEEP_EXISTING,1029,INVENTORY_MARQUEE,SAFE_TYPED_FRAGMENT_STAGE,,,ORDINARY_MARQUEE_CANDIDATE,0,,,
database:1906,RETAIN_EXISTING,1906,fragments/1832/12/12-img3042,1832-12-12,1,1,1,AUTO_MATCHED_EXACT,MATCHED_CONTENT,false,MARQUEE,NO_EMBEDDED_IMAGE,KEEP_EXISTING,1029,INVENTORY_MARQUEE,SAFE_TYPED_FRAGMENT_STAGE,,,ORDINARY_MARQUEE_CANDIDATE,0,,,
database:1907,RETAIN_EXISTING,1907,fragments/1832/12/13-img3042,1832-12-13,1,1,1,AUTO_MATCHED_EXACT,MATCHED_CONTENT,false,MARQUEE,NO_EMBEDDED_IMAGE,KEEP_EXISTING,1029,INVENTORY_MARQUEE,SAFE_TYPED_FRAGMENT_STAGE,,,ORDINARY_MARQUEE_CANDIDATE,0,,,
database:1908,RETAIN_EXISTING,1908,fragments/1832/12/14-img3042,1832-12-14,1,1,1,AUTO_MATCHED_EXACT,MATCHED_CONTENT,false,MARQUEE,NO_EMBEDDED_IMAGE,KEEP_EXISTING,1029,INVENTORY_MARQUEE,SAFE_TYPED_FRAGMENT_STAGE,,,ORDINARY_MARQUEE_CANDIDATE,0,,,
database:1909,RETAIN_EXISTING,1909,fragments/1832/12/15-img3042,1832-12-15,1,1,1,AUTO_MATCHED_EXACT,MATCHED_CONTENT,false,MARQUEE,NO_EMBEDDED_IMAGE,KEEP_EXISTING,1029,INVENTORY_MARQUEE,SAFE_TYPED_FRAGMENT_STAGE,,,ORDINARY_MARQUEE_CANDIDATE,0,,,
database:1910,RETAIN_EXISTING,1910,fragments/1832/12/16-img3042,1832-12-16,1,1,1,AUTO_MATCHED_EXACT,MATCHED_CONTENT,false,MARQUEE,NO_EMBEDDED_IMAGE,KEEP_EXISTING,1029,INVENTORY_MARQUEE,SAFE_TYPED_FRAGMENT_STAGE,,,ORDINARY_MARQUEE_CANDIDATE,0,,,
database:1911,RETAIN_EXISTING,1911,fragments/1832/12/17-img3043,1832-12-17,1,1,1,AUTO_MATCHED_EXACT,MATCHED_CONTENT,false,MARQUEE,NO_EMBEDDED_IMAGE,KEEP_EXISTING,1030,INVENTORY_MARQUEE,SAFE_TYPED_FRAGMENT_STAGE,,,ORDINARY_MARQUEE_CANDIDATE,0,,,
database:1912,RETAIN_EXISTING,1912,fragments/1832/12/18-img3043,1832-12-18,1,1,1,AUTO_MATCHED_EXACT,MATCHED_CONTENT,false,MARQUEE,NO_EMBEDDED_IMAGE,KEEP_EXISTING,1030,INVENTORY_MARQUEE,SAFE_TYPED_FRAGMENT_STAGE,,,ORDINARY_MARQUEE_CANDIDATE,0,,,
database:1913,RETAIN_EXISTING,1913,fragments/1832/12/19-img3043,1832-12-19,1,1,1,AUTO_MATCHED_EXACT,MATCHED_CONTENT,false,MARQUEE,NO_EMBEDDED_IMAGE,KEEP_EXISTING,1030,INVENTORY_MARQUEE,SAFE_TYPED_FRAGMENT_STAGE,,,ORDINARY_MARQUEE_CANDIDATE,0,,,
database:1914,RETAIN_EXISTING,1914,fragments/1832/12/20-img3043,1832-12-20,1,1,1,AUTO_MATCHED_EXACT,MATCHED_CONTENT,false,MARQUEE,NO_EMBEDDED_IMAGE,KEEP_EXISTING,1030,INVENTORY_MARQUEE,SAFE_TYPED_FRAGMENT_STAGE,,,ORDINARY_MARQUEE_CANDIDATE,0,,,
database:1915,RETAIN_EXISTING,1915,fragments/1832/12/21-img3043,1832-12-21,1,1,1,AUTO_MATCHED_EXACT,MATCHED_CONTENT,false,MARQUEE,NO_EMBEDDED_IMAGE,KEEP_EXISTING,1030,INVENTORY_MARQUEE,SAFE_TYPED_FRAGMENT_STAGE,,,ORDINARY_MARQUEE_CANDIDATE,0,,,
database:1916,RETAIN_EXISTING,1916,fragments/1832/12/22-img3043,1832-12-22,1,1,1,AUTO_MATCHED_EXACT,MATCHED_CONTENT,false,MARQUEE,NO_EMBEDDED_IMAGE,KEEP_EXISTING,1030,INVENTORY_MARQUEE,SAFE_TYPED_FRAGMENT_STAGE,,,ORDINARY_MARQUEE_CANDIDATE,0,,,
database:1917,RETAIN_EXISTING,1917,fragments/1832/12/23-img3043,1832-12-23,1,1,1,AUTO_MATCHED_EXACT,MATCHED_CONTENT,false,MARQUEE,NO_EMBEDDED_IMAGE,KEEP_EXISTING,1030,INVENTORY_MARQUEE,SAFE_TYPED_FRAGMENT_STAGE,,,ORDINARY_MARQUEE_CANDIDATE,0,,,
database:1918,RETAIN_EXISTING,1918,fragments/1832/12/24-img3044,1832-12-24,1,1,1,AUTO_MATCHED_EXACT,MATCHED_CONTENT,false,MARQUEE,NO_EMBEDDED_IMAGE,KEEP_EXISTING,1031,INVENTORY_MARQUEE,SAFE_TYPED_FRAGMENT_STAGE,,,ORDINARY_MARQUEE_CANDIDATE,0,,,
database:1919,RETAIN_EXISTING,1919,fragments/1832/12/25-img3044,1832-12-25,1,1,1,AUTO_MATCHED_EXACT,MATCHED_CONTENT,false,MARQUEE,NO_EMBEDDED_IMAGE,KEEP_EXISTING,1031,INVENTORY_MARQUEE,SAFE_TYPED_FRAGMENT_STAGE,,,ORDINARY_MARQUEE_CANDIDATE,0,,,
database:1920,RETAIN_EXISTING,1920,fragments/1832/12/26-img3044,1832-12-26,1,1,1,AUTO_MATCHED_EXACT,MATCHED_CONTENT,false,MARQUEE,NO_EMBEDDED_IMAGE,KEEP_EXISTING,1031,INVENTORY_MARQUEE,SAFE_TYPED_FRAGMENT_STAGE,,,ORDINARY_MARQUEE_CANDIDATE,0,,,
database:1921,RETAIN_EXISTING,1921,fragments/1832/12/27-img3044,1832-12-27,1,1,1,AUTO_MATCHED_EXACT,MATCHED_CONTENT,false,MARQUEE,NO_EMBEDDED_IMAGE,KEEP_EXISTING,1031,INVENTORY_MARQUEE,SAFE_TYPED_FRAGMENT_STAGE,,,ORDINARY_MARQUEE_CANDIDATE,0,,,
database:1922,RETAIN_EXISTING,1922,fragments/1832/12/28-img3044,1832-12-28,1,1,1,AUTO_MATCHED_EXACT,MATCHED_CONTENT,false,MARQUEE,NO_EMBEDDED_IMAGE,KEEP_EXISTING,1031,INVENTORY_MARQUEE,SAFE_TYPED_FRAGMENT_STAGE,,,ORDINARY_MARQUEE_CANDIDATE,0,,,
database:1923,RETAIN_EXISTING,1923,fragments/1832/12/29-img3044,1832-12-29,1,1,1,AUTO_MATCHED_EXACT,MATCHED_CONTENT,false,MARQUEE,NO_EMBEDDED_IMAGE,KEEP_EXISTING,1031,INVENTORY_MARQUEE,SAFE_TYPED_FRAGMENT_STAGE,,,ORDINARY_MARQUEE_CANDIDATE,0,,,
database:1924,RETAIN_EXISTING,1924,fragments/1832/12/30-img3044,1832-12-30,1,1,1,AUTO_MATCHED_EXACT,MATCHED_CONTENT,false,MARQUEE,NO_EMBEDDED_IMAGE,KEEP_EXISTING,1031,INVENTORY_MARQUEE,SAFE_TYPED_FRAGMENT_STAGE,,,ORDINARY_MARQUEE_CANDIDATE,0,,,
database:1925,RETAIN_EXISTING,1925,fragments/1832/12/31-img3044,1832-12-31,1,1,1,AUTO_MATCHED_EXACT,MATCHED_CONTENT,false,MARQUEE,NO_EMBEDDED_IMAGE,KEEP_EXISTING,1031,INVENTORY_MARQUEE,SAFE_TYPED_FRAGMENT_STAGE,,,ORDINARY_MARQUEE_CANDIDATE,0,,,
database:1927,RETAIN_EXISTING,1927,fragments/1834/01/01-img2693,1834-01-01,1,1,1,AUTO_MATCHED_EXACT,MATCHED_CONTENT,false,MARQUEE,NO_EMBEDDED_IMAGE,KEEP_EXISTING,1065,INVENTORY_MARQUEE,SAFE_TYPED_FRAGMENT_STAGE,,,ORDINARY_MARQUEE_CANDIDATE,0,,,
database:1926,RETAIN_EXISTING,1926,fragments/1834/01/01-dc-highlights-1834,1834-01-01,2,2,2,AUTO_MATCHED_EXACT,MATCHED_CONTENT,false,MARQUEE,NO_EMBEDDED_IMAGE,KEEP_ABSENT,,UNRESOLVED,SAFE_TYPED_FRAGMENT_STAGE,,,ORPHAN_OR_INCONSISTENT,0,,,
database:1928,RETAIN_EXISTING,1928,fragments/1834/01/02-img2693,1834-01-02,1,1,1,AUTO_MATCHED_EXACT,MATCHED_CONTENT,false,MARQUEE,NO_EMBEDDED_IMAGE,KEEP_EXISTING,1065,INVENTORY_MARQUEE,SAFE_TYPED_FRAGMENT_STAGE,,,ORDINARY_MARQUEE_CANDIDATE,0,,,
database:1929,RETAIN_EXISTING,1929,fragments/1834/01/03-img2693,1834-01-03,1,1,1,AUTO_MATCHED_EXACT,MATCHED_CONTENT,false,MARQUEE,NO_EMBEDDED_IMAGE,KEEP_EXISTING,1065,INVENTORY_MARQUEE,SAFE_TYPED_FRAGMENT_STAGE,,,ORDINARY_MARQUEE_CANDIDATE,0,,,
database:1930,RETAIN_EXISTING,1930,fragments/1834/01/04-img2693,1834-01-04,1,1,1,AUTO_MATCHED_EXACT,MATCHED_CONTENT,false,MARQUEE,NO_EMBEDDED_IMAGE,KEEP_EXISTING,1065,INVENTORY_MARQUEE,SAFE_TYPED_FRAGMENT_STAGE,,,ORDINARY_MARQUEE_CANDIDATE,0,,,
database:1931,RETAIN_EXISTING,1931,fragments/1834/01/05-img2694-left,1834-01-05,1,1,1,AUTO_MATCHED_EXACT,MATCHED_CONTENT,false,MARQUEE,NO_EMBEDDED_IMAGE,KEEP_EXISTING,1066,INVENTORY_MARQUEE,SAFE_TYPED_FRAGMENT_STAGE,,,ORDINARY_MARQUEE_CANDIDATE,0,,,
database:1932,RETAIN_EXISTING,1932,fragments/1834/01/06-img2694-left,1834-01-06,1,1,1,AUTO_MATCHED_EXACT,MATCHED_CONTENT,false,MARQUEE,NO_EMBEDDED_IMAGE,KEEP_EXISTING,1066,INVENTORY_MARQUEE,SAFE_TYPED_FRAGMENT_STAGE,,,ORDINARY_MARQUEE_CANDIDATE,0,,,
database:1933,RETAIN_EXISTING,1933,fragments/1834/01/07-b3-img2994-burnhopeside-hall,1834-01-07,1,1,1,AUTO_MATCHED_EXACT,MATCHED_CONTENT,true,IMAGE,DATABASE_EMBEDDED_IMAGE,KEEP_ABSENT,,UNRESOLVED,DEFERRED_IMAGE_MIGRATION,,images/img2994-burnhopeside-hall.jpg,ORPHAN_OR_INCONSISTENT,1,,,
database:1934,RETAIN_EXISTING,1934,fragments/1834/01/07-img2694-left,1834-01-07,2,2,2,AUTO_MATCHED_EXACT,MATCHED_CONTENT,false,MARQUEE,NO_EMBEDDED_IMAGE,KEEP_EXISTING,1066,INVENTORY_MARQUEE,SAFE_TYPED_FRAGMENT_STAGE,,,ORDINARY_MARQUEE_CANDIDATE,0,,,
database:1935,RETAIN_EXISTING,1935,fragments/1834/01/08-img2694-left,1834-01-08,1,1,1,AUTO_MATCHED_EXACT,MATCHED_CONTENT,false,MARQUEE,NO_EMBEDDED_IMAGE,KEEP_EXISTING,1066,INVENTORY_MARQUEE,SAFE_TYPED_FRAGMENT_STAGE,,,ORDINARY_MARQUEE_CANDIDATE,0,,,
database:1936,RETAIN_EXISTING,1936,fragments/1834/01/09-img2694-left,1834-01-09,1,1,1,AUTO_MATCHED_EXACT,MATCHED_CONTENT,false,MARQUEE,NO_EMBEDDED_IMAGE,KEEP_EXISTING,1066,INVENTORY_MARQUEE,SAFE_TYPED_FRAGMENT_STAGE,,,ORDINARY_MARQUEE_CANDIDATE,0,,,
database:1937,RETAIN_EXISTING,1937,fragments/1834/01/10-img2694-right,1834-01-10,1,1,1,AUTO_MATCHED_EXACT,MATCHED_CONTENT,false,MARQUEE,NO_EMBEDDED_IMAGE,KEEP_EXISTING,1066,INVENTORY_MARQUEE,SAFE_TYPED_FRAGMENT_STAGE,,,ORDINARY_MARQUEE_CANDIDATE,0,,,
database:1938,RETAIN_EXISTING,1938,fragments/1834/01/11-img2694-right,1834-01-11,1,1,1,AUTO_MATCHED_EXACT,MATCHED_CONTENT,false,MARQUEE,NO_EMBEDDED_IMAGE,KEEP_EXISTING,1066,INVENTORY_MARQUEE,SAFE_TYPED_FRAGMENT_STAGE,,,ORDINARY_MARQUEE_CANDIDATE,0,,,
database:1939,RETAIN_EXISTING,1939,fragments/1834/01/12-img2694-right,1834-01-12,1,1,1,AUTO_MATCHED_EXACT,MATCHED_CONTENT,false,MARQUEE,NO_EMBEDDED_IMAGE,KEEP_EXISTING,1066,INVENTORY_MARQUEE,SAFE_TYPED_FRAGMENT_STAGE,,,ORDINARY_MARQUEE_CANDIDATE,0,,,
database:1940,RETAIN_EXISTING,1940,fragments/1834/01/13-img2694-right,1834-01-13,1,1,1,AUTO_MATCHED_EXACT,MATCHED_CONTENT,false,MARQUEE,NO_EMBEDDED_IMAGE,KEEP_EXISTING,1066,INVENTORY_MARQUEE,SAFE_TYPED_FRAGMENT_STAGE,,,ORDINARY_MARQUEE_CANDIDATE,0,,,
database:1941,RETAIN_EXISTING,1941,fragments/1834/01/14-img2694-right,1834-01-14,1,1,1,AUTO_MATCHED_EXACT,MATCHED_CONTENT,false,MARQUEE,NO_EMBEDDED_IMAGE,KEEP_EXISTING,1066,INVENTORY_MARQUEE,SAFE_TYPED_FRAGMENT_STAGE,,,ORDINARY_MARQUEE_CANDIDATE,0,,,
database:1942,RETAIN_EXISTING,1942,fragments/1834/01/15-img2695-left,1834-01-15,1,1,1,AUTO_MATCHED_EXACT,MATCHED_CONTENT,false,MARQUEE,NO_EMBEDDED_IMAGE,KEEP_EXISTING,1067,INVENTORY_MARQUEE,SAFE_TYPED_FRAGMENT_STAGE,,,ORDINARY_MARQUEE_CANDIDATE,0,,,
database:1943,RETAIN_EXISTING,1943,fragments/1834/01/16-img2695-left,1834-01-16,1,1,1,AUTO_MATCHED_EXACT,MATCHED_CONTENT,false,MARQUEE,NO_EMBEDDED_IMAGE,KEEP_EXISTING,1067,INVENTORY_MARQUEE,SAFE_TYPED_FRAGMENT_STAGE,,,ORDINARY_MARQUEE_CANDIDATE,0,,,
database:1944,RETAIN_EXISTING,1944,fragments/1834/01/17-img2695-left,1834-01-17,1,1,1,AUTO_MATCHED_EXACT,MATCHED_CONTENT,false,MARQUEE,NO_EMBEDDED_IMAGE,KEEP_EXISTING,1067,INVENTORY_MARQUEE,SAFE_TYPED_FRAGMENT_STAGE,,,ORDINARY_MARQUEE_CANDIDATE,0,,,
database:1945,RETAIN_EXISTING,1945,fragments/1834/01/18-img2695-left,1834-01-18,1,1,1,AUTO_MATCHED_EXACT,MATCHED_CONTENT,false,MARQUEE,NO_EMBEDDED_IMAGE,KEEP_EXISTING,1067,INVENTORY_MARQUEE,SAFE_TYPED_FRAGMENT_STAGE,,,ORDINARY_MARQUEE_CANDIDATE,0,,,
database:1946,RETAIN_EXISTING,1946,fragments/1834/01/19-img2695-left,1834-01-19,1,1,1,AUTO_MATCHED_EXACT,MATCHED_CONTENT,false,MARQUEE,NO_EMBEDDED_IMAGE,KEEP_EXISTING,1067,INVENTORY_MARQUEE,SAFE_TYPED_FRAGMENT_STAGE,,,ORDINARY_MARQUEE_CANDIDATE,0,,,
database:1947,RETAIN_EXISTING,1947,fragments/1834/01/20-img2695-right,1834-01-20,1,1,1,AUTO_MATCHED_EXACT,MATCHED_CONTENT,false,MARQUEE,NO_EMBEDDED_IMAGE,KEEP_EXISTING,1067,INVENTORY_MARQUEE,SAFE_TYPED_FRAGMENT_STAGE,,,ORDINARY_MARQUEE_CANDIDATE,0,,,
database:1948,RETAIN_EXISTING,1948,fragments/1834/01/21-img2695-right,1834-01-21,1,1,1,AUTO_MATCHED_EXACT,MATCHED_CONTENT,false,MARQUEE,NO_EMBEDDED_IMAGE,KEEP_EXISTING,1067,INVENTORY_MARQUEE,SAFE_TYPED_FRAGMENT_STAGE,,,ORDINARY_MARQUEE_CANDIDATE,0,,,
database:1949,RETAIN_EXISTING,1949,fragments/1834/01/22-img2695-right,1834-01-22,1,1,1,AUTO_MATCHED_EXACT,MATCHED_CONTENT,false,MARQUEE,NO_EMBEDDED_IMAGE,KEEP_EXISTING,1067,INVENTORY_MARQUEE,SAFE_TYPED_FRAGMENT_STAGE,,,ORDINARY_MARQUEE_CANDIDATE,0,,,
database:1950,RETAIN_EXISTING,1950,fragments/1834/01/23-img2695-right,1834-01-23,1,1,1,AUTO_MATCHED_EXACT,MATCHED_CONTENT,false,MARQUEE,NO_EMBEDDED_IMAGE,KEEP_EXISTING,1067,INVENTORY_MARQUEE,SAFE_TYPED_FRAGMENT_STAGE,,,ORDINARY_MARQUEE_CANDIDATE,0,,,
database:1951,RETAIN_EXISTING,1951,fragments/1834/01/24-img2695-right,1834-01-24,1,1,1,AUTO_MATCHED_EXACT,MATCHED_CONTENT,false,MARQUEE,NO_EMBEDDED_IMAGE,KEEP_EXISTING,1067,INVENTORY_MARQUEE,SAFE_TYPED_FRAGMENT_STAGE,,,ORDINARY_MARQUEE_CANDIDATE,0,,,
database:1952,RETAIN_EXISTING,1952,fragments/1834/01/25-img2696-left,1834-01-25,1,1,1,AUTO_MATCHED_EXACT,MATCHED_CONTENT,false,MARQUEE,NO_EMBEDDED_IMAGE,KEEP_EXISTING,1068,INVENTORY_MARQUEE,SAFE_TYPED_FRAGMENT_STAGE,,,ORDINARY_MARQUEE_CANDIDATE,0,,,
database:1953,RETAIN_EXISTING,1953,fragments/1834/01/26-img2696-left,1834-01-26,1,1,1,AUTO_MATCHED_EXACT,MATCHED_CONTENT,false,MARQUEE,NO_EMBEDDED_IMAGE,KEEP_EXISTING,1068,INVENTORY_MARQUEE,SAFE_TYPED_FRAGMENT_STAGE,,,ORDINARY_MARQUEE_CANDIDATE,0,,,
database:1954,RETAIN_EXISTING,1954,fragments/1834/01/27-img2696-left,1834-01-27,1,1,1,AUTO_MATCHED_EXACT,MATCHED_CONTENT,false,MARQUEE,NO_EMBEDDED_IMAGE,KEEP_EXISTING,1068,INVENTORY_MARQUEE,SAFE_TYPED_FRAGMENT_STAGE,,,ORDINARY_MARQUEE_CANDIDATE,0,,,
database:1955,RETAIN_EXISTING,1955,fragments/1834/01/28-img2696-left,1834-01-28,1,1,1,AUTO_MATCHED_EXACT,MATCHED_CONTENT,false,MARQUEE,NO_EMBEDDED_IMAGE,KEEP_EXISTING,1068,INVENTORY_MARQUEE,SAFE_TYPED_FRAGMENT_STAGE,,,ORDINARY_MARQUEE_CANDIDATE,0,,,
database:1956,RETAIN_EXISTING,1956,fragments/1834/01/29-img2696-left,1834-01-29,1,1,1,AUTO_MATCHED_EXACT,MATCHED_CONTENT,false,MARQUEE,NO_EMBEDDED_IMAGE,KEEP_EXISTING,1068,INVENTORY_MARQUEE,SAFE_TYPED_FRAGMENT_STAGE,,,ORDINARY_MARQUEE_CANDIDATE,0,,,
database:1957,RETAIN_EXISTING,1957,fragments/1834/01/30-img2696-left,1834-01-30,1,1,1,AUTO_MATCHED_EXACT,MATCHED_CONTENT,false,MARQUEE,NO_EMBEDDED_IMAGE,KEEP_EXISTING,1068,INVENTORY_MARQUEE,SAFE_TYPED_FRAGMENT_STAGE,,,ORDINARY_MARQUEE_CANDIDATE,0,,,
database:1958,RETAIN_EXISTING,1958,fragments/1834/01/31-img2696-left,1834-01-31,1,1,1,AUTO_MATCHED_EXACT,MATCHED_CONTENT,false,MARQUEE,NO_EMBEDDED_IMAGE,KEEP_EXISTING,1068,INVENTORY_MARQUEE,SAFE_TYPED_FRAGMENT_STAGE,,,ORDINARY_MARQUEE_CANDIDATE,0,,,
database:1959,RETAIN_EXISTING,1959,fragments/1834/02/01-img2696-right,1834-02-01,1,1,1,AUTO_MATCHED_EXACT,MATCHED_CONTENT,false,MARQUEE,NO_EMBEDDED_IMAGE,KEEP_EXISTING,1068,INVENTORY_MARQUEE,SAFE_TYPED_FRAGMENT_STAGE,,,ORDINARY_MARQUEE_CANDIDATE,0,,,
database:1960,RETAIN_EXISTING,1960,fragments/1834/02/02-img2696-right,1834-02-02,1,1,1,AUTO_MATCHED_EXACT,MATCHED_CONTENT,false,MARQUEE,NO_EMBEDDED_IMAGE,KEEP_EXISTING,1068,INVENTORY_MARQUEE,SAFE_TYPED_FRAGMENT_STAGE,,,ORDINARY_MARQUEE_CANDIDATE,0,,,
database:1961,RETAIN_EXISTING,1961,fragments/1834/02/03-img2696-right,1834-02-03,1,1,1,AUTO_MATCHED_EXACT,MATCHED_CONTENT,false,MARQUEE,NO_EMBEDDED_IMAGE,KEEP_EXISTING,1068,INVENTORY_MARQUEE,SAFE_TYPED_FRAGMENT_STAGE,,,ORDINARY_MARQUEE_CANDIDATE,0,,,
database:1962,RETAIN_EXISTING,1962,fragments/1834/02/04-img2696-right,1834-02-04,1,1,1,AUTO_MATCHED_EXACT,MATCHED_CONTENT,false,MARQUEE,NO_EMBEDDED_IMAGE,KEEP_EXISTING,1068,INVENTORY_MARQUEE,SAFE_TYPED_FRAGMENT_STAGE,,,ORDINARY_MARQUEE_CANDIDATE,0,,,
database:1963,RETAIN_EXISTING,1963,fragments/1834/02/05-img2696-right,1834-02-05,1,1,1,AUTO_MATCHED_EXACT,MATCHED_CONTENT,false,MARQUEE,NO_EMBEDDED_IMAGE,KEEP_EXISTING,1068,INVENTORY_MARQUEE,SAFE_TYPED_FRAGMENT_STAGE,,,ORDINARY_MARQUEE_CANDIDATE,0,,,
database:1964,RETAIN_EXISTING,1964,fragments/1834/02/06-img2697-left,1834-02-06,1,1,1,AUTO_MATCHED_EXACT,MATCHED_CONTENT,false,MARQUEE,NO_EMBEDDED_IMAGE,KEEP_EXISTING,1069,INVENTORY_MARQUEE,SAFE_TYPED_FRAGMENT_STAGE,,,ORDINARY_MARQUEE_CANDIDATE,0,,,
database:1965,RETAIN_EXISTING,1965,fragments/1834/02/07-img2697-left,1834-02-07,1,1,1,AUTO_MATCHED_EXACT,MATCHED_CONTENT,false,MARQUEE,NO_EMBEDDED_IMAGE,KEEP_EXISTING,1069,INVENTORY_MARQUEE,SAFE_TYPED_FRAGMENT_STAGE,,,ORDINARY_MARQUEE_CANDIDATE,0,,,
database:1966,RETAIN_EXISTING,1966,fragments/1834/02/08-img2697-left,1834-02-08,1,1,1,AUTO_MATCHED_EXACT,MATCHED_CONTENT,false,MARQUEE,NO_EMBEDDED_IMAGE,KEEP_EXISTING,1069,INVENTORY_MARQUEE,SAFE_TYPED_FRAGMENT_STAGE,,,ORDINARY_MARQUEE_CANDIDATE,0,,,
database:1967,RETAIN_EXISTING,1967,fragments/1834/02/09-img2697-left,1834-02-09,1,1,1,AUTO_MATCHED_EXACT,MATCHED_CONTENT,false,MARQUEE,NO_EMBEDDED_IMAGE,KEEP_EXISTING,1069,INVENTORY_MARQUEE,SAFE_TYPED_FRAGMENT_STAGE,,,ORDINARY_MARQUEE_CANDIDATE,0,,,
database:1968,RETAIN_EXISTING,1968,fragments/1834/02/10-img2697-left,1834-02-10,1,1,1,AUTO_MATCHED_EXACT,MATCHED_CONTENT,false,MARQUEE,NO_EMBEDDED_IMAGE,KEEP_EXISTING,1069,INVENTORY_MARQUEE,SAFE_TYPED_FRAGMENT_STAGE,,,ORDINARY_MARQUEE_CANDIDATE,0,,,
database:1969,RETAIN_EXISTING,1969,fragments/1834/02/11-img2697-left,1834-02-11,1,1,1,AUTO_MATCHED_EXACT,MATCHED_CONTENT,false,MARQUEE,NO_EMBEDDED_IMAGE,KEEP_EXISTING,1069,INVENTORY_MARQUEE,SAFE_TYPED_FRAGMENT_STAGE,,,ORDINARY_MARQUEE_CANDIDATE,0,,,
database:1970,RETAIN_EXISTING,1970,fragments/1834/02/12-img2697-right,1834-02-12,1,1,1,AUTO_MATCHED_EXACT,MATCHED_CONTENT,false,MARQUEE,NO_EMBEDDED_IMAGE,KEEP_EXISTING,1069,INVENTORY_MARQUEE,SAFE_TYPED_FRAGMENT_STAGE,,,ORDINARY_MARQUEE_CANDIDATE,0,,,
database:1971,RETAIN_EXISTING,1971,fragments/1834/02/13-img2697-right,1834-02-13,1,1,1,AUTO_MATCHED_EXACT,MATCHED_CONTENT,false,MARQUEE,NO_EMBEDDED_IMAGE,KEEP_EXISTING,1069,INVENTORY_MARQUEE,SAFE_TYPED_FRAGMENT_STAGE,,,ORDINARY_MARQUEE_CANDIDATE,0,,,
database:1972,RETAIN_EXISTING,1972,fragments/1834/02/14-img2697-right,1834-02-14,1,1,1,AUTO_MATCHED_EXACT,MATCHED_CONTENT,false,MARQUEE,NO_EMBEDDED_IMAGE,KEEP_EXISTING,1069,INVENTORY_MARQUEE,SAFE_TYPED_FRAGMENT_STAGE,,,ORDINARY_MARQUEE_CANDIDATE,0,,,
database:1973,RETAIN_EXISTING,1973,fragments/1834/02/15-img2697-right,1834-02-15,1,1,1,AUTO_MATCHED_EXACT,MATCHED_CONTENT,false,MARQUEE,NO_EMBEDDED_IMAGE,KEEP_EXISTING,1069,INVENTORY_MARQUEE,SAFE_TYPED_FRAGMENT_STAGE,,,ORDINARY_MARQUEE_CANDIDATE,0,,,
database:1974,RETAIN_EXISTING,1974,fragments/1834/02/16-img2697-right,1834-02-16,1,1,1,AUTO_MATCHED_EXACT,MATCHED_CONTENT,false,MARQUEE,NO_EMBEDDED_IMAGE,KEEP_EXISTING,1069,INVENTORY_MARQUEE,SAFE_TYPED_FRAGMENT_STAGE,,,ORDINARY_MARQUEE_CANDIDATE,0,,,
database:1975,RETAIN_EXISTING,1975,fragments/1834/02/17-img2697-right,1834-02-17,1,1,1,AUTO_MATCHED_EXACT,MATCHED_CONTENT,false,MARQUEE,NO_EMBEDDED_IMAGE,KEEP_EXISTING,1069,INVENTORY_MARQUEE,SAFE_TYPED_FRAGMENT_STAGE,,,ORDINARY_MARQUEE_CANDIDATE,0,,,
database:1976,RETAIN_EXISTING,1976,fragments/1834/02/18-img2698-left,1834-02-18,1,1,1,AUTO_MATCHED_EXACT,MATCHED_CONTENT,false,MARQUEE,NO_EMBEDDED_IMAGE,KEEP_EXISTING,1070,INVENTORY_MARQUEE,SAFE_TYPED_FRAGMENT_STAGE,,,ORDINARY_MARQUEE_CANDIDATE,0,,,
database:1977,RETAIN_EXISTING,1977,fragments/1834/02/19-img2698-left,1834-02-19,1,1,1,AUTO_MATCHED_EXACT,MATCHED_CONTENT,false,MARQUEE,NO_EMBEDDED_IMAGE,KEEP_EXISTING,1070,INVENTORY_MARQUEE,SAFE_TYPED_FRAGMENT_STAGE,,,ORDINARY_MARQUEE_CANDIDATE,0,,,
database:1978,RETAIN_EXISTING,1978,fragments/1834/02/20-img2698-left,1834-02-20,1,1,1,AUTO_MATCHED_EXACT,MATCHED_CONTENT,false,MARQUEE,NO_EMBEDDED_IMAGE,KEEP_EXISTING,1070,INVENTORY_MARQUEE,SAFE_TYPED_FRAGMENT_STAGE,,,ORDINARY_MARQUEE_CANDIDATE,0,,,
database:1979,RETAIN_EXISTING,1979,fragments/1834/02/21-img2698-left,1834-02-21,1,1,1,AUTO_MATCHED_EXACT,MATCHED_CONTENT,false,MARQUEE,NO_EMBEDDED_IMAGE,KEEP_EXISTING,1070,INVENTORY_MARQUEE,SAFE_TYPED_FRAGMENT_STAGE,,,ORDINARY_MARQUEE_CANDIDATE,0,,,
database:1980,RETAIN_EXISTING,1980,fragments/1834/02/22-img2698-left,1834-02-22,1,1,1,AUTO_MATCHED_EXACT,MATCHED_CONTENT,false,MARQUEE,NO_EMBEDDED_IMAGE,KEEP_EXISTING,1070,INVENTORY_MARQUEE,SAFE_TYPED_FRAGMENT_STAGE,,,ORDINARY_MARQUEE_CANDIDATE,0,,,
database:1981,RETAIN_EXISTING,1981,fragments/1834/02/23-img2698-left,1834-02-23,1,1,1,AUTO_MATCHED_EXACT,MATCHED_CONTENT,false,MARQUEE,NO_EMBEDDED_IMAGE,KEEP_EXISTING,1070,INVENTORY_MARQUEE,SAFE_TYPED_FRAGMENT_STAGE,,,ORDINARY_MARQUEE_CANDIDATE,0,,,
database:1982,RETAIN_EXISTING,1982,fragments/1834/02/24-img2698-right,1834-02-24,1,1,1,AUTO_MATCHED_EXACT,MATCHED_CONTENT,false,MARQUEE,NO_EMBEDDED_IMAGE,KEEP_EXISTING,1070,INVENTORY_MARQUEE,SAFE_TYPED_FRAGMENT_STAGE,,,ORDINARY_MARQUEE_CANDIDATE,0,,,
database:1983,RETAIN_EXISTING,1983,fragments/1834/02/25-img2698-right,1834-02-25,1,1,1,AUTO_MATCHED_EXACT,MATCHED_CONTENT,false,MARQUEE,NO_EMBEDDED_IMAGE,KEEP_EXISTING,1070,INVENTORY_MARQUEE,SAFE_TYPED_FRAGMENT_STAGE,,,ORDINARY_MARQUEE_CANDIDATE,0,,,
database:1984,RETAIN_EXISTING,1984,fragments/1834/02/26-img2698-right,1834-02-26,1,1,1,AUTO_MATCHED_EXACT,MATCHED_CONTENT,false,MARQUEE,NO_EMBEDDED_IMAGE,KEEP_EXISTING,1070,INVENTORY_MARQUEE,SAFE_TYPED_FRAGMENT_STAGE,,,ORDINARY_MARQUEE_CANDIDATE,0,,,
database:1985,RETAIN_EXISTING,1985,fragments/1834/02/27-img2698-right,1834-02-27,1,1,1,AUTO_MATCHED_EXACT,MATCHED_CONTENT,false,MARQUEE,NO_EMBEDDED_IMAGE,KEEP_EXISTING,1070,INVENTORY_MARQUEE,SAFE_TYPED_FRAGMENT_STAGE,,,ORDINARY_MARQUEE_CANDIDATE,0,,,
database:1986,RETAIN_EXISTING,1986,fragments/1834/02/28-img2698-right,1834-02-28,1,1,1,AUTO_MATCHED_EXACT,MATCHED_CONTENT,false,MARQUEE,NO_EMBEDDED_IMAGE,KEEP_EXISTING,1070,INVENTORY_MARQUEE,SAFE_TYPED_FRAGMENT_STAGE,,,ORDINARY_MARQUEE_CANDIDATE,0,,,
database:1987,RETAIN_EXISTING,1987,fragments/1834/03/01-img2699-left,1834-03-01,1,1,1,AUTO_MATCHED_EXACT,MATCHED_CONTENT,false,MARQUEE,NO_EMBEDDED_IMAGE,KEEP_EXISTING,1071,INVENTORY_MARQUEE,SAFE_TYPED_FRAGMENT_STAGE,,,ORDINARY_MARQUEE_CANDIDATE,0,,,
database:1988,RETAIN_EXISTING,1988,fragments/1834/03/02-img2699-left,1834-03-02,1,1,1,AUTO_MATCHED_EXACT,MATCHED_CONTENT,false,MARQUEE,NO_EMBEDDED_IMAGE,KEEP_EXISTING,1071,INVENTORY_MARQUEE,SAFE_TYPED_FRAGMENT_STAGE,,,ORDINARY_MARQUEE_CANDIDATE,0,,,
database:1989,RETAIN_EXISTING,1989,fragments/1834/03/03-img2699-left,1834-03-03,1,1,1,AUTO_MATCHED_EXACT,MATCHED_CONTENT,false,MARQUEE,NO_EMBEDDED_IMAGE,KEEP_EXISTING,1071,INVENTORY_MARQUEE,SAFE_TYPED_FRAGMENT_STAGE,,,ORDINARY_MARQUEE_CANDIDATE,0,,,
database:1990,RETAIN_EXISTING,1990,fragments/1834/03/04-img2699-left,1834-03-04,1,1,1,AUTO_MATCHED_EXACT,MATCHED_CONTENT,false,MARQUEE,NO_EMBEDDED_IMAGE,KEEP_EXISTING,1071,INVENTORY_MARQUEE,SAFE_TYPED_FRAGMENT_STAGE,,,ORDINARY_MARQUEE_CANDIDATE,0,,,
database:1991,RETAIN_EXISTING,1991,fragments/1834/03/05-img2699-right,1834-03-05,1,1,1,AUTO_MATCHED_EXACT,MATCHED_CONTENT,false,MARQUEE,NO_EMBEDDED_IMAGE,KEEP_EXISTING,1071,INVENTORY_MARQUEE,SAFE_TYPED_FRAGMENT_STAGE,,,ORDINARY_MARQUEE_CANDIDATE,0,,,
database:1992,RETAIN_EXISTING,1992,fragments/1834/03/06-img2699-right,1834-03-06,1,1,1,AUTO_MATCHED_EXACT,MATCHED_CONTENT,false,MARQUEE,NO_EMBEDDED_IMAGE,KEEP_EXISTING,1071,INVENTORY_MARQUEE,SAFE_TYPED_FRAGMENT_STAGE,,,ORDINARY_MARQUEE_CANDIDATE,0,,,
database:1993,RETAIN_EXISTING,1993,fragments/1834/03/07-img2699-right,1834-03-07,1,1,1,AUTO_MATCHED_EXACT,MATCHED_CONTENT,false,MARQUEE,NO_EMBEDDED_IMAGE,KEEP_EXISTING,1071,INVENTORY_MARQUEE,SAFE_TYPED_FRAGMENT_STAGE,,,ORDINARY_MARQUEE_CANDIDATE,0,,,
database:1994,RETAIN_EXISTING,1994,fragments/1834/03/08-img2699-right,1834-03-08,1,1,1,AUTO_MATCHED_EXACT,MATCHED_CONTENT,false,MARQUEE,NO_EMBEDDED_IMAGE,KEEP_EXISTING,1071,INVENTORY_MARQUEE,SAFE_TYPED_FRAGMENT_STAGE,,,ORDINARY_MARQUEE_CANDIDATE,0,,,
database:1995,RETAIN_EXISTING,1995,fragments/1834/03/09-img2699-right,1834-03-09,1,1,1,AUTO_MATCHED_EXACT,MATCHED_CONTENT,false,MARQUEE,NO_EMBEDDED_IMAGE,KEEP_EXISTING,1071,INVENTORY_MARQUEE,SAFE_TYPED_FRAGMENT_STAGE,,,ORDINARY_MARQUEE_CANDIDATE,0,,,
database:1996,RETAIN_EXISTING,1996,fragments/1834/03/10-img2700-left,1834-03-10,1,1,1,AUTO_MATCHED_EXACT,MATCHED_CONTENT,false,MARQUEE,NO_EMBEDDED_IMAGE,KEEP_EXISTING,1072,INVENTORY_MARQUEE,SAFE_TYPED_FRAGMENT_STAGE,,,ORDINARY_MARQUEE_CANDIDATE,0,,,
database:1997,RETAIN_EXISTING,1997,fragments/1834/03/11-img2700-left,1834-03-11,1,1,1,AUTO_MATCHED_EXACT,MATCHED_CONTENT,false,MARQUEE,NO_EMBEDDED_IMAGE,KEEP_EXISTING,1072,INVENTORY_MARQUEE,SAFE_TYPED_FRAGMENT_STAGE,,,ORDINARY_MARQUEE_CANDIDATE,0,,,
database:1998,RETAIN_EXISTING,1998,fragments/1834/03/12-img2700-left,1834-03-12,1,1,1,AUTO_MATCHED_EXACT,MATCHED_CONTENT,false,MARQUEE,NO_EMBEDDED_IMAGE,KEEP_EXISTING,1072,INVENTORY_MARQUEE,SAFE_TYPED_FRAGMENT_STAGE,,,ORDINARY_MARQUEE_CANDIDATE,0,,,
database:1999,RETAIN_EXISTING,1999,fragments/1834/03/13-img2700-left,1834-03-13,1,1,1,AUTO_MATCHED_EXACT,MATCHED_CONTENT,false,MARQUEE,NO_EMBEDDED_IMAGE,KEEP_EXISTING,1072,INVENTORY_MARQUEE,SAFE_TYPED_FRAGMENT_STAGE,,,ORDINARY_MARQUEE_CANDIDATE,0,,,
database:2000,RETAIN_EXISTING,2000,fragments/1834/03/14-img2700-left,1834-03-14,1,1,1,AUTO_MATCHED_EXACT,MATCHED_CONTENT,false,MARQUEE,NO_EMBEDDED_IMAGE,KEEP_EXISTING,1072,INVENTORY_MARQUEE,SAFE_TYPED_FRAGMENT_STAGE,,,ORDINARY_MARQUEE_CANDIDATE,0,,,
database:2001,RETAIN_EXISTING,2001,fragments/1834/03/15-img2700-right,1834-03-15,1,1,1,AUTO_MATCHED_EXACT,MATCHED_CONTENT,false,MARQUEE,NO_EMBEDDED_IMAGE,KEEP_EXISTING,1072,INVENTORY_MARQUEE,SAFE_TYPED_FRAGMENT_STAGE,,,ORDINARY_MARQUEE_CANDIDATE,0,,,
database:2002,RETAIN_EXISTING,2002,fragments/1834/03/16-img2700-right,1834-03-16,1,1,1,AUTO_MATCHED_EXACT,MATCHED_CONTENT,false,MARQUEE,NO_EMBEDDED_IMAGE,KEEP_EXISTING,1072,INVENTORY_MARQUEE,SAFE_TYPED_FRAGMENT_STAGE,,,ORDINARY_MARQUEE_CANDIDATE,0,,,
database:2003,RETAIN_EXISTING,2003,fragments/1834/03/17-img2700-right,1834-03-17,1,1,1,AUTO_MATCHED_EXACT,MATCHED_CONTENT,false,MARQUEE,NO_EMBEDDED_IMAGE,KEEP_EXISTING,1072,INVENTORY_MARQUEE,SAFE_TYPED_FRAGMENT_STAGE,,,ORDINARY_MARQUEE_CANDIDATE,0,,,
database:2004,RETAIN_EXISTING,2004,fragments/1834/03/18-img2700-right,1834-03-18,1,1,1,AUTO_MATCHED_EXACT,MATCHED_CONTENT,false,MARQUEE,NO_EMBEDDED_IMAGE,KEEP_EXISTING,1072,INVENTORY_MARQUEE,SAFE_TYPED_FRAGMENT_STAGE,,,ORDINARY_MARQUEE_CANDIDATE,0,,,
database:2005,RETAIN_EXISTING,2005,fragments/1834/03/19-img2701-left,1834-03-19,1,1,1,AUTO_MATCHED_EXACT,MATCHED_CONTENT,false,MARQUEE,NO_EMBEDDED_IMAGE,KEEP_EXISTING,1073,INVENTORY_MARQUEE,SAFE_TYPED_FRAGMENT_STAGE,,,ORDINARY_MARQUEE_CANDIDATE,0,,,
database:2006,RETAIN_EXISTING,2006,fragments/1834/03/20-img2701-left,1834-03-20,1,1,1,AUTO_MATCHED_EXACT,MATCHED_CONTENT,false,MARQUEE,NO_EMBEDDED_IMAGE,KEEP_EXISTING,1073,INVENTORY_MARQUEE,SAFE_TYPED_FRAGMENT_STAGE,,,ORDINARY_MARQUEE_CANDIDATE,0,,,
database:2007,RETAIN_EXISTING,2007,fragments/1834/03/21-img2701-left,1834-03-21,1,1,1,AUTO_MATCHED_EXACT,MATCHED_CONTENT,false,MARQUEE,NO_EMBEDDED_IMAGE,KEEP_EXISTING,1073,INVENTORY_MARQUEE,SAFE_TYPED_FRAGMENT_STAGE,,,ORDINARY_MARQUEE_CANDIDATE,0,,,
database:2008,RETAIN_EXISTING,2008,fragments/1834/03/22-img2701-left,1834-03-22,1,1,1,AUTO_MATCHED_EXACT,MATCHED_CONTENT,false,MARQUEE,NO_EMBEDDED_IMAGE,KEEP_EXISTING,1073,INVENTORY_MARQUEE,SAFE_TYPED_FRAGMENT_STAGE,,,ORDINARY_MARQUEE_CANDIDATE,0,,,
database:2009,RETAIN_EXISTING,2009,fragments/1834/03/23-img2701-right,1834-03-23,1,1,1,AUTO_MATCHED_EXACT,MATCHED_CONTENT,false,MARQUEE,NO_EMBEDDED_IMAGE,KEEP_EXISTING,1073,INVENTORY_MARQUEE,SAFE_TYPED_FRAGMENT_STAGE,,,ORDINARY_MARQUEE_CANDIDATE,0,,,
database:2010,RETAIN_EXISTING,2010,fragments/1834/03/24-img2701-right,1834-03-24,1,1,1,AUTO_MATCHED_EXACT,MATCHED_CONTENT,false,MARQUEE,NO_EMBEDDED_IMAGE,KEEP_EXISTING,1073,INVENTORY_MARQUEE,SAFE_TYPED_FRAGMENT_STAGE,,,ORDINARY_MARQUEE_CANDIDATE,0,,,
database:2011,RETAIN_EXISTING,2011,fragments/1834/03/25-img2701-right,1834-03-25,1,1,1,AUTO_MATCHED_EXACT,MATCHED_CONTENT,false,MARQUEE,NO_EMBEDDED_IMAGE,KEEP_EXISTING,1073,INVENTORY_MARQUEE,SAFE_TYPED_FRAGMENT_STAGE,,,ORDINARY_MARQUEE_CANDIDATE,0,,,
database:2012,RETAIN_EXISTING,2012,fragments/1834/03/26-img2701-right,1834-03-26,1,1,1,AUTO_MATCHED_EXACT,MATCHED_CONTENT,false,MARQUEE,NO_EMBEDDED_IMAGE,KEEP_EXISTING,1073,INVENTORY_MARQUEE,SAFE_TYPED_FRAGMENT_STAGE,,,ORDINARY_MARQUEE_CANDIDATE,0,,,
database:2013,RETAIN_EXISTING,2013,fragments/1834/03/27-img2701-right,1834-03-27,1,1,1,AUTO_MATCHED_EXACT,MATCHED_CONTENT,false,MARQUEE,NO_EMBEDDED_IMAGE,KEEP_EXISTING,1073,INVENTORY_MARQUEE,SAFE_TYPED_FRAGMENT_STAGE,,,ORDINARY_MARQUEE_CANDIDATE,0,,,
database:2014,RETAIN_EXISTING,2014,fragments/1834/03/28-img2702-left,1834-03-28,1,1,1,AUTO_MATCHED_EXACT,MATCHED_CONTENT,false,MARQUEE,NO_EMBEDDED_IMAGE,KEEP_EXISTING,1074,INVENTORY_MARQUEE,SAFE_TYPED_FRAGMENT_STAGE,,,ORDINARY_MARQUEE_CANDIDATE,0,,,
database:2015,RETAIN_EXISTING,2015,fragments/1834/03/29-img2702-left,1834-03-29,1,1,1,AUTO_MATCHED_EXACT,MATCHED_CONTENT,false,MARQUEE,NO_EMBEDDED_IMAGE,KEEP_EXISTING,1074,INVENTORY_MARQUEE,SAFE_TYPED_FRAGMENT_STAGE,,,ORDINARY_MARQUEE_CANDIDATE,0,,,
database:2016,RETAIN_EXISTING,2016,fragments/1834/03/30-img2702-left,1834-03-30,1,1,1,AUTO_MATCHED_EXACT,MATCHED_CONTENT,false,MARQUEE,NO_EMBEDDED_IMAGE,KEEP_EXISTING,1074,INVENTORY_MARQUEE,SAFE_TYPED_FRAGMENT_STAGE,,,ORDINARY_MARQUEE_CANDIDATE,0,,,
database:2017,RETAIN_EXISTING,2017,fragments/1834/03/31-img2702-left,1834-03-31,1,1,1,AUTO_MATCHED_EXACT,MATCHED_CONTENT,false,MARQUEE,NO_EMBEDDED_IMAGE,KEEP_EXISTING,1074,INVENTORY_MARQUEE,SAFE_TYPED_FRAGMENT_STAGE,,,ORDINARY_MARQUEE_CANDIDATE,0,,,
database:2018,RETAIN_EXISTING,2018,fragments/1834/04/01-img2702-right,1834-04-01,1,1,1,AUTO_MATCHED_EXACT,MATCHED_CONTENT,false,MARQUEE,NO_EMBEDDED_IMAGE,KEEP_EXISTING,1074,INVENTORY_MARQUEE,SAFE_TYPED_FRAGMENT_STAGE,,,ORDINARY_MARQUEE_CANDIDATE,0,,,
database:2019,RETAIN_EXISTING,2019,fragments/1834/04/02-img2702-right,1834-04-02,1,1,1,AUTO_MATCHED_EXACT,MATCHED_CONTENT,false,MARQUEE,NO_EMBEDDED_IMAGE,KEEP_EXISTING,1074,INVENTORY_MARQUEE,SAFE_TYPED_FRAGMENT_STAGE,,,ORDINARY_MARQUEE_CANDIDATE,0,,,
database:2020,RETAIN_EXISTING,2020,fragments/1834/04/03-img2702-right,1834-04-03,1,1,1,AUTO_MATCHED_EXACT,MATCHED_CONTENT,false,MARQUEE,NO_EMBEDDED_IMAGE,KEEP_EXISTING,1074,INVENTORY_MARQUEE,SAFE_TYPED_FRAGMENT_STAGE,,,ORDINARY_MARQUEE_CANDIDATE,0,,,
database:2021,RETAIN_EXISTING,2021,fragments/1834/04/04-img2702-right,1834-04-04,1,1,1,AUTO_MATCHED_EXACT,MATCHED_CONTENT,false,MARQUEE,NO_EMBEDDED_IMAGE,KEEP_EXISTING,1074,INVENTORY_MARQUEE,SAFE_TYPED_FRAGMENT_STAGE,,,ORDINARY_MARQUEE_CANDIDATE,0,,,
database:2022,RETAIN_EXISTING,2022,fragments/1834/04/05-img2702-right,1834-04-05,1,1,1,AUTO_MATCHED_EXACT,MATCHED_CONTENT,false,MARQUEE,NO_EMBEDDED_IMAGE,KEEP_EXISTING,1074,INVENTORY_MARQUEE,SAFE_TYPED_FRAGMENT_STAGE,,,ORDINARY_MARQUEE_CANDIDATE,0,,,
database:2023,RETAIN_EXISTING,2023,fragments/1834/04/06-img2703-left,1834-04-06,1,1,1,AUTO_MATCHED_EXACT,MATCHED_CONTENT,false,MARQUEE,NO_EMBEDDED_IMAGE,KEEP_EXISTING,1075,INVENTORY_MARQUEE,SAFE_TYPED_FRAGMENT_STAGE,,,ORDINARY_MARQUEE_CANDIDATE,0,,,
database:2024,RETAIN_EXISTING,2024,fragments/1834/04/07-img2703-left,1834-04-07,1,1,1,AUTO_MATCHED_EXACT,MATCHED_CONTENT,false,MARQUEE,NO_EMBEDDED_IMAGE,KEEP_EXISTING,1075,INVENTORY_MARQUEE,SAFE_TYPED_FRAGMENT_STAGE,,,ORDINARY_MARQUEE_CANDIDATE,0,,,
database:2025,RETAIN_EXISTING,2025,fragments/1834/04/08-img2703-left,1834-04-08,1,1,1,AUTO_MATCHED_EXACT,MATCHED_CONTENT,false,MARQUEE,NO_EMBEDDED_IMAGE,KEEP_EXISTING,1075,INVENTORY_MARQUEE,SAFE_TYPED_FRAGMENT_STAGE,,,ORDINARY_MARQUEE_CANDIDATE,0,,,
database:2026,RETAIN_EXISTING,2026,fragments/1834/04/09-img2703-left,1834-04-09,1,1,1,AUTO_MATCHED_EXACT,MATCHED_CONTENT,false,MARQUEE,NO_EMBEDDED_IMAGE,KEEP_EXISTING,1075,INVENTORY_MARQUEE,SAFE_TYPED_FRAGMENT_STAGE,,,ORDINARY_MARQUEE_CANDIDATE,0,,,
database:2027,RETAIN_EXISTING,2027,fragments/1834/04/10-img2703-left,1834-04-10,1,1,1,AUTO_MATCHED_EXACT,MATCHED_CONTENT,false,MARQUEE,NO_EMBEDDED_IMAGE,KEEP_EXISTING,1075,INVENTORY_MARQUEE,SAFE_TYPED_FRAGMENT_STAGE,,,ORDINARY_MARQUEE_CANDIDATE,0,,,
database:2028,RETAIN_EXISTING,2028,fragments/1834/04/11-img2703-left,1834-04-11,1,1,1,AUTO_MATCHED_EXACT,MATCHED_CONTENT,false,MARQUEE,NO_EMBEDDED_IMAGE,KEEP_EXISTING,1075,INVENTORY_MARQUEE,SAFE_TYPED_FRAGMENT_STAGE,,,ORDINARY_MARQUEE_CANDIDATE,0,,,
database:2029,RETAIN_EXISTING,2029,fragments/1834/04/12-img2703-right,1834-04-12,1,1,1,AUTO_MATCHED_EXACT,MATCHED_CONTENT,false,MARQUEE,NO_EMBEDDED_IMAGE,KEEP_EXISTING,1075,INVENTORY_MARQUEE,SAFE_TYPED_FRAGMENT_STAGE,,,ORDINARY_MARQUEE_CANDIDATE,0,,,
database:2030,RETAIN_EXISTING,2030,fragments/1834/04/13-img2703-right,1834-04-13,1,1,1,AUTO_MATCHED_EXACT,MATCHED_CONTENT,false,MARQUEE,NO_EMBEDDED_IMAGE,KEEP_EXISTING,1075,INVENTORY_MARQUEE,SAFE_TYPED_FRAGMENT_STAGE,,,ORDINARY_MARQUEE_CANDIDATE,0,,,
database:2031,RETAIN_EXISTING,2031,fragments/1834/04/14-img2703-right,1834-04-14,1,1,1,AUTO_MATCHED_EXACT,MATCHED_CONTENT,false,MARQUEE,NO_EMBEDDED_IMAGE,KEEP_EXISTING,1075,INVENTORY_MARQUEE,SAFE_TYPED_FRAGMENT_STAGE,,,ORDINARY_MARQUEE_CANDIDATE,0,,,
database:2032,RETAIN_EXISTING,2032,fragments/1834/04/15-img2703-right,1834-04-15,1,1,1,AUTO_MATCHED_EXACT,MATCHED_CONTENT,false,MARQUEE,NO_EMBEDDED_IMAGE,KEEP_EXISTING,1075,INVENTORY_MARQUEE,SAFE_TYPED_FRAGMENT_STAGE,,,ORDINARY_MARQUEE_CANDIDATE,0,,,
database:2033,RETAIN_EXISTING,2033,fragments/1834/04/16-img2703-right,1834-04-16,1,1,1,AUTO_MATCHED_EXACT,MATCHED_CONTENT,false,MARQUEE,NO_EMBEDDED_IMAGE,KEEP_EXISTING,1075,INVENTORY_MARQUEE,SAFE_TYPED_FRAGMENT_STAGE,,,ORDINARY_MARQUEE_CANDIDATE,0,,,
database:2034,RETAIN_EXISTING,2034,fragments/1834/04/17-img2703-right,1834-04-17,1,1,1,AUTO_MATCHED_EXACT,MATCHED_CONTENT,false,MARQUEE,NO_EMBEDDED_IMAGE,KEEP_EXISTING,1075,INVENTORY_MARQUEE,SAFE_TYPED_FRAGMENT_STAGE,,,ORDINARY_MARQUEE_CANDIDATE,0,,,
database:2035,RETAIN_EXISTING,2035,fragments/1834/04/18-img2704-left,1834-04-18,1,1,1,AUTO_MATCHED_EXACT,MATCHED_CONTENT,false,MARQUEE,NO_EMBEDDED_IMAGE,KEEP_EXISTING,1076,INVENTORY_MARQUEE,SAFE_TYPED_FRAGMENT_STAGE,,,ORDINARY_MARQUEE_CANDIDATE,0,,,
database:2036,RETAIN_EXISTING,2036,fragments/1834/04/19-img2704-left,1834-04-19,1,1,1,AUTO_MATCHED_EXACT,MATCHED_CONTENT,false,MARQUEE,NO_EMBEDDED_IMAGE,KEEP_EXISTING,1076,INVENTORY_MARQUEE,SAFE_TYPED_FRAGMENT_STAGE,,,ORDINARY_MARQUEE_CANDIDATE,0,,,
database:2037,RETAIN_EXISTING,2037,fragments/1834/04/20-img2704-left,1834-04-20,1,1,1,AUTO_MATCHED_EXACT,MATCHED_CONTENT,false,MARQUEE,NO_EMBEDDED_IMAGE,KEEP_EXISTING,1076,INVENTORY_MARQUEE,SAFE_TYPED_FRAGMENT_STAGE,,,ORDINARY_MARQUEE_CANDIDATE,0,,,
database:2038,RETAIN_EXISTING,2038,fragments/1834/04/21-img2704-left,1834-04-21,1,1,1,AUTO_MATCHED_EXACT,MATCHED_CONTENT,false,MARQUEE,NO_EMBEDDED_IMAGE,KEEP_EXISTING,1076,INVENTORY_MARQUEE,SAFE_TYPED_FRAGMENT_STAGE,,,ORDINARY_MARQUEE_CANDIDATE,0,,,
database:2039,RETAIN_EXISTING,2039,fragments/1834/04/22-img2704-left,1834-04-22,1,1,1,AUTO_MATCHED_EXACT,MATCHED_CONTENT,false,MARQUEE,NO_EMBEDDED_IMAGE,KEEP_EXISTING,1076,INVENTORY_MARQUEE,SAFE_TYPED_FRAGMENT_STAGE,,,ORDINARY_MARQUEE_CANDIDATE,0,,,
database:2040,RETAIN_EXISTING,2040,fragments/1834/04/23-img2704-left,1834-04-23,1,1,1,AUTO_MATCHED_EXACT,MATCHED_CONTENT,false,MARQUEE,NO_EMBEDDED_IMAGE,KEEP_EXISTING,1076,INVENTORY_MARQUEE,SAFE_TYPED_FRAGMENT_STAGE,,,ORDINARY_MARQUEE_CANDIDATE,0,,,
database:2041,RETAIN_EXISTING,2041,fragments/1834/04/24-img2704-right,1834-04-24,1,1,1,AUTO_MATCHED_EXACT,MATCHED_CONTENT,false,MARQUEE,NO_EMBEDDED_IMAGE,KEEP_EXISTING,1076,INVENTORY_MARQUEE,SAFE_TYPED_FRAGMENT_STAGE,,,ORDINARY_MARQUEE_CANDIDATE,0,,,
database:2042,RETAIN_EXISTING,2042,fragments/1834/04/25-img2704-right,1834-04-25,1,1,1,AUTO_MATCHED_EXACT,MATCHED_CONTENT,false,MARQUEE,NO_EMBEDDED_IMAGE,KEEP_EXISTING,1076,INVENTORY_MARQUEE,SAFE_TYPED_FRAGMENT_STAGE,,,ORDINARY_MARQUEE_CANDIDATE,0,,,
database:2043,RETAIN_EXISTING,2043,fragments/1834/04/26-img2704-right,1834-04-26,1,1,1,AUTO_MATCHED_EXACT,MATCHED_CONTENT,false,MARQUEE,NO_EMBEDDED_IMAGE,KEEP_EXISTING,1076,INVENTORY_MARQUEE,SAFE_TYPED_FRAGMENT_STAGE,,,ORDINARY_MARQUEE_CANDIDATE,0,,,
database:2044,RETAIN_EXISTING,2044,fragments/1834/04/27-img2704-right,1834-04-27,1,1,1,AUTO_MATCHED_EXACT,MATCHED_CONTENT,false,MARQUEE,NO_EMBEDDED_IMAGE,KEEP_EXISTING,1076,INVENTORY_MARQUEE,SAFE_TYPED_FRAGMENT_STAGE,,,ORDINARY_MARQUEE_CANDIDATE,0,,,
database:2045,RETAIN_EXISTING,2045,fragments/1834/04/28-img2704-right,1834-04-28,1,1,1,AUTO_MATCHED_EXACT,MATCHED_CONTENT,false,MARQUEE,NO_EMBEDDED_IMAGE,KEEP_EXISTING,1076,INVENTORY_MARQUEE,SAFE_TYPED_FRAGMENT_STAGE,,,ORDINARY_MARQUEE_CANDIDATE,0,,,
database:2046,RETAIN_EXISTING,2046,fragments/1834/04/29-img2704-right,1834-04-29,1,1,1,AUTO_MATCHED_EXACT,MATCHED_CONTENT,false,MARQUEE,NO_EMBEDDED_IMAGE,KEEP_EXISTING,1076,INVENTORY_MARQUEE,SAFE_TYPED_FRAGMENT_STAGE,,,ORDINARY_MARQUEE_CANDIDATE,0,,,
database:2047,RETAIN_EXISTING,2047,fragments/1834/04/30-img2704-right,1834-04-30,1,1,1,AUTO_MATCHED_EXACT,MATCHED_CONTENT,false,MARQUEE,NO_EMBEDDED_IMAGE,KEEP_EXISTING,1076,INVENTORY_MARQUEE,SAFE_TYPED_FRAGMENT_STAGE,,,ORDINARY_MARQUEE_CANDIDATE,0,,,
database:2048,RETAIN_EXISTING,2048,fragments/1834/05/01-img2705-left,1834-05-01,1,1,1,AUTO_MATCHED_EXACT,MATCHED_CONTENT,false,MARQUEE,NO_EMBEDDED_IMAGE,KEEP_EXISTING,1077,INVENTORY_MARQUEE,SAFE_TYPED_FRAGMENT_STAGE,,,ORDINARY_MARQUEE_CANDIDATE,0,,,
database:2049,RETAIN_EXISTING,2049,fragments/1834/05/02-img2705-left,1834-05-02,1,1,1,AUTO_MATCHED_EXACT,MATCHED_CONTENT,false,MARQUEE,NO_EMBEDDED_IMAGE,KEEP_EXISTING,1077,INVENTORY_MARQUEE,SAFE_TYPED_FRAGMENT_STAGE,,,ORDINARY_MARQUEE_CANDIDATE,0,,,
database:2050,RETAIN_EXISTING,2050,fragments/1834/05/03-img2705-left,1834-05-03,1,1,1,AUTO_MATCHED_EXACT,MATCHED_CONTENT,false,MARQUEE,NO_EMBEDDED_IMAGE,KEEP_EXISTING,1077,INVENTORY_MARQUEE,SAFE_TYPED_FRAGMENT_STAGE,,,ORDINARY_MARQUEE_CANDIDATE,0,,,
database:2051,RETAIN_EXISTING,2051,fragments/1834/05/04-img2705-left,1834-05-04,1,1,1,AUTO_MATCHED_EXACT,MATCHED_CONTENT,false,MARQUEE,NO_EMBEDDED_IMAGE,KEEP_EXISTING,1077,INVENTORY_MARQUEE,SAFE_TYPED_FRAGMENT_STAGE,,,ORDINARY_MARQUEE_CANDIDATE,0,,,
database:2052,RETAIN_EXISTING,2052,fragments/1834/05/05-img2705-left,1834-05-05,1,1,1,AUTO_MATCHED_EXACT,MATCHED_CONTENT,false,MARQUEE,NO_EMBEDDED_IMAGE,KEEP_EXISTING,1077,INVENTORY_MARQUEE,SAFE_TYPED_FRAGMENT_STAGE,,,ORDINARY_MARQUEE_CANDIDATE,0,,,
database:2053,RETAIN_EXISTING,2053,fragments/1834/05/06-img2705-left,1834-05-06,1,1,1,AUTO_MATCHED_EXACT,MATCHED_CONTENT,false,MARQUEE,NO_EMBEDDED_IMAGE,KEEP_EXISTING,1077,INVENTORY_MARQUEE,SAFE_TYPED_FRAGMENT_STAGE,,,ORDINARY_MARQUEE_CANDIDATE,0,,,
database:2054,RETAIN_EXISTING,2054,fragments/1834/05/07-img2705-right,1834-05-07,1,1,1,AUTO_MATCHED_EXACT,MATCHED_CONTENT,false,MARQUEE,NO_EMBEDDED_IMAGE,KEEP_EXISTING,1077,INVENTORY_MARQUEE,SAFE_TYPED_FRAGMENT_STAGE,,,ORDINARY_MARQUEE_CANDIDATE,0,,,
database:2055,RETAIN_EXISTING,2055,fragments/1834/05/08-img2705-right,1834-05-08,1,1,1,AUTO_MATCHED_EXACT,MATCHED_CONTENT,false,MARQUEE,NO_EMBEDDED_IMAGE,KEEP_EXISTING,1077,INVENTORY_MARQUEE,SAFE_TYPED_FRAGMENT_STAGE,,,ORDINARY_MARQUEE_CANDIDATE,0,,,
database:2056,RETAIN_EXISTING,2056,fragments/1834/05/09-img2705-right,1834-05-09,1,1,1,AUTO_MATCHED_EXACT,MATCHED_CONTENT,false,MARQUEE,NO_EMBEDDED_IMAGE,KEEP_EXISTING,1077,INVENTORY_MARQUEE,SAFE_TYPED_FRAGMENT_STAGE,,,ORDINARY_MARQUEE_CANDIDATE,0,,,
database:2057,RETAIN_EXISTING,2057,fragments/1834/05/10-img2705-right,1834-05-10,1,1,1,AUTO_MATCHED_EXACT,MATCHED_CONTENT,false,MARQUEE,NO_EMBEDDED_IMAGE,KEEP_EXISTING,1077,INVENTORY_MARQUEE,SAFE_TYPED_FRAGMENT_STAGE,,,ORDINARY_MARQUEE_CANDIDATE,0,,,
database:2058,RETAIN_EXISTING,2058,fragments/1834/05/11-img2706-left,1834-05-11,1,1,1,AUTO_MATCHED_EXACT,MATCHED_CONTENT,false,MARQUEE,NO_EMBEDDED_IMAGE,KEEP_EXISTING,1078,INVENTORY_MARQUEE,SAFE_TYPED_FRAGMENT_STAGE,,,ORDINARY_MARQUEE_CANDIDATE,0,,,
database:2059,RETAIN_EXISTING,2059,fragments/1834/05/12-img2706-left,1834-05-12,1,1,1,AUTO_MATCHED_EXACT,MATCHED_CONTENT,false,MARQUEE,NO_EMBEDDED_IMAGE,KEEP_EXISTING,1078,INVENTORY_MARQUEE,SAFE_TYPED_FRAGMENT_STAGE,,,ORDINARY_MARQUEE_CANDIDATE,0,,,
database:2060,RETAIN_EXISTING,2060,fragments/1834/05/13-img2706-left,1834-05-13,1,1,1,AUTO_MATCHED_EXACT,MATCHED_CONTENT,false,MARQUEE,NO_EMBEDDED_IMAGE,KEEP_EXISTING,1078,INVENTORY_MARQUEE,SAFE_TYPED_FRAGMENT_STAGE,,,ORDINARY_MARQUEE_CANDIDATE,0,,,
database:2061,RETAIN_EXISTING,2061,fragments/1834/05/14-b3-img2706-benton-park-house,1834-05-14,1,1,1,AUTO_MATCHED_EXACT,MATCHED_CONTENT,false,MARQUEE,NO_EMBEDDED_IMAGE,KEEP_ABSENT,,UNRESOLVED,SAFE_TYPED_FRAGMENT_STAGE,,,ORPHAN_OR_INCONSISTENT,0,,,
database:2062,RETAIN_EXISTING,2062,fragments/1834/05/14-img2706-left,1834-05-14,2,2,2,AUTO_MATCHED_EXACT,MATCHED_CONTENT,false,MARQUEE,NO_EMBEDDED_IMAGE,KEEP_EXISTING,1078,INVENTORY_MARQUEE,SAFE_TYPED_FRAGMENT_STAGE,,,ORDINARY_MARQUEE_CANDIDATE,0,,,
database:2063,RETAIN_EXISTING,2063,fragments/1834/05/15-img2706-right,1834-05-15,1,1,1,AUTO_MATCHED_EXACT,MATCHED_CONTENT,false,MARQUEE,NO_EMBEDDED_IMAGE,KEEP_EXISTING,1078,INVENTORY_MARQUEE,SAFE_TYPED_FRAGMENT_STAGE,,,ORDINARY_MARQUEE_CANDIDATE,0,,,
database:2064,RETAIN_EXISTING,2064,fragments/1834/05/16-img2706-right,1834-05-16,1,1,1,AUTO_MATCHED_EXACT,MATCHED_CONTENT,false,MARQUEE,NO_EMBEDDED_IMAGE,KEEP_EXISTING,1078,INVENTORY_MARQUEE,SAFE_TYPED_FRAGMENT_STAGE,,,ORDINARY_MARQUEE_CANDIDATE,0,,,
database:2065,RETAIN_EXISTING,2065,fragments/1834/05/17-img2706-right,1834-05-17,1,1,1,AUTO_MATCHED_EXACT,MATCHED_CONTENT,false,MARQUEE,NO_EMBEDDED_IMAGE,KEEP_EXISTING,1078,INVENTORY_MARQUEE,SAFE_TYPED_FRAGMENT_STAGE,,,ORDINARY_MARQUEE_CANDIDATE,0,,,
database:2066,RETAIN_EXISTING,2066,fragments/1834/05/18-img2706-right,1834-05-18,1,1,1,AUTO_MATCHED_EXACT,MATCHED_CONTENT,false,MARQUEE,NO_EMBEDDED_IMAGE,KEEP_EXISTING,1078,INVENTORY_MARQUEE,SAFE_TYPED_FRAGMENT_STAGE,,,ORDINARY_MARQUEE_CANDIDATE,0,,,
database:2067,RETAIN_EXISTING,2067,fragments/1834/05/19-img2707-left,1834-05-19,1,1,1,AUTO_MATCHED_EXACT,MATCHED_CONTENT,false,MARQUEE,NO_EMBEDDED_IMAGE,KEEP_EXISTING,1079,INVENTORY_MARQUEE,SAFE_TYPED_FRAGMENT_STAGE,,,ORDINARY_MARQUEE_CANDIDATE,0,,,
database:2068,RETAIN_EXISTING,2068,fragments/1834/05/20-img2707-left,1834-05-20,1,1,1,AUTO_MATCHED_EXACT,MATCHED_CONTENT,false,MARQUEE,NO_EMBEDDED_IMAGE,KEEP_EXISTING,1079,INVENTORY_MARQUEE,SAFE_TYPED_FRAGMENT_STAGE,,,ORDINARY_MARQUEE_CANDIDATE,0,,,
database:2069,RETAIN_EXISTING,2069,fragments/1834/05/21-img2707-left,1834-05-21,1,1,1,AUTO_MATCHED_EXACT,MATCHED_CONTENT,false,MARQUEE,NO_EMBEDDED_IMAGE,KEEP_EXISTING,1079,INVENTORY_MARQUEE,SAFE_TYPED_FRAGMENT_STAGE,,,ORDINARY_MARQUEE_CANDIDATE,0,,,
database:2070,RETAIN_EXISTING,2070,fragments/1834/05/22-img2707-right,1834-05-22,1,1,1,AUTO_MATCHED_EXACT,MATCHED_CONTENT,false,MARQUEE,NO_EMBEDDED_IMAGE,KEEP_EXISTING,1079,INVENTORY_MARQUEE,SAFE_TYPED_FRAGMENT_STAGE,,,ORDINARY_MARQUEE_CANDIDATE,0,,,
database:2071,RETAIN_EXISTING,2071,fragments/1834/05/23-img2707-right,1834-05-23,1,1,1,AUTO_MATCHED_EXACT,MATCHED_CONTENT,false,MARQUEE,NO_EMBEDDED_IMAGE,KEEP_EXISTING,1079,INVENTORY_MARQUEE,SAFE_TYPED_FRAGMENT_STAGE,,,ORDINARY_MARQUEE_CANDIDATE,0,,,
database:2072,RETAIN_EXISTING,2072,fragments/1834/05/24-img2707-right,1834-05-24,1,1,1,AUTO_MATCHED_EXACT,MATCHED_CONTENT,false,MARQUEE,NO_EMBEDDED_IMAGE,KEEP_EXISTING,1079,INVENTORY_MARQUEE,SAFE_TYPED_FRAGMENT_STAGE,,,ORDINARY_MARQUEE_CANDIDATE,0,,,
database:2073,RETAIN_EXISTING,2073,fragments/1834/05/25-img2707-right,1834-05-25,1,1,1,AUTO_MATCHED_EXACT,MATCHED_CONTENT,false,MARQUEE,NO_EMBEDDED_IMAGE,KEEP_EXISTING,1079,INVENTORY_MARQUEE,SAFE_TYPED_FRAGMENT_STAGE,,,ORDINARY_MARQUEE_CANDIDATE,0,,,
database:2074,RETAIN_EXISTING,2074,fragments/1834/05/26-img2707-right,1834-05-26,1,1,1,AUTO_MATCHED_EXACT,MATCHED_CONTENT,false,MARQUEE,NO_EMBEDDED_IMAGE,KEEP_EXISTING,1079,INVENTORY_MARQUEE,SAFE_TYPED_FRAGMENT_STAGE,,,ORDINARY_MARQUEE_CANDIDATE,0,,,
database:2075,RETAIN_EXISTING,2075,fragments/1834/05/27-img2708-left,1834-05-27,1,1,1,AUTO_MATCHED_EXACT,MATCHED_CONTENT,false,MARQUEE,NO_EMBEDDED_IMAGE,KEEP_EXISTING,1080,INVENTORY_MARQUEE,SAFE_TYPED_FRAGMENT_STAGE,,,ORDINARY_MARQUEE_CANDIDATE,0,,,
database:2076,RETAIN_EXISTING,2076,fragments/1834/05/28-img2708-left,1834-05-28,1,1,1,AUTO_MATCHED_EXACT,MATCHED_CONTENT,false,MARQUEE,NO_EMBEDDED_IMAGE,KEEP_EXISTING,1080,INVENTORY_MARQUEE,SAFE_TYPED_FRAGMENT_STAGE,,,ORDINARY_MARQUEE_CANDIDATE,0,,,
database:2077,RETAIN_EXISTING,2077,fragments/1834/05/29-img2708-left,1834-05-29,1,1,1,AUTO_MATCHED_EXACT,MATCHED_CONTENT,false,MARQUEE,NO_EMBEDDED_IMAGE,KEEP_EXISTING,1080,INVENTORY_MARQUEE,SAFE_TYPED_FRAGMENT_STAGE,,,ORDINARY_MARQUEE_CANDIDATE,0,,,
database:2078,RETAIN_EXISTING,2078,fragments/1834/05/30-img2708-left,1834-05-30,1,1,1,AUTO_MATCHED_EXACT,MATCHED_CONTENT,false,MARQUEE,NO_EMBEDDED_IMAGE,KEEP_EXISTING,1080,INVENTORY_MARQUEE,SAFE_TYPED_FRAGMENT_STAGE,,,ORDINARY_MARQUEE_CANDIDATE,0,,,
database:2079,RETAIN_EXISTING,2079,fragments/1834/05/31-img2708-left,1834-05-31,1,1,1,AUTO_MATCHED_EXACT,MATCHED_CONTENT,false,MARQUEE,NO_EMBEDDED_IMAGE,KEEP_EXISTING,1080,INVENTORY_MARQUEE,SAFE_TYPED_FRAGMENT_STAGE,,,ORDINARY_MARQUEE_CANDIDATE,0,,,
database:2080,RETAIN_EXISTING,2080,fragments/1834/06/01-img2708-right,1834-06-01,1,1,1,AUTO_MATCHED_EXACT,MATCHED_CONTENT,false,MARQUEE,NO_EMBEDDED_IMAGE,KEEP_EXISTING,1080,INVENTORY_MARQUEE,SAFE_TYPED_FRAGMENT_STAGE,,,ORDINARY_MARQUEE_CANDIDATE,0,,,
database:2081,RETAIN_EXISTING,2081,fragments/1834/06/02-img2708-right,1834-06-02,1,1,1,AUTO_MATCHED_EXACT,MATCHED_CONTENT,false,MARQUEE,NO_EMBEDDED_IMAGE,KEEP_EXISTING,1080,INVENTORY_MARQUEE,SAFE_TYPED_FRAGMENT_STAGE,,,ORDINARY_MARQUEE_CANDIDATE,0,,,
database:2082,RETAIN_EXISTING,2082,fragments/1834/06/03-img2708-right,1834-06-03,1,1,1,AUTO_MATCHED_EXACT,MATCHED_CONTENT,false,MARQUEE,NO_EMBEDDED_IMAGE,KEEP_EXISTING,1080,INVENTORY_MARQUEE,SAFE_TYPED_FRAGMENT_STAGE,,,ORDINARY_MARQUEE_CANDIDATE,0,,,
database:2083,RETAIN_EXISTING,2083,fragments/1834/06/04-img2708-right,1834-06-04,1,1,1,AUTO_MATCHED_EXACT,MATCHED_CONTENT,false,MARQUEE,NO_EMBEDDED_IMAGE,KEEP_EXISTING,1080,INVENTORY_MARQUEE,SAFE_TYPED_FRAGMENT_STAGE,,,ORDINARY_MARQUEE_CANDIDATE,0,,,
database:2084,RETAIN_EXISTING,2084,fragments/1834/06/05-img2708-right,1834-06-05,1,1,1,AUTO_MATCHED_EXACT,MATCHED_CONTENT,false,MARQUEE,NO_EMBEDDED_IMAGE,KEEP_EXISTING,1080,INVENTORY_MARQUEE,SAFE_TYPED_FRAGMENT_STAGE,,,ORDINARY_MARQUEE_CANDIDATE,0,,,
database:2085,RETAIN_EXISTING,2085,fragments/1834/06/06-img2708-right,1834-06-06,1,1,1,AUTO_MATCHED_EXACT,MATCHED_CONTENT,false,MARQUEE,NO_EMBEDDED_IMAGE,KEEP_EXISTING,1080,INVENTORY_MARQUEE,SAFE_TYPED_FRAGMENT_STAGE,,,ORDINARY_MARQUEE_CANDIDATE,0,,,
database:2086,RETAIN_EXISTING,2086,fragments/1834/06/07-img2709-left,1834-06-07,1,1,1,AUTO_MATCHED_EXACT,MATCHED_CONTENT,false,MARQUEE,NO_EMBEDDED_IMAGE,KEEP_EXISTING,1081,INVENTORY_MARQUEE,SAFE_TYPED_FRAGMENT_STAGE,,,ORDINARY_MARQUEE_CANDIDATE,0,,,
database:2087,RETAIN_EXISTING,2087,fragments/1834/06/08-img2709-left,1834-06-08,1,1,1,AUTO_MATCHED_EXACT,MATCHED_CONTENT,false,MARQUEE,NO_EMBEDDED_IMAGE,KEEP_EXISTING,1081,INVENTORY_MARQUEE,SAFE_TYPED_FRAGMENT_STAGE,,,ORDINARY_MARQUEE_CANDIDATE,0,,,
database:2088,RETAIN_EXISTING,2088,fragments/1834/06/09-img2709-left,1834-06-09,1,1,1,AUTO_MATCHED_EXACT,MATCHED_CONTENT,false,MARQUEE,NO_EMBEDDED_IMAGE,KEEP_EXISTING,1081,INVENTORY_MARQUEE,SAFE_TYPED_FRAGMENT_STAGE,,,ORDINARY_MARQUEE_CANDIDATE,0,,,
database:2089,RETAIN_EXISTING,2089,fragments/1834/06/10-img2709-left,1834-06-10,1,1,1,AUTO_MATCHED_EXACT,MATCHED_CONTENT,false,MARQUEE,NO_EMBEDDED_IMAGE,KEEP_EXISTING,1081,INVENTORY_MARQUEE,SAFE_TYPED_FRAGMENT_STAGE,,,ORDINARY_MARQUEE_CANDIDATE,0,,,
database:2090,RETAIN_EXISTING,2090,fragments/1834/06/11-img2709-left,1834-06-11,1,1,1,AUTO_MATCHED_EXACT,MATCHED_CONTENT,false,MARQUEE,NO_EMBEDDED_IMAGE,KEEP_EXISTING,1081,INVENTORY_MARQUEE,SAFE_TYPED_FRAGMENT_STAGE,,,ORDINARY_MARQUEE_CANDIDATE,0,,,
database:2091,RETAIN_EXISTING,2091,fragments/1834/06/12-img2709-left,1834-06-12,1,1,1,AUTO_MATCHED_EXACT,MATCHED_CONTENT,false,MARQUEE,NO_EMBEDDED_IMAGE,KEEP_EXISTING,1081,INVENTORY_MARQUEE,SAFE_TYPED_FRAGMENT_STAGE,,,ORDINARY_MARQUEE_CANDIDATE,0,,,
database:2092,RETAIN_EXISTING,2092,fragments/1834/06/13-img2709-right,1834-06-13,1,1,1,AUTO_MATCHED_EXACT,MATCHED_CONTENT,false,MARQUEE,NO_EMBEDDED_IMAGE,KEEP_EXISTING,1081,INVENTORY_MARQUEE,SAFE_TYPED_FRAGMENT_STAGE,,,ORDINARY_MARQUEE_CANDIDATE,0,,,
database:2093,RETAIN_EXISTING,2093,fragments/1834/06/14-img2709-right,1834-06-14,1,1,1,AUTO_MATCHED_EXACT,MATCHED_CONTENT,false,MARQUEE,NO_EMBEDDED_IMAGE,KEEP_EXISTING,1081,INVENTORY_MARQUEE,SAFE_TYPED_FRAGMENT_STAGE,,,ORDINARY_MARQUEE_CANDIDATE,0,,,
database:2094,RETAIN_EXISTING,2094,fragments/1834/06/15-img2709-right,1834-06-15,1,1,1,AUTO_MATCHED_EXACT,MATCHED_CONTENT,false,MARQUEE,NO_EMBEDDED_IMAGE,KEEP_EXISTING,1081,INVENTORY_MARQUEE,SAFE_TYPED_FRAGMENT_STAGE,,,ORDINARY_MARQUEE_CANDIDATE,0,,,
database:2095,RETAIN_EXISTING,2095,fragments/1834/06/16-img2709-right,1834-06-16,1,1,1,AUTO_MATCHED_EXACT,MATCHED_CONTENT,false,MARQUEE,NO_EMBEDDED_IMAGE,KEEP_EXISTING,1081,INVENTORY_MARQUEE,SAFE_TYPED_FRAGMENT_STAGE,,,ORDINARY_MARQUEE_CANDIDATE,0,,,
database:2096,RETAIN_EXISTING,2096,fragments/1834/06/17-img2709-right,1834-06-17,1,1,1,AUTO_MATCHED_EXACT,MATCHED_CONTENT,false,MARQUEE,NO_EMBEDDED_IMAGE,KEEP_EXISTING,1081,INVENTORY_MARQUEE,SAFE_TYPED_FRAGMENT_STAGE,,,ORDINARY_MARQUEE_CANDIDATE,0,,,
database:2097,RETAIN_EXISTING,2097,fragments/1834/06/18-img2710-left,1834-06-18,1,1,1,AUTO_MATCHED_EXACT,MATCHED_CONTENT,false,MARQUEE,NO_EMBEDDED_IMAGE,KEEP_EXISTING,1082,INVENTORY_MARQUEE,SAFE_TYPED_FRAGMENT_STAGE,,,ORDINARY_MARQUEE_CANDIDATE,0,,,
database:2098,RETAIN_EXISTING,2098,fragments/1834/06/19-img2710-left,1834-06-19,1,1,1,AUTO_MATCHED_EXACT,MATCHED_CONTENT,false,MARQUEE,NO_EMBEDDED_IMAGE,KEEP_EXISTING,1082,INVENTORY_MARQUEE,SAFE_TYPED_FRAGMENT_STAGE,,,ORDINARY_MARQUEE_CANDIDATE,0,,,
database:2099,RETAIN_EXISTING,2099,fragments/1834/06/20-img2710-left,1834-06-20,1,1,1,AUTO_MATCHED_EXACT,MATCHED_CONTENT,false,MARQUEE,NO_EMBEDDED_IMAGE,KEEP_EXISTING,1082,INVENTORY_MARQUEE,SAFE_TYPED_FRAGMENT_STAGE,,,ORDINARY_MARQUEE_CANDIDATE,0,,,
database:2100,RETAIN_EXISTING,2100,fragments/1834/06/21-img2710-left,1834-06-21,1,1,1,AUTO_MATCHED_EXACT,MATCHED_CONTENT,false,MARQUEE,NO_EMBEDDED_IMAGE,KEEP_EXISTING,1082,INVENTORY_MARQUEE,SAFE_TYPED_FRAGMENT_STAGE,,,ORDINARY_MARQUEE_CANDIDATE,0,,,
database:2101,RETAIN_EXISTING,2101,fragments/1834/06/22-img2710-right,1834-06-22,1,1,1,AUTO_MATCHED_EXACT,MATCHED_CONTENT,false,MARQUEE,NO_EMBEDDED_IMAGE,KEEP_EXISTING,1082,INVENTORY_MARQUEE,SAFE_TYPED_FRAGMENT_STAGE,,,ORDINARY_MARQUEE_CANDIDATE,0,,,
database:2102,RETAIN_EXISTING,2102,fragments/1834/06/23-img2710-right,1834-06-23,1,1,1,AUTO_MATCHED_EXACT,MATCHED_CONTENT,false,MARQUEE,NO_EMBEDDED_IMAGE,KEEP_EXISTING,1082,INVENTORY_MARQUEE,SAFE_TYPED_FRAGMENT_STAGE,,,ORDINARY_MARQUEE_CANDIDATE,0,,,
database:2103,RETAIN_EXISTING,2103,fragments/1834/06/24-img2710-right,1834-06-24,1,1,1,AUTO_MATCHED_EXACT,MATCHED_CONTENT,false,MARQUEE,NO_EMBEDDED_IMAGE,KEEP_EXISTING,1082,INVENTORY_MARQUEE,SAFE_TYPED_FRAGMENT_STAGE,,,ORDINARY_MARQUEE_CANDIDATE,0,,,
database:2104,RETAIN_EXISTING,2104,fragments/1834/06/25-img2710-right,1834-06-25,1,1,1,AUTO_MATCHED_EXACT,MATCHED_CONTENT,false,MARQUEE,NO_EMBEDDED_IMAGE,KEEP_EXISTING,1082,INVENTORY_MARQUEE,SAFE_TYPED_FRAGMENT_STAGE,,,ORDINARY_MARQUEE_CANDIDATE,0,,,
database:2105,RETAIN_EXISTING,2105,fragments/1834/06/26-img2711-left,1834-06-26,1,1,1,AUTO_MATCHED_EXACT,MATCHED_CONTENT,false,MARQUEE,NO_EMBEDDED_IMAGE,KEEP_EXISTING,1083,INVENTORY_MARQUEE,SAFE_TYPED_FRAGMENT_STAGE,,,ORDINARY_MARQUEE_CANDIDATE,0,,,
database:2106,RETAIN_EXISTING,2106,fragments/1834/06/27-img2711-left,1834-06-27,1,1,1,AUTO_MATCHED_EXACT,MATCHED_CONTENT,false,MARQUEE,NO_EMBEDDED_IMAGE,KEEP_EXISTING,1083,INVENTORY_MARQUEE,SAFE_TYPED_FRAGMENT_STAGE,,,ORDINARY_MARQUEE_CANDIDATE,0,,,
database:2107,RETAIN_EXISTING,2107,fragments/1834/06/28-img2711-left,1834-06-28,1,1,1,AUTO_MATCHED_EXACT,MATCHED_CONTENT,false,MARQUEE,NO_EMBEDDED_IMAGE,KEEP_EXISTING,1083,INVENTORY_MARQUEE,SAFE_TYPED_FRAGMENT_STAGE,,,ORDINARY_MARQUEE_CANDIDATE,0,,,
database:2108,RETAIN_EXISTING,2108,fragments/1834/06/29-img2711-left,1834-06-29,1,1,1,AUTO_MATCHED_EXACT,MATCHED_CONTENT,false,MARQUEE,NO_EMBEDDED_IMAGE,KEEP_EXISTING,1083,INVENTORY_MARQUEE,SAFE_TYPED_FRAGMENT_STAGE,,,ORDINARY_MARQUEE_CANDIDATE,0,,,
database:2109,RETAIN_EXISTING,2109,fragments/1834/06/30-img2711-left,1834-06-30,1,1,1,AUTO_MATCHED_EXACT,MATCHED_CONTENT,false,MARQUEE,NO_EMBEDDED_IMAGE,KEEP_EXISTING,1083,INVENTORY_MARQUEE,SAFE_TYPED_FRAGMENT_STAGE,,,ORDINARY_MARQUEE_CANDIDATE,0,,,
database:2110,RETAIN_EXISTING,2110,fragments/1834/07/01-img2711-right,1834-07-01,1,1,1,AUTO_MATCHED_EXACT,MATCHED_CONTENT,false,MARQUEE,NO_EMBEDDED_IMAGE,KEEP_EXISTING,1083,INVENTORY_MARQUEE,SAFE_TYPED_FRAGMENT_STAGE,,,ORDINARY_MARQUEE_CANDIDATE,0,,,
database:2111,RETAIN_EXISTING,2111,fragments/1834/07/02-img2711-right,1834-07-02,1,1,1,AUTO_MATCHED_EXACT,MATCHED_CONTENT,false,MARQUEE,NO_EMBEDDED_IMAGE,KEEP_EXISTING,1083,INVENTORY_MARQUEE,SAFE_TYPED_FRAGMENT_STAGE,,,ORDINARY_MARQUEE_CANDIDATE,0,,,
database:2112,RETAIN_EXISTING,2112,fragments/1834/07/03-img2711-right,1834-07-03,1,1,1,AUTO_MATCHED_EXACT,MATCHED_CONTENT,false,MARQUEE,NO_EMBEDDED_IMAGE,KEEP_EXISTING,1083,INVENTORY_MARQUEE,SAFE_TYPED_FRAGMENT_STAGE,,,ORDINARY_MARQUEE_CANDIDATE,0,,,
database:2113,RETAIN_EXISTING,2113,fragments/1834/07/04-img2711-right,1834-07-04,1,1,1,AUTO_MATCHED_EXACT,MATCHED_CONTENT,false,MARQUEE,NO_EMBEDDED_IMAGE,KEEP_EXISTING,1083,INVENTORY_MARQUEE,SAFE_TYPED_FRAGMENT_STAGE,,,ORDINARY_MARQUEE_CANDIDATE,0,,,
database:2114,RETAIN_EXISTING,2114,fragments/1834/07/05-img2712-left,1834-07-05,1,1,1,AUTO_MATCHED_EXACT,MATCHED_CONTENT,false,MARQUEE,NO_EMBEDDED_IMAGE,KEEP_EXISTING,1084,INVENTORY_MARQUEE,SAFE_TYPED_FRAGMENT_STAGE,,,ORDINARY_MARQUEE_CANDIDATE,0,,,
database:2115,RETAIN_EXISTING,2115,fragments/1834/07/06-img2712-left,1834-07-06,1,1,1,AUTO_MATCHED_EXACT,MATCHED_CONTENT,false,MARQUEE,NO_EMBEDDED_IMAGE,KEEP_EXISTING,1084,INVENTORY_MARQUEE,SAFE_TYPED_FRAGMENT_STAGE,,,ORDINARY_MARQUEE_CANDIDATE,0,,,
database:2116,RETAIN_EXISTING,2116,fragments/1834/07/07-img2712-left,1834-07-07,1,1,1,AUTO_MATCHED_EXACT,MATCHED_CONTENT,false,MARQUEE,NO_EMBEDDED_IMAGE,KEEP_EXISTING,1084,INVENTORY_MARQUEE,SAFE_TYPED_FRAGMENT_STAGE,,,ORDINARY_MARQUEE_CANDIDATE,0,,,
database:2117,RETAIN_EXISTING,2117,fragments/1834/07/08-img2712-left,1834-07-08,1,1,1,AUTO_MATCHED_EXACT,MATCHED_CONTENT,false,MARQUEE,NO_EMBEDDED_IMAGE,KEEP_EXISTING,1084,INVENTORY_MARQUEE,SAFE_TYPED_FRAGMENT_STAGE,,,ORDINARY_MARQUEE_CANDIDATE,0,,,
source:fragments/1834/07/08-img2712-right,CREATE_FRAGMENT,,fragments/1834/07/08-img2712-right,1834-07-08,,2,2,CREATE_MISSING,USE_SOURCE,false,MARQUEE,REVIEW_LEDGER_OVERRIDE,ENSURE_MARQUEE_EXISTS,1084,PLACEMENT_ANCHOR,RECONCILIATION_CREATE_STAGE,fragments/1834/07/08-img2712-left,,,0,Richard,2026-09-10T11:31:34+01:00,Valid source fragment suppressed by the legacy sequence collision behaviour.
database:2118,RETAIN_EXISTING,2118,fragments/1834/07/09-img2712-right,1834-07-09,1,1,1,AUTO_MATCHED_EXACT,MATCHED_CONTENT,false,MARQUEE,NO_EMBEDDED_IMAGE,KEEP_EXISTING,1084,INVENTORY_MARQUEE,SAFE_TYPED_FRAGMENT_STAGE,,,ORDINARY_MARQUEE_CANDIDATE,0,,,
database:2119,RETAIN_EXISTING,2119,fragments/1834/07/10-img2712-right,1834-07-10,1,1,1,AUTO_MATCHED_EXACT,MATCHED_CONTENT,false,MARQUEE,NO_EMBEDDED_IMAGE,KEEP_EXISTING,1084,INVENTORY_MARQUEE,SAFE_TYPED_FRAGMENT_STAGE,,,ORDINARY_MARQUEE_CANDIDATE,0,,,
database:2120,RETAIN_EXISTING,2120,fragments/1834/07/11-img2712-right,1834-07-11,1,1,1,AUTO_MATCHED_EXACT,MATCHED_CONTENT,false,MARQUEE,NO_EMBEDDED_IMAGE,KEEP_EXISTING,1084,INVENTORY_MARQUEE,SAFE_TYPED_FRAGMENT_STAGE,,,ORDINARY_MARQUEE_CANDIDATE,0,,,
database:2121,RETAIN_EXISTING,2121,fragments/1834/07/12-img2712-right,1834-07-12,1,1,1,AUTO_MATCHED_EXACT,MATCHED_CONTENT,false,MARQUEE,NO_EMBEDDED_IMAGE,KEEP_EXISTING,1084,INVENTORY_MARQUEE,SAFE_TYPED_FRAGMENT_STAGE,,,ORDINARY_MARQUEE_CANDIDATE,0,,,
database:2122,RETAIN_EXISTING,2122,fragments/1834/07/13-img2712-right,1834-07-13,1,1,1,AUTO_MATCHED_EXACT,MATCHED_CONTENT,false,MARQUEE,NO_EMBEDDED_IMAGE,KEEP_EXISTING,1084,INVENTORY_MARQUEE,SAFE_TYPED_FRAGMENT_STAGE,,,ORDINARY_MARQUEE_CANDIDATE,0,,,
database:2123,RETAIN_EXISTING,2123,fragments/1834/07/14-img2712-right,1834-07-14,1,1,1,AUTO_MATCHED_EXACT,MATCHED_CONTENT,false,MARQUEE,NO_EMBEDDED_IMAGE,KEEP_EXISTING,1084,INVENTORY_MARQUEE,SAFE_TYPED_FRAGMENT_STAGE,,,ORDINARY_MARQUEE_CANDIDATE,0,,,
database:2124,RETAIN_EXISTING,2124,fragments/1834/07/15-img2713-left,1834-07-15,1,1,1,AUTO_MATCHED_EXACT,MATCHED_CONTENT,false,MARQUEE,NO_EMBEDDED_IMAGE,KEEP_EXISTING,1085,INVENTORY_MARQUEE,SAFE_TYPED_FRAGMENT_STAGE,,,ORDINARY_MARQUEE_CANDIDATE,0,,,
database:2125,RETAIN_EXISTING,2125,fragments/1834/07/16-img2713-left,1834-07-16,1,1,1,AUTO_MATCHED_EXACT,MATCHED_CONTENT,false,MARQUEE,NO_EMBEDDED_IMAGE,KEEP_EXISTING,1085,INVENTORY_MARQUEE,SAFE_TYPED_FRAGMENT_STAGE,,,ORDINARY_MARQUEE_CANDIDATE,0,,,
database:2126,RETAIN_EXISTING,2126,fragments/1834/07/17-img2713-left,1834-07-17,1,1,1,AUTO_MATCHED_EXACT,MATCHED_CONTENT,false,MARQUEE,NO_EMBEDDED_IMAGE,KEEP_EXISTING,1085,INVENTORY_MARQUEE,SAFE_TYPED_FRAGMENT_STAGE,,,ORDINARY_MARQUEE_CANDIDATE,0,,,
database:2127,RETAIN_EXISTING,2127,fragments/1834/07/18-img2713-left,1834-07-18,1,1,1,AUTO_MATCHED_EXACT,MATCHED_CONTENT,false,MARQUEE,NO_EMBEDDED_IMAGE,KEEP_EXISTING,1085,INVENTORY_MARQUEE,SAFE_TYPED_FRAGMENT_STAGE,,,ORDINARY_MARQUEE_CANDIDATE,0,,,
database:2128,RETAIN_EXISTING,2128,fragments/1834/07/19-img2713-left,1834-07-19,1,1,1,AUTO_MATCHED_EXACT,MATCHED_CONTENT,false,MARQUEE,NO_EMBEDDED_IMAGE,KEEP_EXISTING,1085,INVENTORY_MARQUEE,SAFE_TYPED_FRAGMENT_STAGE,,,ORDINARY_MARQUEE_CANDIDATE,0,,,
database:2129,RETAIN_EXISTING,2129,fragments/1834/07/20-img2713-left,1834-07-20,1,1,1,AUTO_MATCHED_EXACT,MATCHED_CONTENT,false,MARQUEE,NO_EMBEDDED_IMAGE,KEEP_EXISTING,1085,INVENTORY_MARQUEE,SAFE_TYPED_FRAGMENT_STAGE,,,ORDINARY_MARQUEE_CANDIDATE,0,,,
database:2130,RETAIN_EXISTING,2130,fragments/1834/07/21-img2713-right,1834-07-21,1,1,1,AUTO_MATCHED_EXACT,MATCHED_CONTENT,false,MARQUEE,NO_EMBEDDED_IMAGE,KEEP_EXISTING,1085,INVENTORY_MARQUEE,SAFE_TYPED_FRAGMENT_STAGE,,,ORDINARY_MARQUEE_CANDIDATE,0,,,
database:2131,RETAIN_EXISTING,2131,fragments/1834/07/22-img2713-right,1834-07-22,1,1,1,AUTO_MATCHED_EXACT,MATCHED_CONTENT,false,MARQUEE,NO_EMBEDDED_IMAGE,KEEP_EXISTING,1085,INVENTORY_MARQUEE,SAFE_TYPED_FRAGMENT_STAGE,,,ORDINARY_MARQUEE_CANDIDATE,0,,,
database:2132,RETAIN_EXISTING,2132,fragments/1834/07/23-img2713-right,1834-07-23,1,1,1,AUTO_MATCHED_EXACT,MATCHED_CONTENT,false,MARQUEE,NO_EMBEDDED_IMAGE,KEEP_EXISTING,1085,INVENTORY_MARQUEE,SAFE_TYPED_FRAGMENT_STAGE,,,ORDINARY_MARQUEE_CANDIDATE,0,,,
database:2133,RETAIN_EXISTING,2133,fragments/1834/07/24-img2714-left,1834-07-24,1,1,1,AUTO_MATCHED_EXACT,MATCHED_CONTENT,false,MARQUEE,NO_EMBEDDED_IMAGE,KEEP_EXISTING,1086,INVENTORY_MARQUEE,SAFE_TYPED_FRAGMENT_STAGE,,,ORDINARY_MARQUEE_CANDIDATE,0,,,
database:2134,RETAIN_EXISTING,2134,fragments/1834/07/25-img2714-left,1834-07-25,1,1,1,AUTO_MATCHED_EXACT,MATCHED_CONTENT,false,MARQUEE,NO_EMBEDDED_IMAGE,KEEP_EXISTING,1086,INVENTORY_MARQUEE,SAFE_TYPED_FRAGMENT_STAGE,,,ORDINARY_MARQUEE_CANDIDATE,0,,,
database:2135,RETAIN_EXISTING,2135,fragments/1834/07/26-img2714-left,1834-07-26,1,1,1,AUTO_MATCHED_EXACT,MATCHED_CONTENT,false,MARQUEE,NO_EMBEDDED_IMAGE,KEEP_EXISTING,1086,INVENTORY_MARQUEE,SAFE_TYPED_FRAGMENT_STAGE,,,ORDINARY_MARQUEE_CANDIDATE,0,,,
database:2136,RETAIN_EXISTING,2136,fragments/1834/07/27-img2714-left,1834-07-27,1,1,1,AUTO_MATCHED_EXACT,MATCHED_CONTENT,false,MARQUEE,NO_EMBEDDED_IMAGE,KEEP_EXISTING,1086,INVENTORY_MARQUEE,SAFE_TYPED_FRAGMENT_STAGE,,,ORDINARY_MARQUEE_CANDIDATE,0,,,
database:2137,RETAIN_EXISTING,2137,fragments/1834/07/28-img2714-left,1834-07-28,1,1,1,AUTO_MATCHED_EXACT,MATCHED_CONTENT,false,MARQUEE,NO_EMBEDDED_IMAGE,KEEP_EXISTING,1086,INVENTORY_MARQUEE,SAFE_TYPED_FRAGMENT_STAGE,,,ORDINARY_MARQUEE_CANDIDATE,0,,,
database:2138,RETAIN_EXISTING,2138,fragments/1834/07/29-img2714-left,1834-07-29,1,1,1,AUTO_MATCHED_EXACT,MATCHED_CONTENT,false,MARQUEE,NO_EMBEDDED_IMAGE,KEEP_EXISTING,1086,INVENTORY_MARQUEE,SAFE_TYPED_FRAGMENT_STAGE,,,ORDINARY_MARQUEE_CANDIDATE,0,,,
database:2139,RETAIN_EXISTING,2139,fragments/1834/07/30-img2714-right,1834-07-30,1,1,1,AUTO_MATCHED_EXACT,MATCHED_CONTENT,false,MARQUEE,NO_EMBEDDED_IMAGE,KEEP_EXISTING,1086,INVENTORY_MARQUEE,SAFE_TYPED_FRAGMENT_STAGE,,,ORDINARY_MARQUEE_CANDIDATE,0,,,
database:2140,RETAIN_EXISTING,2140,fragments/1834/07/31-img2714-right,1834-07-31,1,1,1,AUTO_MATCHED_EXACT,MATCHED_CONTENT,false,MARQUEE,NO_EMBEDDED_IMAGE,KEEP_EXISTING,1086,INVENTORY_MARQUEE,SAFE_TYPED_FRAGMENT_STAGE,,,ORDINARY_MARQUEE_CANDIDATE,0,,,
database:2141,RETAIN_EXISTING,2141,fragments/1834/08/01-img2714-right,1834-08-01,1,1,1,AUTO_MATCHED_EXACT,MATCHED_CONTENT,false,MARQUEE,NO_EMBEDDED_IMAGE,KEEP_EXISTING,1086,INVENTORY_MARQUEE,SAFE_TYPED_FRAGMENT_STAGE,,,ORDINARY_MARQUEE_CANDIDATE,0,,,
database:2142,RETAIN_EXISTING,2142,fragments/1834/08/02-img2714-right,1834-08-02,1,1,1,AUTO_MATCHED_EXACT,MATCHED_CONTENT,false,MARQUEE,NO_EMBEDDED_IMAGE,KEEP_EXISTING,1086,INVENTORY_MARQUEE,SAFE_TYPED_FRAGMENT_STAGE,,,ORDINARY_MARQUEE_CANDIDATE,0,,,
database:2143,RETAIN_EXISTING,2143,fragments/1834/08/03-img2715-left,1834-08-03,1,1,1,AUTO_MATCHED_EXACT,MATCHED_CONTENT,false,MARQUEE,NO_EMBEDDED_IMAGE,KEEP_EXISTING,1087,INVENTORY_MARQUEE,SAFE_TYPED_FRAGMENT_STAGE,,,ORDINARY_MARQUEE_CANDIDATE,0,,,
database:2144,RETAIN_EXISTING,2144,fragments/1834/08/04-img2715-left,1834-08-04,1,1,1,AUTO_MATCHED_EXACT,MATCHED_CONTENT,false,MARQUEE,NO_EMBEDDED_IMAGE,KEEP_EXISTING,1087,INVENTORY_MARQUEE,SAFE_TYPED_FRAGMENT_STAGE,,,ORDINARY_MARQUEE_CANDIDATE,0,,,
database:2145,RETAIN_EXISTING,2145,fragments/1834/08/05-img2715-left,1834-08-05,1,1,1,AUTO_MATCHED_EXACT,MATCHED_CONTENT,false,MARQUEE,NO_EMBEDDED_IMAGE,KEEP_EXISTING,1087,INVENTORY_MARQUEE,SAFE_TYPED_FRAGMENT_STAGE,,,ORDINARY_MARQUEE_CANDIDATE,0,,,
database:2146,RETAIN_EXISTING,2146,fragments/1834/08/06-img2715-left,1834-08-06,1,1,1,AUTO_MATCHED_EXACT,MATCHED_CONTENT,false,MARQUEE,NO_EMBEDDED_IMAGE,KEEP_EXISTING,1087,INVENTORY_MARQUEE,SAFE_TYPED_FRAGMENT_STAGE,,,ORDINARY_MARQUEE_CANDIDATE,0,,,
database:2147,RETAIN_EXISTING,2147,fragments/1834/08/07-img2715-right,1834-08-07,1,1,1,AUTO_MATCHED_EXACT,MATCHED_CONTENT,false,MARQUEE,NO_EMBEDDED_IMAGE,KEEP_EXISTING,1087,INVENTORY_MARQUEE,SAFE_TYPED_FRAGMENT_STAGE,,,ORDINARY_MARQUEE_CANDIDATE,0,,,
database:2148,RETAIN_EXISTING,2148,fragments/1834/08/08-img2715-right,1834-08-08,1,1,1,AUTO_MATCHED_EXACT,MATCHED_CONTENT,false,MARQUEE,NO_EMBEDDED_IMAGE,KEEP_EXISTING,1087,INVENTORY_MARQUEE,SAFE_TYPED_FRAGMENT_STAGE,,,ORDINARY_MARQUEE_CANDIDATE,0,,,
database:2149,RETAIN_EXISTING,2149,fragments/1834/08/09-img2715-right,1834-08-09,1,1,1,AUTO_MATCHED_EXACT,MATCHED_CONTENT,false,MARQUEE,NO_EMBEDDED_IMAGE,KEEP_EXISTING,1087,INVENTORY_MARQUEE,SAFE_TYPED_FRAGMENT_STAGE,,,ORDINARY_MARQUEE_CANDIDATE,0,,,
database:2150,RETAIN_EXISTING,2150,fragments/1834/08/10-img2715-right,1834-08-10,1,1,1,AUTO_MATCHED_EXACT,MATCHED_CONTENT,false,MARQUEE,NO_EMBEDDED_IMAGE,KEEP_EXISTING,1087,INVENTORY_MARQUEE,SAFE_TYPED_FRAGMENT_STAGE,,,ORDINARY_MARQUEE_CANDIDATE,0,,,
database:2151,RETAIN_EXISTING,2151,fragments/1834/08/11-img2716-left,1834-08-11,1,1,1,AUTO_MATCHED_EXACT,MATCHED_CONTENT,false,MARQUEE,NO_EMBEDDED_IMAGE,KEEP_EXISTING,1088,INVENTORY_MARQUEE,SAFE_TYPED_FRAGMENT_STAGE,,,ORDINARY_MARQUEE_CANDIDATE,0,,,
database:2152,RETAIN_EXISTING,2152,fragments/1834/08/12-img2716-left,1834-08-12,1,1,1,AUTO_MATCHED_EXACT,MATCHED_CONTENT,false,MARQUEE,NO_EMBEDDED_IMAGE,KEEP_EXISTING,1088,INVENTORY_MARQUEE,SAFE_TYPED_FRAGMENT_STAGE,,,ORDINARY_MARQUEE_CANDIDATE,0,,,
database:2153,RETAIN_EXISTING,2153,fragments/1834/08/13-img2716-left,1834-08-13,1,1,1,AUTO_MATCHED_EXACT,MATCHED_CONTENT,false,MARQUEE,NO_EMBEDDED_IMAGE,KEEP_EXISTING,1088,INVENTORY_MARQUEE,SAFE_TYPED_FRAGMENT_STAGE,,,ORDINARY_MARQUEE_CANDIDATE,0,,,
database:2154,RETAIN_EXISTING,2154,fragments/1834/08/14-img2716-left,1834-08-14,1,1,1,AUTO_MATCHED_EXACT,MATCHED_CONTENT,false,MARQUEE,NO_EMBEDDED_IMAGE,KEEP_EXISTING,1088,INVENTORY_MARQUEE,SAFE_TYPED_FRAGMENT_STAGE,,,ORDINARY_MARQUEE_CANDIDATE,0,,,
database:2155,RETAIN_EXISTING,2155,fragments/1834/08/15-img2716-right,1834-08-15,1,1,1,AUTO_MATCHED_EXACT,MATCHED_CONTENT,false,MARQUEE,NO_EMBEDDED_IMAGE,KEEP_EXISTING,1088,INVENTORY_MARQUEE,SAFE_TYPED_FRAGMENT_STAGE,,,ORDINARY_MARQUEE_CANDIDATE,0,,,
database:2156,RETAIN_EXISTING,2156,fragments/1834/08/16-img2716-right,1834-08-16,1,1,1,AUTO_MATCHED_EXACT,MATCHED_CONTENT,false,MARQUEE,NO_EMBEDDED_IMAGE,KEEP_EXISTING,1088,INVENTORY_MARQUEE,SAFE_TYPED_FRAGMENT_STAGE,,,ORDINARY_MARQUEE_CANDIDATE,0,,,
database:2157,RETAIN_EXISTING,2157,fragments/1834/08/17-img2716-right,1834-08-17,1,1,1,AUTO_MATCHED_EXACT,MATCHED_CONTENT,false,MARQUEE,NO_EMBEDDED_IMAGE,KEEP_EXISTING,1088,INVENTORY_MARQUEE,SAFE_TYPED_FRAGMENT_STAGE,,,ORDINARY_MARQUEE_CANDIDATE,0,,,
database:2158,RETAIN_EXISTING,2158,fragments/1834/08/18-img2716-right,1834-08-18,1,1,1,AUTO_MATCHED_EXACT,MATCHED_CONTENT,false,MARQUEE,NO_EMBEDDED_IMAGE,KEEP_EXISTING,1088,INVENTORY_MARQUEE,SAFE_TYPED_FRAGMENT_STAGE,,,ORDINARY_MARQUEE_CANDIDATE,0,,,
database:2159,RETAIN_EXISTING,2159,fragments/1834/08/19-img2717-left,1834-08-19,1,1,1,AUTO_MATCHED_EXACT,MATCHED_CONTENT,false,MARQUEE,NO_EMBEDDED_IMAGE,KEEP_EXISTING,1089,INVENTORY_MARQUEE,SAFE_TYPED_FRAGMENT_STAGE,,,ORDINARY_MARQUEE_CANDIDATE,0,,,
database:2160,RETAIN_EXISTING,2160,fragments/1834/08/20-img2717-left,1834-08-20,1,1,1,AUTO_MATCHED_EXACT,MATCHED_CONTENT,false,MARQUEE,NO_EMBEDDED_IMAGE,KEEP_EXISTING,1089,INVENTORY_MARQUEE,SAFE_TYPED_FRAGMENT_STAGE,,,ORDINARY_MARQUEE_CANDIDATE,0,,,
database:2161,RETAIN_EXISTING,2161,fragments/1834/08/21-img2717-left,1834-08-21,1,1,1,AUTO_MATCHED_EXACT,MATCHED_CONTENT,false,MARQUEE,NO_EMBEDDED_IMAGE,KEEP_EXISTING,1089,INVENTORY_MARQUEE,SAFE_TYPED_FRAGMENT_STAGE,,,ORDINARY_MARQUEE_CANDIDATE,0,,,
database:2162,RETAIN_EXISTING,2162,fragments/1834/08/22-img2717-left,1834-08-22,1,1,1,AUTO_MATCHED_EXACT,MATCHED_CONTENT,false,MARQUEE,NO_EMBEDDED_IMAGE,KEEP_EXISTING,1089,INVENTORY_MARQUEE,SAFE_TYPED_FRAGMENT_STAGE,,,ORDINARY_MARQUEE_CANDIDATE,0,,,
database:2163,RETAIN_EXISTING,2163,fragments/1834/08/23-img2717-left,1834-08-23,1,1,1,AUTO_MATCHED_EXACT,MATCHED_CONTENT,false,MARQUEE,NO_EMBEDDED_IMAGE,KEEP_EXISTING,1089,INVENTORY_MARQUEE,SAFE_TYPED_FRAGMENT_STAGE,,,ORDINARY_MARQUEE_CANDIDATE,0,,,
database:2164,RETAIN_EXISTING,2164,fragments/1834/08/24-img2717-right,1834-08-24,1,1,1,AUTO_MATCHED_EXACT,MATCHED_CONTENT,false,MARQUEE,NO_EMBEDDED_IMAGE,KEEP_EXISTING,1089,INVENTORY_MARQUEE,SAFE_TYPED_FRAGMENT_STAGE,,,ORDINARY_MARQUEE_CANDIDATE,0,,,
database:2165,RETAIN_EXISTING,2165,fragments/1834/08/25-img2717-right,1834-08-25,1,1,1,AUTO_MATCHED_EXACT,MATCHED_CONTENT,false,MARQUEE,NO_EMBEDDED_IMAGE,KEEP_EXISTING,1089,INVENTORY_MARQUEE,SAFE_TYPED_FRAGMENT_STAGE,,,ORDINARY_MARQUEE_CANDIDATE,0,,,
database:2166,RETAIN_EXISTING,2166,fragments/1834/08/26-img2717-right,1834-08-26,1,1,1,AUTO_MATCHED_EXACT,MATCHED_CONTENT,false,MARQUEE,NO_EMBEDDED_IMAGE,KEEP_EXISTING,1089,INVENTORY_MARQUEE,SAFE_TYPED_FRAGMENT_STAGE,,,ORDINARY_MARQUEE_CANDIDATE,0,,,
database:2167,RETAIN_EXISTING,2167,fragments/1834/08/27-img2717-right,1834-08-27,1,1,1,AUTO_MATCHED_EXACT,MATCHED_CONTENT,false,MARQUEE,NO_EMBEDDED_IMAGE,KEEP_EXISTING,1089,INVENTORY_MARQUEE,SAFE_TYPED_FRAGMENT_STAGE,,,ORDINARY_MARQUEE_CANDIDATE,0,,,
database:2168,RETAIN_EXISTING,2168,fragments/1834/08/28-img2718-left,1834-08-28,1,1,1,AUTO_MATCHED_EXACT,MATCHED_CONTENT,false,MARQUEE,NO_EMBEDDED_IMAGE,KEEP_EXISTING,1090,INVENTORY_MARQUEE,SAFE_TYPED_FRAGMENT_STAGE,,,ORDINARY_MARQUEE_CANDIDATE,0,,,
database:2169,RETAIN_EXISTING,2169,fragments/1834/08/29-img2718-left,1834-08-29,1,1,1,AUTO_MATCHED_EXACT,MATCHED_CONTENT,false,MARQUEE,NO_EMBEDDED_IMAGE,KEEP_EXISTING,1090,INVENTORY_MARQUEE,SAFE_TYPED_FRAGMENT_STAGE,,,ORDINARY_MARQUEE_CANDIDATE,0,,,
database:2170,RETAIN_EXISTING,2170,fragments/1834/08/30-img2718-left,1834-08-30,1,1,1,AUTO_MATCHED_EXACT,MATCHED_CONTENT,false,MARQUEE,NO_EMBEDDED_IMAGE,KEEP_EXISTING,1090,INVENTORY_MARQUEE,SAFE_TYPED_FRAGMENT_STAGE,,,ORDINARY_MARQUEE_CANDIDATE,0,,,
database:2171,RETAIN_EXISTING,2171,fragments/1834/08/31-img2718-left,1834-08-31,1,1,1,AUTO_MATCHED_EXACT,MATCHED_CONTENT,false,MARQUEE,NO_EMBEDDED_IMAGE,KEEP_EXISTING,1090,INVENTORY_MARQUEE,SAFE_TYPED_FRAGMENT_STAGE,,,ORDINARY_MARQUEE_CANDIDATE,0,,,
database:2172,RETAIN_EXISTING,2172,fragments/1834/09/01-img2718-right,1834-09-01,1,1,1,AUTO_MATCHED_EXACT,MATCHED_CONTENT,false,MARQUEE,NO_EMBEDDED_IMAGE,KEEP_EXISTING,1090,INVENTORY_MARQUEE,SAFE_TYPED_FRAGMENT_STAGE,,,ORDINARY_MARQUEE_CANDIDATE,0,,,
database:2173,RETAIN_EXISTING,2173,fragments/1834/09/02-img2718-right,1834-09-02,1,1,1,AUTO_MATCHED_EXACT,MATCHED_CONTENT,false,MARQUEE,NO_EMBEDDED_IMAGE,KEEP_EXISTING,1090,INVENTORY_MARQUEE,SAFE_TYPED_FRAGMENT_STAGE,,,ORDINARY_MARQUEE_CANDIDATE,0,,,
database:2174,RETAIN_EXISTING,2174,fragments/1834/09/03-img2718-right,1834-09-03,1,1,1,AUTO_MATCHED_EXACT,MATCHED_CONTENT,false,MARQUEE,NO_EMBEDDED_IMAGE,KEEP_EXISTING,1090,INVENTORY_MARQUEE,SAFE_TYPED_FRAGMENT_STAGE,,,ORDINARY_MARQUEE_CANDIDATE,0,,,
database:2175,RETAIN_EXISTING,2175,fragments/1834/09/04-img2718-right,1834-09-04,1,1,1,AUTO_MATCHED_EXACT,MATCHED_CONTENT,false,MARQUEE,NO_EMBEDDED_IMAGE,KEEP_EXISTING,1090,INVENTORY_MARQUEE,SAFE_TYPED_FRAGMENT_STAGE,,,ORDINARY_MARQUEE_CANDIDATE,0,,,
database:2176,RETAIN_EXISTING,2176,fragments/1834/09/05-img2718-right,1834-09-05,1,1,1,AUTO_MATCHED_EXACT,MATCHED_CONTENT,false,MARQUEE,NO_EMBEDDED_IMAGE,KEEP_EXISTING,1090,INVENTORY_MARQUEE,SAFE_TYPED_FRAGMENT_STAGE,,,ORDINARY_MARQUEE_CANDIDATE,0,,,
database:2177,RETAIN_EXISTING,2177,fragments/1834/09/06-img2719-left,1834-09-06,1,1,1,AUTO_MATCHED_EXACT,MATCHED_CONTENT,false,MARQUEE,NO_EMBEDDED_IMAGE,KEEP_EXISTING,1091,INVENTORY_MARQUEE,SAFE_TYPED_FRAGMENT_STAGE,,,ORDINARY_MARQUEE_CANDIDATE,0,,,
database:2178,RETAIN_EXISTING,2178,fragments/1834/09/07-img2719-left,1834-09-07,1,1,1,AUTO_MATCHED_EXACT,MATCHED_CONTENT,false,MARQUEE,NO_EMBEDDED_IMAGE,KEEP_EXISTING,1091,INVENTORY_MARQUEE,SAFE_TYPED_FRAGMENT_STAGE,,,ORDINARY_MARQUEE_CANDIDATE,0,,,
database:2179,RETAIN_EXISTING,2179,fragments/1834/09/08-img2719-left,1834-09-08,1,1,1,AUTO_MATCHED_EXACT,MATCHED_CONTENT,false,MARQUEE,NO_EMBEDDED_IMAGE,KEEP_EXISTING,1091,INVENTORY_MARQUEE,SAFE_TYPED_FRAGMENT_STAGE,,,ORDINARY_MARQUEE_CANDIDATE,0,,,
database:2180,RETAIN_EXISTING,2180,fragments/1834/09/09-img2719-left,1834-09-09,1,1,1,AUTO_MATCHED_EXACT,MATCHED_CONTENT,false,MARQUEE,NO_EMBEDDED_IMAGE,KEEP_EXISTING,1091,INVENTORY_MARQUEE,SAFE_TYPED_FRAGMENT_STAGE,,,ORDINARY_MARQUEE_CANDIDATE,0,,,
database:2181,RETAIN_EXISTING,2181,fragments/1834/09/10-img2719-left,1834-09-10,1,1,1,AUTO_MATCHED_EXACT,MATCHED_CONTENT,false,MARQUEE,NO_EMBEDDED_IMAGE,KEEP_EXISTING,1091,INVENTORY_MARQUEE,SAFE_TYPED_FRAGMENT_STAGE,,,ORDINARY_MARQUEE_CANDIDATE,0,,,
database:2182,RETAIN_EXISTING,2182,fragments/1834/09/11-img2719-right,1834-09-11,1,1,1,AUTO_MATCHED_EXACT,MATCHED_CONTENT,false,MARQUEE,NO_EMBEDDED_IMAGE,KEEP_EXISTING,1091,INVENTORY_MARQUEE,SAFE_TYPED_FRAGMENT_STAGE,,,ORDINARY_MARQUEE_CANDIDATE,0,,,
database:2183,RETAIN_EXISTING,2183,fragments/1834/09/12-img2719-right,1834-09-12,1,1,1,AUTO_MATCHED_EXACT,MATCHED_CONTENT,false,MARQUEE,NO_EMBEDDED_IMAGE,KEEP_EXISTING,1091,INVENTORY_MARQUEE,SAFE_TYPED_FRAGMENT_STAGE,,,ORDINARY_MARQUEE_CANDIDATE,0,,,
database:2184,RETAIN_EXISTING,2184,fragments/1834/09/13-img2719-right,1834-09-13,1,1,1,AUTO_MATCHED_EXACT,MATCHED_CONTENT,false,MARQUEE,NO_EMBEDDED_IMAGE,KEEP_EXISTING,1091,INVENTORY_MARQUEE,SAFE_TYPED_FRAGMENT_STAGE,,,ORDINARY_MARQUEE_CANDIDATE,0,,,
database:2185,RETAIN_EXISTING,2185,fragments/1834/09/14-img2719-right,1834-09-14,1,1,1,AUTO_MATCHED_EXACT,MATCHED_CONTENT,false,MARQUEE,NO_EMBEDDED_IMAGE,KEEP_EXISTING,1091,INVENTORY_MARQUEE,SAFE_TYPED_FRAGMENT_STAGE,,,ORDINARY_MARQUEE_CANDIDATE,0,,,
database:2186,RETAIN_EXISTING,2186,fragments/1834/09/15-img2719-right,1834-09-15,1,1,1,AUTO_MATCHED_EXACT,MATCHED_CONTENT,false,MARQUEE,NO_EMBEDDED_IMAGE,KEEP_EXISTING,1091,INVENTORY_MARQUEE,SAFE_TYPED_FRAGMENT_STAGE,,,ORDINARY_MARQUEE_CANDIDATE,0,,,
database:2187,RETAIN_EXISTING,2187,fragments/1834/09/16-img2720-left,1834-09-16,1,1,1,AUTO_MATCHED_EXACT,MATCHED_CONTENT,false,MARQUEE,NO_EMBEDDED_IMAGE,KEEP_EXISTING,1092,INVENTORY_MARQUEE,SAFE_TYPED_FRAGMENT_STAGE,,,ORDINARY_MARQUEE_CANDIDATE,0,,,
database:2188,RETAIN_EXISTING,2188,fragments/1834/09/17-img2720-left,1834-09-17,1,1,1,AUTO_MATCHED_EXACT,MATCHED_CONTENT,false,MARQUEE,NO_EMBEDDED_IMAGE,KEEP_EXISTING,1092,INVENTORY_MARQUEE,SAFE_TYPED_FRAGMENT_STAGE,,,ORDINARY_MARQUEE_CANDIDATE,0,,,
database:2189,RETAIN_EXISTING,2189,fragments/1834/09/18-img2720-left,1834-09-18,1,1,1,AUTO_MATCHED_EXACT,MATCHED_CONTENT,false,MARQUEE,NO_EMBEDDED_IMAGE,KEEP_EXISTING,1092,INVENTORY_MARQUEE,SAFE_TYPED_FRAGMENT_STAGE,,,ORDINARY_MARQUEE_CANDIDATE,0,,,
database:2190,RETAIN_EXISTING,2190,fragments/1834/09/19-img2720-left,1834-09-19,1,1,1,AUTO_MATCHED_EXACT,MATCHED_CONTENT,false,MARQUEE,NO_EMBEDDED_IMAGE,KEEP_EXISTING,1092,INVENTORY_MARQUEE,SAFE_TYPED_FRAGMENT_STAGE,,,ORDINARY_MARQUEE_CANDIDATE,0,,,
database:2191,RETAIN_EXISTING,2191,fragments/1834/09/20-img2720-left,1834-09-20,1,1,1,AUTO_MATCHED_EXACT,MATCHED_CONTENT,false,MARQUEE,NO_EMBEDDED_IMAGE,KEEP_EXISTING,1092,INVENTORY_MARQUEE,SAFE_TYPED_FRAGMENT_STAGE,,,ORDINARY_MARQUEE_CANDIDATE,0,,,
database:2192,RETAIN_EXISTING,2192,fragments/1834/09/21-img2720-right,1834-09-21,1,1,1,AUTO_MATCHED_EXACT,MATCHED_CONTENT,false,MARQUEE,NO_EMBEDDED_IMAGE,KEEP_EXISTING,1092,INVENTORY_MARQUEE,SAFE_TYPED_FRAGMENT_STAGE,,,ORDINARY_MARQUEE_CANDIDATE,0,,,
database:2193,RETAIN_EXISTING,2193,fragments/1834/09/22-img2720-right,1834-09-22,1,1,1,AUTO_MATCHED_EXACT,MATCHED_CONTENT,false,MARQUEE,NO_EMBEDDED_IMAGE,KEEP_EXISTING,1092,INVENTORY_MARQUEE,SAFE_TYPED_FRAGMENT_STAGE,,,ORDINARY_MARQUEE_CANDIDATE,0,,,
database:2194,RETAIN_EXISTING,2194,fragments/1834/09/23-img2720-right,1834-09-23,1,1,1,AUTO_MATCHED_EXACT,MATCHED_CONTENT,false,MARQUEE,NO_EMBEDDED_IMAGE,KEEP_EXISTING,1092,INVENTORY_MARQUEE,SAFE_TYPED_FRAGMENT_STAGE,,,ORDINARY_MARQUEE_CANDIDATE,0,,,
database:2195,RETAIN_EXISTING,2195,fragments/1834/09/24-img2720-right,1834-09-24,1,1,1,AUTO_MATCHED_EXACT,MATCHED_CONTENT,false,MARQUEE,NO_EMBEDDED_IMAGE,KEEP_EXISTING,1092,INVENTORY_MARQUEE,SAFE_TYPED_FRAGMENT_STAGE,,,ORDINARY_MARQUEE_CANDIDATE,0,,,
database:2196,RETAIN_EXISTING,2196,fragments/1834/09/25-img2720-right,1834-09-25,1,1,1,AUTO_MATCHED_EXACT,MATCHED_CONTENT,false,MARQUEE,NO_EMBEDDED_IMAGE,KEEP_EXISTING,1092,INVENTORY_MARQUEE,SAFE_TYPED_FRAGMENT_STAGE,,,ORDINARY_MARQUEE_CANDIDATE,0,,,
database:2197,RETAIN_EXISTING,2197,fragments/1834/09/26-img2720-right,1834-09-26,1,1,1,AUTO_MATCHED_EXACT,MATCHED_CONTENT,false,MARQUEE,NO_EMBEDDED_IMAGE,KEEP_EXISTING,1092,INVENTORY_MARQUEE,SAFE_TYPED_FRAGMENT_STAGE,,,ORDINARY_MARQUEE_CANDIDATE,0,,,
database:2198,RETAIN_EXISTING,2198,fragments/1834/09/27-img2721-left,1834-09-27,1,1,1,AUTO_MATCHED_EXACT,MATCHED_CONTENT,false,MARQUEE,NO_EMBEDDED_IMAGE,KEEP_EXISTING,1093,INVENTORY_MARQUEE,SAFE_TYPED_FRAGMENT_STAGE,,,ORDINARY_MARQUEE_CANDIDATE,0,,,
database:2199,RETAIN_EXISTING,2199,fragments/1834/09/28-img2721-left,1834-09-28,1,1,1,AUTO_MATCHED_EXACT,MATCHED_CONTENT,false,MARQUEE,NO_EMBEDDED_IMAGE,KEEP_EXISTING,1093,INVENTORY_MARQUEE,SAFE_TYPED_FRAGMENT_STAGE,,,ORDINARY_MARQUEE_CANDIDATE,0,,,
database:2200,RETAIN_EXISTING,2200,fragments/1834/09/29-img2721-left,1834-09-29,1,1,1,AUTO_MATCHED_EXACT,MATCHED_CONTENT,false,MARQUEE,NO_EMBEDDED_IMAGE,KEEP_EXISTING,1093,INVENTORY_MARQUEE,SAFE_TYPED_FRAGMENT_STAGE,,,ORDINARY_MARQUEE_CANDIDATE,0,,,
database:2201,RETAIN_EXISTING,2201,fragments/1834/09/30-img2721-left,1834-09-30,1,1,1,AUTO_MATCHED_EXACT,MATCHED_CONTENT,false,MARQUEE,NO_EMBEDDED_IMAGE,KEEP_EXISTING,1093,INVENTORY_MARQUEE,SAFE_TYPED_FRAGMENT_STAGE,,,ORDINARY_MARQUEE_CANDIDATE,0,,,
database:2202,RETAIN_EXISTING,2202,fragments/1834/10/01-img2721-left,1834-10-01,1,1,1,AUTO_MATCHED_EXACT,MATCHED_CONTENT,false,MARQUEE,NO_EMBEDDED_IMAGE,KEEP_EXISTING,1093,INVENTORY_MARQUEE,SAFE_TYPED_FRAGMENT_STAGE,,,ORDINARY_MARQUEE_CANDIDATE,0,,,
database:2203,RETAIN_EXISTING,2203,fragments/1834/10/02-img2721-right,1834-10-02,1,1,1,AUTO_MATCHED_EXACT,MATCHED_CONTENT,false,MARQUEE,NO_EMBEDDED_IMAGE,KEEP_EXISTING,1093,INVENTORY_MARQUEE,SAFE_TYPED_FRAGMENT_STAGE,,,ORDINARY_MARQUEE_CANDIDATE,0,,,
database:2204,RETAIN_EXISTING,2204,fragments/1834/10/03-img2721-right,1834-10-03,1,1,1,AUTO_MATCHED_EXACT,MATCHED_CONTENT,false,MARQUEE,NO_EMBEDDED_IMAGE,KEEP_EXISTING,1093,INVENTORY_MARQUEE,SAFE_TYPED_FRAGMENT_STAGE,,,ORDINARY_MARQUEE_CANDIDATE,0,,,
database:2205,RETAIN_EXISTING,2205,fragments/1834/10/04-img2721-right,1834-10-04,1,1,1,AUTO_MATCHED_EXACT,MATCHED_CONTENT,false,MARQUEE,NO_EMBEDDED_IMAGE,KEEP_EXISTING,1093,INVENTORY_MARQUEE,SAFE_TYPED_FRAGMENT_STAGE,,,ORDINARY_MARQUEE_CANDIDATE,0,,,
database:2206,RETAIN_EXISTING,2206,fragments/1834/10/05-img2721-right,1834-10-05,1,1,1,AUTO_MATCHED_EXACT,MATCHED_CONTENT,false,MARQUEE,NO_EMBEDDED_IMAGE,KEEP_EXISTING,1093,INVENTORY_MARQUEE,SAFE_TYPED_FRAGMENT_STAGE,,,ORDINARY_MARQUEE_CANDIDATE,0,,,
database:2207,RETAIN_EXISTING,2207,fragments/1834/10/06-img2721-right,1834-10-06,1,1,1,AUTO_MATCHED_EXACT,MATCHED_CONTENT,false,MARQUEE,NO_EMBEDDED_IMAGE,KEEP_EXISTING,1093,INVENTORY_MARQUEE,SAFE_TYPED_FRAGMENT_STAGE,,,ORDINARY_MARQUEE_CANDIDATE,0,,,
database:2208,RETAIN_EXISTING,2208,fragments/1834/10/07-img2721-right,1834-10-07,1,1,1,AUTO_MATCHED_EXACT,MATCHED_CONTENT,false,MARQUEE,NO_EMBEDDED_IMAGE,KEEP_EXISTING,1093,INVENTORY_MARQUEE,SAFE_TYPED_FRAGMENT_STAGE,,,ORDINARY_MARQUEE_CANDIDATE,0,,,
database:2209,RETAIN_EXISTING,2209,fragments/1834/10/08-img2721-right,1834-10-08,1,1,1,AUTO_MATCHED_EXACT,MATCHED_CONTENT,false,MARQUEE,NO_EMBEDDED_IMAGE,KEEP_EXISTING,1093,INVENTORY_MARQUEE,SAFE_TYPED_FRAGMENT_STAGE,,,ORDINARY_MARQUEE_CANDIDATE,0,,,
database:2210,RETAIN_EXISTING,2210,fragments/1834/10/09-img2721-right,1834-10-09,1,1,1,AUTO_MATCHED_EXACT,MATCHED_CONTENT,false,MARQUEE,NO_EMBEDDED_IMAGE,KEEP_EXISTING,1093,INVENTORY_MARQUEE,SAFE_TYPED_FRAGMENT_STAGE,,,ORDINARY_MARQUEE_CANDIDATE,0,,,
database:2211,RETAIN_EXISTING,2211,fragments/1834/10/10-img2722-left,1834-10-10,1,1,1,AUTO_MATCHED_EXACT,MATCHED_CONTENT,false,MARQUEE,NO_EMBEDDED_IMAGE,KEEP_EXISTING,1094,INVENTORY_MARQUEE,SAFE_TYPED_FRAGMENT_STAGE,,,ORDINARY_MARQUEE_CANDIDATE,0,,,
database:2212,RETAIN_EXISTING,2212,fragments/1834/10/11-img2722-left,1834-10-11,1,1,1,AUTO_MATCHED_EXACT,MATCHED_CONTENT,false,MARQUEE,NO_EMBEDDED_IMAGE,KEEP_EXISTING,1094,INVENTORY_MARQUEE,SAFE_TYPED_FRAGMENT_STAGE,,,ORDINARY_MARQUEE_CANDIDATE,0,,,
database:2213,RETAIN_EXISTING,2213,fragments/1834/10/12-img2722-left,1834-10-12,1,1,1,AUTO_MATCHED_EXACT,MATCHED_CONTENT,false,MARQUEE,NO_EMBEDDED_IMAGE,KEEP_EXISTING,1094,INVENTORY_MARQUEE,SAFE_TYPED_FRAGMENT_STAGE,,,ORDINARY_MARQUEE_CANDIDATE,0,,,
database:2214,RETAIN_EXISTING,2214,fragments/1834/10/13-img2722-left,1834-10-13,1,1,1,AUTO_MATCHED_EXACT,MATCHED_CONTENT,false,MARQUEE,NO_EMBEDDED_IMAGE,KEEP_EXISTING,1094,INVENTORY_MARQUEE,SAFE_TYPED_FRAGMENT_STAGE,,,ORDINARY_MARQUEE_CANDIDATE,0,,,
database:2215,RETAIN_EXISTING,2215,fragments/1834/10/14-img2722-left,1834-10-14,1,1,1,AUTO_MATCHED_EXACT,MATCHED_CONTENT,false,MARQUEE,NO_EMBEDDED_IMAGE,KEEP_EXISTING,1094,INVENTORY_MARQUEE,SAFE_TYPED_FRAGMENT_STAGE,,,ORDINARY_MARQUEE_CANDIDATE,0,,,
database:2216,RETAIN_EXISTING,2216,fragments/1834/10/15-img2722-left,1834-10-15,1,1,1,AUTO_MATCHED_EXACT,MATCHED_CONTENT,false,MARQUEE,NO_EMBEDDED_IMAGE,KEEP_EXISTING,1094,INVENTORY_MARQUEE,SAFE_TYPED_FRAGMENT_STAGE,,,ORDINARY_MARQUEE_CANDIDATE,0,,,
database:2217,RETAIN_EXISTING,2217,fragments/1834/10/16-img2722-left,1834-10-16,1,1,1,AUTO_MATCHED_EXACT,MATCHED_CONTENT,false,MARQUEE,NO_EMBEDDED_IMAGE,KEEP_EXISTING,1094,INVENTORY_MARQUEE,SAFE_TYPED_FRAGMENT_STAGE,,,ORDINARY_MARQUEE_CANDIDATE,0,,,
database:2218,RETAIN_EXISTING,2218,fragments/1834/10/17-img2722-left,1834-10-17,1,1,1,AUTO_MATCHED_EXACT,MATCHED_CONTENT,false,MARQUEE,NO_EMBEDDED_IMAGE,KEEP_EXISTING,1094,INVENTORY_MARQUEE,SAFE_TYPED_FRAGMENT_STAGE,,,ORDINARY_MARQUEE_CANDIDATE,0,,,
database:2219,RETAIN_EXISTING,2219,fragments/1834/10/18-img2722-left,1834-10-18,1,1,1,AUTO_MATCHED_EXACT,MATCHED_CONTENT,false,MARQUEE,NO_EMBEDDED_IMAGE,KEEP_EXISTING,1094,INVENTORY_MARQUEE,SAFE_TYPED_FRAGMENT_STAGE,,,ORDINARY_MARQUEE_CANDIDATE,0,,,
database:2220,RETAIN_EXISTING,2220,fragments/1834/10/19-img2722-left,1834-10-19,1,1,1,AUTO_MATCHED_EXACT,MATCHED_CONTENT,false,MARQUEE,NO_EMBEDDED_IMAGE,KEEP_EXISTING,1094,INVENTORY_MARQUEE,SAFE_TYPED_FRAGMENT_STAGE,,,ORDINARY_MARQUEE_CANDIDATE,0,,,
database:2221,RETAIN_EXISTING,2221,fragments/1834/10/20-img2722-left,1834-10-20,1,1,1,AUTO_MATCHED_EXACT,MATCHED_CONTENT,false,MARQUEE,NO_EMBEDDED_IMAGE,KEEP_EXISTING,1094,INVENTORY_MARQUEE,SAFE_TYPED_FRAGMENT_STAGE,,,ORDINARY_MARQUEE_CANDIDATE,0,,,
database:2222,RETAIN_EXISTING,2222,fragments/1834/10/21-img2722-left,1834-10-21,1,1,1,AUTO_MATCHED_EXACT,MATCHED_CONTENT,false,MARQUEE,NO_EMBEDDED_IMAGE,KEEP_EXISTING,1094,INVENTORY_MARQUEE,SAFE_TYPED_FRAGMENT_STAGE,,,ORDINARY_MARQUEE_CANDIDATE,0,,,
database:2223,RETAIN_EXISTING,2223,fragments/1834/10/22-img2722-right,1834-10-22,1,1,1,AUTO_MATCHED_EXACT,MATCHED_CONTENT,false,MARQUEE,NO_EMBEDDED_IMAGE,KEEP_EXISTING,1094,INVENTORY_MARQUEE,SAFE_TYPED_FRAGMENT_STAGE,,,ORDINARY_MARQUEE_CANDIDATE,0,,,
database:2224,RETAIN_EXISTING,2224,fragments/1834/10/23-img2722-right,1834-10-23,1,1,1,AUTO_MATCHED_EXACT,MATCHED_CONTENT,false,MARQUEE,NO_EMBEDDED_IMAGE,KEEP_EXISTING,1094,INVENTORY_MARQUEE,SAFE_TYPED_FRAGMENT_STAGE,,,ORDINARY_MARQUEE_CANDIDATE,0,,,
database:2225,RETAIN_EXISTING,2225,fragments/1834/10/24-img2722-right,1834-10-24,1,1,1,AUTO_MATCHED_EXACT,MATCHED_CONTENT,false,MARQUEE,NO_EMBEDDED_IMAGE,KEEP_EXISTING,1094,INVENTORY_MARQUEE,SAFE_TYPED_FRAGMENT_STAGE,,,ORDINARY_MARQUEE_CANDIDATE,0,,,
database:2226,RETAIN_EXISTING,2226,fragments/1834/10/25-img2722-right,1834-10-25,1,1,1,AUTO_MATCHED_EXACT,MATCHED_CONTENT,false,MARQUEE,NO_EMBEDDED_IMAGE,KEEP_EXISTING,1094,INVENTORY_MARQUEE,SAFE_TYPED_FRAGMENT_STAGE,,,ORDINARY_MARQUEE_CANDIDATE,0,,,
database:2227,RETAIN_EXISTING,2227,fragments/1834/10/26-img2722-right,1834-10-26,1,1,1,AUTO_MATCHED_EXACT,MATCHED_CONTENT,false,MARQUEE,NO_EMBEDDED_IMAGE,KEEP_EXISTING,1094,INVENTORY_MARQUEE,SAFE_TYPED_FRAGMENT_STAGE,,,ORDINARY_MARQUEE_CANDIDATE,0,,,
database:2228,RETAIN_EXISTING,2228,fragments/1834/10/27-img2722-right,1834-10-27,1,1,1,AUTO_MATCHED_EXACT,MATCHED_CONTENT,false,MARQUEE,NO_EMBEDDED_IMAGE,KEEP_EXISTING,1094,INVENTORY_MARQUEE,SAFE_TYPED_FRAGMENT_STAGE,,,ORDINARY_MARQUEE_CANDIDATE,0,,,
database:2229,RETAIN_EXISTING,2229,fragments/1834/10/28-img2722-right,1834-10-28,1,1,1,AUTO_MATCHED_EXACT,MATCHED_CONTENT,false,MARQUEE,NO_EMBEDDED_IMAGE,KEEP_EXISTING,1094,INVENTORY_MARQUEE,SAFE_TYPED_FRAGMENT_STAGE,,,ORDINARY_MARQUEE_CANDIDATE,0,,,
database:2230,RETAIN_EXISTING,2230,fragments/1834/10/29-img2722-right,1834-10-29,1,1,1,AUTO_MATCHED_EXACT,MATCHED_CONTENT,false,MARQUEE,NO_EMBEDDED_IMAGE,KEEP_EXISTING,1094,INVENTORY_MARQUEE,SAFE_TYPED_FRAGMENT_STAGE,,,ORDINARY_MARQUEE_CANDIDATE,0,,,
database:2231,RETAIN_EXISTING,2231,fragments/1834/10/30-img2722-right,1834-10-30,1,1,1,AUTO_MATCHED_EXACT,MATCHED_CONTENT,false,MARQUEE,NO_EMBEDDED_IMAGE,KEEP_EXISTING,1094,INVENTORY_MARQUEE,SAFE_TYPED_FRAGMENT_STAGE,,,ORDINARY_MARQUEE_CANDIDATE,0,,,
database:2232,RETAIN_EXISTING,2232,fragments/1834/10/31-img2722-right,1834-10-31,1,1,1,AUTO_MATCHED_EXACT,MATCHED_CONTENT,false,MARQUEE,NO_EMBEDDED_IMAGE,KEEP_EXISTING,1094,INVENTORY_MARQUEE,SAFE_TYPED_FRAGMENT_STAGE,,,ORDINARY_MARQUEE_CANDIDATE,0,,,
database:2233,RETAIN_EXISTING,2233,fragments/1834/11/01-img2722-right,1834-11-01,1,1,1,AUTO_MATCHED_EXACT,MATCHED_CONTENT,false,MARQUEE,NO_EMBEDDED_IMAGE,KEEP_EXISTING,1094,INVENTORY_MARQUEE,SAFE_TYPED_FRAGMENT_STAGE,,,ORDINARY_MARQUEE_CANDIDATE,0,,,
database:2234,RETAIN_EXISTING,2234,fragments/1834/11/02-img2722-right,1834-11-02,1,1,1,AUTO_MATCHED_EXACT,MATCHED_CONTENT,false,MARQUEE,NO_EMBEDDED_IMAGE,KEEP_EXISTING,1094,INVENTORY_MARQUEE,SAFE_TYPED_FRAGMENT_STAGE,,,ORDINARY_MARQUEE_CANDIDATE,0,,,
database:2235,RETAIN_EXISTING,2235,fragments/1834/11/03-img2723-left,1834-11-03,1,1,1,AUTO_MATCHED_EXACT,MATCHED_CONTENT,false,MARQUEE,NO_EMBEDDED_IMAGE,KEEP_EXISTING,1095,INVENTORY_MARQUEE,SAFE_TYPED_FRAGMENT_STAGE,,,ORDINARY_MARQUEE_CANDIDATE,0,,,
database:2236,RETAIN_EXISTING,2236,fragments/1834/11/04-img2723-left,1834-11-04,1,1,1,AUTO_MATCHED_EXACT,MATCHED_CONTENT,false,MARQUEE,NO_EMBEDDED_IMAGE,KEEP_EXISTING,1095,INVENTORY_MARQUEE,SAFE_TYPED_FRAGMENT_STAGE,,,ORDINARY_MARQUEE_CANDIDATE,0,,,
database:2237,RETAIN_EXISTING,2237,fragments/1834/11/05-img2723-left,1834-11-05,1,1,1,AUTO_MATCHED_EXACT,MATCHED_CONTENT,false,MARQUEE,NO_EMBEDDED_IMAGE,KEEP_EXISTING,1095,INVENTORY_MARQUEE,SAFE_TYPED_FRAGMENT_STAGE,,,ORDINARY_MARQUEE_CANDIDATE,0,,,
database:2238,RETAIN_EXISTING,2238,fragments/1834/11/06-img2723-left,1834-11-06,1,1,1,AUTO_MATCHED_EXACT,MATCHED_CONTENT,false,MARQUEE,NO_EMBEDDED_IMAGE,KEEP_EXISTING,1095,INVENTORY_MARQUEE,SAFE_TYPED_FRAGMENT_STAGE,,,ORDINARY_MARQUEE_CANDIDATE,0,,,
database:2239,RETAIN_EXISTING,2239,fragments/1834/11/07-img2723-left,1834-11-07,1,1,1,AUTO_MATCHED_EXACT,MATCHED_CONTENT,false,MARQUEE,NO_EMBEDDED_IMAGE,KEEP_EXISTING,1095,INVENTORY_MARQUEE,SAFE_TYPED_FRAGMENT_STAGE,,,ORDINARY_MARQUEE_CANDIDATE,0,,,
database:2240,RETAIN_EXISTING,2240,fragments/1834/11/08-img2723-left,1834-11-08,1,1,1,AUTO_MATCHED_EXACT,MATCHED_CONTENT,false,MARQUEE,NO_EMBEDDED_IMAGE,KEEP_EXISTING,1095,INVENTORY_MARQUEE,SAFE_TYPED_FRAGMENT_STAGE,,,ORDINARY_MARQUEE_CANDIDATE,0,,,
database:2241,RETAIN_EXISTING,2241,fragments/1834/11/09-img2723-left,1834-11-09,1,1,1,AUTO_MATCHED_EXACT,MATCHED_CONTENT,false,MARQUEE,NO_EMBEDDED_IMAGE,KEEP_EXISTING,1095,INVENTORY_MARQUEE,SAFE_TYPED_FRAGMENT_STAGE,,,ORDINARY_MARQUEE_CANDIDATE,0,,,
database:2242,RETAIN_EXISTING,2242,fragments/1834/11/10-img2723-left,1834-11-10,1,1,1,AUTO_MATCHED_EXACT,MATCHED_CONTENT,false,MARQUEE,NO_EMBEDDED_IMAGE,KEEP_EXISTING,1095,INVENTORY_MARQUEE,SAFE_TYPED_FRAGMENT_STAGE,,,ORDINARY_MARQUEE_CANDIDATE,0,,,
database:2243,RETAIN_EXISTING,2243,fragments/1834/11/11-img2723-left,1834-11-11,1,1,1,AUTO_MATCHED_EXACT,MATCHED_CONTENT,false,MARQUEE,NO_EMBEDDED_IMAGE,KEEP_EXISTING,1095,INVENTORY_MARQUEE,SAFE_TYPED_FRAGMENT_STAGE,,,ORDINARY_MARQUEE_CANDIDATE,0,,,
database:2244,RETAIN_EXISTING,2244,fragments/1834/11/12-img2723-left,1834-11-12,1,1,1,AUTO_MATCHED_EXACT,MATCHED_CONTENT,false,MARQUEE,NO_EMBEDDED_IMAGE,KEEP_EXISTING,1095,INVENTORY_MARQUEE,SAFE_TYPED_FRAGMENT_STAGE,,,ORDINARY_MARQUEE_CANDIDATE,0,,,
database:2245,RETAIN_EXISTING,2245,fragments/1834/11/13-img2723-left,1834-11-13,1,1,1,AUTO_MATCHED_EXACT,MATCHED_CONTENT,false,MARQUEE,NO_EMBEDDED_IMAGE,KEEP_EXISTING,1095,INVENTORY_MARQUEE,SAFE_TYPED_FRAGMENT_STAGE,,,ORDINARY_MARQUEE_CANDIDATE,0,,,
source:fragments/1834/11/13-img2723-right,CREATE_FRAGMENT,,fragments/1834/11/13-img2723-right,1834-11-13,,2,2,CREATE_MISSING,USE_SOURCE,false,MARQUEE,REVIEW_LEDGER_OVERRIDE,ENSURE_MARQUEE_EXISTS,1095,PLACEMENT_ANCHOR,RECONCILIATION_CREATE_STAGE,fragments/1834/11/13-img2723-left,,,0,Richard,2026-09-10T11:31:34+01:00,Valid source fragment suppressed by the legacy sequence collision behaviour.
database:2246,RETAIN_EXISTING,2246,fragments/1834/11/14-img2723-right,1834-11-14,1,1,1,AUTO_MATCHED_EXACT,MATCHED_CONTENT,false,MARQUEE,NO_EMBEDDED_IMAGE,KEEP_EXISTING,1095,INVENTORY_MARQUEE,SAFE_TYPED_FRAGMENT_STAGE,,,ORDINARY_MARQUEE_CANDIDATE,0,,,
database:2247,RETAIN_EXISTING,2247,fragments/1834/11/15-img2723-right,1834-11-15,1,1,1,AUTO_MATCHED_EXACT,MATCHED_CONTENT,false,MARQUEE,NO_EMBEDDED_IMAGE,KEEP_EXISTING,1095,INVENTORY_MARQUEE,SAFE_TYPED_FRAGMENT_STAGE,,,ORDINARY_MARQUEE_CANDIDATE,0,,,
database:2248,RETAIN_EXISTING,2248,fragments/1834/11/16-img2723-right,1834-11-16,1,1,1,AUTO_MATCHED_EXACT,MATCHED_CONTENT,false,MARQUEE,NO_EMBEDDED_IMAGE,KEEP_EXISTING,1095,INVENTORY_MARQUEE,SAFE_TYPED_FRAGMENT_STAGE,,,ORDINARY_MARQUEE_CANDIDATE,0,,,
database:2249,RETAIN_EXISTING,2249,fragments/1834/11/17-img2723-right,1834-11-17,1,1,1,AUTO_MATCHED_EXACT,MATCHED_CONTENT,false,MARQUEE,NO_EMBEDDED_IMAGE,KEEP_EXISTING,1095,INVENTORY_MARQUEE,SAFE_TYPED_FRAGMENT_STAGE,,,ORDINARY_MARQUEE_CANDIDATE,0,,,
database:2250,RETAIN_EXISTING,2250,fragments/1834/11/18-img2723-right,1834-11-18,1,1,1,AUTO_MATCHED_EXACT,MATCHED_CONTENT,false,MARQUEE,NO_EMBEDDED_IMAGE,KEEP_EXISTING,1095,INVENTORY_MARQUEE,SAFE_TYPED_FRAGMENT_STAGE,,,ORDINARY_MARQUEE_CANDIDATE,0,,,
database:2251,RETAIN_EXISTING,2251,fragments/1834/11/19-img2723-right,1834-11-19,1,1,1,AUTO_MATCHED_EXACT,MATCHED_CONTENT,false,MARQUEE,NO_EMBEDDED_IMAGE,KEEP_EXISTING,1095,INVENTORY_MARQUEE,SAFE_TYPED_FRAGMENT_STAGE,,,ORDINARY_MARQUEE_CANDIDATE,0,,,
database:2252,RETAIN_EXISTING,2252,fragments/1834/11/20-img2723-right,1834-11-20,1,1,1,AUTO_MATCHED_EXACT,MATCHED_CONTENT,false,MARQUEE,NO_EMBEDDED_IMAGE,KEEP_EXISTING,1095,INVENTORY_MARQUEE,SAFE_TYPED_FRAGMENT_STAGE,,,ORDINARY_MARQUEE_CANDIDATE,0,,,
database:2253,RETAIN_EXISTING,2253,fragments/1834/11/21-img2723-right,1834-11-21,1,1,1,AUTO_MATCHED_EXACT,MATCHED_CONTENT,false,MARQUEE,NO_EMBEDDED_IMAGE,KEEP_EXISTING,1095,INVENTORY_MARQUEE,SAFE_TYPED_FRAGMENT_STAGE,,,ORDINARY_MARQUEE_CANDIDATE,0,,,
database:2254,RETAIN_EXISTING,2254,fragments/1834/11/22-img2723-right,1834-11-22,1,1,1,AUTO_MATCHED_EXACT,MATCHED_CONTENT,false,MARQUEE,NO_EMBEDDED_IMAGE,KEEP_EXISTING,1095,INVENTORY_MARQUEE,SAFE_TYPED_FRAGMENT_STAGE,,,ORDINARY_MARQUEE_CANDIDATE,0,,,
database:2255,RETAIN_EXISTING,2255,fragments/1834/11/23-img2724-left,1834-11-23,1,1,1,AUTO_MATCHED_EXACT,MATCHED_CONTENT,false,MARQUEE,NO_EMBEDDED_IMAGE,KEEP_EXISTING,1096,INVENTORY_MARQUEE,SAFE_TYPED_FRAGMENT_STAGE,,,ORDINARY_MARQUEE_CANDIDATE,0,,,
database:2256,RETAIN_EXISTING,2256,fragments/1834/11/24-img2724-left,1834-11-24,1,1,1,AUTO_MATCHED_EXACT,MATCHED_CONTENT,false,MARQUEE,NO_EMBEDDED_IMAGE,KEEP_EXISTING,1096,INVENTORY_MARQUEE,SAFE_TYPED_FRAGMENT_STAGE,,,ORDINARY_MARQUEE_CANDIDATE,0,,,
database:2257,RETAIN_EXISTING,2257,fragments/1834/11/25-img2724-left,1834-11-25,1,1,1,AUTO_MATCHED_EXACT,MATCHED_CONTENT,false,MARQUEE,NO_EMBEDDED_IMAGE,KEEP_EXISTING,1096,INVENTORY_MARQUEE,SAFE_TYPED_FRAGMENT_STAGE,,,ORDINARY_MARQUEE_CANDIDATE,0,,,
database:2258,RETAIN_EXISTING,2258,fragments/1834/11/26-img2724-left,1834-11-26,1,1,1,AUTO_MATCHED_EXACT,MATCHED_CONTENT,false,MARQUEE,NO_EMBEDDED_IMAGE,KEEP_EXISTING,1096,INVENTORY_MARQUEE,SAFE_TYPED_FRAGMENT_STAGE,,,ORDINARY_MARQUEE_CANDIDATE,0,,,
database:2259,RETAIN_EXISTING,2259,fragments/1834/11/27-img2724-left,1834-11-27,1,1,1,AUTO_MATCHED_EXACT,MATCHED_CONTENT,false,MARQUEE,NO_EMBEDDED_IMAGE,KEEP_EXISTING,1096,INVENTORY_MARQUEE,SAFE_TYPED_FRAGMENT_STAGE,,,ORDINARY_MARQUEE_CANDIDATE,0,,,
database:2260,RETAIN_EXISTING,2260,fragments/1834/11/28-img2724-left,1834-11-28,1,1,1,AUTO_MATCHED_EXACT,MATCHED_CONTENT,false,MARQUEE,NO_EMBEDDED_IMAGE,KEEP_EXISTING,1096,INVENTORY_MARQUEE,SAFE_TYPED_FRAGMENT_STAGE,,,ORDINARY_MARQUEE_CANDIDATE,0,,,
database:2261,RETAIN_EXISTING,2261,fragments/1834/11/29-img2724-left,1834-11-29,1,1,1,AUTO_MATCHED_EXACT,MATCHED_CONTENT,false,MARQUEE,NO_EMBEDDED_IMAGE,KEEP_EXISTING,1096,INVENTORY_MARQUEE,SAFE_TYPED_FRAGMENT_STAGE,,,ORDINARY_MARQUEE_CANDIDATE,0,,,
database:2262,RETAIN_EXISTING,2262,fragments/1834/11/30-img2724-left,1834-11-30,1,1,1,AUTO_MATCHED_EXACT,MATCHED_CONTENT,false,MARQUEE,NO_EMBEDDED_IMAGE,KEEP_EXISTING,1096,INVENTORY_MARQUEE,SAFE_TYPED_FRAGMENT_STAGE,,,ORDINARY_MARQUEE_CANDIDATE,0,,,
database:2263,RETAIN_EXISTING,2263,fragments/1834/12/01-img2724-left,1834-12-01,1,1,1,AUTO_MATCHED_EXACT,MATCHED_CONTENT,false,MARQUEE,NO_EMBEDDED_IMAGE,KEEP_EXISTING,1096,INVENTORY_MARQUEE,SAFE_TYPED_FRAGMENT_STAGE,,,ORDINARY_MARQUEE_CANDIDATE,0,,,
database:2264,RETAIN_EXISTING,2264,fragments/1834/12/02-img2724-left,1834-12-02,1,1,1,AUTO_MATCHED_EXACT,MATCHED_CONTENT,false,MARQUEE,NO_EMBEDDED_IMAGE,KEEP_EXISTING,1096,INVENTORY_MARQUEE,SAFE_TYPED_FRAGMENT_STAGE,,,ORDINARY_MARQUEE_CANDIDATE,0,,,
database:2265,RETAIN_EXISTING,2265,fragments/1834/12/03-img2724-right,1834-12-03,1,1,1,AUTO_MATCHED_EXACT,MATCHED_CONTENT,false,MARQUEE,NO_EMBEDDED_IMAGE,KEEP_EXISTING,1096,INVENTORY_MARQUEE,SAFE_TYPED_FRAGMENT_STAGE,,,ORDINARY_MARQUEE_CANDIDATE,0,,,
database:2266,RETAIN_EXISTING,2266,fragments/1834/12/04-img2724-right,1834-12-04,1,1,1,AUTO_MATCHED_EXACT,MATCHED_CONTENT,false,MARQUEE,NO_EMBEDDED_IMAGE,KEEP_EXISTING,1096,INVENTORY_MARQUEE,SAFE_TYPED_FRAGMENT_STAGE,,,ORDINARY_MARQUEE_CANDIDATE,0,,,
database:2267,RETAIN_EXISTING,2267,fragments/1834/12/05-img2724-right,1834-12-05,1,1,1,AUTO_MATCHED_EXACT,MATCHED_CONTENT,false,MARQUEE,NO_EMBEDDED_IMAGE,KEEP_EXISTING,1096,INVENTORY_MARQUEE,SAFE_TYPED_FRAGMENT_STAGE,,,ORDINARY_MARQUEE_CANDIDATE,0,,,
database:2268,RETAIN_EXISTING,2268,fragments/1834/12/06-img2724-right,1834-12-06,1,1,1,AUTO_MATCHED_EXACT,MATCHED_CONTENT,false,MARQUEE,NO_EMBEDDED_IMAGE,KEEP_EXISTING,1096,INVENTORY_MARQUEE,SAFE_TYPED_FRAGMENT_STAGE,,,ORDINARY_MARQUEE_CANDIDATE,0,,,
database:2269,RETAIN_EXISTING,2269,fragments/1834/12/07-img2724-right,1834-12-07,1,1,1,AUTO_MATCHED_EXACT,MATCHED_CONTENT,false,MARQUEE,NO_EMBEDDED_IMAGE,KEEP_EXISTING,1096,INVENTORY_MARQUEE,SAFE_TYPED_FRAGMENT_STAGE,,,ORDINARY_MARQUEE_CANDIDATE,0,,,
database:2270,RETAIN_EXISTING,2270,fragments/1834/12/08-img2724-right,1834-12-08,1,1,1,AUTO_MATCHED_EXACT,MATCHED_CONTENT,false,MARQUEE,NO_EMBEDDED_IMAGE,KEEP_EXISTING,1096,INVENTORY_MARQUEE,SAFE_TYPED_FRAGMENT_STAGE,,,ORDINARY_MARQUEE_CANDIDATE,0,,,
database:2271,RETAIN_EXISTING,2271,fragments/1834/12/09-img2724-right,1834-12-09,1,1,1,AUTO_MATCHED_EXACT,MATCHED_CONTENT,false,MARQUEE,NO_EMBEDDED_IMAGE,KEEP_EXISTING,1096,INVENTORY_MARQUEE,SAFE_TYPED_FRAGMENT_STAGE,,,ORDINARY_MARQUEE_CANDIDATE,0,,,
database:2272,RETAIN_EXISTING,2272,fragments/1834/12/10-img2724-right,1834-12-10,1,1,1,AUTO_MATCHED_EXACT,MATCHED_CONTENT,false,MARQUEE,NO_EMBEDDED_IMAGE,KEEP_EXISTING,1096,INVENTORY_MARQUEE,SAFE_TYPED_FRAGMENT_STAGE,,,ORDINARY_MARQUEE_CANDIDATE,0,,,
database:2273,RETAIN_EXISTING,2273,fragments/1834/12/11-img2724-right,1834-12-11,1,1,1,AUTO_MATCHED_EXACT,MATCHED_CONTENT,false,MARQUEE,NO_EMBEDDED_IMAGE,KEEP_EXISTING,1096,INVENTORY_MARQUEE,SAFE_TYPED_FRAGMENT_STAGE,,,ORDINARY_MARQUEE_CANDIDATE,0,,,
database:2274,RETAIN_EXISTING,2274,fragments/1834/12/12-img2725-left,1834-12-12,1,1,1,AUTO_MATCHED_EXACT,MATCHED_CONTENT,false,MARQUEE,NO_EMBEDDED_IMAGE,KEEP_EXISTING,1097,INVENTORY_MARQUEE,SAFE_TYPED_FRAGMENT_STAGE,,,ORDINARY_MARQUEE_CANDIDATE,0,,,
database:2275,RETAIN_EXISTING,2275,fragments/1834/12/13-img2725-left,1834-12-13,1,1,1,AUTO_MATCHED_EXACT,MATCHED_CONTENT,false,MARQUEE,NO_EMBEDDED_IMAGE,KEEP_EXISTING,1097,INVENTORY_MARQUEE,SAFE_TYPED_FRAGMENT_STAGE,,,ORDINARY_MARQUEE_CANDIDATE,0,,,
database:2276,RETAIN_EXISTING,2276,fragments/1834/12/14-img2725-left,1834-12-14,1,1,1,AUTO_MATCHED_EXACT,MATCHED_CONTENT,false,MARQUEE,NO_EMBEDDED_IMAGE,KEEP_EXISTING,1097,INVENTORY_MARQUEE,SAFE_TYPED_FRAGMENT_STAGE,,,ORDINARY_MARQUEE_CANDIDATE,0,,,
database:2277,RETAIN_EXISTING,2277,fragments/1834/12/15-img2725-left,1834-12-15,1,1,1,AUTO_MATCHED_EXACT,MATCHED_CONTENT,false,MARQUEE,NO_EMBEDDED_IMAGE,KEEP_EXISTING,1097,INVENTORY_MARQUEE,SAFE_TYPED_FRAGMENT_STAGE,,,ORDINARY_MARQUEE_CANDIDATE,0,,,
database:2278,RETAIN_EXISTING,2278,fragments/1834/12/16-img2725-left,1834-12-16,1,1,1,AUTO_MATCHED_EXACT,MATCHED_CONTENT,false,MARQUEE,NO_EMBEDDED_IMAGE,KEEP_EXISTING,1097,INVENTORY_MARQUEE,SAFE_TYPED_FRAGMENT_STAGE,,,ORDINARY_MARQUEE_CANDIDATE,0,,,
database:2279,RETAIN_EXISTING,2279,fragments/1834/12/17-img2725-left,1834-12-17,1,1,1,AUTO_MATCHED_EXACT,MATCHED_CONTENT,false,MARQUEE,NO_EMBEDDED_IMAGE,KEEP_EXISTING,1097,INVENTORY_MARQUEE,SAFE_TYPED_FRAGMENT_STAGE,,,ORDINARY_MARQUEE_CANDIDATE,0,,,
database:2280,RETAIN_EXISTING,2280,fragments/1834/12/18-img2725-left,1834-12-18,1,1,1,AUTO_MATCHED_EXACT,MATCHED_CONTENT,false,MARQUEE,NO_EMBEDDED_IMAGE,KEEP_EXISTING,1097,INVENTORY_MARQUEE,SAFE_TYPED_FRAGMENT_STAGE,,,ORDINARY_MARQUEE_CANDIDATE,0,,,
database:2281,RETAIN_EXISTING,2281,fragments/1834/12/19-img2725-left,1834-12-19,1,1,1,AUTO_MATCHED_EXACT,MATCHED_CONTENT,false,MARQUEE,NO_EMBEDDED_IMAGE,KEEP_EXISTING,1097,INVENTORY_MARQUEE,SAFE_TYPED_FRAGMENT_STAGE,,,ORDINARY_MARQUEE_CANDIDATE,0,,,
database:2282,RETAIN_EXISTING,2282,fragments/1834/12/20-img2725-left,1834-12-20,1,1,1,AUTO_MATCHED_EXACT,MATCHED_CONTENT,false,MARQUEE,NO_EMBEDDED_IMAGE,KEEP_EXISTING,1097,INVENTORY_MARQUEE,SAFE_TYPED_FRAGMENT_STAGE,,,ORDINARY_MARQUEE_CANDIDATE,0,,,
database:2283,RETAIN_EXISTING,2283,fragments/1834/12/21-img2725-left,1834-12-21,1,1,1,AUTO_MATCHED_EXACT,MATCHED_CONTENT,false,MARQUEE,NO_EMBEDDED_IMAGE,KEEP_EXISTING,1097,INVENTORY_MARQUEE,SAFE_TYPED_FRAGMENT_STAGE,,,ORDINARY_MARQUEE_CANDIDATE,0,,,
database:2284,RETAIN_EXISTING,2284,fragments/1834/12/22-img2725-left,1834-12-22,1,1,1,AUTO_MATCHED_EXACT,MATCHED_CONTENT,false,MARQUEE,NO_EMBEDDED_IMAGE,KEEP_EXISTING,1097,INVENTORY_MARQUEE,SAFE_TYPED_FRAGMENT_STAGE,,,ORDINARY_MARQUEE_CANDIDATE,0,,,
database:2285,RETAIN_EXISTING,2285,fragments/1834/12/23-img2725-right,1834-12-23,1,1,1,AUTO_MATCHED_EXACT,MATCHED_CONTENT,false,MARQUEE,NO_EMBEDDED_IMAGE,KEEP_EXISTING,1097,INVENTORY_MARQUEE,SAFE_TYPED_FRAGMENT_STAGE,,,ORDINARY_MARQUEE_CANDIDATE,0,,,
database:2286,RETAIN_EXISTING,2286,fragments/1834/12/24-img2725-right,1834-12-24,1,1,1,AUTO_MATCHED_EXACT,MATCHED_CONTENT,false,MARQUEE,NO_EMBEDDED_IMAGE,KEEP_EXISTING,1097,INVENTORY_MARQUEE,SAFE_TYPED_FRAGMENT_STAGE,,,ORDINARY_MARQUEE_CANDIDATE,0,,,
database:2287,RETAIN_EXISTING,2287,fragments/1834/12/25-img2725-right,1834-12-25,1,1,1,AUTO_MATCHED_EXACT,MATCHED_CONTENT,false,MARQUEE,NO_EMBEDDED_IMAGE,KEEP_EXISTING,1097,INVENTORY_MARQUEE,SAFE_TYPED_FRAGMENT_STAGE,,,ORDINARY_MARQUEE_CANDIDATE,0,,,
database:2288,RETAIN_EXISTING,2288,fragments/1834/12/26-img2725-right,1834-12-26,1,1,1,AUTO_MATCHED_EXACT,MATCHED_CONTENT,false,MARQUEE,NO_EMBEDDED_IMAGE,KEEP_EXISTING,1097,INVENTORY_MARQUEE,SAFE_TYPED_FRAGMENT_STAGE,,,ORDINARY_MARQUEE_CANDIDATE,0,,,
database:2289,RETAIN_EXISTING,2289,fragments/1834/12/27-img2725-right,1834-12-27,1,1,1,AUTO_MATCHED_EXACT,MATCHED_CONTENT,false,MARQUEE,NO_EMBEDDED_IMAGE,KEEP_EXISTING,1097,INVENTORY_MARQUEE,SAFE_TYPED_FRAGMENT_STAGE,,,ORDINARY_MARQUEE_CANDIDATE,0,,,
database:2290,RETAIN_EXISTING,2290,fragments/1834/12/28-img2725-right,1834-12-28,1,1,1,AUTO_MATCHED_EXACT,MATCHED_CONTENT,false,MARQUEE,NO_EMBEDDED_IMAGE,KEEP_EXISTING,1097,INVENTORY_MARQUEE,SAFE_TYPED_FRAGMENT_STAGE,,,ORDINARY_MARQUEE_CANDIDATE,0,,,
database:2291,RETAIN_EXISTING,2291,fragments/1834/12/29-img2725-right,1834-12-29,1,1,1,AUTO_MATCHED_EXACT,MATCHED_CONTENT,false,MARQUEE,NO_EMBEDDED_IMAGE,KEEP_EXISTING,1097,INVENTORY_MARQUEE,SAFE_TYPED_FRAGMENT_STAGE,,,ORDINARY_MARQUEE_CANDIDATE,0,,,
database:2292,RETAIN_EXISTING,2292,fragments/1834/12/30-img2725-right,1834-12-30,1,1,1,AUTO_MATCHED_EXACT,MATCHED_CONTENT,false,MARQUEE,NO_EMBEDDED_IMAGE,KEEP_EXISTING,1097,INVENTORY_MARQUEE,SAFE_TYPED_FRAGMENT_STAGE,,,ORDINARY_MARQUEE_CANDIDATE,0,,,
database:2293,RETAIN_EXISTING,2293,fragments/1834/12/31-img2725-right,1834-12-31,1,1,1,AUTO_MATCHED_EXACT,MATCHED_CONTENT,false,MARQUEE,NO_EMBEDDED_IMAGE,KEEP_EXISTING,1097,INVENTORY_MARQUEE,SAFE_TYPED_FRAGMENT_STAGE,,,ORDINARY_MARQUEE_CANDIDATE,0,,,
database:2294,RETAIN_EXISTING,2294,fragments/1835/01/01-img2648-right,1835-01-01,1,1,1,AUTO_MATCHED_EXACT,MATCHED_CONTENT,false,MARQUEE,NO_EMBEDDED_IMAGE,KEEP_EXISTING,1105,INVENTORY_MARQUEE,SAFE_TYPED_FRAGMENT_STAGE,,,ORDINARY_MARQUEE_CANDIDATE,0,,,
database:2295,RETAIN_EXISTING,2295,fragments/1835/01/02-img2648-right,1835-01-02,1,1,1,AUTO_MATCHED_EXACT,MATCHED_CONTENT,false,MARQUEE,NO_EMBEDDED_IMAGE,KEEP_EXISTING,1105,INVENTORY_MARQUEE,SAFE_TYPED_FRAGMENT_STAGE,,,ORDINARY_MARQUEE_CANDIDATE,0,,,
database:2296,RETAIN_EXISTING,2296,fragments/1835/01/03-img2648-right,1835-01-03,1,1,1,AUTO_MATCHED_EXACT,MATCHED_CONTENT,false,MARQUEE,NO_EMBEDDED_IMAGE,KEEP_EXISTING,1105,INVENTORY_MARQUEE,SAFE_TYPED_FRAGMENT_STAGE,,,ORDINARY_MARQUEE_CANDIDATE,0,,,
database:2297,RETAIN_EXISTING,2297,fragments/1835/01/04-img2648-right,1835-01-04,1,1,1,AUTO_MATCHED_EXACT,MATCHED_CONTENT,false,MARQUEE,NO_EMBEDDED_IMAGE,KEEP_EXISTING,1105,INVENTORY_MARQUEE,SAFE_TYPED_FRAGMENT_STAGE,,,ORDINARY_MARQUEE_CANDIDATE,0,,,
database:2298,RETAIN_EXISTING,2298,fragments/1835/01/05-img2648-right,1835-01-05,1,1,1,AUTO_MATCHED_EXACT,MATCHED_CONTENT,false,MARQUEE,NO_EMBEDDED_IMAGE,KEEP_EXISTING,1105,INVENTORY_MARQUEE,SAFE_TYPED_FRAGMENT_STAGE,,,ORDINARY_MARQUEE_CANDIDATE,0,,,
