database_fragment_id,status,possible_source_key,date,diary,page_name,sequence,reason
"1","MATCHED_EXACT","fragments/1828/01/01-dc-highlights-1828","1828-01-01","","","3.0000","exact source match"
"2","MATCHED_EXACT","fragments/1828/01/01-dn-img2832-introduction-1","1828-01-01","","","4.0000","exact source match"
"3","MATCHED_EXACT","fragments/1828/01/01-do-img2832-introduction-2","1828-01-01","","","5.0000","exact source match"
"4","MATCHED_EXACT","fragments/1828/01/01-img2833-right","1828-01-01","diary-1828-and-1829-and-jan-1830","img2833","1.0000","exact source match"
"5","MATCHED_EXACT","fragments/1828/01/01-img2834-left","1828-01-01","diary-1828-and-1829-and-jan-1830","img2834","2.0000","exact source match"
"6","MATCHED_EXACT","fragments/1828/01/02-img2834-right","1828-01-02","diary-1828-and-1829-and-jan-1830","img2834","1.0000","exact source match"
"7","MATCHED_EXACT","fragments/1828/01/03-img2834-right","1828-01-03","diary-1828-and-1829-and-jan-1830","img2834","1.0000","exact source match"
"8","MATCHED_EXACT","fragments/1828/01/04-img2834-right","1828-01-04","diary-1828-and-1829-and-jan-1830","img2834","1.0000","exact source match"
"9","MATCHED_EXACT","fragments/1828/01/05-img2834-right","1828-01-05","diary-1828-and-1829-and-jan-1830","img2834","1.0000","exact source match"
"10","MATCHED_EXACT","fragments/1828/01/06-img2835-left","1828-01-06","diary-1828-and-1829-and-jan-1830","img2835","1.0000","exact source match"
"11","MATCHED_EXACT","fragments/1828/01/07-img2835-left","1828-01-07","diary-1828-and-1829-and-jan-1830","img2835","1.0000","exact source match"
"12","MATCHED_EXACT","fragments/1828/01/08-img2835-left","1828-01-08","diary-1828-and-1829-and-jan-1830","img2835","1.0000","exact source match"
"13","MATCHED_EXACT","fragments/1828/01/09-img2835-left","1828-01-09","diary-1828-and-1829-and-jan-1830","img2835","1.0000","exact source match"
"14","MATCHED_EXACT","fragments/1828/01/10-img2835-left","1828-01-10","diary-1828-and-1829-and-jan-1830","img2835","1.0000","exact source match"
"15","MATCHED_EXACT","fragments/1828/01/11-img2835-left","1828-01-11","diary-1828-and-1829-and-jan-1830","img2835","1.0000","exact source match"
"16","MATCHED_EXACT","fragments/1828/01/12-img2835-right","1828-01-12","diary-1828-and-1829-and-jan-1830","img2835","1.0000","exact source match"
"17","MATCHED_EXACT","fragments/1828/01/13-img2835-right","1828-01-13","diary-1828-and-1829-and-jan-1830","img2835","1.0000","exact source match"
"18","MATCHED_EXACT","fragments/1828/01/14-img2835-right","1828-01-14","diary-1828-and-1829-and-jan-1830","img2835","1.0000","exact source match"
"19","MATCHED_EXACT","fragments/1828/01/15-img2835-right","1828-01-15","diary-1828-and-1829-and-jan-1830","img2835","1.0000","exact source match"
"20","MATCHED_EXACT","fragments/1828/01/16-img2835-right","1828-01-16","diary-1828-and-1829-and-jan-1830","img2835","1.0000","exact source match"
"21","MATCHED_EXACT","fragments/1828/01/17-img2836-left","1828-01-17","diary-1828-and-1829-and-jan-1830","img2836","1.0000","exact source match"
"22","MATCHED_EXACT","fragments/1828/01/18-img2836-left","1828-01-18","diary-1828-and-1829-and-jan-1830","img2836","1.0000","exact source match"
"23","MATCHED_EXACT","fragments/1828/01/19-img2836-left","1828-01-19","diary-1828-and-1829-and-jan-1830","img2836","1.0000","exact source match"
"24","MATCHED_EXACT","fragments/1828/01/20-img2836-left","1828-01-20","diary-1828-and-1829-and-jan-1830","img2836","1.0000","exact source match"
"25","MATCHED_EXACT","fragments/1828/01/21-img2836-left","1828-01-21","diary-1828-and-1829-and-jan-1830","img2836","1.0000","exact source match"
"26","MATCHED_EXACT","fragments/1828/01/22-img2836-right","1828-01-22","diary-1828-and-1829-and-jan-1830","img2836","1.0000","exact source match"
"27","MATCHED_EXACT","fragments/1828/01/23-img2836-right","1828-01-23","diary-1828-and-1829-and-jan-1830","img2836","1.0000","exact source match"
"28","MATCHED_EXACT","fragments/1828/01/24-img2836-right","1828-01-24","diary-1828-and-1829-and-jan-1830","img2836","1.0000","exact source match"
"29","MATCHED_EXACT","fragments/1828/01/25-img2836-right","1828-01-25","diary-1828-and-1829-and-jan-1830","img2836","1.0000","exact source match"
"30","MATCHED_EXACT","fragments/1828/01/26-img2836-right","1828-01-26","diary-1828-and-1829-and-jan-1830","img2836","1.0000","exact source match"
"31","MATCHED_EXACT","fragments/1828/01/27-img2836-right","1828-01-27","diary-1828-and-1829-and-jan-1830","img2836","1.0000","exact source match"
"32","MATCHED_EXACT","fragments/1828/01/28-img2837-left","1828-01-28","diary-1828-and-1829-and-jan-1830","img2837","1.0000","exact source match"
"33","MATCHED_EXACT","fragments/1828/01/29-img2837-left","1828-01-29","diary-1828-and-1829-and-jan-1830","img2837","1.0000","exact source match"
"34","MATCHED_EXACT","fragments/1828/01/30-img2837-left","1828-01-30","diary-1828-and-1829-and-jan-1830","img2837","1.0000","exact source match"
"35","MATCHED_EXACT","fragments/1828/01/31-img2837-left","1828-01-31","diary-1828-and-1829-and-jan-1830","img2837","1.0000","exact source match"
"36","MATCHED_EXACT","fragments/1828/02/01-img2837-left","1828-02-01","diary-1828-and-1829-and-jan-1830","img2837","1.0000","exact source match"
"37","MATCHED_EXACT","fragments/1828/02/02-img2837-left","1828-02-02","diary-1828-and-1829-and-jan-1830","img2837","1.0000","exact source match"
"38","MATCHED_EXACT","fragments/1828/02/03-img2837-right","1828-02-03","diary-1828-and-1829-and-jan-1830","img2837","1.0000","exact source match"
"39","MATCHED_EXACT","fragments/1828/02/04-img2837-right","1828-02-04","diary-1828-and-1829-and-jan-1830","img2837","1.0000","exact source match"
"40","MATCHED_EXACT","fragments/1828/02/05-img2837-right","1828-02-05","diary-1828-and-1829-and-jan-1830","img2837","1.0000","exact source match"
"41","MATCHED_EXACT","fragments/1828/02/06-img2837-right","1828-02-06","diary-1828-and-1829-and-jan-1830","img2837","1.0000","exact source match"
"42","MATCHED_EXACT","fragments/1828/02/07-img2837-right","1828-02-07","diary-1828-and-1829-and-jan-1830","img2837","1.0000","exact source match"
"43","MATCHED_EXACT","fragments/1828/02/08-img2838-left","1828-02-08","diary-1828-and-1829-and-jan-1830","img2838","1.0000","exact source match"
"44","MATCHED_EXACT","fragments/1828/02/09-img2838-left","1828-02-09","diary-1828-and-1829-and-jan-1830","img2838","1.0000","exact source match"
"45","MATCHED_EXACT","fragments/1828/02/10-img2838-left","1828-02-10","diary-1828-and-1829-and-jan-1830","img2838","1.0000","exact source match"
"46","MATCHED_EXACT","fragments/1828/02/11-img2838-left","1828-02-11","diary-1828-and-1829-and-jan-1830","img2838","1.0000","exact source match"
"47","MATCHED_EXACT","fragments/1828/02/12-img2838-left","1828-02-12","diary-1828-and-1829-and-jan-1830","img2838","1.0000","exact source match"
"48","MATCHED_EXACT","fragments/1828/02/13-img2838-left","1828-02-13","diary-1828-and-1829-and-jan-1830","img2838","1.0000","exact source match"
"49","MATCHED_EXACT","fragments/1828/02/14-img2838-left","1828-02-14","diary-1828-and-1829-and-jan-1830","img2838","1.0000","exact source match"
"50","MATCHED_EXACT","fragments/1828/02/15-img2838-right","1828-02-15","diary-1828-and-1829-and-jan-1830","img2838","1.0000","exact source match"
"51","MATCHED_EXACT","fragments/1828/02/16-img2838-right","1828-02-16","diary-1828-and-1829-and-jan-1830","img2838","1.0000","exact source match"
"52","MATCHED_EXACT","fragments/1828/02/17-img2838-right","1828-02-17","diary-1828-and-1829-and-jan-1830","img2838","1.0000","exact source match"
"53","MATCHED_EXACT","fragments/1828/02/18-img2838-right","1828-02-18","diary-1828-and-1829-and-jan-1830","img2838","1.0000","exact source match"
"54","MATCHED_EXACT","fragments/1828/02/19-img2838-right","1828-02-19","diary-1828-and-1829-and-jan-1830","img2838","1.0000","exact source match"
"55","MATCHED_EXACT","fragments/1828/02/20-img2838-right","1828-02-20","diary-1828-and-1829-and-jan-1830","img2838","1.0000","exact source match"
"56","MATCHED_EXACT","fragments/1828/02/21-img2838-right","1828-02-21","diary-1828-and-1829-and-jan-1830","img2838","1.0000","exact source match"
"57","MATCHED_EXACT","fragments/1828/02/22-img2839-left","1828-02-22","diary-1828-and-1829-and-jan-1830","img2839","1.0000","exact source match"
"58","MATCHED_EXACT","fragments/1828/02/23-img2839-left","1828-02-23","diary-1828-and-1829-and-jan-1830","img2839","1.0000","exact source match"
"59","MATCHED_EXACT","fragments/1828/02/24-img2839-left","1828-02-24","diary-1828-and-1829-and-jan-1830","img2839","1.0000","exact source match"
"60","MATCHED_EXACT","fragments/1828/02/25-img2839-left","1828-02-25","diary-1828-and-1829-and-jan-1830","img2839","1.0000","exact source match"
"61","MATCHED_EXACT","fragments/1828/02/26-img2839-left","1828-02-26","diary-1828-and-1829-and-jan-1830","img2839","1.0000","exact source match"
"62","MATCHED_EXACT","fragments/1828/02/27-img2839-left","1828-02-27","diary-1828-and-1829-and-jan-1830","img2839","1.0000","exact source match"
"63","MATCHED_EXACT","fragments/1828/02/28-img2839-left","1828-02-28","diary-1828-and-1829-and-jan-1830","img2839","1.0000","exact source match"
"64","MATCHED_EXACT","fragments/1828/02/29-img2839-left","1828-02-29","diary-1828-and-1829-and-jan-1830","img2839","1.0000","exact source match"
"65","MATCHED_EXACT","fragments/1828/03/01-img2839-right","1828-03-01","diary-1828-and-1829-and-jan-1830","img2839","1.0000","exact source match"
"66","MATCHED_EXACT","fragments/1828/03/02-img2839-right","1828-03-02","diary-1828-and-1829-and-jan-1830","img2839","1.0000","exact source match"
"67","MATCHED_EXACT","fragments/1828/03/03-img2839-right","1828-03-03","diary-1828-and-1829-and-jan-1830","img2839","1.0000","exact source match"
"68","MATCHED_EXACT","fragments/1828/03/04-img2839-right","1828-03-04","diary-1828-and-1829-and-jan-1830","img2839","1.0000","exact source match"
"69","MATCHED_EXACT","fragments/1828/03/05-img2839-right","1828-03-05","diary-1828-and-1829-and-jan-1830","img2839","1.0000","exact source match"
"70","MATCHED_EXACT","fragments/1828/03/06-img2839-right","1828-03-06","diary-1828-and-1829-and-jan-1830","img2839","1.0000","exact source match"
"71","MATCHED_EXACT","fragments/1828/03/07-img2839-right","1828-03-07","diary-1828-and-1829-and-jan-1830","img2839","1.0000","exact source match"
"72","MATCHED_EXACT","fragments/1828/03/08-img2839-right","1828-03-08","diary-1828-and-1829-and-jan-1830","img2839","1.0000","exact source match"
"73","MATCHED_EXACT","fragments/1828/03/09-img2840-left","1828-03-09","diary-1828-and-1829-and-jan-1830","img2840","1.0000","exact source match"
"74","MATCHED_EXACT","fragments/1828/03/10-img2840-left","1828-03-10","diary-1828-and-1829-and-jan-1830","img2840","1.0000","exact source match"
"75","MATCHED_EXACT","fragments/1828/03/11-img2840-left","1828-03-11","diary-1828-and-1829-and-jan-1830","img2840","1.0000","exact source match"
"76","MATCHED_EXACT","fragments/1828/03/12-img2840-left","1828-03-12","diary-1828-and-1829-and-jan-1830","img2840","1.0000","exact source match"
"77","MATCHED_EXACT","fragments/1828/03/13-img2840-left","1828-03-13","diary-1828-and-1829-and-jan-1830","img2840","1.0000","exact source match"
"78","MATCHED_EXACT","fragments/1828/03/14-img2840-left","1828-03-14","diary-1828-and-1829-and-jan-1830","img2840","1.0000","exact source match"
"79","MATCHED_EXACT","fragments/1828/03/15-img2840-left","1828-03-15","diary-1828-and-1829-and-jan-1830","img2840","1.0000","exact source match"
"80","MATCHED_EXACT","fragments/1828/03/16-img2840-left","1828-03-16","diary-1828-and-1829-and-jan-1830","img2840","1.0000","exact source match"
"81","MATCHED_EXACT","fragments/1828/03/17-img2840-left","1828-03-17","diary-1828-and-1829-and-jan-1830","img2840","1.0000","exact source match"
"82","MATCHED_EXACT","fragments/1828/03/18-img2840-right","1828-03-18","diary-1828-and-1829-and-jan-1830","img2840","1.0000","exact source match"
"83","MATCHED_EXACT","fragments/1828/03/19-img2840-right","1828-03-19","diary-1828-and-1829-and-jan-1830","img2840","1.0000","exact source match"
"84","DATABASE_ONLY","","1828-03-20","","","1.0000","no source row was matched or proposed"
"85","MATCHED_EXACT","fragments/1828/03/20-img2840-right","1828-03-20","diary-1828-and-1829-and-jan-1830","img2840","2.0000","exact source match"
"86","MATCHED_EXACT","fragments/1828/03/21-img2840-right","1828-03-21","diary-1828-and-1829-and-jan-1830","img2840","1.0000","exact source match"
"87","MATCHED_EXACT","fragments/1828/03/22-img2840-right","1828-03-22","diary-1828-and-1829-and-jan-1830","img2840","1.0000","exact source match"
"88","MATCHED_EXACT","fragments/1828/03/23-img2840-right","1828-03-23","diary-1828-and-1829-and-jan-1830","img2840","1.0000","exact source match"
"89","MATCHED_EXACT","fragments/1828/03/24-img2840-right","1828-03-24","diary-1828-and-1829-and-jan-1830","img2840","1.0000","exact source match"
"90","MATCHED_EXACT","fragments/1828/03/25-img2840-right","1828-03-25","diary-1828-and-1829-and-jan-1830","img2840","1.0000","exact source match"
"91","MATCHED_EXACT","fragments/1828/03/26-img2841-left","1828-03-26","diary-1828-and-1829-and-jan-1830","img2841","1.0000","exact source match"
"92","MATCHED_EXACT","fragments/1828/03/27-img2841-left","1828-03-27","diary-1828-and-1829-and-jan-1830","img2841","1.0000","exact source match"
"93","MATCHED_EXACT","fragments/1828/03/28-img2841-left","1828-03-28","diary-1828-and-1829-and-jan-1830","img2841","1.0000","exact source match"
"94","MATCHED_EXACT","fragments/1828/03/29-img2841-left","1828-03-29","diary-1828-and-1829-and-jan-1830","img2841","1.0000","exact source match"
"95","MATCHED_EXACT","fragments/1828/03/30-img2841-left","1828-03-30","diary-1828-and-1829-and-jan-1830","img2841","1.0000","exact source match"
"96","MATCHED_EXACT","fragments/1828/03/31-b-img2841-image-map-commercial-hotel","1828-03-31","","","1.0000","exact source match"
"97","MATCHED_EXACT","fragments/1828/03/31-img2841-left","1828-03-31","diary-1828-and-1829-and-jan-1830","img2841","2.0000","exact source match"
"98","MATCHED_EXACT","fragments/1828/04/01-img2841-right","1828-04-01","diary-1828-and-1829-and-jan-1830","img2841","1.0000","exact source match"
"99","MATCHED_EXACT","fragments/1828/04/02-img2841-right","1828-04-02","diary-1828-and-1829-and-jan-1830","img2841","1.0000","exact source match"
"100","MATCHED_EXACT","fragments/1828/04/03-img2841-right","1828-04-03","diary-1828-and-1829-and-jan-1830","img2841","1.0000","exact source match"
"101","MATCHED_EXACT","fragments/1828/04/04-img2841-right","1828-04-04","diary-1828-and-1829-and-jan-1830","img2841","1.0000","exact source match"
"102","MATCHED_EXACT","fragments/1828/04/05-img2841-right","1828-04-05","diary-1828-and-1829-and-jan-1830","img2841","1.0000","exact source match"
"103","MATCHED_EXACT","fragments/1828/04/06-img2841-right","1828-04-06","diary-1828-and-1829-and-jan-1830","img2841","1.0000","exact source match"
"104","MATCHED_EXACT","fragments/1828/04/07-img2841-right","1828-04-07","diary-1828-and-1829-and-jan-1830","img2841","1.0000","exact source match"
"105","MATCHED_EXACT","fragments/1828/04/08-img2842-left","1828-04-08","diary-1828-and-1829-and-jan-1830","img2842","1.0000","exact source match"
"106","MATCHED_EXACT","fragments/1828/04/09-img2842-left","1828-04-09","diary-1828-and-1829-and-jan-1830","img2842","1.0000","exact source match"
"107","MATCHED_EXACT","fragments/1828/04/10-img2842-left","1828-04-10","diary-1828-and-1829-and-jan-1830","img2842","1.0000","exact source match"
"108","MATCHED_EXACT","fragments/1828/04/11-img2842-left","1828-04-11","diary-1828-and-1829-and-jan-1830","img2842","1.0000","exact source match"
"109","MATCHED_EXACT","fragments/1828/04/12-img2842-left","1828-04-12","diary-1828-and-1829-and-jan-1830","img2842","1.0000","exact source match"
"110","MATCHED_EXACT","fragments/1828/04/13-img2842-left","1828-04-13","diary-1828-and-1829-and-jan-1830","img2842","1.0000","exact source match"
"111","MATCHED_EXACT","fragments/1828/04/14-img2842-left","1828-04-14","diary-1828-and-1829-and-jan-1830","img2842","1.0000","exact source match"
"112","MATCHED_EXACT","fragments/1828/04/15-img2842-right","1828-04-15","diary-1828-and-1829-and-jan-1830","img2842","1.0000","exact source match"
"113","MATCHED_EXACT","fragments/1828/04/16-img2842-right","1828-04-16","diary-1828-and-1829-and-jan-1830","img2842","1.0000","exact source match"
"114","MATCHED_EXACT","fragments/1828/04/17-b1-img2842-image-broomville-house","1828-04-17","","","1.0000","exact source match"
"115","MATCHED_EXACT","fragments/1828/04/17-b2-img2842-image-clogrennane-house","1828-04-17","","","2.0000","exact source match"
"116","MATCHED_EXACT","fragments/1828/04/17-b3-img2842-image-map-carlow","1828-04-17","","","3.0000","exact source match"
"117","MATCHED_EXACT","fragments/1828/04/17-b4-img2842-image-map-dublin","1828-04-17","","","4.0000","exact source match"
"118","MATCHED_EXACT","fragments/1828/04/17-b5-img2842-image-map-tynemouth-to-carlow","1828-04-17","","","5.0000","exact source match"
"119","MATCHED_EXACT","fragments/1828/04/17-img2842-right","1828-04-17","diary-1828-and-1829-and-jan-1830","img2842","6.0000","exact source match"
"120","MATCHED_EXACT","fragments/1828/04/17-img2843-left","1828-04-17","diary-1828-and-1829-and-jan-1830","img2843","7.0000","exact source match"
"121","MATCHED_EXACT","fragments/1828/04/18-img2843-left","1828-04-18","diary-1828-and-1829-and-jan-1830","img2843","1.0000","exact source match"
"122","MATCHED_EXACT","fragments/1828/04/19-img2843-left","1828-04-19","diary-1828-and-1829-and-jan-1830","img2843","1.0000","exact source match"
"123","MATCHED_EXACT","fragments/1828/04/20-img2843-left","1828-04-20","diary-1828-and-1829-and-jan-1830","img2843","1.0000","exact source match"
"124","MATCHED_EXACT","fragments/1828/04/21-img2843-right","1828-04-21","diary-1828-and-1829-and-jan-1830","img2843","1.0000","exact source match"
"125","MATCHED_EXACT","fragments/1828/04/22-img2843-right","1828-04-22","diary-1828-and-1829-and-jan-1830","img2843","1.0000","exact source match"
"126","MATCHED_EXACT","fragments/1828/04/23-img2843-right","1828-04-23","diary-1828-and-1829-and-jan-1830","img2843","1.0000","exact source match"
"127","MATCHED_EXACT","fragments/1828/04/24-img2843-right","1828-04-24","diary-1828-and-1829-and-jan-1830","img2843","1.0000","exact source match"
"128","MATCHED_EXACT","fragments/1828/04/25-img2843-right","1828-04-25","diary-1828-and-1829-and-jan-1830","img2843","1.0000","exact source match"
"129","MATCHED_EXACT","fragments/1828/04/26-img2843-right","1828-04-26","diary-1828-and-1829-and-jan-1830","img2843","1.0000","exact source match"
"130","MATCHED_EXACT","fragments/1828/04/27-img2844-left","1828-04-27","diary-1828-and-1829-and-jan-1830","img2844","1.0000","exact source match"
"131","MATCHED_EXACT","fragments/1828/04/28-img2844-left","1828-04-28","diary-1828-and-1829-and-jan-1830","img2844","1.0000","exact source match"
"132","MATCHED_EXACT","fragments/1828/04/29-img2844-left","1828-04-29","diary-1828-and-1829-and-jan-1830","img2844","1.0000","exact source match"
"133","MATCHED_EXACT","fragments/1828/04/30-img2844-left","1828-04-30","diary-1828-and-1829-and-jan-1830","img2844","1.0000","exact source match"
"134","MATCHED_EXACT","fragments/1828/05/01-img2844-left","1828-05-01","diary-1828-and-1829-and-jan-1830","img2844","1.0000","exact source match"
"135","MATCHED_EXACT","fragments/1828/05/02-img2844-left","1828-05-02","diary-1828-and-1829-and-jan-1830","img2844","1.0000","exact source match"
"136","MATCHED_EXACT","fragments/1828/05/03-img2844-right","1828-05-03","diary-1828-and-1829-and-jan-1830","img2844","1.0000","exact source match"
"137","MATCHED_EXACT","fragments/1828/05/04-img2844-right","1828-05-04","diary-1828-and-1829-and-jan-1830","img2844","1.0000","exact source match"
"138","MATCHED_EXACT","fragments/1828/05/05-img2844-right","1828-05-05","diary-1828-and-1829-and-jan-1830","img2844","1.0000","exact source match"
"139","MATCHED_EXACT","fragments/1828/05/06-img2844-right","1828-05-06","diary-1828-and-1829-and-jan-1830","img2844","1.0000","exact source match"
"140","MATCHED_EXACT","fragments/1828/05/07-img2844-right","1828-05-07","diary-1828-and-1829-and-jan-1830","img2844","1.0000","exact source match"
"141","MATCHED_EXACT","fragments/1828/05/08-img2844-right","1828-05-08","diary-1828-and-1829-and-jan-1830","img2844","1.0000","exact source match"
"142","MATCHED_EXACT","fragments/1828/05/09-img2845-left","1828-05-09","diary-1828-and-1829-and-jan-1830","img2845","1.0000","exact source match"
"143","MATCHED_EXACT","fragments/1828/05/10-img2845-left","1828-05-10","diary-1828-and-1829-and-jan-1830","img2845","1.0000","exact source match"
"144","MATCHED_EXACT","fragments/1828/05/11-img2845-left","1828-05-11","diary-1828-and-1829-and-jan-1830","img2845","1.0000","exact source match"
"145","MATCHED_EXACT","fragments/1828/05/12-img2845-left","1828-05-12","diary-1828-and-1829-and-jan-1830","img2845","1.0000","exact source match"
"146","MATCHED_EXACT","fragments/1828/05/13-img2845-left","1828-05-13","diary-1828-and-1829-and-jan-1830","img2845","1.0000","exact source match"
"147","MATCHED_EXACT","fragments/1828/05/14-img2845-left","1828-05-14","diary-1828-and-1829-and-jan-1830","img2845","1.0000","exact source match"
"148","MATCHED_EXACT","fragments/1828/05/15-img2845-left","1828-05-15","diary-1828-and-1829-and-jan-1830","img2845","1.0000","exact source match"
"149","MATCHED_EXACT","fragments/1828/05/16-img2845-right","1828-05-16","diary-1828-and-1829-and-jan-1830","img2845","1.0000","exact source match"
"150","MATCHED_EXACT","fragments/1828/05/17-img2845-right","1828-05-17","diary-1828-and-1829-and-jan-1830","img2845","1.0000","exact source match"
"151","MATCHED_EXACT","fragments/1828/05/18-img2845-right","1828-05-18","diary-1828-and-1829-and-jan-1830","img2845","1.0000","exact source match"
"152","MATCHED_EXACT","fragments/1828/05/19-img2845-right","1828-05-19","diary-1828-and-1829-and-jan-1830","img2845","1.0000","exact source match"
"153","MATCHED_EXACT","fragments/1828/05/20-img2845-right","1828-05-20","diary-1828-and-1829-and-jan-1830","img2845","1.0000","exact source match"
"154","MATCHED_EXACT","fragments/1828/05/21-img2846-left","1828-05-21","diary-1828-and-1829-and-jan-1830","img2846","1.0000","exact source match"
"155","MATCHED_EXACT","fragments/1828/05/22-img2846-left","1828-05-22","diary-1828-and-1829-and-jan-1830","img2846","1.0000","exact source match"
"156","MATCHED_EXACT","fragments/1828/05/23-img2846-left","1828-05-23","diary-1828-and-1829-and-jan-1830","img2846","1.0000","exact source match"
"157","MATCHED_EXACT","fragments/1828/05/24-img2846-left","1828-05-24","diary-1828-and-1829-and-jan-1830","img2846","1.0000","exact source match"
"158","MATCHED_EXACT","fragments/1828/05/25-img2846-left","1828-05-25","diary-1828-and-1829-and-jan-1830","img2846","1.0000","exact source match"
"159","MATCHED_EXACT","fragments/1828/05/26-img2846-left","1828-05-26","diary-1828-and-1829-and-jan-1830","img2846","1.0000","exact source match"
"160","MATCHED_EXACT","fragments/1828/05/27-img2846-left","1828-05-27","diary-1828-and-1829-and-jan-1830","img2846","1.0000","exact source match"
"161","MATCHED_EXACT","fragments/1828/05/28-img2846-right","1828-05-28","diary-1828-and-1829-and-jan-1830","img2846","1.0000","exact source match"
"162","MATCHED_EXACT","fragments/1828/05/29-img2846-right","1828-05-29","diary-1828-and-1829-and-jan-1830","img2846","1.0000","exact source match"
"163","MATCHED_EXACT","fragments/1828/05/30-img2846-right","1828-05-30","diary-1828-and-1829-and-jan-1830","img2846","1.0000","exact source match"
"164","MATCHED_EXACT","fragments/1828/05/31-img2846-right","1828-05-31","diary-1828-and-1829-and-jan-1830","img2846","1.0000","exact source match"
"165","MATCHED_EXACT","fragments/1828/06/01-img2846-right","1828-06-01","diary-1828-and-1829-and-jan-1830","img2846","1.0000","exact source match"
"166","MATCHED_EXACT","fragments/1828/06/02-img2846-right","1828-06-02","diary-1828-and-1829-and-jan-1830","img2846","1.0000","exact source match"
"167","MATCHED_EXACT","fragments/1828/06/03-img2847-left","1828-06-03","diary-1828-and-1829-and-jan-1830","img2847","1.0000","exact source match"
"168","MATCHED_EXACT","fragments/1828/06/04-img2847-left","1828-06-04","diary-1828-and-1829-and-jan-1830","img2847","1.0000","exact source match"
"169","MATCHED_EXACT","fragments/1828/06/05-img2847-left","1828-06-05","diary-1828-and-1829-and-jan-1830","img2847","1.0000","exact source match"
"170","MATCHED_EXACT","fragments/1828/06/06-img2847-left","1828-06-06","diary-1828-and-1829-and-jan-1830","img2847","1.0000","exact source match"
"171","MATCHED_EXACT","fragments/1828/06/07-img2847-right","1828-06-07","diary-1828-and-1829-and-jan-1830","img2847","1.0000","exact source match"
"172","MATCHED_EXACT","fragments/1828/06/08-img2847-right","1828-06-08","diary-1828-and-1829-and-jan-1830","img2847","1.0000","exact source match"
"173","MATCHED_EXACT","fragments/1828/06/09-img2847-right","1828-06-09","diary-1828-and-1829-and-jan-1830","img2847","1.0000","exact source match"
"174","MATCHED_EXACT","fragments/1828/06/10-img2847-right","1828-06-10","diary-1828-and-1829-and-jan-1830","img2847","1.0000","exact source match"
"175","MATCHED_EXACT","fragments/1828/06/11-img2847-right","1828-06-11","diary-1828-and-1829-and-jan-1830","img2847","1.0000","exact source match"
"176","MATCHED_EXACT","fragments/1828/06/12-img2848-left","1828-06-12","diary-1828-and-1829-and-jan-1830","img2848","1.0000","exact source match"
"177","MATCHED_EXACT","fragments/1828/06/13-img2848-left","1828-06-13","diary-1828-and-1829-and-jan-1830","img2848","1.0000","exact source match"
"178","MATCHED_EXACT","fragments/1828/06/14-img2848-left","1828-06-14","diary-1828-and-1829-and-jan-1830","img2848","1.0000","exact source match"
"179","MATCHED_EXACT","fragments/1828/06/15-img2848-left","1828-06-15","diary-1828-and-1829-and-jan-1830","img2848","1.0000","exact source match"
"180","MATCHED_EXACT","fragments/1828/06/16-img2848-left","1828-06-16","diary-1828-and-1829-and-jan-1830","img2848","1.0000","exact source match"
"181","MATCHED_EXACT","fragments/1828/06/17-img2848-left","1828-06-17","diary-1828-and-1829-and-jan-1830","img2848","1.0000","exact source match"
"182","MATCHED_EXACT","fragments/1828/06/18-img2848-left","1828-06-18","diary-1828-and-1829-and-jan-1830","img2848","1.0000","exact source match"
"183","MATCHED_EXACT","fragments/1828/06/19-img2848-right","1828-06-19","diary-1828-and-1829-and-jan-1830","img2848","1.0000","exact source match"
"184","MATCHED_EXACT","fragments/1828/06/20-img2848-right","1828-06-20","diary-1828-and-1829-and-jan-1830","img2848","1.0000","exact source match"
"185","MATCHED_EXACT","fragments/1828/06/21-img2848-right","1828-06-21","diary-1828-and-1829-and-jan-1830","img2848","1.0000","exact source match"
"186","MATCHED_EXACT","fragments/1828/06/22-img2848-right","1828-06-22","diary-1828-and-1829-and-jan-1830","img2848","1.0000","exact source match"
"187","MATCHED_EXACT","fragments/1828/06/23-img2848-right","1828-06-23","diary-1828-and-1829-and-jan-1830","img2848","1.0000","exact source match"
"188","MATCHED_EXACT","fragments/1828/06/24-img2849-left","1828-06-24","diary-1828-and-1829-and-jan-1830","img2849","1.0000","exact source match"
"189","MATCHED_EXACT","fragments/1828/06/25-img2849-left","1828-06-25","diary-1828-and-1829-and-jan-1830","img2849","1.0000","exact source match"
"190","MATCHED_EXACT","fragments/1828/06/26-img2849-left","1828-06-26","diary-1828-and-1829-and-jan-1830","img2849","1.0000","exact source match"
"191","MATCHED_EXACT","fragments/1828/06/27-img2849-left","1828-06-27","diary-1828-and-1829-and-jan-1830","img2849","1.0000","exact source match"
"192","MATCHED_EXACT","fragments/1828/06/28-img2849-left","1828-06-28","diary-1828-and-1829-and-jan-1830","img2849","1.0000","exact source match"
"193","MATCHED_EXACT","fragments/1828/06/29-img2849-right","1828-06-29","diary-1828-and-1829-and-jan-1830","img2849","1.0000","exact source match"
"194","MATCHED_EXACT","fragments/1828/06/30-img2849-right","1828-06-30","diary-1828-and-1829-and-jan-1830","img2849","1.0000","exact source match"
"195","MATCHED_EXACT","fragments/1828/07/01-img2849-right","1828-07-01","diary-1828-and-1829-and-jan-1830","img2849","1.0000","exact source match"
"196","MATCHED_EXACT","fragments/1828/07/02-img2849-right","1828-07-02","diary-1828-and-1829-and-jan-1830","img2849","1.0000","exact source match"
"197","MATCHED_EXACT","fragments/1828/07/03-img2849-right","1828-07-03","diary-1828-and-1829-and-jan-1830","img2849","1.0000","exact source match"
"198","MATCHED_EXACT","fragments/1828/07/04-img2849-right","1828-07-04","diary-1828-and-1829-and-jan-1830","img2849","1.0000","exact source match"
"199","MATCHED_EXACT","fragments/1828/07/05-img2850-left","1828-07-05","diary-1828-and-1829-and-jan-1830","img2850","1.0000","exact source match"
"200","MATCHED_EXACT","fragments/1828/07/06-img2850-left","1828-07-06","diary-1828-and-1829-and-jan-1830","img2850","1.0000","exact source match"
"201","MATCHED_EXACT","fragments/1828/07/07-img2850-left","1828-07-07","diary-1828-and-1829-and-jan-1830","img2850","1.0000","exact source match"
"202","MATCHED_EXACT","fragments/1828/07/08-img2850-left","1828-07-08","diary-1828-and-1829-and-jan-1830","img2850","1.0000","exact source match"
"203","MATCHED_EXACT","fragments/1828/07/09-img2850-left","1828-07-09","diary-1828-and-1829-and-jan-1830","img2850","1.0000","exact source match"
"204","MATCHED_EXACT","fragments/1828/07/10-img2850-left","1828-07-10","diary-1828-and-1829-and-jan-1830","img2850","1.0000","exact source match"
"205","MATCHED_EXACT","fragments/1828/07/11-img2850-right","1828-07-11","diary-1828-and-1829-and-jan-1830","img2850","1.0000","exact source match"
"206","MATCHED_EXACT","fragments/1828/07/12-img2850-right","1828-07-12","diary-1828-and-1829-and-jan-1830","img2850","1.0000","exact source match"
"207","MATCHED_EXACT","fragments/1828/07/13-img2850-right","1828-07-13","diary-1828-and-1829-and-jan-1830","img2850","1.0000","exact source match"
"208","MATCHED_EXACT","fragments/1828/07/14-img2850-right","1828-07-14","diary-1828-and-1829-and-jan-1830","img2850","1.0000","exact source match"
"209","MATCHED_EXACT","fragments/1828/07/15-img2850-right","1828-07-15","diary-1828-and-1829-and-jan-1830","img2850","1.0000","exact source match"
"210","MATCHED_EXACT","fragments/1828/07/16-img2851-left","1828-07-16","diary-1828-and-1829-and-jan-1830","img2851","1.0000","exact source match"
"211","MATCHED_EXACT","fragments/1828/07/17-img2851-left","1828-07-17","diary-1828-and-1829-and-jan-1830","img2851","1.0000","exact source match"
"212","MATCHED_EXACT","fragments/1828/07/18-img2851-left","1828-07-18","diary-1828-and-1829-and-jan-1830","img2851","1.0000","exact source match"
"213","MATCHED_EXACT","fragments/1828/07/19-img2851-left","1828-07-19","diary-1828-and-1829-and-jan-1830","img2851","1.0000","exact source match"
"214","MATCHED_EXACT","fragments/1828/07/20-img2851-left","1828-07-20","diary-1828-and-1829-and-jan-1830","img2851","1.0000","exact source match"
"215","MATCHED_EXACT","fragments/1828/07/21-img2851-left","1828-07-21","diary-1828-and-1829-and-jan-1830","img2851","1.0000","exact source match"
"216","MATCHED_EXACT","fragments/1828/07/22-img2851-left","1828-07-22","diary-1828-and-1829-and-jan-1830","img2851","1.0000","exact source match"
"217","MATCHED_EXACT","fragments/1828/07/23-img2851-left","1828-07-23","diary-1828-and-1829-and-jan-1830","img2851","1.0000","exact source match"
"218","MATCHED_EXACT","fragments/1828/07/24-img2851-right","1828-07-24","diary-1828-and-1829-and-jan-1830","img2851","1.0000","exact source match"
"219","MATCHED_EXACT","fragments/1828/07/25-img2851-right","1828-07-25","diary-1828-and-1829-and-jan-1830","img2851","1.0000","exact source match"
"220","MATCHED_EXACT","fragments/1828/07/26-img2851-right","1828-07-26","diary-1828-and-1829-and-jan-1830","img2851","1.0000","exact source match"
"221","MATCHED_EXACT","fragments/1828/07/27-img2851-right","1828-07-27","diary-1828-and-1829-and-jan-1830","img2851","1.0000","exact source match"
"222","MATCHED_EXACT","fragments/1828/07/28-img2851-right","1828-07-28","diary-1828-and-1829-and-jan-1830","img2851","1.0000","exact source match"
"223","MATCHED_EXACT","fragments/1828/07/29-img2851-right","1828-07-29","diary-1828-and-1829-and-jan-1830","img2851","1.0000","exact source match"
"224","MATCHED_EXACT","fragments/1828/07/30-img2851-right","1828-07-30","diary-1828-and-1829-and-jan-1830","img2851","1.0000","exact source match"
"225","MATCHED_EXACT","fragments/1828/07/31-img2851-right","1828-07-31","diary-1828-and-1829-and-jan-1830","img2851","1.0000","exact source match"
"226","MATCHED_EXACT","fragments/1828/08/01-b-img2852-image-black-middens","1828-08-01","","","1.0000","exact source match"
"227","MATCHED_EXACT","fragments/1828/08/01-img2852-left","1828-08-01","diary-1828-and-1829-and-jan-1830","img2852","2.0000","exact source match"
"228","MATCHED_EXACT","fragments/1828/08/02-img2852-left","1828-08-02","diary-1828-and-1829-and-jan-1830","img2852","1.0000","exact source match"
"229","MATCHED_EXACT","fragments/1828/08/03-img2852-left","1828-08-03","diary-1828-and-1829-and-jan-1830","img2852","1.0000","exact source match"
"230","MATCHED_EXACT","fragments/1828/08/04-img2852-left","1828-08-04","diary-1828-and-1829-and-jan-1830","img2852","1.0000","exact source match"
"231","MATCHED_EXACT","fragments/1828/08/05-img2852-left","1828-08-05","diary-1828-and-1829-and-jan-1830","img2852","1.0000","exact source match"
"232","MATCHED_EXACT","fragments/1828/08/06-img2852-left","1828-08-06","diary-1828-and-1829-and-jan-1830","img2852","1.0000","exact source match"
"233","MATCHED_EXACT","fragments/1828/08/07-b-img2852-image-hope-voyage","1828-08-07","","","1.0000","exact source match"
"234","MATCHED_EXACT","fragments/1828/08/07-img2852-right","1828-08-07","diary-1828-and-1829-and-jan-1830","img2852","2.0000","exact source match"
"235","MATCHED_EXACT","fragments/1828/08/08-img2852-right","1828-08-08","diary-1828-and-1829-and-jan-1830","img2852","1.0000","exact source match"
"236","MATCHED_EXACT","fragments/1828/08/09-img2852-right","1828-08-09","diary-1828-and-1829-and-jan-1830","img2852","1.0000","exact source match"
"237","MATCHED_EXACT","fragments/1828/08/10-img2852-right","1828-08-10","diary-1828-and-1829-and-jan-1830","img2852","1.0000","exact source match"
"238","MATCHED_EXACT","fragments/1828/08/11-img2853-left","1828-08-11","diary-1828-and-1829-and-jan-1830","img2853","1.0000","exact source match"
"239","MATCHED_EXACT","fragments/1828/08/12-img2853-left","1828-08-12","diary-1828-and-1829-and-jan-1830","img2853","1.0000","exact source match"
"240","MATCHED_EXACT","fragments/1828/08/13-img2853-left","1828-08-13","diary-1828-and-1829-and-jan-1830","img2853","1.0000","exact source match"
"241","AMBIGUOUS_CONTEXT","","1828-08-14","diary-1828-and-1829-and-jan-1830","img2853","2.0000","2 unmatched source rows and 2 unmatched database rows share the date and Page context"
"242","MATCHED_EXACT","fragments/1828/08/15-img2853-right","1828-08-15","diary-1828-and-1829-and-jan-1830","img2853","1.0000","exact source match"
"243","MATCHED_EXACT","fragments/1828/08/16-img2853-right","1828-08-16","diary-1828-and-1829-and-jan-1830","img2853","1.0000","exact source match"
"244","MATCHED_EXACT","fragments/1828/08/17-img2853-right","1828-08-17","diary-1828-and-1829-and-jan-1830","img2853","1.0000","exact source match"
"245","MATCHED_EXACT","fragments/1828/08/18-img2854-left","1828-08-18","diary-1828-and-1829-and-jan-1830","img2854","1.0000","exact source match"
"246","MATCHED_EXACT","fragments/1828/08/19-img2854-left","1828-08-19","diary-1828-and-1829-and-jan-1830","img2854","1.0000","exact source match"
"247","MATCHED_EXACT","fragments/1828/08/20-img2854-left","1828-08-20","diary-1828-and-1829-and-jan-1830","img2854","1.0000","exact source match"
"248","MATCHED_EXACT","fragments/1828/08/21-img2854-left","1828-08-21","diary-1828-and-1829-and-jan-1830","img2854","1.0000","exact source match"
"249","MATCHED_EXACT","fragments/1828/08/22-img2854-left","1828-08-22","diary-1828-and-1829-and-jan-1830","img2854","1.0000","exact source match"
"250","MATCHED_EXACT","fragments/1828/08/23-img2854-left","1828-08-23","diary-1828-and-1829-and-jan-1830","img2854","1.0000","exact source match"
"251","MATCHED_EXACT","fragments/1828/08/24-img2854-right","1828-08-24","diary-1828-and-1829-and-jan-1830","img2854","1.0000","exact source match"
"252","MATCHED_EXACT","fragments/1828/08/25-img2854-right","1828-08-25","diary-1828-and-1829-and-jan-1830","img2854","1.0000","exact source match"
"253","MATCHED_EXACT","fragments/1828/08/26-img2854-right","1828-08-26","diary-1828-and-1829-and-jan-1830","img2854","1.0000","exact source match"
"254","MATCHED_EXACT","fragments/1828/08/27-img2854-right","1828-08-27","diary-1828-and-1829-and-jan-1830","img2854","1.0000","exact source match"
"255","MATCHED_EXACT","fragments/1828/08/28-img2855-left","1828-08-28","diary-1828-and-1829-and-jan-1830","img2855","1.0000","exact source match"
"256","MATCHED_EXACT","fragments/1828/08/29-img2855-left","1828-08-29","diary-1828-and-1829-and-jan-1830","img2855","1.0000","exact source match"
"257","MATCHED_EXACT","fragments/1828/08/30-b1-img2855-image-appuldurcombe-house","1828-08-30","","","1.0000","exact source match"
"258","MATCHED_EXACT","fragments/1828/08/30-b2-img2855-image-isle-of-wight","1828-08-30","","","2.0000","exact source match"
"259","MATCHED_EXACT","fragments/1828/08/30-b3-img2855-image-navarino-house","1828-08-30","","","3.0000","exact source match"
"260","MATCHED_EXACT","fragments/1828/08/30-b4-img2855-image-navarino-house-map","1828-08-30","","","4.0000","exact source match"
"261","MATCHED_EXACT","fragments/1828/08/30-img2855-left","1828-08-30","diary-1828-and-1829-and-jan-1830","img2855","5.0000","exact source match"
"262","MATCHED_EXACT","fragments/1828/08/31-img2855-right","1828-08-31","diary-1828-and-1829-and-jan-1830","img2855","1.0000","exact source match"
"263","MATCHED_EXACT","fragments/1828/09/01-img2855-right","1828-09-01","diary-1828-and-1829-and-jan-1830","img2855","1.0000","exact source match"
"264","MATCHED_EXACT","fragments/1828/09/02-img2856-left","1828-09-02","diary-1828-and-1829-and-jan-1830","img2856","1.0000","exact source match"
"265","MATCHED_EXACT","fragments/1828/09/03-img2856-left","1828-09-03","diary-1828-and-1829-and-jan-1830","img2856","1.0000","exact source match"
"266","MATCHED_EXACT","fragments/1828/09/04-img2856-left","1828-09-04","diary-1828-and-1829-and-jan-1830","img2856","1.0000","exact source match"
"267","MATCHED_EXACT","fragments/1828/09/05-img2856-left","1828-09-05","diary-1828-and-1829-and-jan-1830","img2856","1.0000","exact source match"
"268","MATCHED_EXACT","fragments/1828/09/06-img2856-left","1828-09-06","diary-1828-and-1829-and-jan-1830","img2856","1.0000","exact source match"
"269","MATCHED_EXACT","fragments/1828/09/07-img2856-right","1828-09-07","diary-1828-and-1829-and-jan-1830","img2856","1.0000","exact source match"
"270","MATCHED_EXACT","fragments/1828/09/08-img2856-right","1828-09-08","diary-1828-and-1829-and-jan-1830","img2856","1.0000","exact source match"
"271","MATCHED_EXACT","fragments/1828/09/09-img2856-right","1828-09-09","diary-1828-and-1829-and-jan-1830","img2856","1.0000","exact source match"
"272","MATCHED_EXACT","fragments/1828/09/10-img2856-right","1828-09-10","diary-1828-and-1829-and-jan-1830","img2856","1.0000","exact source match"
"273","MATCHED_EXACT","fragments/1828/09/11-img2856-right","1828-09-11","diary-1828-and-1829-and-jan-1830","img2856","1.0000","exact source match"
"274","MATCHED_EXACT","fragments/1828/09/12-img2856-right","1828-09-12","diary-1828-and-1829-and-jan-1830","img2856","1.0000","exact source match"
"275","MATCHED_EXACT","fragments/1828/09/13-img2856-right","1828-09-13","diary-1828-and-1829-and-jan-1830","img2856","1.0000","exact source match"
"276","MATCHED_EXACT","fragments/1828/09/14-img2857-left","1828-09-14","diary-1828-and-1829-and-jan-1830","img2857","1.0000","exact source match"
"277","MATCHED_EXACT","fragments/1828/09/15-img2857-left","1828-09-15","diary-1828-and-1829-and-jan-1830","img2857","1.0000","exact source match"
"278","MATCHED_EXACT","fragments/1828/09/16-img2857-left","1828-09-16","diary-1828-and-1829-and-jan-1830","img2857","1.0000","exact source match"
"279","MATCHED_EXACT","fragments/1828/09/17-img2857-left","1828-09-17","diary-1828-and-1829-and-jan-1830","img2857","1.0000","exact source match"
"280","MATCHED_EXACT","fragments/1828/09/18-img2857-left","1828-09-18","diary-1828-and-1829-and-jan-1830","img2857","1.0000","exact source match"
"281","MATCHED_EXACT","fragments/1828/09/19-img2857-left","1828-09-19","diary-1828-and-1829-and-jan-1830","img2857","1.0000","exact source match"
"282","MATCHED_EXACT","fragments/1828/09/20-img2857-left","1828-09-20","diary-1828-and-1829-and-jan-1830","img2857","1.0000","exact source match"
"283","MATCHED_EXACT","fragments/1828/09/21-img2857-right","1828-09-21","diary-1828-and-1829-and-jan-1830","img2857","1.0000","exact source match"
"284","MATCHED_EXACT","fragments/1828/09/22-img2857-right","1828-09-22","diary-1828-and-1829-and-jan-1830","img2857","1.0000","exact source match"
"285","MATCHED_EXACT","fragments/1828/09/23-img2857-right","1828-09-23","diary-1828-and-1829-and-jan-1830","img2857","1.0000","exact source match"
"286","MATCHED_EXACT","fragments/1828/09/24-img2857-right","1828-09-24","diary-1828-and-1829-and-jan-1830","img2857","1.0000","exact source match"
"287","MATCHED_EXACT","fragments/1828/09/25-img2857-right","1828-09-25","diary-1828-and-1829-and-jan-1830","img2857","1.0000","exact source match"
"288","MATCHED_EXACT","fragments/1828/09/26-img2857-right","1828-09-26","diary-1828-and-1829-and-jan-1830","img2857","1.0000","exact source match"
"289","MATCHED_EXACT","fragments/1828/09/27-img2858-left","1828-09-27","diary-1828-and-1829-and-jan-1830","img2858","1.0000","exact source match"
"290","MATCHED_EXACT","fragments/1828/09/28-img2858-left","1828-09-28","diary-1828-and-1829-and-jan-1830","img2858","1.0000","exact source match"
"291","MATCHED_EXACT","fragments/1828/09/29-img2858-left","1828-09-29","diary-1828-and-1829-and-jan-1830","img2858","1.0000","exact source match"
"292","MATCHED_EXACT","fragments/1828/09/30-img2858-left","1828-09-30","diary-1828-and-1829-and-jan-1830","img2858","1.0000","exact source match"
"293","MATCHED_EXACT","fragments/1828/10/01-img2858-left","1828-10-01","diary-1828-and-1829-and-jan-1830","img2858","1.0000","exact source match"
"294","MATCHED_EXACT","fragments/1828/10/02-img2858-right","1828-10-02","diary-1828-and-1829-and-jan-1830","img2858","1.0000","exact source match"
"295","MATCHED_EXACT","fragments/1828/10/03-img2858-right","1828-10-03","diary-1828-and-1829-and-jan-1830","img2858","1.0000","exact source match"
"296","MATCHED_EXACT","fragments/1828/10/04-img2858-right","1828-10-04","diary-1828-and-1829-and-jan-1830","img2858","1.0000","exact source match"
"297","MATCHED_EXACT","fragments/1828/10/05-img2858-right","1828-10-05","diary-1828-and-1829-and-jan-1830","img2858","1.0000","exact source match"
"298","MATCHED_EXACT","fragments/1828/10/06-img2858-right","1828-10-06","diary-1828-and-1829-and-jan-1830","img2858","1.0000","exact source match"
"299","MATCHED_EXACT","fragments/1828/10/06-img2859-left","1828-10-06","diary-1828-and-1829-and-jan-1830","img2859","2.0000","exact source match"
"300","MATCHED_EXACT","fragments/1828/10/07-img2859-left","1828-10-07","diary-1828-and-1829-and-jan-1830","img2859","1.0000","exact source match"
"301","MATCHED_EXACT","fragments/1828/10/08-img2859-left","1828-10-08","diary-1828-and-1829-and-jan-1830","img2859","1.0000","exact source match"
"302","MATCHED_EXACT","fragments/1828/10/09-img2859-left","1828-10-09","diary-1828-and-1829-and-jan-1830","img2859","1.0000","exact source match"
"303","MATCHED_EXACT","fragments/1828/10/10-img2859-right","1828-10-10","diary-1828-and-1829-and-jan-1830","img2859","1.0000","exact source match"
"304","MATCHED_EXACT","fragments/1828/10/11-img2859-right","1828-10-11","diary-1828-and-1829-and-jan-1830","img2859","1.0000","exact source match"
"305","MATCHED_EXACT","fragments/1828/10/12-img2859-right","1828-10-12","diary-1828-and-1829-and-jan-1830","img2859","1.0000","exact source match"
"306","MATCHED_EXACT","fragments/1828/10/13-img2859-right","1828-10-13","diary-1828-and-1829-and-jan-1830","img2859","1.0000","exact source match"
"307","MATCHED_EXACT","fragments/1828/10/14-img2859-right","1828-10-14","diary-1828-and-1829-and-jan-1830","img2859","1.0000","exact source match"
"308","MATCHED_EXACT","fragments/1828/10/15-img2859-right","1828-10-15","diary-1828-and-1829-and-jan-1830","img2859","1.0000","exact source match"
"309","MATCHED_EXACT","fragments/1828/10/16-img2860-left","1828-10-16","diary-1828-and-1829-and-jan-1830","img2860","1.0000","exact source match"
"310","MATCHED_EXACT","fragments/1828/10/17-b-img2860-image-map-alnwick-tyneside","1828-10-17","","","1.0000","exact source match"
"311","MATCHED_EXACT","fragments/1828/10/17-img2860-left","1828-10-17","diary-1828-and-1829-and-jan-1830","img2860","2.0000","exact source match"
"312","MATCHED_EXACT","fragments/1828/10/18-img2860-left","1828-10-18","diary-1828-and-1829-and-jan-1830","img2860","1.0000","exact source match"
"313","MATCHED_EXACT","fragments/1828/10/19-img2860-left","1828-10-19","diary-1828-and-1829-and-jan-1830","img2860","1.0000","exact source match"
"314","MATCHED_EXACT","fragments/1828/10/20-img2860-left","1828-10-20","diary-1828-and-1829-and-jan-1830","img2860","1.0000","exact source match"
"315","MATCHED_EXACT","fragments/1828/10/21-img2860-left","1828-10-21","diary-1828-and-1829-and-jan-1830","img2860","1.0000","exact source match"
"316","MATCHED_EXACT","fragments/1828/10/22-img2860-right","1828-10-22","diary-1828-and-1829-and-jan-1830","img2860","1.0000","exact source match"
"317","MATCHED_EXACT","fragments/1828/10/23-img2860-right","1828-10-23","diary-1828-and-1829-and-jan-1830","img2860","1.0000","exact source match"
"318","MATCHED_EXACT","fragments/1828/10/24-img2860-right","1828-10-24","diary-1828-and-1829-and-jan-1830","img2860","1.0000","exact source match"
"319","MATCHED_EXACT","fragments/1828/10/25-img2860-right","1828-10-25","diary-1828-and-1829-and-jan-1830","img2860","1.0000","exact source match"
"320","MATCHED_EXACT","fragments/1828/10/26-img2860-right","1828-10-26","diary-1828-and-1829-and-jan-1830","img2860","1.0000","exact source match"
"321","MATCHED_EXACT","fragments/1828/10/27-img2860-right","1828-10-27","diary-1828-and-1829-and-jan-1830","img2860","1.0000","exact source match"
"322","MATCHED_EXACT","fragments/1828/10/28-img2860-right","1828-10-28","diary-1828-and-1829-and-jan-1830","img2860","1.0000","exact source match"
"323","MATCHED_EXACT","fragments/1828/10/29-img2860-right","1828-10-29","diary-1828-and-1829-and-jan-1830","img2860","1.0000","exact source match"
"324","MATCHED_EXACT","fragments/1828/10/30-img2861-left","1828-10-30","diary-1828-and-1829-and-jan-1830","img2861","1.0000","exact source match"
"325","MATCHED_EXACT","fragments/1828/10/31-img2861-left","1828-10-31","diary-1828-and-1829-and-jan-1830","img2861","1.0000","exact source match"
"326","MATCHED_EXACT","fragments/1828/11/01-img2861-left","1828-11-01","diary-1828-and-1829-and-jan-1830","img2861","1.0000","exact source match"
"327","MATCHED_EXACT","fragments/1828/11/02-img2861-left","1828-11-02","diary-1828-and-1829-and-jan-1830","img2861","1.0000","exact source match"
"328","MATCHED_EXACT","fragments/1828/11/03-img2861-left","1828-11-03","diary-1828-and-1829-and-jan-1830","img2861","1.0000","exact source match"
"329","MATCHED_EXACT","fragments/1828/11/04-img2861-right","1828-11-04","diary-1828-and-1829-and-jan-1830","img2861","1.0000","exact source match"
"330","MATCHED_EXACT","fragments/1828/11/05-img2861-right","1828-11-05","diary-1828-and-1829-and-jan-1830","img2861","1.0000","exact source match"
"331","MATCHED_EXACT","fragments/1828/11/06-img2861-right","1828-11-06","diary-1828-and-1829-and-jan-1830","img2861","1.0000","exact source match"
"332","MATCHED_EXACT","fragments/1828/11/07-img2861-right","1828-11-07","diary-1828-and-1829-and-jan-1830","img2861","1.0000","exact source match"
"333","MATCHED_EXACT","fragments/1828/11/08-img2861-right","1828-11-08","diary-1828-and-1829-and-jan-1830","img2861","1.0000","exact source match"
"334","MATCHED_EXACT","fragments/1828/11/09-img2861-right","1828-11-09","diary-1828-and-1829-and-jan-1830","img2861","1.0000","exact source match"
"335","MATCHED_EXACT","fragments/1828/11/10-img2862-left","1828-11-10","diary-1828-and-1829-and-jan-1830","img2862","1.0000","exact source match"
"336","MATCHED_EXACT","fragments/1828/11/11-img2862-left","1828-11-11","diary-1828-and-1829-and-jan-1830","img2862","1.0000","exact source match"
"337","MATCHED_EXACT","fragments/1828/11/12-img2862-left","1828-11-12","diary-1828-and-1829-and-jan-1830","img2862","1.0000","exact source match"
"338","MATCHED_EXACT","fragments/1828/11/13-img2862-left","1828-11-13","diary-1828-and-1829-and-jan-1830","img2862","1.0000","exact source match"
"339","MATCHED_EXACT","fragments/1828/11/14-img2862-left","1828-11-14","diary-1828-and-1829-and-jan-1830","img2862","1.0000","exact source match"
"340","MATCHED_EXACT","fragments/1828/11/15-img2862-right","1828-11-15","diary-1828-and-1829-and-jan-1830","img2862","1.0000","exact source match"
"341","MATCHED_EXACT","fragments/1828/11/16-img2862-right","1828-11-16","diary-1828-and-1829-and-jan-1830","img2862","1.0000","exact source match"
"342","MATCHED_EXACT","fragments/1828/11/17-img2862-right","1828-11-17","diary-1828-and-1829-and-jan-1830","img2862","1.0000","exact source match"
"343","MATCHED_EXACT","fragments/1828/11/18-img2862-right","1828-11-18","diary-1828-and-1829-and-jan-1830","img2862","1.0000","exact source match"
"344","MATCHED_EXACT","fragments/1828/11/19-img2862-right","1828-11-19","diary-1828-and-1829-and-jan-1830","img2862","1.0000","exact source match"
"345","MATCHED_EXACT","fragments/1828/11/20-img2862-right","1828-11-20","diary-1828-and-1829-and-jan-1830","img2862","1.0000","exact source match"
"346","MATCHED_EXACT","fragments/1828/11/21-img2863-left","1828-11-21","diary-1828-and-1829-and-jan-1830","img2863","1.0000","exact source match"
"347","MATCHED_EXACT","fragments/1828/11/22-img2863-left","1828-11-22","diary-1828-and-1829-and-jan-1830","img2863","1.0000","exact source match"
"348","MATCHED_EXACT","fragments/1828/11/23-img2863-left","1828-11-23","diary-1828-and-1829-and-jan-1830","img2863","1.0000","exact source match"
"349","MATCHED_EXACT","fragments/1828/11/24-img2863-left","1828-11-24","diary-1828-and-1829-and-jan-1830","img2863","1.0000","exact source match"
"350","MATCHED_EXACT","fragments/1828/11/25-img2863-left","1828-11-25","diary-1828-and-1829-and-jan-1830","img2863","1.0000","exact source match"
"351","MATCHED_EXACT","fragments/1828/11/26-img2863-left","1828-11-26","diary-1828-and-1829-and-jan-1830","img2863","1.0000","exact source match"
"352","MATCHED_EXACT","fragments/1828/11/27-img2863-right","1828-11-27","diary-1828-and-1829-and-jan-1830","img2863","1.0000","exact source match"
"353","MATCHED_EXACT","fragments/1828/11/28-img2863-right","1828-11-28","diary-1828-and-1829-and-jan-1830","img2863","1.0000","exact source match"
"354","MATCHED_EXACT","fragments/1828/11/29-img2863-right","1828-11-29","diary-1828-and-1829-and-jan-1830","img2863","1.0000","exact source match"
"355","MATCHED_EXACT","fragments/1828/11/30-img2863-right","1828-11-30","diary-1828-and-1829-and-jan-1830","img2863","1.0000","exact source match"
"356","MATCHED_EXACT","fragments/1828/12/01-img2864-left","1828-12-01","diary-1828-and-1829-and-jan-1830","img2864","1.0000","exact source match"
"357","MATCHED_EXACT","fragments/1828/12/02-img2864-left","1828-12-02","diary-1828-and-1829-and-jan-1830","img2864","1.0000","exact source match"
"358","MATCHED_EXACT","fragments/1828/12/03-img2864-left","1828-12-03","diary-1828-and-1829-and-jan-1830","img2864","1.0000","exact source match"
"359","MATCHED_EXACT","fragments/1828/12/04-img2864-left","1828-12-04","diary-1828-and-1829-and-jan-1830","img2864","1.0000","exact source match"
"360","MATCHED_EXACT","fragments/1828/12/05-img2864-right","1828-12-05","diary-1828-and-1829-and-jan-1830","img2864","1.0000","exact source match"
"361","MATCHED_EXACT","fragments/1828/12/06-img2864-right","1828-12-06","diary-1828-and-1829-and-jan-1830","img2864","1.0000","exact source match"
"362","MATCHED_EXACT","fragments/1828/12/07-img2864-right","1828-12-07","diary-1828-and-1829-and-jan-1830","img2864","1.0000","exact source match"
"363","MATCHED_EXACT","fragments/1828/12/08-img2864-right","1828-12-08","diary-1828-and-1829-and-jan-1830","img2864","1.0000","exact source match"
"364","MATCHED_EXACT","fragments/1828/12/09-img2865-left","1828-12-09","diary-1828-and-1829-and-jan-1830","img2865","1.0000","exact source match"
"365","MATCHED_EXACT","fragments/1828/12/10-img2865-left","1828-12-10","diary-1828-and-1829-and-jan-1830","img2865","1.0000","exact source match"
"366","MATCHED_EXACT","fragments/1828/12/11-img2865-left","1828-12-11","diary-1828-and-1829-and-jan-1830","img2865","1.0000","exact source match"
"367","MATCHED_EXACT","fragments/1828/12/12-img2865-left","1828-12-12","diary-1828-and-1829-and-jan-1830","img2865","1.0000","exact source match"
"368","MATCHED_EXACT","fragments/1828/12/13-img2865-left","1828-12-13","diary-1828-and-1829-and-jan-1830","img2865","1.0000","exact source match"
"369","MATCHED_EXACT","fragments/1828/12/14-img2865-left","1828-12-14","diary-1828-and-1829-and-jan-1830","img2865","1.0000","exact source match"
"370","MATCHED_EXACT","fragments/1828/12/15-img2865-right","1828-12-15","diary-1828-and-1829-and-jan-1830","img2865","1.0000","exact source match"
"371","MATCHED_EXACT","fragments/1828/12/16-img2865-right","1828-12-16","diary-1828-and-1829-and-jan-1830","img2865","1.0000","exact source match"
"372","MATCHED_EXACT","fragments/1828/12/17-img2865-right","1828-12-17","diary-1828-and-1829-and-jan-1830","img2865","1.0000","exact source match"
"373","MATCHED_EXACT","fragments/1828/12/18-img2865-right","1828-12-18","diary-1828-and-1829-and-jan-1830","img2865","1.0000","exact source match"
"374","MATCHED_EXACT","fragments/1828/12/19-img2865-right","1828-12-19","diary-1828-and-1829-and-jan-1830","img2865","1.0000","exact source match"
"375","MATCHED_EXACT","fragments/1828/12/20-img2866-left","1828-12-20","diary-1828-and-1829-and-jan-1830","img2866","1.0000","exact source match"
"376","MATCHED_EXACT","fragments/1828/12/21-img2866-left","1828-12-21","diary-1828-and-1829-and-jan-1830","img2866","1.0000","exact source match"
"377","MATCHED_EXACT","fragments/1828/12/22-img2866-left","1828-12-22","diary-1828-and-1829-and-jan-1830","img2866","1.0000","exact source match"
"378","MATCHED_EXACT","fragments/1828/12/23-img2866-left","1828-12-23","diary-1828-and-1829-and-jan-1830","img2866","1.0000","exact source match"
"379","MATCHED_EXACT","fragments/1828/12/24-img2866-left","1828-12-24","diary-1828-and-1829-and-jan-1830","img2866","1.0000","exact source match"
"380","MATCHED_EXACT","fragments/1828/12/25-img2866-left","1828-12-25","diary-1828-and-1829-and-jan-1830","img2866","1.0000","exact source match"
"381","MATCHED_EXACT","fragments/1828/12/26-img2866-right","1828-12-26","diary-1828-and-1829-and-jan-1830","img2866","1.0000","exact source match"
"382","MATCHED_EXACT","fragments/1828/12/27-img2866-right","1828-12-27","diary-1828-and-1829-and-jan-1830","img2866","1.0000","exact source match"
"383","MATCHED_EXACT","fragments/1828/12/28-img2866-right","1828-12-28","diary-1828-and-1829-and-jan-1830","img2866","1.0000","exact source match"
"384","MATCHED_EXACT","fragments/1828/12/29-img2866-right","1828-12-29","diary-1828-and-1829-and-jan-1830","img2866","1.0000","exact source match"
"385","MATCHED_EXACT","fragments/1828/12/30-img2867-left","1828-12-30","diary-1828-and-1829-and-jan-1830","img2867","1.0000","exact source match"
"386","MATCHED_EXACT","fragments/1828/12/31-img2867-left","1828-12-31","diary-1828-and-1829-and-jan-1830","img2867","1.0000","exact source match"
"387","MATCHED_EXACT","fragments/1829/01/01-dc-highlights-1829","1829-01-01","","","2.0000","exact source match"
"388","MATCHED_EXACT","fragments/1829/01/01-img2867-right","1829-01-01","diary-1828-and-1829-and-jan-1830","img2867","1.0000","exact source match"
"389","MATCHED_EXACT","fragments/1829/01/02-img2867-right","1829-01-02","diary-1828-and-1829-and-jan-1830","img2867","1.0000","exact source match"
"390","MATCHED_EXACT","fragments/1829/01/03-img2867-right","1829-01-03","diary-1828-and-1829-and-jan-1830","img2867","1.0000","exact source match"
"391","MATCHED_EXACT","fragments/1829/01/04-img2867-right","1829-01-04","diary-1828-and-1829-and-jan-1830","img2867","1.0000","exact source match"
"392","MATCHED_EXACT","fragments/1829/01/05-img2868-left","1829-01-05","diary-1828-and-1829-and-jan-1830","img2868","1.0000","exact source match"
"393","MATCHED_EXACT","fragments/1829/01/06-img2868-left","1829-01-06","diary-1828-and-1829-and-jan-1830","img2868","1.0000","exact source match"
"394","MATCHED_EXACT","fragments/1829/01/07-img2868-left","1829-01-07","diary-1828-and-1829-and-jan-1830","img2868","1.0000","exact source match"
"395","MATCHED_EXACT","fragments/1829/01/08-img2868-left","1829-01-08","diary-1828-and-1829-and-jan-1830","img2868","1.0000","exact source match"
"396","MATCHED_EXACT","fragments/1829/01/09-img2868-right","1829-01-09","diary-1828-and-1829-and-jan-1830","img2868","1.0000","exact source match"
"397","MATCHED_EXACT","fragments/1829/01/10-img2868-right","1829-01-10","diary-1828-and-1829-and-jan-1830","img2868","1.0000","exact source match"
"398","MATCHED_EXACT","fragments/1829/01/11-img2868-right","1829-01-11","diary-1828-and-1829-and-jan-1830","img2868","1.0000","exact source match"
"399","MATCHED_EXACT","fragments/1829/01/12-img2868-right","1829-01-12","diary-1828-and-1829-and-jan-1830","img2868","1.0000","exact source match"
"400","MATCHED_EXACT","fragments/1829/01/13-img2868-right","1829-01-13","diary-1828-and-1829-and-jan-1830","img2868","1.0000","exact source match"
"401","MATCHED_EXACT","fragments/1829/01/14-img2869-left","1829-01-14","diary-1828-and-1829-and-jan-1830","img2869","1.0000","exact source match"
"402","MATCHED_EXACT","fragments/1829/01/15-img2869-left","1829-01-15","diary-1828-and-1829-and-jan-1830","img2869","1.0000","exact source match"
"403","MATCHED_EXACT","fragments/1829/01/16-img2869-left","1829-01-16","diary-1828-and-1829-and-jan-1830","img2869","1.0000","exact source match"
"404","MATCHED_EXACT","fragments/1829/01/17-img2869-left","1829-01-17","diary-1828-and-1829-and-jan-1830","img2869","1.0000","exact source match"
"405","MATCHED_EXACT","fragments/1829/01/18-img2869-left","1829-01-18","diary-1828-and-1829-and-jan-1830","img2869","1.0000","exact source match"
"406","MATCHED_EXACT","fragments/1829/01/19-img2869-left","1829-01-19","diary-1828-and-1829-and-jan-1830","img2869","1.0000","exact source match"
"407","MATCHED_EXACT","fragments/1829/01/20-img2869-right","1829-01-20","diary-1828-and-1829-and-jan-1830","img2869","1.0000","exact source match"
"408","MATCHED_EXACT","fragments/1829/01/21-img2869-right","1829-01-21","diary-1828-and-1829-and-jan-1830","img2869","1.0000","exact source match"
"409","MATCHED_EXACT","fragments/1829/01/22-img2869-right","1829-01-22","diary-1828-and-1829-and-jan-1830","img2869","1.0000","exact source match"
"410","MATCHED_EXACT","fragments/1829/01/23-img2869-right","1829-01-23","diary-1828-and-1829-and-jan-1830","img2869","1.0000","exact source match"
"411","MATCHED_EXACT","fragments/1829/01/24-img2869-right","1829-01-24","diary-1828-and-1829-and-jan-1830","img2869","1.0000","exact source match"
"412","MATCHED_EXACT","fragments/1829/01/25-img2870-left","1829-01-25","diary-1828-and-1829-and-jan-1830","img2870","1.0000","exact source match"
"413","MATCHED_EXACT","fragments/1829/01/26-img2870-left","1829-01-26","diary-1828-and-1829-and-jan-1830","img2870","1.0000","exact source match"
"414","MATCHED_EXACT","fragments/1829/01/27-img2870-left","1829-01-27","diary-1828-and-1829-and-jan-1830","img2870","1.0000","exact source match"
"415","MATCHED_EXACT","fragments/1829/01/28-img2870-left","1829-01-28","diary-1828-and-1829-and-jan-1830","img2870","1.0000","exact source match"
"416","MATCHED_EXACT","fragments/1829/01/29-img2870-left","1829-01-29","diary-1828-and-1829-and-jan-1830","img2870","1.0000","exact source match"
"417","MATCHED_EXACT","fragments/1829/01/30-img2870-right","1829-01-30","diary-1828-and-1829-and-jan-1830","img2870","1.0000","exact source match"
"418","MATCHED_EXACT","fragments/1829/01/31-img2870-right","1829-01-31","diary-1828-and-1829-and-jan-1830","img2870","1.0000","exact source match"
"419","MATCHED_EXACT","fragments/1829/02/01-img2870-right","1829-02-01","diary-1828-and-1829-and-jan-1830","img2870","1.0000","exact source match"
"420","MATCHED_EXACT","fragments/1829/02/02-img2870-right","1829-02-02","diary-1828-and-1829-and-jan-1830","img2870","1.0000","exact source match"
"421","MATCHED_EXACT","fragments/1829/02/03-img2870-right","1829-02-03","diary-1828-and-1829-and-jan-1830","img2870","1.0000","exact source match"
"422","MATCHED_EXACT","fragments/1829/02/04-img2871-left","1829-02-04","diary-1828-and-1829-and-jan-1830","img2871","1.0000","exact source match"
"423","MATCHED_EXACT","fragments/1829/02/05-img2871-left","1829-02-05","diary-1828-and-1829-and-jan-1830","img2871","1.0000","exact source match"
"424","MATCHED_EXACT","fragments/1829/02/06-img2871-left","1829-02-06","diary-1828-and-1829-and-jan-1830","img2871","1.0000","exact source match"
"425","MATCHED_EXACT","fragments/1829/02/07-img2871-left","1829-02-07","diary-1828-and-1829-and-jan-1830","img2871","1.0000","exact source match"
"426","MATCHED_EXACT","fragments/1829/02/08-img2871-left","1829-02-08","diary-1828-and-1829-and-jan-1830","img2871","1.0000","exact source match"
"427","MATCHED_EXACT","fragments/1829/02/09-img2871-right","1829-02-09","diary-1828-and-1829-and-jan-1830","img2871","1.0000","exact source match"
"428","MATCHED_EXACT","fragments/1829/02/10-img2871-right","1829-02-10","diary-1828-and-1829-and-jan-1830","img2871","1.0000","exact source match"
"429","MATCHED_EXACT","fragments/1829/02/11-img2871-right","1829-02-11","diary-1828-and-1829-and-jan-1830","img2871","1.0000","exact source match"
"430","MATCHED_EXACT","fragments/1829/02/12-img2871-right","1829-02-12","diary-1828-and-1829-and-jan-1830","img2871","1.0000","exact source match"
"431","MATCHED_EXACT","fragments/1829/02/13-img2872-left","1829-02-13","diary-1828-and-1829-and-jan-1830","img2872","1.0000","exact source match"
"432","MATCHED_EXACT","fragments/1829/02/14-img2872-left","1829-02-14","diary-1828-and-1829-and-jan-1830","img2872","1.0000","exact source match"
"433","MATCHED_EXACT","fragments/1829/02/15-img2872-left","1829-02-15","diary-1828-and-1829-and-jan-1830","img2872","1.0000","exact source match"
"434","MATCHED_EXACT","fragments/1829/02/16-img2872-left","1829-02-16","diary-1828-and-1829-and-jan-1830","img2872","1.0000","exact source match"
"435","MATCHED_EXACT","fragments/1829/02/17-img2872-right","1829-02-17","diary-1828-and-1829-and-jan-1830","img2872","1.0000","exact source match"
"436","MATCHED_EXACT","fragments/1829/02/18-img2872-right","1829-02-18","diary-1828-and-1829-and-jan-1830","img2872","1.0000","exact source match"
"437","MATCHED_EXACT","fragments/1829/02/19-img2872-right","1829-02-19","diary-1828-and-1829-and-jan-1830","img2872","1.0000","exact source match"
"438","MATCHED_EXACT","fragments/1829/02/20-img2872-right","1829-02-20","diary-1828-and-1829-and-jan-1830","img2872","1.0000","exact source match"
"439","MATCHED_EXACT","fragments/1829/02/21-img2873-left","1829-02-21","diary-1828-and-1829-and-jan-1830","img2873","1.0000","exact source match"
"440","MATCHED_EXACT","fragments/1829/02/22-img2873-left","1829-02-22","diary-1828-and-1829-and-jan-1830","img2873","1.0000","exact source match"
"441","MATCHED_EXACT","fragments/1829/02/23-img2873-left","1829-02-23","diary-1828-and-1829-and-jan-1830","img2873","1.0000","exact source match"
"442","MATCHED_EXACT","fragments/1829/02/24-img2873-left","1829-02-24","diary-1828-and-1829-and-jan-1830","img2873","1.0000","exact source match"
"443","MATCHED_EXACT","fragments/1829/02/25-img2873-right","1829-02-25","diary-1828-and-1829-and-jan-1830","img2873","1.0000","exact source match"
"444","MATCHED_EXACT","fragments/1829/02/26-img2873-right","1829-02-26","diary-1828-and-1829-and-jan-1830","img2873","1.0000","exact source match"
"445","MATCHED_EXACT","fragments/1829/02/27-img2873-right","1829-02-27","diary-1828-and-1829-and-jan-1830","img2873","1.0000","exact source match"
"446","MATCHED_EXACT","fragments/1829/02/28-img2873-right","1829-02-28","diary-1828-and-1829-and-jan-1830","img2873","1.0000","exact source match"
"447","MATCHED_EXACT","fragments/1829/03/01-img2874-left","1829-03-01","diary-1828-and-1829-and-jan-1830","img2874","1.0000","exact source match"
"448","MATCHED_EXACT","fragments/1829/03/02-img2874-left","1829-03-02","diary-1828-and-1829-and-jan-1830","img2874","1.0000","exact source match"
"449","MATCHED_EXACT","fragments/1829/03/03-img2874-left","1829-03-03","diary-1828-and-1829-and-jan-1830","img2874","1.0000","exact source match"
"450","MATCHED_EXACT","fragments/1829/03/04-img2874-left","1829-03-04","diary-1828-and-1829-and-jan-1830","img2874","1.0000","exact source match"
"451","MATCHED_EXACT","fragments/1829/03/05-img2874-left","1829-03-05","diary-1828-and-1829-and-jan-1830","img2874","1.0000","exact source match"
"452","MATCHED_EXACT","fragments/1829/03/06-img2874-right","1829-03-06","diary-1828-and-1829-and-jan-1830","img2874","1.0000","exact source match"
"453","MATCHED_EXACT","fragments/1829/03/07-img2874-right","1829-03-07","diary-1828-and-1829-and-jan-1830","img2874","1.0000","exact source match"
"454","MATCHED_EXACT","fragments/1829/03/08-img2874-right","1829-03-08","diary-1828-and-1829-and-jan-1830","img2874","1.0000","exact source match"
"455","MATCHED_EXACT","fragments/1829/03/09-img2874-right","1829-03-09","diary-1828-and-1829-and-jan-1830","img2874","1.0000","exact source match"
"456","MATCHED_EXACT","fragments/1829/03/10-img2874-right","1829-03-10","diary-1828-and-1829-and-jan-1830","img2874","1.0000","exact source match"
"457","MATCHED_EXACT","fragments/1829/03/11-img2875-left","1829-03-11","diary-1828-and-1829-and-jan-1830","img2875","1.0000","exact source match"
"458","MATCHED_EXACT","fragments/1829/03/12-img2875-left","1829-03-12","diary-1828-and-1829-and-jan-1830","img2875","1.0000","exact source match"
"459","MATCHED_EXACT","fragments/1829/03/13-img2875-left","1829-03-13","diary-1828-and-1829-and-jan-1830","img2875","1.0000","exact source match"
"460","MATCHED_EXACT","fragments/1829/03/14-img2875-left","1829-03-14","diary-1828-and-1829-and-jan-1830","img2875","1.0000","exact source match"
"461","MATCHED_EXACT","fragments/1829/03/15-img2875-left","1829-03-15","diary-1828-and-1829-and-jan-1830","img2875","1.0000","exact source match"
"462","MATCHED_EXACT","fragments/1829/03/16-img2875-left","1829-03-16","diary-1828-and-1829-and-jan-1830","img2875","1.0000","exact source match"
"463","MATCHED_EXACT","fragments/1829/03/17-img2875-right","1829-03-17","diary-1828-and-1829-and-jan-1830","img2875","1.0000","exact source match"
"464","MATCHED_EXACT","fragments/1829/03/18-img2875-right","1829-03-18","diary-1828-and-1829-and-jan-1830","img2875","1.0000","exact source match"
"465","MATCHED_EXACT","fragments/1829/03/19-img2875-right","1829-03-19","diary-1828-and-1829-and-jan-1830","img2875","1.0000","exact source match"
"466","MATCHED_EXACT","fragments/1829/03/20-img2876-left","1829-03-20","diary-1828-and-1829-and-jan-1830","img2876","1.0000","exact source match"
"467","MATCHED_EXACT","fragments/1829/03/21-img2876-left","1829-03-21","diary-1828-and-1829-and-jan-1830","img2876","1.0000","exact source match"
"468","MATCHED_EXACT","fragments/1829/03/22-img2876-left","1829-03-22","diary-1828-and-1829-and-jan-1830","img2876","1.0000","exact source match"
"469","MATCHED_EXACT","fragments/1829/03/23-img2876-left","1829-03-23","diary-1828-and-1829-and-jan-1830","img2876","1.0000","exact source match"
"470","MATCHED_EXACT","fragments/1829/03/24-img2876-right","1829-03-24","diary-1828-and-1829-and-jan-1830","img2876","1.0000","exact source match"
"471","MATCHED_EXACT","fragments/1829/03/25-img2876-right","1829-03-25","diary-1828-and-1829-and-jan-1830","img2876","1.0000","exact source match"
"472","MATCHED_EXACT","fragments/1829/03/26-img2876-right","1829-03-26","diary-1828-and-1829-and-jan-1830","img2876","1.0000","exact source match"
"473","MATCHED_EXACT","fragments/1829/03/27-img2876-right","1829-03-27","diary-1828-and-1829-and-jan-1830","img2876","1.0000","exact source match"
"474","MATCHED_EXACT","fragments/1829/03/28-img2876-right","1829-03-28","diary-1828-and-1829-and-jan-1830","img2876","1.0000","exact source match"
"475","MATCHED_EXACT","fragments/1829/03/29-img2876-right","1829-03-29","diary-1828-and-1829-and-jan-1830","img2876","1.0000","exact source match"
"476","MATCHED_EXACT","fragments/1829/03/30-img2877-left","1829-03-30","diary-1828-and-1829-and-jan-1830","img2877","1.0000","exact source match"
"477","MATCHED_EXACT","fragments/1829/03/31-img2877-left","1829-03-31","diary-1828-and-1829-and-jan-1830","img2877","1.0000","exact source match"
"478","MATCHED_EXACT","fragments/1829/04/01-img2877-left","1829-04-01","diary-1828-and-1829-and-jan-1830","img2877","1.0000","exact source match"
"479","MATCHED_EXACT","fragments/1829/04/02-img2877-left","1829-04-02","diary-1828-and-1829-and-jan-1830","img2877","1.0000","exact source match"
"480","MATCHED_EXACT","fragments/1829/04/03-img2877-left","1829-04-03","diary-1828-and-1829-and-jan-1830","img2877","1.0000","exact source match"
"481","MATCHED_EXACT","fragments/1829/04/04-img2877-right","1829-04-04","diary-1828-and-1829-and-jan-1830","img2877","1.0000","exact source match"
"482","MATCHED_EXACT","fragments/1829/04/05-img2877-right","1829-04-05","diary-1828-and-1829-and-jan-1830","img2877","1.0000","exact source match"
"483","MATCHED_EXACT","fragments/1829/04/06-img2877-right","1829-04-06","diary-1828-and-1829-and-jan-1830","img2877","1.0000","exact source match"
"484","MATCHED_EXACT","fragments/1829/04/07-img2877-right","1829-04-07","diary-1828-and-1829-and-jan-1830","img2877","1.0000","exact source match"
"485","MATCHED_EXACT","fragments/1829/04/08-img2877-right","1829-04-08","diary-1828-and-1829-and-jan-1830","img2877","1.0000","exact source match"
"486","MATCHED_EXACT","fragments/1829/04/09-img2878-left","1829-04-09","diary-1828-and-1829-and-jan-1830","img2878","1.0000","exact source match"
"487","MATCHED_EXACT","fragments/1829/04/10-img2878-left","1829-04-10","diary-1828-and-1829-and-jan-1830","img2878","1.0000","exact source match"
"488","MATCHED_EXACT","fragments/1829/04/11-img2878-left","1829-04-11","diary-1828-and-1829-and-jan-1830","img2878","1.0000","exact source match"
"489","MATCHED_EXACT","fragments/1829/04/12-img2878-left","1829-04-12","diary-1828-and-1829-and-jan-1830","img2878","1.0000","exact source match"
"490","MATCHED_EXACT","fragments/1829/04/13-img2878-right","1829-04-13","diary-1828-and-1829-and-jan-1830","img2878","1.0000","exact source match"
"491","MATCHED_EXACT","fragments/1829/04/14-img2878-right","1829-04-14","diary-1828-and-1829-and-jan-1830","img2878","1.0000","exact source match"
"492","MATCHED_EXACT","fragments/1829/04/15-img2878-right","1829-04-15","diary-1828-and-1829-and-jan-1830","img2878","1.0000","exact source match"
"493","AMBIGUOUS_CONTEXT","","1829-04-16","diary-1828-and-1829-and-jan-1830","img2878","1.0000","1 unmatched source rows and 2 unmatched database rows share the date and Page context"
"494","MATCHED_EXACT","fragments/1829/04/17-img2879-left","1829-04-17","diary-1828-and-1829-and-jan-1830","img2879","1.0000","exact source match"
"495","MATCHED_EXACT","fragments/1829/04/18-img2879-left","1829-04-18","diary-1828-and-1829-and-jan-1830","img2879","1.0000","exact source match"
"496","MATCHED_EXACT","fragments/1829/04/19-img2879-left","1829-04-19","diary-1828-and-1829-and-jan-1830","img2879","1.0000","exact source match"
"497","MATCHED_EXACT","fragments/1829/04/20-img2879-left","1829-04-20","diary-1828-and-1829-and-jan-1830","img2879","1.0000","exact source match"
"498","MATCHED_EXACT","fragments/1829/04/21-img2879-right","1829-04-21","diary-1828-and-1829-and-jan-1830","img2879","1.0000","exact source match"
"499","MATCHED_EXACT","fragments/1829/04/22-img2879-right","1829-04-22","diary-1828-and-1829-and-jan-1830","img2879","1.0000","exact source match"
"500","MATCHED_EXACT","fragments/1829/04/23-img2879-right","1829-04-23","diary-1828-and-1829-and-jan-1830","img2879","1.0000","exact source match"
"501","MATCHED_EXACT","fragments/1829/04/24-img2879-right","1829-04-24","diary-1828-and-1829-and-jan-1830","img2879","1.0000","exact source match"
"502","MATCHED_EXACT","fragments/1829/04/25-img2880-left","1829-04-25","diary-1828-and-1829-and-jan-1830","img2880","1.0000","exact source match"
"503","MATCHED_EXACT","fragments/1829/04/26-img2880-left","1829-04-26","diary-1828-and-1829-and-jan-1830","img2880","1.0000","exact source match"
"504","MATCHED_EXACT","fragments/1829/04/27-img2880-left","1829-04-27","diary-1828-and-1829-and-jan-1830","img2880","1.0000","exact source match"
"505","MATCHED_EXACT","fragments/1829/04/28-img2880-left","1829-04-28","diary-1828-and-1829-and-jan-1830","img2880","1.0000","exact source match"
"506","MATCHED_EXACT","fragments/1829/04/29-img2880-right","1829-04-29","diary-1828-and-1829-and-jan-1830","img2880","1.0000","exact source match"
"507","MATCHED_EXACT","fragments/1829/04/30-img2880-right","1829-04-30","diary-1828-and-1829-and-jan-1830","img2880","1.0000","exact source match"
"508","MATCHED_EXACT","fragments/1829/05/01-img2880-right","1829-05-01","diary-1828-and-1829-and-jan-1830","img2880","1.0000","exact source match"
"509","MATCHED_EXACT","fragments/1829/05/02-img2880-right","1829-05-02","diary-1828-and-1829-and-jan-1830","img2880","1.0000","exact source match"
"510","MATCHED_EXACT","fragments/1829/05/03-img2880-right","1829-05-03","diary-1828-and-1829-and-jan-1830","img2880","1.0000","exact source match"
"511","MATCHED_EXACT","fragments/1829/05/04-img2881-left","1829-05-04","diary-1828-and-1829-and-jan-1830","img2881","1.0000","exact source match"
"512","MATCHED_EXACT","fragments/1829/05/05-img2881-left","1829-05-05","diary-1828-and-1829-and-jan-1830","img2881","1.0000","exact source match"
"513","MATCHED_EXACT","fragments/1829/05/06-img2881-left","1829-05-06","diary-1828-and-1829-and-jan-1830","img2881","1.0000","exact source match"
"514","MATCHED_EXACT","fragments/1829/05/07-img2881-left","1829-05-07","diary-1828-and-1829-and-jan-1830","img2881","1.0000","exact source match"
"515","MATCHED_EXACT","fragments/1829/05/08-img2881-left","1829-05-08","diary-1828-and-1829-and-jan-1830","img2881","1.0000","exact source match"
"516","MATCHED_EXACT","fragments/1829/05/09-img2881-right","1829-05-09","diary-1828-and-1829-and-jan-1830","img2881","1.0000","exact source match"
"517","MATCHED_EXACT","fragments/1829/05/10-img2881-right","1829-05-10","diary-1828-and-1829-and-jan-1830","img2881","1.0000","exact source match"
"518","MATCHED_EXACT","fragments/1829/05/11-img2881-right","1829-05-11","diary-1828-and-1829-and-jan-1830","img2881","1.0000","exact source match"
"519","MATCHED_EXACT","fragments/1829/05/12-img2881-right","1829-05-12","diary-1828-and-1829-and-jan-1830","img2881","1.0000","exact source match"
"520","MATCHED_EXACT","fragments/1829/05/13-img2882-left","1829-05-13","diary-1828-and-1829-and-jan-1830","img2882","1.0000","exact source match"
"521","MATCHED_EXACT","fragments/1829/05/14-img2882-left","1829-05-14","diary-1828-and-1829-and-jan-1830","img2882","1.0000","exact source match"
"522","MATCHED_EXACT","fragments/1829/05/15-img2882-left","1829-05-15","diary-1828-and-1829-and-jan-1830","img2882","1.0000","exact source match"
"523","MATCHED_EXACT","fragments/1829/05/16-img2882-left","1829-05-16","diary-1828-and-1829-and-jan-1830","img2882","1.0000","exact source match"
"524","MATCHED_EXACT","fragments/1829/05/17-img2882-left","1829-05-17","diary-1828-and-1829-and-jan-1830","img2882","1.0000","exact source match"
"525","MATCHED_EXACT","fragments/1829/05/18-img2882-right","1829-05-18","diary-1828-and-1829-and-jan-1830","img2882","1.0000","exact source match"
"526","MATCHED_EXACT","fragments/1829/05/19-img2882-right","1829-05-19","diary-1828-and-1829-and-jan-1830","img2882","1.0000","exact source match"
"527","MATCHED_EXACT","fragments/1829/05/20-img2882-right","1829-05-20","diary-1828-and-1829-and-jan-1830","img2882","1.0000","exact source match"
"528","MATCHED_EXACT","fragments/1829/05/21-img2882-right","1829-05-21","diary-1828-and-1829-and-jan-1830","img2882","1.0000","exact source match"
"529","MATCHED_EXACT","fragments/1829/05/22-img2883-left","1829-05-22","diary-1828-and-1829-and-jan-1830","img2883","1.0000","exact source match"
"530","MATCHED_EXACT","fragments/1829/05/23-img2883-left","1829-05-23","diary-1828-and-1829-and-jan-1830","img2883","1.0000","exact source match"
"531","MATCHED_EXACT","fragments/1829/05/24-img2883-left","1829-05-24","diary-1828-and-1829-and-jan-1830","img2883","1.0000","exact source match"
"532","MATCHED_EXACT","fragments/1829/05/25-img2883-right","1829-05-25","diary-1828-and-1829-and-jan-1830","img2883","1.0000","exact source match"
"533","MATCHED_EXACT","fragments/1829/05/26-img2883-right","1829-05-26","diary-1828-and-1829-and-jan-1830","img2883","1.0000","exact source match"
"534","MATCHED_EXACT","fragments/1829/05/27-img2883-right","1829-05-27","diary-1828-and-1829-and-jan-1830","img2883","1.0000","exact source match"
"535","MATCHED_EXACT","fragments/1829/05/28-img2883-right","1829-05-28","diary-1828-and-1829-and-jan-1830","img2883","1.0000","exact source match"
"536","MATCHED_EXACT","fragments/1829/05/29-img2884-left","1829-05-29","diary-1828-and-1829-and-jan-1830","img2884","1.0000","exact source match"
"537","MATCHED_EXACT","fragments/1829/05/30-img2884-left","1829-05-30","diary-1828-and-1829-and-jan-1830","img2884","1.0000","exact source match"
"538","MATCHED_EXACT","fragments/1829/05/31-img2884-left","1829-05-31","diary-1828-and-1829-and-jan-1830","img2884","1.0000","exact source match"
"539","MATCHED_EXACT","fragments/1829/06/01-img2884-right","1829-06-01","diary-1828-and-1829-and-jan-1830","img2884","1.0000","exact source match"
"540","MATCHED_EXACT","fragments/1829/06/02-img2884-right","1829-06-02","diary-1828-and-1829-and-jan-1830","img2884","1.0000","exact source match"
"541","MATCHED_EXACT","fragments/1829/06/03-img2884-right","1829-06-03","diary-1828-and-1829-and-jan-1830","img2884","1.0000","exact source match"
"542","MATCHED_EXACT","fragments/1829/06/03-img2898-left","1829-06-03","diary-1828-and-1829-and-jan-1830","img2898","2.0000","exact source match"
"543","MATCHED_EXACT","fragments/1829/06/04-img2884-right","1829-06-04","diary-1828-and-1829-and-jan-1830","img2884","1.0000","exact source match"
"544","MATCHED_EXACT","fragments/1829/06/05-b1-img2885-image-baltic-map","1829-06-05","","","1.0000","exact source match"
"545","MATCHED_EXACT","fragments/1829/06/05-b2-img2885-image-copenhagen-large-map","1829-06-05","","","2.0000","exact source match"
"546","MATCHED_EXACT","fragments/1829/06/05-b3-img2885-image-copenhagen-map","1829-06-05","","","3.0000","exact source match"
"547","MATCHED_EXACT","fragments/1829/06/05-b4-img2891-image-copenhagen-east","1829-06-05","","","4.0000","exact source match"
"548","MATCHED_EXACT","fragments/1829/06/05-img2885-left","1829-06-05","diary-1828-and-1829-and-jan-1830","img2885","5.0000","exact source match"
"549","MATCHED_EXACT","fragments/1829/06/06-img2885-left","1829-06-06","diary-1828-and-1829-and-jan-1830","img2885","1.0000","exact source match"
"550","MATCHED_EXACT","fragments/1829/06/07-img2885-left","1829-06-07","diary-1828-and-1829-and-jan-1830","img2885","1.0000","exact source match"
"551","MATCHED_EXACT","fragments/1829/06/08-img2885-left","1829-06-08","diary-1828-and-1829-and-jan-1830","img2885","2.0000","exact source match"
"552","MATCHED_EXACT","fragments/1829/06/09-img2885-right","1829-06-09","diary-1828-and-1829-and-jan-1830","img2885","1.0000","exact source match"
"553","MATCHED_EXACT","fragments/1829/06/10-img2885-right","1829-06-10","diary-1828-and-1829-and-jan-1830","img2885","1.0000","exact source match"
"554","MATCHED_EXACT","fragments/1829/06/11-img2886-left","1829-06-11","diary-1828-and-1829-and-jan-1830","img2886","1.0000","exact source match"
"555","MATCHED_EXACT","fragments/1829/06/12-img2886-left","1829-06-12","diary-1828-and-1829-and-jan-1830","img2886","1.0000","exact source match"
"556","MATCHED_EXACT","fragments/1829/06/13-img2886-right","1829-06-13","diary-1828-and-1829-and-jan-1830","img2886","1.0000","exact source match"
"557","MATCHED_EXACT","fragments/1829/06/14-img2887-left","1829-06-14","diary-1828-and-1829-and-jan-1830","img2887","1.0000","exact source match"
"558","MATCHED_EXACT","fragments/1829/06/15-img2887-right","1829-06-15","diary-1828-and-1829-and-jan-1830","img2887","1.0000","exact source match"
"559","MATCHED_EXACT","fragments/1829/06/16-img2887-right","1829-06-16","diary-1828-and-1829-and-jan-1830","img2887","1.0000","exact source match"
"560","MATCHED_EXACT","fragments/1829/06/16-img2888-left","1829-06-16","diary-1828-and-1829-and-jan-1830","img2888","2.0000","exact source match"
"561","MATCHED_EXACT","fragments/1829/06/17-img2888-left","1829-06-17","diary-1828-and-1829-and-jan-1830","img2888","1.0000","exact source match"
"562","MATCHED_EXACT","fragments/1829/06/18-img2888-right","1829-06-18","diary-1828-and-1829-and-jan-1830","img2888","1.0000","exact source match"
"563","MATCHED_EXACT","fragments/1829/06/18-img2889-left","1829-06-18","diary-1828-and-1829-and-jan-1830","img2889","2.0000","exact source match"
"564","MATCHED_EXACT","fragments/1829/06/19-img2889-left","1829-06-19","diary-1828-and-1829-and-jan-1830","img2889","1.0000","exact source match"
"565","MATCHED_EXACT","fragments/1829/06/20-dem-img2885-petersburg-voyage-commences","1829-06-20","","","5.0000","exact source match"
"566","POSSIBLE_EDITED_MATCH","fragments/1829/06/20-img2889-right","1829-06-20","diary-1828-and-1829-and-jan-1830","img2889","1.0000","only remaining row with the same date and Page context; HTML differs and review is required"
"567","AMBIGUOUS_CONTEXT","","1829-06-20","diary-1828-and-1829-and-jan-1830","img2890","3.0000","2 unmatched source rows and 2 unmatched database rows share the date and Page context"
"568","POSSIBLE_EDITED_MATCH","fragments/1829/06/20-img2891-left","1829-06-20","diary-1828-and-1829-and-jan-1830","img2891","4.0000","only remaining row with the same date and Page context; HTML differs and review is required"
"569","MATCHED_EXACT","fragments/1829/06/21-img2891-right","1829-06-21","diary-1828-and-1829-and-jan-1830","img2891","1.0000","exact source match"
"570","MATCHED_EXACT","fragments/1829/06/22-img2891-right","1829-06-22","diary-1828-and-1829-and-jan-1830","img2891","1.0000","exact source match"
"571","MATCHED_EXACT","fragments/1829/06/23-img2891-right","1829-06-23","diary-1828-and-1829-and-jan-1830","img2891","1.0000","exact source match"
"572","MATCHED_EXACT","fragments/1829/06/23-img2892-left","1829-06-23","diary-1828-and-1829-and-jan-1830","img2892","2.0000","exact source match"
"573","MATCHED_EXACT","fragments/1829/06/24-img2892-left","1829-06-24","diary-1828-and-1829-and-jan-1830","img2892","1.0000","exact source match"
"574","AMBIGUOUS_CONTEXT","","1829-06-25","diary-1828-and-1829-and-jan-1830","img2892","2.0000","2 unmatched source rows and 2 unmatched database rows share the date and Page context"
"575","MATCHED_EXACT","fragments/1829/06/26-b3-img2892-image-baltic","1829-06-26","","","1.0000","exact source match"
"576","MATCHED_EXACT","fragments/1829/06/26-img2892-right","1829-06-26","diary-1828-and-1829-and-jan-1830","img2892","2.0000","exact source match"
"577","POSSIBLE_EDITED_MATCH","fragments/1829/06/26-img2893-left","1829-06-26","diary-1828-and-1829-and-jan-1830","img2893","3.0000","only remaining row with the same date and Page context; HTML differs and review is required"
"578","MATCHED_EXACT","fragments/1829/06/27-b3-img2893-image-kopu-lighthouse","1829-06-27","","","1.0000","exact source match"
"579","MATCHED_EXACT","fragments/1829/06/27-img2893-left","1829-06-27","diary-1828-and-1829-and-jan-1830","img2893","2.0000","exact source match"
"580","MATCHED_EXACT","fragments/1829/06/28-img2893-right","1829-06-28","diary-1828-and-1829-and-jan-1830","img2893","1.0000","exact source match"
"581","MATCHED_EXACT","fragments/1829/06/29-img2894-left","1829-06-29","diary-1828-and-1829-and-jan-1830","img2894","1.0000","exact source match"
"582","MATCHED_EXACT","fragments/1829/06/30-img2894-right","1829-06-30","diary-1828-and-1829-and-jan-1830","img2894","1.0000","exact source match"
"583","MATCHED_EXACT","fragments/1829/06/30-img2895-left","1829-06-30","diary-1828-and-1829-and-jan-1830","img2895","2.0000","exact source match"
"584","MATCHED_EXACT","fragments/1829/07/01-img2895-right","1829-07-01","diary-1828-and-1829-and-jan-1830","img2895","1.0000","exact source match"
"585","MATCHED_EXACT","fragments/1829/07/01-img2896-left","1829-07-01","diary-1828-and-1829-and-jan-1830","img2896","2.0000","exact source match"
"586","MATCHED_EXACT","fragments/1829/07/02-img2896-left","1829-07-02","diary-1828-and-1829-and-jan-1830","img2896","1.0000","exact source match"
"587","MATCHED_EXACT","fragments/1829/07/02-img2897-left","1829-07-02","diary-1828-and-1829-and-jan-1830","img2897","2.0000","exact source match"
"588","MATCHED_EXACT","fragments/1829/07/03-img2897-right","1829-07-03","diary-1828-and-1829-and-jan-1830","img2897","1.0000","exact source match"
"589","MATCHED_EXACT","fragments/1829/07/04-img2898-right","1829-07-04","diary-1828-and-1829-and-jan-1830","img2898","1.0000","exact source match"
"590","MATCHED_EXACT","fragments/1829/07/04-img2899-left","1829-07-04","diary-1828-and-1829-and-jan-1830","img2899","2.0000","exact source match"
"591","MATCHED_EXACT","fragments/1829/07/05-img2899-left","1829-07-05","diary-1828-and-1829-and-jan-1830","img2899","1.0000","exact source match"
"592","MATCHED_EXACT","fragments/1829/07/06-img2899-right","1829-07-06","diary-1828-and-1829-and-jan-1830","img2899","1.0000","exact source match"
"593","MATCHED_EXACT","fragments/1829/07/07-b1-img2900-peter-and-paul-cathedral-st-petersburg","1829-07-07","","","1.0000","exact source match"
"594","MATCHED_EXACT","fragments/1829/07/07-b2-img2900-st-petersburg-map","1829-07-07","","","2.0000","exact source match"
"595","MATCHED_EXACT","fragments/1829/07/07-b3-img2900-st-petersburg-map-large","1829-07-07","","","3.0000","exact source match"
"596","MATCHED_EXACT","fragments/1829/07/07-b4-img2900-room-plan","1829-07-07","","","4.0000","exact source match"
"597","MATCHED_EXACT","fragments/1829/07/07-img2900-left","1829-07-07","diary-1828-and-1829-and-jan-1830","img2900","5.0000","exact source match"
"598","MATCHED_EXACT","fragments/1829/07/08-b1-img2900-hermitage-3","1829-07-08","","","1.0000","exact source match"
"599","MATCHED_EXACT","fragments/1829/07/08-b2-img2900-hermitage-2","1829-07-08","","","2.0000","exact source match"
"600","MATCHED_EXACT","fragments/1829/07/08-b3-img2900-hermitage-1","1829-07-08","","","3.0000","exact source match"
"601","MATCHED_EXACT","fragments/1829/07/08-img2900-right","1829-07-08","diary-1828-and-1829-and-jan-1830","img2900","4.0000","exact source match"
"602","MATCHED_EXACT","fragments/1829/07/08-img2901-left","1829-07-08","diary-1828-and-1829-and-jan-1830","img2901","5.0000","exact source match"
"603","MATCHED_EXACT","fragments/1829/07/09-img2901-right","1829-07-09","diary-1828-and-1829-and-jan-1830","img2901","1.0000","exact source match"
"604","MATCHED_EXACT","fragments/1829/07/09-img2902-left","1829-07-09","diary-1828-and-1829-and-jan-1830","img2902","2.0000","exact source match"
"605","MATCHED_EXACT","fragments/1829/07/10-img2903-left","1829-07-10","diary-1828-and-1829-and-jan-1830","img2903","1.0000","exact source match"
"606","MATCHED_EXACT","fragments/1829/07/11-b3-img2903-st-isaac-church","1829-07-11","","","1.0000","exact source match"
"607","MATCHED_EXACT","fragments/1829/07/11-img2903-left","1829-07-11","diary-1828-and-1829-and-jan-1830","img2903","2.0000","exact source match"
"608","MATCHED_EXACT","fragments/1829/07/12-img2903-right","1829-07-12","diary-1828-and-1829-and-jan-1830","img2903","1.0000","exact source match"
"609","MATCHED_EXACT","fragments/1829/07/13-img2903-right","1829-07-13","diary-1828-and-1829-and-jan-1830","img2903","1.0000","exact source match"
"610","MATCHED_EXACT","fragments/1829/07/13-img2904-left","1829-07-13","diary-1828-and-1829-and-jan-1830","img2904","2.0000","exact source match"
"611","MATCHED_EXACT","fragments/1829/07/14-b1-img2904-monastery-alexander-nevsky-lavra-1","1829-07-14","","","1.0000","exact source match"
"612","MATCHED_EXACT","fragments/1829/07/14-b2-img2904-monastery-alexander-nevsky-lavra-2","1829-07-14","","","2.0000","exact source match"
"613","MATCHED_EXACT","fragments/1829/07/14-b3-img2904-monastery-alexander-nevsky-lavra-3","1829-07-14","","","3.0000","exact source match"
"614","MATCHED_EXACT","fragments/1829/07/14-img2904-right","1829-07-14","diary-1828-and-1829-and-jan-1830","img2904","4.0000","exact source match"
"615","MATCHED_EXACT","fragments/1829/07/14-img2905-left","1829-07-14","diary-1828-and-1829-and-jan-1830","img2905","5.0000","exact source match"
"616","MATCHED_EXACT","fragments/1829/07/15-img2905-left","1829-07-15","diary-1828-and-1829-and-jan-1830","img2905","1.0000","exact source match"
"617","MATCHED_EXACT","fragments/1829/07/16-img2906-left","1829-07-16","diary-1828-and-1829-and-jan-1830","img2906","1.0000","exact source match"
"618","MATCHED_EXACT","fragments/1829/07/17-img2906-right","1829-07-17","diary-1828-and-1829-and-jan-1830","img2906","1.0000","exact source match"
"619","MATCHED_EXACT","fragments/1829/07/17-img2907-left","1829-07-17","diary-1828-and-1829-and-jan-1830","img2907","2.0000","exact source match"
"620","MATCHED_EXACT","fragments/1829/07/18-img2907-left","1829-07-18","diary-1828-and-1829-and-jan-1830","img2907","1.0000","exact source match"
"621","MATCHED_EXACT","fragments/1829/07/19-img2907-right","1829-07-19","diary-1828-and-1829-and-jan-1830","img2907","1.0000","exact source match"
"622","MATCHED_EXACT","fragments/1829/07/20-img2907-right","1829-07-20","diary-1828-and-1829-and-jan-1830","img2907","1.0000","exact source match"
"623","MATCHED_EXACT","fragments/1829/07/21-img2908-left","1829-07-21","diary-1828-and-1829-and-jan-1830","img2908","1.0000","exact source match"
"624","MATCHED_EXACT","fragments/1829/07/22-img2908-left","1829-07-22","diary-1828-and-1829-and-jan-1830","img2908","1.0000","exact source match"
"625","MATCHED_EXACT","fragments/1829/07/23-img2908-left","1829-07-23","diary-1828-and-1829-and-jan-1830","img2908","1.0000","exact source match"
"626","MATCHED_EXACT","fragments/1829/07/24-img2908-right","1829-07-24","diary-1828-and-1829-and-jan-1830","img2908","1.0000","exact source match"
"627","MATCHED_EXACT","fragments/1829/07/25-img2908-right","1829-07-25","diary-1828-and-1829-and-jan-1830","img2908","1.0000","exact source match"
"628","MATCHED_EXACT","fragments/1829/07/25-img2909-left","1829-07-25","diary-1828-and-1829-and-jan-1830","img2909","2.0000","exact source match"
"629","MATCHED_EXACT","fragments/1829/07/26-img2909-left","1829-07-26","diary-1828-and-1829-and-jan-1830","img2909","1.0000","exact source match"
"630","MATCHED_EXACT","fragments/1829/07/27-img2909-left","1829-07-27","diary-1828-and-1829-and-jan-1830","img2909","1.0000","exact source match"
"631","MATCHED_EXACT","fragments/1829/07/28-img2909-right","1829-07-28","diary-1828-and-1829-and-jan-1830","img2909","1.0000","exact source match"
"632","MATCHED_EXACT","fragments/1829/07/29-b1-img2910-roderick-random-and-peregrine-pickle-1","1829-07-29","","","1.0000","exact source match"
"633","MATCHED_EXACT","fragments/1829/07/29-b2-img2910-roderick-random-and-peregrine-pickle-2","1829-07-29","","","2.0000","exact source match"
"634","MATCHED_EXACT","fragments/1829/07/29-img2909-right","1829-07-29","diary-1828-and-1829-and-jan-1830","img2909","3.0000","exact source match"
"635","MATCHED_EXACT","fragments/1829/07/30-img2909-right","1829-07-30","diary-1828-and-1829-and-jan-1830","img2909","1.0000","exact source match"
"636","MATCHED_EXACT","fragments/1829/07/30-img2910-left","1829-07-30","diary-1828-and-1829-and-jan-1830","img2910","2.0000","exact source match"
"637","MATCHED_EXACT","fragments/1829/07/31-img2910-left","1829-07-31","diary-1828-and-1829-and-jan-1830","img2910","1.0000","exact source match"
"638","MATCHED_EXACT","fragments/1829/08/01-img2910-left","1829-08-01","diary-1828-and-1829-and-jan-1830","img2910","1.0000","exact source match"
"639","MATCHED_EXACT","fragments/1829/08/02-img2910-right","1829-08-02","diary-1828-and-1829-and-jan-1830","img2910","1.0000","exact source match"
"640","MATCHED_EXACT","fragments/1829/08/03-img2910-right","1829-08-03","diary-1828-and-1829-and-jan-1830","img2910","1.0000","exact source match"
"641","MATCHED_EXACT","fragments/1829/08/04-img2911-left","1829-08-04","diary-1828-and-1829-and-jan-1830","img2911","1.0000","exact source match"
"642","MATCHED_EXACT","fragments/1829/08/05-img2911-left","1829-08-05","diary-1828-and-1829-and-jan-1830","img2911","1.0000","exact source match"
"643","MATCHED_EXACT","fragments/1829/08/06-img2911-right","1829-08-06","diary-1828-and-1829-and-jan-1830","img2911","1.0000","exact source match"
"644","MATCHED_EXACT","fragments/1829/08/07-img2912-left","1829-08-07","diary-1828-and-1829-and-jan-1830","img2912","1.0000","exact source match"
"645","MATCHED_EXACT","fragments/1829/08/08-img2912-left","1829-08-08","diary-1828-and-1829-and-jan-1830","img2912","1.0000","exact source match"
"646","MATCHED_EXACT","fragments/1829/08/09-img2912-right","1829-08-09","diary-1828-and-1829-and-jan-1830","img2912","1.0000","exact source match"
"647","MATCHED_EXACT","fragments/1829/08/10-img2912-right","1829-08-10","diary-1828-and-1829-and-jan-1830","img2912","1.0000","exact source match"
"648","MATCHED_EXACT","fragments/1829/08/11-img2912-right","1829-08-11","diary-1828-and-1829-and-jan-1830","img2912","1.0000","exact source match"
"649","MATCHED_EXACT","fragments/1829/08/11-img2913-left","1829-08-11","diary-1828-and-1829-and-jan-1830","img2913","2.0000","exact source match"
"650","MATCHED_EXACT","fragments/1829/08/12-img2913-left","1829-08-12","diary-1828-and-1829-and-jan-1830","img2913","1.0000","exact source match"
"651","MATCHED_EXACT","fragments/1829/08/13-img2913-right","1829-08-13","diary-1828-and-1829-and-jan-1830","img2913","1.0000","exact source match"
"652","MATCHED_EXACT","fragments/1829/08/14-img2913-right","1829-08-14","diary-1828-and-1829-and-jan-1830","img2913","1.0000","exact source match"
"653","MATCHED_EXACT","fragments/1829/08/14-img2914-left","1829-08-14","diary-1828-and-1829-and-jan-1830","img2914","2.0000","exact source match"
"654","MATCHED_EXACT","fragments/1829/08/15-img2914-left","1829-08-15","diary-1828-and-1829-and-jan-1830","img2914","1.0000","exact source match"
"655","MATCHED_EXACT","fragments/1829/08/16-img2914-right","1829-08-16","diary-1828-and-1829-and-jan-1830","img2914","1.0000","exact source match"
"656","MATCHED_EXACT","fragments/1829/08/17-img2914-right","1829-08-17","diary-1828-and-1829-and-jan-1830","img2914","1.0000","exact source match"
"657","MATCHED_EXACT","fragments/1829/08/17-img2915-left","1829-08-17","diary-1828-and-1829-and-jan-1830","img2915","2.0000","exact source match"
"658","MATCHED_EXACT","fragments/1829/08/18-img2915-left","1829-08-18","diary-1828-and-1829-and-jan-1830","img2915","1.0000","exact source match"
"659","MATCHED_EXACT","fragments/1829/08/19-img2915-left","1829-08-19","diary-1828-and-1829-and-jan-1830","img2915","1.0000","exact source match"
"660","MATCHED_EXACT","fragments/1829/08/20-img2915-left","1829-08-20","diary-1828-and-1829-and-jan-1830","img2915","1.0000","exact source match"
"661","MATCHED_EXACT","fragments/1829/08/21-img2915-right","1829-08-21","diary-1828-and-1829-and-jan-1830","img2915","1.0000","exact source match"
"662","MATCHED_EXACT","fragments/1829/08/22-img2916-left","1829-08-22","diary-1828-and-1829-and-jan-1830","img2916","1.0000","exact source match"
"663","MATCHED_EXACT","fragments/1829/08/23-img2916-right","1829-08-23","diary-1828-and-1829-and-jan-1830","img2916","1.0000","exact source match"
"664","MATCHED_EXACT","fragments/1829/08/23-img2917-left","1829-08-23","diary-1828-and-1829-and-jan-1830","img2917","2.0000","exact source match"
"665","MATCHED_EXACT","fragments/1829/08/24-img2917-left","1829-08-24","diary-1828-and-1829-and-jan-1830","img2917","1.0000","exact source match"
"666","MATCHED_EXACT","fragments/1829/08/25-img2917-right","1829-08-25","diary-1828-and-1829-and-jan-1830","img2917","1.0000","exact source match"
"667","MATCHED_EXACT","fragments/1829/08/26-img2917-right","1829-08-26","diary-1828-and-1829-and-jan-1830","img2917","1.0000","exact source match"
"668","MATCHED_EXACT","fragments/1829/08/26-img2918-left","1829-08-26","diary-1828-and-1829-and-jan-1830","img2918","2.0000","exact source match"
"669","MATCHED_EXACT","fragments/1829/08/27-img2918-left","1829-08-27","diary-1828-and-1829-and-jan-1830","img2918","1.0000","exact source match"
"670","MATCHED_EXACT","fragments/1829/08/28-img2918-left","1829-08-28","diary-1828-and-1829-and-jan-1830","img2918","1.0000","exact source match"
"671","MATCHED_EXACT","fragments/1829/08/29-img2918-right","1829-08-29","diary-1828-and-1829-and-jan-1830","img2918","1.0000","exact source match"
"672","MATCHED_EXACT","fragments/1829/08/29-img2919-left","1829-08-29","diary-1828-and-1829-and-jan-1830","img2919","2.0000","exact source match"
"673","MATCHED_EXACT","fragments/1829/08/30-img2919-left","1829-08-30","diary-1828-and-1829-and-jan-1830","img2919","1.0000","exact source match"
"674","MATCHED_EXACT","fragments/1829/08/31-img2919-right","1829-08-31","diary-1828-and-1829-and-jan-1830","img2919","1.0000","exact source match"
"675","MATCHED_EXACT","fragments/1829/09/01-img2919-right","1829-09-01","diary-1828-and-1829-and-jan-1830","img2919","1.0000","exact source match"
"676","MATCHED_EXACT","fragments/1829/09/02-img2919-right","1829-09-02","diary-1828-and-1829-and-jan-1830","img2919","1.0000","exact source match"
"677","MATCHED_EXACT","fragments/1829/09/03-img2920-left","1829-09-03","diary-1828-and-1829-and-jan-1830","img2920","1.0000","exact source match"
"678","MATCHED_EXACT","fragments/1829/09/04-img2920-left","1829-09-04","diary-1828-and-1829-and-jan-1830","img2920","1.0000","exact source match"
"679","MATCHED_EXACT","fragments/1829/09/05-b1-img2920-image-map-london","1829-09-05","","","1.0000","exact source match"
"680","MATCHED_EXACT","fragments/1829/09/05-b2-img2920-bugsbys-hole","1829-09-05","","","2.0000","exact source match"
"681","MATCHED_EXACT","fragments/1829/09/05-img2920-left","1829-09-05","diary-1828-and-1829-and-jan-1830","img2920","3.0000","exact source match"
"682","MATCHED_EXACT","fragments/1829/09/06-img2920-left","1829-09-06","diary-1828-and-1829-and-jan-1830","img2920","1.0000","exact source match"
"683","MATCHED_EXACT","fragments/1829/09/07-b2-img2920-the-cock-fleet-street-london","1829-09-07","","","1.0000","exact source match"
"684","MATCHED_EXACT","fragments/1829/09/07-b3-img2920-the-white-horse-fetter-lane-london","1829-09-07","","","2.0000","exact source match"
"685","MATCHED_EXACT","fragments/1829/09/07-img2920-right","1829-09-07","diary-1828-and-1829-and-jan-1830","img2920","3.0000","exact source match"
"686","MATCHED_EXACT","fragments/1829/09/08-img2920-right","1829-09-08","diary-1828-and-1829-and-jan-1830","img2920","1.0000","exact source match"
"687","MATCHED_EXACT","fragments/1829/09/08-img2921-left","1829-09-08","diary-1828-and-1829-and-jan-1830","img2921","2.0000","exact source match"
"688","MATCHED_EXACT","fragments/1829/09/09-img2921-left","1829-09-09","diary-1828-and-1829-and-jan-1830","img2921","1.0000","exact source match"
"689","MATCHED_EXACT","fragments/1829/09/10-img2921-left","1829-09-10","diary-1828-and-1829-and-jan-1830","img2921","1.0000","exact source match"
"690","MATCHED_EXACT","fragments/1829/09/11-img2921-left","1829-09-11","diary-1828-and-1829-and-jan-1830","img2921","1.0000","exact source match"
"691","MATCHED_EXACT","fragments/1829/09/12-img2921-right","1829-09-12","diary-1828-and-1829-and-jan-1830","img2921","1.0000","exact source match"
"692","MATCHED_EXACT","fragments/1829/09/13-img2922-left","1829-09-13","diary-1828-and-1829-and-jan-1830","img2922","1.0000","exact source match"
"693","MATCHED_EXACT","fragments/1829/09/14-img2922-left","1829-09-14","diary-1828-and-1829-and-jan-1830","img2922","1.0000","exact source match"
"694","MATCHED_EXACT","fragments/1829/09/15-img2922-right","1829-09-15","diary-1828-and-1829-and-jan-1830","img2922","1.0000","exact source match"
"695","MATCHED_EXACT","fragments/1829/09/16-img2922-right","1829-09-16","diary-1828-and-1829-and-jan-1830","img2922","1.0000","exact source match"
"696","MATCHED_EXACT","fragments/1829/09/16-img2923-left","1829-09-16","diary-1828-and-1829-and-jan-1830","img2923","2.0000","exact source match"
"697","MATCHED_EXACT","fragments/1829/09/17-img2923-left","1829-09-17","diary-1828-and-1829-and-jan-1830","img2923","1.0000","exact source match"
"698","MATCHED_EXACT","fragments/1829/09/18-img2923-left","1829-09-18","diary-1828-and-1829-and-jan-1830","img2923","1.0000","exact source match"
"699","MATCHED_EXACT","fragments/1829/09/19-img2923-right","1829-09-19","diary-1828-and-1829-and-jan-1830","img2923","1.0000","exact source match"
"700","MATCHED_EXACT","fragments/1829/09/20-img2923-right","1829-09-20","diary-1828-and-1829-and-jan-1830","img2923","1.0000","exact source match"
"701","MATCHED_EXACT","fragments/1829/09/21-img2924-left","1829-09-21","diary-1828-and-1829-and-jan-1830","img2924","1.0000","exact source match"
"702","MATCHED_EXACT","fragments/1829/09/22-img2924-left","1829-09-22","diary-1828-and-1829-and-jan-1830","img2924","1.0000","exact source match"
"703","MATCHED_EXACT","fragments/1829/09/23-img2924-right","1829-09-23","diary-1828-and-1829-and-jan-1830","img2924","1.0000","exact source match"
"704","MATCHED_EXACT","fragments/1829/09/24-img2924-right","1829-09-24","diary-1828-and-1829-and-jan-1830","img2924","1.0000","exact source match"
"705","MATCHED_EXACT","fragments/1829/09/25-img2924-right","1829-09-25","diary-1828-and-1829-and-jan-1830","img2924","1.0000","exact source match"
"706","MATCHED_EXACT","fragments/1829/09/26-img2925-left","1829-09-26","diary-1828-and-1829-and-jan-1830","img2925","1.0000","exact source match"
"707","MATCHED_EXACT","fragments/1829/09/27-img2925-left","1829-09-27","diary-1828-and-1829-and-jan-1830","img2925","1.0000","exact source match"
"708","MATCHED_EXACT","fragments/1829/09/28-img2925-left","1829-09-28","diary-1828-and-1829-and-jan-1830","img2925","1.0000","exact source match"
"709","MATCHED_EXACT","fragments/1829/09/29-img2925-left","1829-09-29","diary-1828-and-1829-and-jan-1830","img2925","1.0000","exact source match"
"710","MATCHED_EXACT","fragments/1829/09/30-img2925-left","1829-09-30","diary-1828-and-1829-and-jan-1830","img2925","1.0000","exact source match"
"711","MATCHED_EXACT","fragments/1829/10/01-img2925-right","1829-10-01","diary-1828-and-1829-and-jan-1830","img2925","1.0000","exact source match"
"712","MATCHED_EXACT","fragments/1829/10/02-img2925-right","1829-10-02","diary-1828-and-1829-and-jan-1830","img2925","1.0000","exact source match"
"713","MATCHED_EXACT","fragments/1829/10/03-img2925-right","1829-10-03","diary-1828-and-1829-and-jan-1830","img2925","1.0000","exact source match"
"714","MATCHED_EXACT","fragments/1829/10/04-img2925-right","1829-10-04","diary-1828-and-1829-and-jan-1830","img2925","1.0000","exact source match"
"715","MATCHED_EXACT","fragments/1829/10/05-img2926-left","1829-10-05","diary-1828-and-1829-and-jan-1830","img2926","1.0000","exact source match"
"716","MATCHED_EXACT","fragments/1829/10/06-img2926-left","1829-10-06","diary-1828-and-1829-and-jan-1830","img2926","1.0000","exact source match"
"717","MATCHED_EXACT","fragments/1829/10/07-img2926-left","1829-10-07","diary-1828-and-1829-and-jan-1830","img2926","1.0000","exact source match"
"718","MATCHED_EXACT","fragments/1829/10/08-img2926-left","1829-10-08","diary-1828-and-1829-and-jan-1830","img2926","1.0000","exact source match"
"719","MATCHED_EXACT","fragments/1829/10/09-img2926-left","1829-10-09","diary-1828-and-1829-and-jan-1830","img2926","1.0000","exact source match"
"720","MATCHED_EXACT","fragments/1829/10/10-b3-img2926-burnhopeside-hall","1829-10-10","","","1.0000","exact source match"
"721","MATCHED_EXACT","fragments/1829/10/10-img2926-right","1829-10-10","diary-1828-and-1829-and-jan-1830","img2926","2.0000","exact source match"
"722","MATCHED_EXACT","fragments/1829/10/11-b3-img2926-lanchester-church","1829-10-11","","","1.0000","exact source match"
"723","MATCHED_EXACT","fragments/1829/10/11-img2926-right","1829-10-11","diary-1828-and-1829-and-jan-1830","img2926","2.0000","exact source match"
"724","MATCHED_EXACT","fragments/1829/10/12-img2926-right","1829-10-12","diary-1828-and-1829-and-jan-1830","img2926","1.0000","exact source match"
"725","MATCHED_EXACT","fragments/1829/10/13-b3-img2927-the-kings-head-lanchester","1829-10-13","","","1.0000","exact source match"
"726","MATCHED_EXACT","fragments/1829/10/13-img2927-left","1829-10-13","diary-1828-and-1829-and-jan-1830","img2927","2.0000","exact source match"
"727","MATCHED_EXACT","fragments/1829/10/14-img2927-left","1829-10-14","diary-1828-and-1829-and-jan-1830","img2927","1.0000","exact source match"
"728","MATCHED_EXACT","fragments/1829/10/15-img2927-left","1829-10-15","diary-1828-and-1829-and-jan-1830","img2927","1.0000","exact source match"
"729","MATCHED_EXACT","fragments/1829/10/16-img2927-right","1829-10-16","diary-1828-and-1829-and-jan-1830","img2927","1.0000","exact source match"
"730","MATCHED_EXACT","fragments/1829/10/17-img2927-right","1829-10-17","diary-1828-and-1829-and-jan-1830","img2927","1.0000","exact source match"
"731","MATCHED_EXACT","fragments/1829/10/18-img2927-right","1829-10-18","diary-1828-and-1829-and-jan-1830","img2927","1.0000","exact source match"
"732","MATCHED_EXACT","fragments/1829/10/19-img2927-right","1829-10-19","diary-1828-and-1829-and-jan-1830","img2927","1.0000","exact source match"
"733","MATCHED_EXACT","fragments/1829/10/20-img2927-right","1829-10-20","diary-1828-and-1829-and-jan-1830","img2927","1.0000","exact source match"
"734","MATCHED_EXACT","fragments/1829/10/21-img2928-left","1829-10-21","diary-1828-and-1829-and-jan-1830","img2928","1.0000","exact source match"
"735","MATCHED_EXACT","fragments/1829/10/22-img2928-left","1829-10-22","diary-1828-and-1829-and-jan-1830","img2928","1.0000","exact source match"
"736","MATCHED_EXACT","fragments/1829/10/23-img2928-left","1829-10-23","diary-1828-and-1829-and-jan-1830","img2928","1.0000","exact source match"
"737","MATCHED_EXACT","fragments/1829/10/24-img2928-right","1829-10-24","diary-1828-and-1829-and-jan-1830","img2928","1.0000","exact source match"
"738","MATCHED_EXACT","fragments/1829/10/25-img2928-right","1829-10-25","diary-1828-and-1829-and-jan-1830","img2928","1.0000","exact source match"
"739","MATCHED_EXACT","fragments/1829/10/26-b3-img2928-lucia-vestris","1829-10-26","","","1.0000","exact source match"
"740","MATCHED_EXACT","fragments/1829/10/26-img2928-right","1829-10-26","diary-1828-and-1829-and-jan-1830","img2928","2.0000","exact source match"
"741","MATCHED_EXACT","fragments/1829/10/27-img2928-right","1829-10-27","diary-1828-and-1829-and-jan-1830","img2928","1.0000","exact source match"
"742","MATCHED_EXACT","fragments/1829/10/27-img2929-left","1829-10-27","diary-1828-and-1829-and-jan-1830","img2929","2.0000","exact source match"
"743","MATCHED_EXACT","fragments/1829/10/28-img2929-left","1829-10-28","diary-1828-and-1829-and-jan-1830","img2929","1.0000","exact source match"
"744","MATCHED_EXACT","fragments/1829/10/29-img2929-left","1829-10-29","diary-1828-and-1829-and-jan-1830","img2929","1.0000","exact source match"
"745","MATCHED_EXACT","fragments/1829/10/30-img2929-left","1829-10-30","diary-1828-and-1829-and-jan-1830","img2929","1.0000","exact source match"
"746","MATCHED_EXACT","fragments/1829/10/31-img2929-left","1829-10-31","diary-1828-and-1829-and-jan-1830","img2929","1.0000","exact source match"
"747","MATCHED_EXACT","fragments/1829/11/01-img2929-right","1829-11-01","diary-1828-and-1829-and-jan-1830","img2929","1.0000","exact source match"
"748","MATCHED_EXACT","fragments/1829/11/02-img2929-right","1829-11-02","diary-1828-and-1829-and-jan-1830","img2929","1.0000","exact source match"
"749","MATCHED_EXACT","fragments/1829/11/03-img2929-right","1829-11-03","diary-1828-and-1829-and-jan-1830","img2929","1.0000","exact source match"
"750","MATCHED_EXACT","fragments/1829/11/05-img2930-left","1829-11-05","diary-1828-and-1829-and-jan-1830","img2930","1.0000","exact source match"
"751","MATCHED_EXACT","fragments/1829/11/06-img2930-left","1829-11-06","diary-1828-and-1829-and-jan-1830","img2930","1.0000","exact source match"
"752","MATCHED_EXACT","fragments/1829/11/07-img2930-left","1829-11-07","diary-1828-and-1829-and-jan-1830","img2930","1.0000","exact source match"
"753","MATCHED_EXACT","fragments/1829/11/08-img2930-right","1829-11-08","diary-1828-and-1829-and-jan-1830","img2930","1.0000","exact source match"
"754","MATCHED_EXACT","fragments/1829/11/09-img2930-right","1829-11-09","diary-1828-and-1829-and-jan-1830","img2930","1.0000","exact source match"
"755","MATCHED_EXACT","fragments/1829/11/10-img2930-right","1829-11-10","diary-1828-and-1829-and-jan-1830","img2930","1.0000","exact source match"
"756","MATCHED_EXACT","fragments/1829/11/11-img2930-right","1829-11-11","diary-1828-and-1829-and-jan-1830","img2930","1.0000","exact source match"
"757","MATCHED_EXACT","fragments/1829/11/12-img2930-right","1829-11-12","diary-1828-and-1829-and-jan-1830","img2930","1.0000","exact source match"
"758","MATCHED_EXACT","fragments/1829/11/13-img2931-left","1829-11-13","diary-1828-and-1829-and-jan-1830","img2931","1.0000","exact source match"
"759","MATCHED_EXACT","fragments/1829/11/14-img2931-left","1829-11-14","diary-1828-and-1829-and-jan-1830","img2931","1.0000","exact source match"
"760","MATCHED_EXACT","fragments/1829/11/15-img2931-left","1829-11-15","diary-1828-and-1829-and-jan-1830","img2931","1.0000","exact source match"
"761","MATCHED_EXACT","fragments/1829/11/16-img2931-left","1829-11-16","diary-1828-and-1829-and-jan-1830","img2931","1.0000","exact source match"
"762","MATCHED_EXACT","fragments/1829/11/17-img2931-left","1829-11-17","diary-1828-and-1829-and-jan-1830","img2931","1.0000","exact source match"
"763","MATCHED_EXACT","fragments/1829/11/18-img2931-right","1829-11-18","diary-1828-and-1829-and-jan-1830","img2931","1.0000","exact source match"
"764","MATCHED_EXACT","fragments/1829/11/19-img2931-right","1829-11-19","diary-1828-and-1829-and-jan-1830","img2931","1.0000","exact source match"
"765","MATCHED_EXACT","fragments/1829/11/20-img2931-right","1829-11-20","diary-1828-and-1829-and-jan-1830","img2931","1.0000","exact source match"
"766","MATCHED_EXACT","fragments/1829/11/21-img2931-right","1829-11-21","diary-1828-and-1829-and-jan-1830","img2931","1.0000","exact source match"
"767","MATCHED_EXACT","fragments/1829/11/23-img2932-left","1829-11-23","diary-1828-and-1829-and-jan-1830","img2932","1.0000","exact source match"
"768","MATCHED_EXACT","fragments/1829/11/24-img2932-left","1829-11-24","diary-1828-and-1829-and-jan-1830","img2932","1.0000","exact source match"
"769","MATCHED_EXACT","fragments/1829/11/25-img2932-left","1829-11-25","diary-1828-and-1829-and-jan-1830","img2932","1.0000","exact source match"
"770","MATCHED_EXACT","fragments/1829/11/26-img2932-left","1829-11-26","diary-1828-and-1829-and-jan-1830","img2932","1.0000","exact source match"
"771","MATCHED_EXACT","fragments/1829/11/27-img2932-left","1829-11-27","diary-1828-and-1829-and-jan-1830","img2932","1.0000","exact source match"
"772","MATCHED_EXACT","fragments/1829/11/28-img2932-right","1829-11-28","diary-1828-and-1829-and-jan-1830","img2932","1.0000","exact source match"
"773","MATCHED_EXACT","fragments/1829/11/29-img2932-right","1829-11-29","diary-1828-and-1829-and-jan-1830","img2932","1.0000","exact source match"
"774","MATCHED_EXACT","fragments/1829/11/30-img2932-right","1829-11-30","diary-1828-and-1829-and-jan-1830","img2932","1.0000","exact source match"
"775","MATCHED_EXACT","fragments/1829/12/01-img2933-left","1829-12-01","diary-1828-and-1829-and-jan-1830","img2933","1.0000","exact source match"
"776","MATCHED_EXACT","fragments/1829/12/02-img2933-left","1829-12-02","diary-1828-and-1829-and-jan-1830","img2933","1.0000","exact source match"
"777","MATCHED_EXACT","fragments/1829/12/03-img2933-left","1829-12-03","diary-1828-and-1829-and-jan-1830","img2933","1.0000","exact source match"
"778","MATCHED_EXACT","fragments/1829/12/04-img2933-left","1829-12-04","diary-1828-and-1829-and-jan-1830","img2933","1.0000","exact source match"
"779","MATCHED_EXACT","fragments/1829/12/05-img2933-left","1829-12-05","diary-1828-and-1829-and-jan-1830","img2933","1.0000","exact source match"
"780","MATCHED_EXACT","fragments/1829/12/06-img2933-right","1829-12-06","diary-1828-and-1829-and-jan-1830","img2933","1.0000","exact source match"
"781","MATCHED_EXACT","fragments/1829/12/07-img2933-right","1829-12-07","diary-1828-and-1829-and-jan-1830","img2933","1.0000","exact source match"
"782","MATCHED_EXACT","fragments/1829/12/08-img2933-right","1829-12-08","diary-1828-and-1829-and-jan-1830","img2933","1.0000","exact source match"
"783","MATCHED_EXACT","fragments/1829/12/09-img2933-right","1829-12-09","diary-1828-and-1829-and-jan-1830","img2933","1.0000","exact source match"
"784","MATCHED_EXACT","fragments/1829/12/10-img2934-left","1829-12-10","diary-1828-and-1829-and-jan-1830","img2934","1.0000","exact source match"
"785","MATCHED_EXACT","fragments/1829/12/11-img2934-left","1829-12-11","diary-1828-and-1829-and-jan-1830","img2934","1.0000","exact source match"
"786","MATCHED_EXACT","fragments/1829/12/12-img2934-left","1829-12-12","diary-1828-and-1829-and-jan-1830","img2934","1.0000","exact source match"
"787","MATCHED_EXACT","fragments/1829/12/13-img2934-left","1829-12-13","diary-1828-and-1829-and-jan-1830","img2934","1.0000","exact source match"
"788","MATCHED_EXACT","fragments/1829/12/14-img2934-left","1829-12-14","diary-1828-and-1829-and-jan-1830","img2934","1.0000","exact source match"
"789","MATCHED_EXACT","fragments/1829/12/15-img2934-right","1829-12-15","diary-1828-and-1829-and-jan-1830","img2934","1.0000","exact source match"
"790","MATCHED_EXACT","fragments/1829/12/16-img2934-right","1829-12-16","diary-1828-and-1829-and-jan-1830","img2934","1.0000","exact source match"
"791","MATCHED_EXACT","fragments/1829/12/17-img2934-right","1829-12-17","diary-1828-and-1829-and-jan-1830","img2934","1.0000","exact source match"
"792","MATCHED_EXACT","fragments/1829/12/18-img2934-right","1829-12-18","diary-1828-and-1829-and-jan-1830","img2934","1.0000","exact source match"
"793","MATCHED_EXACT","fragments/1829/12/19-img2934-right","1829-12-19","diary-1828-and-1829-and-jan-1830","img2934","1.0000","exact source match"
"794","MATCHED_EXACT","fragments/1829/12/20-img2934-right","1829-12-20","diary-1828-and-1829-and-jan-1830","img2934","1.0000","exact source match"
"795","MATCHED_EXACT","fragments/1829/12/21-img2935-left","1829-12-21","diary-1828-and-1829-and-jan-1830","img2935","1.0000","exact source match"
"796","MATCHED_EXACT","fragments/1829/12/22-img2935-left","1829-12-22","diary-1828-and-1829-and-jan-1830","img2935","1.0000","exact source match"
"797","MATCHED_EXACT","fragments/1829/12/23-img2935-left","1829-12-23","diary-1828-and-1829-and-jan-1830","img2935","1.0000","exact source match"
"798","MATCHED_EXACT","fragments/1829/12/24-img2935-left","1829-12-24","diary-1828-and-1829-and-jan-1830","img2935","1.0000","exact source match"
"799","MATCHED_EXACT","fragments/1829/12/25-img2935-right","1829-12-25","diary-1828-and-1829-and-jan-1830","img2935","1.0000","exact source match"
"800","MATCHED_EXACT","fragments/1829/12/26-img2935-right","1829-12-26","diary-1828-and-1829-and-jan-1830","img2935","1.0000","exact source match"
"801","MATCHED_EXACT","fragments/1829/12/27-img2935-right","1829-12-27","diary-1828-and-1829-and-jan-1830","img2935","1.0000","exact source match"
"802","MATCHED_EXACT","fragments/1829/12/28-img2935-right","1829-12-28","diary-1828-and-1829-and-jan-1830","img2935","1.0000","exact source match"
"803","MATCHED_EXACT","fragments/1829/12/29-img2936-left","1829-12-29","diary-1828-and-1829-and-jan-1830","img2936","1.0000","exact source match"
"804","MATCHED_EXACT","fragments/1829/12/30-img2936-left","1829-12-30","diary-1828-and-1829-and-jan-1830","img2936","1.0000","exact source match"
"805","MATCHED_EXACT","fragments/1829/12/31-img2936-left","1829-12-31","diary-1828-and-1829-and-jan-1830","img2936","1.0000","exact source match"
"806","MATCHED_EXACT","fragments/1830/01/01-dc-highlights-1830","1830-01-01","","","2.0000","exact source match"
"807","MATCHED_EXACT","fragments/1830/01/01-img2936-right","1830-01-01","diary-1828-and-1829-and-jan-1830","img2936","1.0000","exact source match"
"808","MATCHED_EXACT","fragments/1830/01/02-img2936-right","1830-01-02","diary-1828-and-1829-and-jan-1830","img2936","1.0000","exact source match"
"809","MATCHED_EXACT","fragments/1830/01/03-b3-img2937-the-tynemouth-lodge-hotel","1830-01-03","","","1.0000","exact source match"
"810","MATCHED_EXACT","fragments/1830/01/03-img2936-right","1830-01-03","diary-1828-and-1829-and-jan-1830","img2936","2.0000","exact source match"
"811","MATCHED_EXACT","fragments/1830/01/04-img2937-left","1830-01-04","diary-1828-and-1829-and-jan-1830","img2937","1.0000","exact source match"
"812","MATCHED_EXACT","fragments/1830/01/05-img2937-left","1830-01-05","diary-1828-and-1829-and-jan-1830","img2937","1.0000","exact source match"
"813","MATCHED_EXACT","fragments/1830/01/06-img2937-left","1830-01-06","diary-1828-and-1829-and-jan-1830","img2937","1.0000","exact source match"
"814","MATCHED_EXACT","fragments/1830/01/07-img2937-left","1830-01-07","diary-1828-and-1829-and-jan-1830","img2937","1.0000","exact source match"
"815","MATCHED_EXACT","fragments/1830/01/08-img2937-left","1830-01-08","diary-1828-and-1829-and-jan-1830","img2937","1.0000","exact source match"
"816","MATCHED_EXACT","fragments/1830/01/09-img2937-right","1830-01-09","diary-1828-and-1829-and-jan-1830","img2937","1.0000","exact source match"
"817","MATCHED_EXACT","fragments/1830/01/10-img2937-right","1830-01-10","diary-1828-and-1829-and-jan-1830","img2937","1.0000","exact source match"
"818","MATCHED_EXACT","fragments/1830/01/11-img2937-right","1830-01-11","diary-1828-and-1829-and-jan-1830","img2937","1.0000","exact source match"
"819","MATCHED_EXACT","fragments/1830/01/12-img2937-right","1830-01-12","diary-1828-and-1829-and-jan-1830","img2937","1.0000","exact source match"
"820","MATCHED_EXACT","fragments/1830/01/13-img2937-right","1830-01-13","diary-1828-and-1829-and-jan-1830","img2937","1.0000","exact source match"
"821","MATCHED_EXACT","fragments/1830/01/14-img2938-left","1830-01-14","diary-1828-and-1829-and-jan-1830","img2938","1.0000","exact source match"
"822","MATCHED_EXACT","fragments/1830/01/15-img2938-left","1830-01-15","diary-1828-and-1829-and-jan-1830","img2938","1.0000","exact source match"
"823","MATCHED_EXACT","fragments/1830/01/16-img2938-left","1830-01-16","diary-1828-and-1829-and-jan-1830","img2938","1.0000","exact source match"
"824","MATCHED_EXACT","fragments/1830/01/17-img2938-left","1830-01-17","diary-1828-and-1829-and-jan-1830","img2938","1.0000","exact source match"
"825","MATCHED_EXACT","fragments/1830/01/18-img2938-left","1830-01-18","diary-1828-and-1829-and-jan-1830","img2938","1.0000","exact source match"
"826","MATCHED_EXACT","fragments/1830/01/19-img2938-right","1830-01-19","diary-1828-and-1829-and-jan-1830","img2938","1.0000","exact source match"
"827","MATCHED_EXACT","fragments/1830/01/20-img2938-right","1830-01-20","diary-1828-and-1829-and-jan-1830","img2938","1.0000","exact source match"
"828","MATCHED_EXACT","fragments/1830/01/21-img2938-right","1830-01-21","diary-1828-and-1829-and-jan-1830","img2938","1.0000","exact source match"
"829","MATCHED_EXACT","fragments/1830/01/22-img2938-right","1830-01-22","diary-1828-and-1829-and-jan-1830","img2938","1.0000","exact source match"
"830","MATCHED_EXACT","fragments/1830/01/23-img2939-left","1830-01-23","diary-1828-and-1829-and-jan-1830","img2939","1.0000","exact source match"
"831","MATCHED_EXACT","fragments/1830/01/24-img2939-left","1830-01-24","diary-1828-and-1829-and-jan-1830","img2939","1.0000","exact source match"
"832","MATCHED_EXACT","fragments/1830/01/25-img2939-left","1830-01-25","diary-1828-and-1829-and-jan-1830","img2939","1.0000","exact source match"
"833","MATCHED_EXACT","fragments/1830/01/26-img2939-left","1830-01-26","diary-1828-and-1829-and-jan-1830","img2939","1.0000","exact source match"
"834","MATCHED_EXACT","fragments/1830/01/27-img2939-left","1830-01-27","diary-1828-and-1829-and-jan-1830","img2939","1.0000","exact source match"
"835","MATCHED_EXACT","fragments/1830/01/28-img2939-right","1830-01-28","diary-1828-and-1829-and-jan-1830","img2939","1.0000","exact source match"
"836","MATCHED_EXACT","fragments/1830/01/29-img2939-right","1830-01-29","diary-1828-and-1829-and-jan-1830","img2939","1.0000","exact source match"
"837","MATCHED_EXACT","fragments/1830/01/30-img2939-right","1830-01-30","diary-1828-and-1829-and-jan-1830","img2939","1.0000","exact source match"
"838","MATCHED_EXACT","fragments/1830/01/31-img2939-right","1830-01-31","diary-1828-and-1829-and-jan-1830","img2939","1.0000","exact source match"
"839","MATCHED_EXACT","fragments/1830/02/01-img2349","1830-02-01","diary-1830","img2349","1.0000","exact source match"
"840","MATCHED_EXACT","fragments/1830/02/02-img2349","1830-02-02","diary-1830","img2349","1.0000","exact source match"
"841","MATCHED_EXACT","fragments/1830/02/03-img2349","1830-02-03","diary-1830","img2349","1.0000","exact source match"
"842","MATCHED_EXACT","fragments/1830/02/04-img2350","1830-02-04","diary-1830","img2350","1.0000","exact source match"
"843","MATCHED_EXACT","fragments/1830/02/05-img2350","1830-02-05","diary-1830","img2350","1.0000","exact source match"
"844","MATCHED_EXACT","fragments/1830/02/06-img2350","1830-02-06","diary-1830","img2350","1.0000","exact source match"
"845","MATCHED_EXACT","fragments/1830/02/07-img2350","1830-02-07","diary-1830","img2350","1.0000","exact source match"
"846","MATCHED_EXACT","fragments/1830/02/08-img2351","1830-02-08","diary-1830","img2351","1.0000","exact source match"
"847","MATCHED_EXACT","fragments/1830/02/09-img2351","1830-02-09","diary-1830","img2351","1.0000","exact source match"
"848","MATCHED_EXACT","fragments/1830/02/10-img2351","1830-02-10","diary-1830","img2351","1.0000","exact source match"
"849","MATCHED_EXACT","fragments/1830/02/11-img2351","1830-02-11","diary-1830","img2351","1.0000","exact source match"
"850","MATCHED_EXACT","fragments/1830/02/12-img2352","1830-02-12","diary-1830","img2352","1.0000","exact source match"
"851","MATCHED_EXACT","fragments/1830/02/13-img2352","1830-02-13","diary-1830","img2352","1.0000","exact source match"
"852","MATCHED_EXACT","fragments/1830/02/14-img2352","1830-02-14","diary-1830","img2352","1.0000","exact source match"
"853","MATCHED_EXACT","fragments/1830/02/15-img2352","1830-02-15","diary-1830","img2352","1.0000","exact source match"
"854","MATCHED_EXACT","fragments/1830/02/16-img2352","1830-02-16","diary-1830","img2352","1.0000","exact source match"
"855","MATCHED_EXACT","fragments/1830/02/17-img2353","1830-02-17","diary-1830","img2353","1.0000","exact source match"
"856","MATCHED_EXACT","fragments/1830/02/18-img2353","1830-02-18","diary-1830","img2353","1.0000","exact source match"
"857","MATCHED_EXACT","fragments/1830/02/19-img2353","1830-02-19","diary-1830","img2353","1.0000","exact source match"
"858","MATCHED_EXACT","fragments/1830/02/20-img2353","1830-02-20","diary-1830","img2353","1.0000","exact source match"
"859","MATCHED_EXACT","fragments/1830/02/21-img2354","1830-02-21","diary-1830","img2354","1.0000","exact source match"
"860","MATCHED_EXACT","fragments/1830/02/22-img2354","1830-02-22","diary-1830","img2354","1.0000","exact source match"
"861","MATCHED_EXACT","fragments/1830/02/23-img2354","1830-02-23","diary-1830","img2354","1.0000","exact source match"
"862","MATCHED_EXACT","fragments/1830/02/24-img2354","1830-02-24","diary-1830","img2354","1.0000","exact source match"
"863","MATCHED_EXACT","fragments/1830/02/25-img2355","1830-02-25","diary-1830","img2355","1.0000","exact source match"
"864","MATCHED_EXACT","fragments/1830/02/26-img2355","1830-02-26","diary-1830","img2355","1.0000","exact source match"
"865","MATCHED_EXACT","fragments/1830/02/27-img2355","1830-02-27","diary-1830","img2355","1.0000","exact source match"
"866","MATCHED_EXACT","fragments/1830/02/28-img2355","1830-02-28","diary-1830","img2355","1.0000","exact source match"
"867","MATCHED_EXACT","fragments/1830/03/01-img2356-left","1830-03-01","diary-1830","img2356","1.0000","exact source match"
"868","MATCHED_EXACT","fragments/1830/03/02-img2356-left","1830-03-02","diary-1830","img2356","1.0000","exact source match"
"869","MATCHED_EXACT","fragments/1830/03/03-img2356-left","1830-03-03","diary-1830","img2356","1.0000","exact source match"
"870","MATCHED_EXACT","fragments/1830/03/04-img2356-left","1830-03-04","diary-1830","img2356","1.0000","exact source match"
"871","MATCHED_EXACT","fragments/1830/03/05-img2356-right","1830-03-05","diary-1830","img2356","1.0000","exact source match"
"872","MATCHED_EXACT","fragments/1830/03/06-img2356-right","1830-03-06","diary-1830","img2356","1.0000","exact source match"
"873","MATCHED_EXACT","fragments/1830/03/07-img2356-right","1830-03-07","diary-1830","img2356","1.0000","exact source match"
"874","MATCHED_EXACT","fragments/1830/03/08-img2357","1830-03-08","diary-1830","img2357","1.0000","exact source match"
"875","MATCHED_EXACT","fragments/1830/03/09-img2357","1830-03-09","diary-1830","img2357","1.0000","exact source match"
"876","MATCHED_EXACT","fragments/1830/03/10-img2357","1830-03-10","diary-1830","img2357","1.0000","exact source match"
"877","MATCHED_EXACT","fragments/1830/03/11-img2357","1830-03-11","diary-1830","img2357","1.0000","exact source match"
"878","MATCHED_EXACT","fragments/1830/03/12-img2358","1830-03-12","diary-1830","img2358","1.0000","exact source match"
"879","MATCHED_EXACT","fragments/1830/03/13-img2358","1830-03-13","diary-1830","img2358","1.0000","exact source match"
"880","MATCHED_EXACT","fragments/1830/03/14-img2358","1830-03-14","diary-1830","img2358","1.0000","exact source match"
"881","MATCHED_EXACT","fragments/1830/03/15-img2358","1830-03-15","diary-1830","img2358","1.0000","exact source match"
"882","MATCHED_EXACT","fragments/1830/03/15-img2359","1830-03-15","diary-1830","img2359","2.0000","exact source match"
"883","MATCHED_EXACT","fragments/1830/03/16-img2359","1830-03-16","diary-1830","img2359","1.0000","exact source match"
"884","MATCHED_EXACT","fragments/1830/03/17-img2359","1830-03-17","diary-1830","img2359","1.0000","exact source match"
"885","MATCHED_EXACT","fragments/1830/03/18-img2360","1830-03-18","diary-1830","img2360","1.0000","exact source match"
"886","MATCHED_EXACT","fragments/1830/03/19-img2360","1830-03-19","diary-1830","img2360","1.0000","exact source match"
"887","MATCHED_EXACT","fragments/1830/03/20-img2360","1830-03-20","diary-1830","img2360","1.0000","exact source match"
"888","MATCHED_EXACT","fragments/1830/03/21-img2361","1830-03-21","diary-1830","img2361","1.0000","exact source match"
"889","MATCHED_EXACT","fragments/1830/03/22-img2361","1830-03-22","diary-1830","img2361","1.0000","exact source match"
"890","MATCHED_EXACT","fragments/1830/03/23-img2361","1830-03-23","diary-1830","img2361","1.0000","exact source match"
"891","MATCHED_EXACT","fragments/1830/03/24-img2361","1830-03-24","diary-1830","img2361","1.0000","exact source match"
"892","MATCHED_EXACT","fragments/1830/03/25-img2362","1830-03-25","diary-1830","img2362","1.0000","exact source match"
"893","MATCHED_EXACT","fragments/1830/03/26-img2362","1830-03-26","diary-1830","img2362","1.0000","exact source match"
"894","MATCHED_EXACT","fragments/1830/03/27-img2362","1830-03-27","diary-1830","img2362","1.0000","exact source match"
"895","MATCHED_EXACT","fragments/1830/03/28-img2362","1830-03-28","diary-1830","img2362","1.0000","exact source match"
"896","MATCHED_EXACT","fragments/1830/03/29-img2362","1830-03-29","diary-1830","img2362","1.0000","exact source match"
"897","MATCHED_EXACT","fragments/1830/03/30-img2362","1830-03-30","diary-1830","img2362","1.0000","exact source match"
"898","MATCHED_EXACT","fragments/1830/03/31-img2362","1830-03-31","diary-1830","img2362","1.0000","exact source match"
"899","MATCHED_EXACT","fragments/1830/04/01-img2363","1830-04-01","diary-1830","img2363","1.0000","exact source match"
"900","MATCHED_EXACT","fragments/1830/04/02-img2363","1830-04-02","diary-1830","img2363","1.0000","exact source match"
"901","MATCHED_EXACT","fragments/1830/04/03-img2363","1830-04-03","diary-1830","img2363","1.0000","exact source match"
"902","MATCHED_EXACT","fragments/1830/04/04-img2363","1830-04-04","diary-1830","img2363","1.0000","exact source match"
"903","MATCHED_EXACT","fragments/1830/04/05-img2363","1830-04-05","diary-1830","img2363","1.0000","exact source match"
"904","MATCHED_EXACT","fragments/1830/04/06-img2364","1830-04-06","diary-1830","img2364","1.0000","exact source match"
"905","MATCHED_EXACT","fragments/1830/04/07-img2364","1830-04-07","diary-1830","img2364","1.0000","exact source match"
"906","MATCHED_EXACT","fragments/1830/04/08-img2364","1830-04-08","diary-1830","img2364","1.0000","exact source match"
"907","MATCHED_EXACT","fragments/1830/04/09-img2364","1830-04-09","diary-1830","img2364","1.0000","exact source match"
"908","MATCHED_EXACT","fragments/1830/04/10-img2365","1830-04-10","diary-1830","img2365","1.0000","exact source match"
"909","MATCHED_EXACT","fragments/1830/04/11-img2365","1830-04-11","diary-1830","img2365","1.0000","exact source match"
"910","MATCHED_EXACT","fragments/1830/04/12-img2365","1830-04-12","diary-1830","img2365","1.0000","exact source match"
"911","MATCHED_EXACT","fragments/1830/04/13-img2365","1830-04-13","diary-1830","img2365","1.0000","exact source match"
"912","MATCHED_EXACT","fragments/1830/04/13-img2366","1830-04-13","diary-1830","img2366","2.0000","exact source match"
"913","MATCHED_EXACT","fragments/1830/04/14-img2366","1830-04-14","diary-1830","img2366","1.0000","exact source match"
"914","MATCHED_EXACT","fragments/1830/04/15-img2366","1830-04-15","diary-1830","img2366","1.0000","exact source match"
"915","MATCHED_EXACT","fragments/1830/04/16-img2366","1830-04-16","diary-1830","img2366","1.0000","exact source match"
"916","MATCHED_EXACT","fragments/1830/04/17-img2367","1830-04-17","diary-1830","img2367","1.0000","exact source match"
"917","MATCHED_EXACT","fragments/1830/04/18-img2367","1830-04-18","diary-1830","img2367","1.0000","exact source match"
"918","MATCHED_EXACT","fragments/1830/04/19-img2367","1830-04-19","diary-1830","img2367","1.0000","exact source match"
"919","MATCHED_EXACT","fragments/1830/04/20-img2367","1830-04-20","diary-1830","img2367","1.0000","exact source match"
"920","MATCHED_EXACT","fragments/1830/04/21-img2367","1830-04-21","diary-1830","img2367","1.0000","exact source match"
"921","MATCHED_EXACT","fragments/1830/04/22-img2367","1830-04-22","diary-1830","img2367","1.0000","exact source match"
"922","MATCHED_EXACT","fragments/1830/04/23-img2368","1830-04-23","diary-1830","img2368","1.0000","exact source match"
"923","MATCHED_EXACT","fragments/1830/04/24-img2368","1830-04-24","diary-1830","img2368","1.0000","exact source match"
"924","MATCHED_EXACT","fragments/1830/04/25-img2368","1830-04-25","diary-1830","img2368","1.0000","exact source match"
"925","MATCHED_EXACT","fragments/1830/04/26-img2368","1830-04-26","diary-1830","img2368","1.0000","exact source match"
"926","MATCHED_EXACT","fragments/1830/04/27-img2369","1830-04-27","diary-1830","img2369","1.0000","exact source match"
"927","MATCHED_EXACT","fragments/1830/04/28-img2369","1830-04-28","diary-1830","img2369","1.0000","exact source match"
"928","MATCHED_EXACT","fragments/1830/04/29-img2369","1830-04-29","diary-1830","img2369","1.0000","exact source match"
"929","MATCHED_EXACT","fragments/1830/04/30-img2369","1830-04-30","diary-1830","img2369","1.0000","exact source match"
"930","MATCHED_EXACT","fragments/1830/05/01-img2370","1830-05-01","diary-1830","img2370","1.0000","exact source match"
"931","MATCHED_EXACT","fragments/1830/05/02-img2370","1830-05-02","diary-1830","img2370","1.0000","exact source match"
"932","MATCHED_EXACT","fragments/1830/05/03-img2370","1830-05-03","diary-1830","img2370","1.0000","exact source match"
"933","MATCHED_EXACT","fragments/1830/05/04-img2371-left","1830-05-04","diary-1830","img2371","1.0000","exact source match"
"934","MATCHED_EXACT","fragments/1830/05/05-img2371-left","1830-05-05","diary-1830","img2371","1.0000","exact source match"
"935","MATCHED_EXACT","fragments/1830/05/07-img2371-left","1830-05-07","diary-1830","img2371","1.0000","exact source match"
"936","MATCHED_EXACT","fragments/1830/05/08-img2371-right","1830-05-08","diary-1830","img2371","1.0000","exact source match"
"937","MATCHED_EXACT","fragments/1830/05/09-img2371-right","1830-05-09","diary-1830","img2371","1.0000","exact source match"
"938","MATCHED_EXACT","fragments/1830/05/10-img2371-right","1830-05-10","diary-1830","img2371","1.0000","exact source match"
"939","MATCHED_EXACT","fragments/1830/05/10-img2372","1830-05-10","diary-1830","img2372","2.0000","exact source match"
"940","MATCHED_EXACT","fragments/1830/05/11-img2372","1830-05-11","diary-1830","img2372","1.0000","exact source match"
"941","MATCHED_EXACT","fragments/1830/05/12-img2372","1830-05-12","diary-1830","img2372","1.0000","exact source match"
"942","MATCHED_EXACT","fragments/1830/05/13-img2373","1830-05-13","diary-1830","img2373","1.0000","exact source match"
"943","MATCHED_EXACT","fragments/1830/05/14-img2373","1830-05-14","diary-1830","img2373","1.0000","exact source match"
"944","MATCHED_EXACT","fragments/1830/05/15-img2373","1830-05-15","diary-1830","img2373","1.0000","exact source match"
"945","MATCHED_EXACT","fragments/1830/05/16-img2373","1830-05-16","diary-1830","img2373","1.0000","exact source match"
"946","MATCHED_EXACT","fragments/1830/05/17-img2374","1830-05-17","diary-1830","img2374","1.0000","exact source match"
"947","MATCHED_EXACT","fragments/1830/05/18-img2374","1830-05-18","diary-1830","img2374","1.0000","exact source match"
"948","MATCHED_EXACT","fragments/1830/05/19-img2374","1830-05-19","diary-1830","img2374","1.0000","exact source match"
"949","MATCHED_EXACT","fragments/1830/05/20-img2374","1830-05-20","diary-1830","img2374","1.0000","exact source match"
"950","MATCHED_EXACT","fragments/1830/05/21-img2374","1830-05-21","diary-1830","img2374","1.0000","exact source match"
"951","MATCHED_EXACT","fragments/1830/05/22-img2375","1830-05-22","diary-1830","img2375","1.0000","exact source match"
"952","MATCHED_EXACT","fragments/1830/05/23-img2375","1830-05-23","diary-1830","img2375","1.0000","exact source match"
"953","MATCHED_EXACT","fragments/1830/05/24-img2375","1830-05-24","diary-1830","img2375","1.0000","exact source match"
"954","MATCHED_EXACT","fragments/1830/05/25-img2375","1830-05-25","diary-1830","img2375","1.0000","exact source match"
"955","MATCHED_EXACT","fragments/1830/05/26-img2375","1830-05-26","diary-1830","img2375","1.0000","exact source match"
"956","MATCHED_EXACT","fragments/1830/05/27-img2375","1830-05-27","diary-1830","img2375","1.0000","exact source match"
"957","MATCHED_EXACT","fragments/1830/05/28-img2375","1830-05-28","diary-1830","img2375","1.0000","exact source match"
"958","MATCHED_EXACT","fragments/1830/05/29-img2375","1830-05-29","diary-1830","img2375","1.0000","exact source match"
"959","MATCHED_EXACT","fragments/1830/05/29-img2376","1830-05-29","diary-1830","img2376","2.0000","exact source match"
"960","MATCHED_EXACT","fragments/1830/05/30-img2376","1830-05-30","diary-1830","img2376","1.0000","exact source match"
"961","MATCHED_EXACT","fragments/1830/05/31-img2376","1830-05-31","diary-1830","img2376","1.0000","exact source match"
"962","MATCHED_EXACT","fragments/1830/05/31-img2377","1830-05-31","diary-1830","img2377","2.0000","exact source match"
"963","MATCHED_EXACT","fragments/1830/06/01-img2377","1830-06-01","diary-1830","img2377","1.0000","exact source match"
"964","MATCHED_EXACT","fragments/1830/06/02-img2377","1830-06-02","diary-1830","img2377","1.0000","exact source match"
"965","MATCHED_EXACT","fragments/1830/06/03-img2378","1830-06-03","diary-1830","img2378","1.0000","exact source match"
"966","MATCHED_EXACT","fragments/1830/06/04-img2378","1830-06-04","diary-1830","img2378","1.0000","exact source match"
"967","MATCHED_EXACT","fragments/1830/06/05-img2379","1830-06-05","diary-1830","img2379","1.0000","exact source match"
"968","MATCHED_EXACT","fragments/1830/06/06-img2379","1830-06-06","diary-1830","img2379","1.0000","exact source match"
"969","MATCHED_EXACT","fragments/1830/06/07-img2379","1830-06-07","diary-1830","img2379","1.0000","exact source match"
"970","MATCHED_EXACT","fragments/1830/06/08-img2379","1830-06-08","diary-1830","img2379","1.0000","exact source match"
"971","MATCHED_EXACT","fragments/1830/06/09-img2379","1830-06-09","diary-1830","img2379","1.0000","exact source match"
"972","MATCHED_EXACT","fragments/1830/06/15-img2380","1830-06-15","diary-1830","img2380","1.0000","exact source match"
"973","MATCHED_EXACT","fragments/1830/06/16-img2380","1830-06-16","diary-1830","img2380","1.0000","exact source match"
"974","MATCHED_EXACT","fragments/1830/06/17-img2380","1830-06-17","diary-1830","img2380","1.0000","exact source match"
"975","MATCHED_EXACT","fragments/1830/06/18-img2380","1830-06-18","diary-1830","img2380","1.0000","exact source match"
"976","MATCHED_EXACT","fragments/1830/06/19-img2381","1830-06-19","diary-1830","img2381","1.0000","exact source match"
"977","MATCHED_EXACT","fragments/1830/06/20-img2381","1830-06-20","diary-1830","img2381","1.0000","exact source match"
"978","MATCHED_EXACT","fragments/1830/06/21-img2381","1830-06-21","diary-1830","img2381","1.0000","exact source match"
"979","MATCHED_EXACT","fragments/1830/06/22-img2381","1830-06-22","diary-1830","img2381","1.0000","exact source match"
"980","MATCHED_EXACT","fragments/1830/06/23-b1-img2381-image-map","1830-06-23","","","1.0000","exact source match"
"981","MATCHED_EXACT","fragments/1830/06/23-img2381","1830-06-23","diary-1830","img2381","2.0000","exact source match"
"982","MATCHED_EXACT","fragments/1830/06/24-img2382","1830-06-24","diary-1830","img2382","1.0000","exact source match"
"983","MATCHED_EXACT","fragments/1830/06/25-img2382","1830-06-25","diary-1830","img2382","1.0000","exact source match"
"984","MATCHED_EXACT","fragments/1830/06/26-img2382","1830-06-26","diary-1830","img2382","1.0000","exact source match"
"985","MATCHED_EXACT","fragments/1830/06/27-img2382","1830-06-27","diary-1830","img2382","1.0000","exact source match"
"986","MATCHED_EXACT","fragments/1830/06/28-img2383","1830-06-28","diary-1830","img2383","1.0000","exact source match"
"987","MATCHED_EXACT","fragments/1830/06/29-img2383","1830-06-29","diary-1830","img2383","1.0000","exact source match"
"988","MATCHED_EXACT","fragments/1830/06/30-img2383","1830-06-30","diary-1830","img2383","1.0000","exact source match"
"989","MATCHED_EXACT","fragments/1830/07/01-img2384","1830-07-01","diary-1830","img2384","1.0000","exact source match"
"990","MATCHED_EXACT","fragments/1830/07/02-img2384","1830-07-02","diary-1830","img2384","1.0000","exact source match"
"991","MATCHED_EXACT","fragments/1830/07/03-img2384","1830-07-03","diary-1830","img2384","1.0000","exact source match"
"992","MATCHED_EXACT","fragments/1830/07/04-img2385","1830-07-04","diary-1830","img2385","1.0000","exact source match"
"993","MATCHED_EXACT","fragments/1830/07/05-img2385","1830-07-05","diary-1830","img2385","1.0000","exact source match"
"994","MATCHED_EXACT","fragments/1830/07/06-img2385","1830-07-06","diary-1830","img2385","1.0000","exact source match"
"995","MATCHED_EXACT","fragments/1830/07/07-img2385","1830-07-07","diary-1830","img2385","1.0000","exact source match"
"996","MATCHED_EXACT","fragments/1830/07/08-img2386","1830-07-08","diary-1830","img2386","1.0000","exact source match"
"997","MATCHED_EXACT","fragments/1830/07/09-img2386","1830-07-09","diary-1830","img2386","1.0000","exact source match"
"998","MATCHED_EXACT","fragments/1830/07/10-img2386","1830-07-10","diary-1830","img2386","1.0000","exact source match"
"999","MATCHED_EXACT","fragments/1830/07/11-img2386","1830-07-11","diary-1830","img2386","1.0000","exact source match"
"1000","MATCHED_EXACT","fragments/1830/07/13-img2387","1830-07-13","diary-1830","img2387","1.0000","exact source match"
"1001","MATCHED_EXACT","fragments/1830/07/14-img2387","1830-07-14","diary-1830","img2387","1.0000","exact source match"
"1002","MATCHED_EXACT","fragments/1830/07/15-img2387","1830-07-15","diary-1830","img2387","1.0000","exact source match"
"1003","MATCHED_EXACT","fragments/1830/07/16-img2388","1830-07-16","diary-1830","img2388","1.0000","exact source match"
"1004","MATCHED_EXACT","fragments/1830/07/17-img2388","1830-07-17","diary-1830","img2388","1.0000","exact source match"
"1005","MATCHED_EXACT","fragments/1830/07/18-img2388","1830-07-18","diary-1830","img2388","1.0000","exact source match"
"1006","MATCHED_EXACT","fragments/1830/07/19-img2388","1830-07-19","diary-1830","img2388","1.0000","exact source match"
"1007","MATCHED_EXACT","fragments/1830/07/20-img2389","1830-07-20","diary-1830","img2389","1.0000","exact source match"
"1008","MATCHED_EXACT","fragments/1830/07/21-img2389","1830-07-21","diary-1830","img2389","1.0000","exact source match"
"1009","MATCHED_EXACT","fragments/1830/07/22-img2390","1830-07-22","diary-1830","img2390","1.0000","exact source match"
"1010","MATCHED_EXACT","fragments/1830/07/23-img2390","1830-07-23","diary-1830","img2390","1.0000","exact source match"
"1011","MATCHED_EXACT","fragments/1830/07/24-img2390","1830-07-24","diary-1830","img2390","1.0000","exact source match"
"1012","MATCHED_EXACT","fragments/1830/07/25-img2390","1830-07-25","diary-1830","img2390","1.0000","exact source match"
"1013","MATCHED_EXACT","fragments/1830/07/26-img2390","1830-07-26","diary-1830","img2390","1.0000","exact source match"
"1014","MATCHED_EXACT","fragments/1830/07/26-img2391","1830-07-26","diary-1830","img2391","2.0000","exact source match"
"1015","MATCHED_EXACT","fragments/1830/07/27-img2391","1830-07-27","diary-1830","img2391","1.0000","exact source match"
"1016","MATCHED_EXACT","fragments/1830/07/28-img2391","1830-07-28","diary-1830","img2391","1.0000","exact source match"
"1017","MATCHED_EXACT","fragments/1830/07/29-img2391","1830-07-29","diary-1830","img2391","1.0000","exact source match"
"1018","MATCHED_EXACT","fragments/1830/07/30-img2392","1830-07-30","diary-1830","img2392","1.0000","exact source match"
"1019","MATCHED_EXACT","fragments/1830/07/31-img2392","1830-07-31","diary-1830","img2392","1.0000","exact source match"
"1020","MATCHED_EXACT","fragments/1830/08/01-img2392","1830-08-01","diary-1830","img2392","1.0000","exact source match"
"1021","MATCHED_EXACT","fragments/1830/08/02-img2392","1830-08-02","diary-1830","img2392","1.0000","exact source match"
"1022","MATCHED_EXACT","fragments/1830/08/03-img2392","1830-08-03","diary-1830","img2392","1.0000","exact source match"
"1023","MATCHED_EXACT","fragments/1830/08/04-img2393","1830-08-04","diary-1830","img2393","1.0000","exact source match"
"1024","MATCHED_EXACT","fragments/1830/08/05-img2393","1830-08-05","diary-1830","img2393","1.0000","exact source match"
"1025","MATCHED_EXACT","fragments/1830/08/06-img2394","1830-08-06","diary-1830","img2394","1.0000","exact source match"
"1026","MATCHED_EXACT","fragments/1830/08/07-img2394","1830-08-07","diary-1830","img2394","1.0000","exact source match"
"1027","MATCHED_EXACT","fragments/1830/08/08-img2394","1830-08-08","diary-1830","img2394","1.0000","exact source match"
"1028","MATCHED_EXACT","fragments/1830/08/09-img2394","1830-08-09","diary-1830","img2394","1.0000","exact source match"
"1029","MATCHED_EXACT","fragments/1830/08/10-b2-img2390-image-bullring","1830-08-10","","","1.0000","exact source match"
"1030","MATCHED_EXACT","fragments/1830/08/10-b3-img2394-image-eldon-square-2","1830-08-10","","","2.0000","exact source match"
"1031","MATCHED_EXACT","fragments/1830/08/10-img2394","1830-08-10","diary-1830","img2394","3.0000","exact source match"
"1032","MATCHED_EXACT","fragments/1830/08/11-img2395","1830-08-11","diary-1830","img2395","1.0000","exact source match"
"1033","MATCHED_EXACT","fragments/1830/08/12-img2395","1830-08-12","diary-1830","img2395","1.0000","exact source match"
"1034","MATCHED_EXACT","fragments/1830/08/13-img2395","1830-08-13","diary-1830","img2395","1.0000","exact source match"
"1035","MATCHED_EXACT","fragments/1830/08/14-img2395","1830-08-14","diary-1830","img2395","1.0000","exact source match"
"1036","MATCHED_EXACT","fragments/1830/08/15-img2396","1830-08-15","diary-1830","img2396","1.0000","exact source match"
"1037","MATCHED_EXACT","fragments/1830/08/16-img2396","1830-08-16","diary-1830","img2396","1.0000","exact source match"
"1038","MATCHED_EXACT","fragments/1830/08/17-img2396","1830-08-17","diary-1830","img2396","1.0000","exact source match"
"1039","MATCHED_EXACT","fragments/1830/08/18-img2396","1830-08-18","diary-1830","img2396","1.0000","exact source match"
"1040","MATCHED_EXACT","fragments/1830/08/19-img2397","1830-08-19","diary-1830","img2397","1.0000","exact source match"
"1041","MATCHED_EXACT","fragments/1830/08/20-img2397","1830-08-20","diary-1830","img2397","1.0000","exact source match"
"1042","MATCHED_EXACT","fragments/1830/08/21-img2397","1830-08-21","diary-1830","img2397","1.0000","exact source match"
"1043","MATCHED_EXACT","fragments/1830/08/22-b1-img2398-image-archangel-map","1830-08-22","","","1.0000","exact source match"
"1044","MATCHED_EXACT","fragments/1830/08/22-img2397","1830-08-22","diary-1830","img2397","2.0000","exact source match"
"1045","MATCHED_EXACT","fragments/1830/08/23-img2398","1830-08-23","diary-1830","img2398","1.0000","exact source match"
"1046","MATCHED_EXACT","fragments/1830/08/24-img2398","1830-08-24","diary-1830","img2398","1.0000","exact source match"
"1047","MATCHED_EXACT","fragments/1830/08/25-img2398","1830-08-25","diary-1830","img2398","1.0000","exact source match"
"1048","MATCHED_EXACT","fragments/1830/08/26-img2398","1830-08-26","diary-1830","img2398","1.0000","exact source match"
"1049","MATCHED_EXACT","fragments/1830/08/27-img2399","1830-08-27","diary-1830","img2399","1.0000","exact source match"
"1050","MATCHED_EXACT","fragments/1830/08/28-img2399","1830-08-28","diary-1830","img2399","1.0000","exact source match"
"1051","MATCHED_EXACT","fragments/1830/08/29-img2399","1830-08-29","diary-1830","img2399","1.0000","exact source match"
"1052","MATCHED_EXACT","fragments/1830/08/30-img2399","1830-08-30","diary-1830","img2399","1.0000","exact source match"
"1053","MATCHED_EXACT","fragments/1830/08/31-img2399","1830-08-31","diary-1830","img2399","1.0000","exact source match"
"1054","MATCHED_EXACT","fragments/1830/09/01-img2400","1830-09-01","diary-1830","img2400","1.0000","exact source match"
"1055","MATCHED_EXACT","fragments/1830/09/02-img2400","1830-09-02","diary-1830","img2400","1.0000","exact source match"
"1056","MATCHED_EXACT","fragments/1830/09/03-img2400","1830-09-03","diary-1830","img2400","1.0000","exact source match"
"1057","MATCHED_EXACT","fragments/1830/09/04-img2400","1830-09-04","diary-1830","img2400","1.0000","exact source match"
"1058","MATCHED_EXACT","fragments/1830/09/05-img2400","1830-09-05","diary-1830","img2400","1.0000","exact source match"
"1059","MATCHED_EXACT","fragments/1830/09/06-img2401","1830-09-06","diary-1830","img2401","1.0000","exact source match"
"1060","MATCHED_EXACT","fragments/1830/09/07-img2401","1830-09-07","diary-1830","img2401","1.0000","exact source match"
"1061","MATCHED_EXACT","fragments/1830/09/08-img2401","1830-09-08","diary-1830","img2401","1.0000","exact source match"
"1062","MATCHED_EXACT","fragments/1830/09/09-img2401","1830-09-09","diary-1830","img2401","1.0000","exact source match"
"1063","MATCHED_EXACT","fragments/1830/09/10-img2401","1830-09-10","diary-1830","img2401","1.0000","exact source match"
"1064","MATCHED_EXACT","fragments/1830/09/11-img2402","1830-09-11","diary-1830","img2402","1.0000","exact source match"
"1065","MATCHED_EXACT","fragments/1830/09/12-img2402","1830-09-12","diary-1830","img2402","1.0000","exact source match"
"1066","MATCHED_EXACT","fragments/1830/09/13-img2402","1830-09-13","diary-1830","img2402","1.0000","exact source match"
"1067","MATCHED_EXACT","fragments/1830/09/14-img2402","1830-09-14","diary-1830","img2402","1.0000","exact source match"
"1068","MATCHED_EXACT","fragments/1830/09/15-img2403-left","1830-09-15","diary-1830","img2403","1.0000","exact source match"
"1069","MATCHED_EXACT","fragments/1830/09/16-img2403-left","1830-09-16","diary-1830","img2403","1.0000","exact source match"
"1070","MATCHED_EXACT","fragments/1830/09/17-img2403-left","1830-09-17","diary-1830","img2403","1.0000","exact source match"
"1071","MATCHED_EXACT","fragments/1830/09/18-img2403-right","1830-09-18","diary-1830","img2403","1.0000","exact source match"
"1072","MATCHED_EXACT","fragments/1830/09/19-img2403-right","1830-09-19","diary-1830","img2403","1.0000","exact source match"
"1073","MATCHED_EXACT","fragments/1830/09/20-img2403-right","1830-09-20","diary-1830","img2403","1.0000","exact source match"
"1074","MATCHED_EXACT","fragments/1830/09/21-img2403-right","1830-09-21","diary-1830","img2403","1.0000","exact source match"
"1075","MATCHED_EXACT","fragments/1830/09/22-img2403-right","1830-09-22","diary-1830","img2403","1.0000","exact source match"
"1076","MATCHED_EXACT","fragments/1830/09/23-img2404","1830-09-23","diary-1830","img2404","1.0000","exact source match"
"1077","MATCHED_EXACT","fragments/1830/09/24-img2404","1830-09-24","diary-1830","img2404","1.0000","exact source match"
"1078","MATCHED_EXACT","fragments/1830/09/25-img2404","1830-09-25","diary-1830","img2404","1.0000","exact source match"
"1079","MATCHED_EXACT","fragments/1830/09/26-img2404","1830-09-26","diary-1830","img2404","1.0000","exact source match"
"1080","MATCHED_EXACT","fragments/1830/09/27-img2405","1830-09-27","diary-1830","img2405","1.0000","exact source match"
"1081","MATCHED_EXACT","fragments/1830/09/28-img2405","1830-09-28","diary-1830","img2405","1.0000","exact source match"
"1082","MATCHED_EXACT","fragments/1830/09/29-img2405","1830-09-29","diary-1830","img2405","1.0000","exact source match"
"1083","MATCHED_EXACT","fragments/1830/09/30-img2405","1830-09-30","diary-1830","img2405","1.0000","exact source match"
"1084","MATCHED_EXACT","fragments/1830/10/01-img2406","1830-10-01","diary-1830","img2406","1.0000","exact source match"
"1085","MATCHED_EXACT","fragments/1830/10/02-img2406","1830-10-02","diary-1830","img2406","1.0000","exact source match"
"1086","MATCHED_EXACT","fragments/1830/10/03-img2406","1830-10-03","diary-1830","img2406","1.0000","exact source match"
"1087","MATCHED_EXACT","fragments/1830/10/04-img2406","1830-10-04","diary-1830","img2406","1.0000","exact source match"
"1088","MATCHED_EXACT","fragments/1830/10/05-img2406","1830-10-05","diary-1830","img2406","1.0000","exact source match"
"1089","MATCHED_EXACT","fragments/1830/10/06-img2407","1830-10-06","diary-1830","img2407","1.0000","exact source match"
"1090","MATCHED_EXACT","fragments/1830/10/07-img2407","1830-10-07","diary-1830","img2407","1.0000","exact source match"
"1091","MATCHED_EXACT","fragments/1830/10/08-img2407","1830-10-08","diary-1830","img2407","1.0000","exact source match"
"1092","MATCHED_EXACT","fragments/1830/10/09-img2407","1830-10-09","diary-1830","img2407","1.0000","exact source match"
"1093","MATCHED_EXACT","fragments/1830/10/10-img2407","1830-10-10","diary-1830","img2407","1.0000","exact source match"
"1094","MATCHED_EXACT","fragments/1830/10/11-img2408","1830-10-11","diary-1830","img2408","1.0000","exact source match"
"1095","MATCHED_EXACT","fragments/1830/10/12-img2408","1830-10-12","diary-1830","img2408","1.0000","exact source match"
"1096","MATCHED_EXACT","fragments/1830/10/13-img2408","1830-10-13","diary-1830","img2408","1.0000","exact source match"
"1097","MATCHED_EXACT","fragments/1830/10/14-img2408","1830-10-14","diary-1830","img2408","1.0000","exact source match"
"1098","MATCHED_EXACT","fragments/1830/10/15-img2409","1830-10-15","diary-1830","img2409","1.0000","exact source match"
"1099","MATCHED_EXACT","fragments/1830/10/16-img2409","1830-10-16","diary-1830","img2409","1.0000","exact source match"
"1100","MATCHED_EXACT","fragments/1830/10/17-img2409","1830-10-17","diary-1830","img2409","1.0000","exact source match"
"1101","MATCHED_EXACT","fragments/1830/10/18-img2409","1830-10-18","diary-1830","img2409","1.0000","exact source match"
"1102","MATCHED_EXACT","fragments/1830/10/19-img2410","1830-10-19","diary-1830","img2410","1.0000","exact source match"
"1103","MATCHED_EXACT","fragments/1830/10/20-img2410","1830-10-20","diary-1830","img2410","1.0000","exact source match"
"1104","MATCHED_EXACT","fragments/1830/10/21-img2410","1830-10-21","diary-1830","img2410","1.0000","exact source match"
"1105","MATCHED_EXACT","fragments/1830/10/22-img2410","1830-10-22","diary-1830","img2410","1.0000","exact source match"
"1106","MATCHED_EXACT","fragments/1830/10/23-img2410","1830-10-23","diary-1830","img2410","1.0000","exact source match"
"1107","MATCHED_EXACT","fragments/1830/10/24-img2411","1830-10-24","diary-1830","img2411","1.0000","exact source match"
"1108","MATCHED_EXACT","fragments/1830/10/25-img2411","1830-10-25","diary-1830","img2411","1.0000","exact source match"
"1109","MATCHED_EXACT","fragments/1830/10/26-img2411","1830-10-26","diary-1830","img2411","1.0000","exact source match"
"1110","MATCHED_EXACT","fragments/1830/10/27-img2411","1830-10-27","diary-1830","img2411","1.0000","exact source match"
"1111","MATCHED_EXACT","fragments/1830/10/28-img2412","1830-10-28","diary-1830","img2412","1.0000","exact source match"
"1112","MATCHED_EXACT","fragments/1830/10/29-img2412","1830-10-29","diary-1830","img2412","1.0000","exact source match"
"1113","MATCHED_EXACT","fragments/1830/10/30-img2412","1830-10-30","diary-1830","img2412","1.0000","exact source match"
"1114","MATCHED_EXACT","fragments/1830/10/31-img2412","1830-10-31","diary-1830","img2412","1.0000","exact source match"
"1115","MATCHED_EXACT","fragments/1830/11/01-img2413","1830-11-01","diary-1830","img2413","1.0000","exact source match"
"1116","MATCHED_EXACT","fragments/1830/11/02-img2413","1830-11-02","diary-1830","img2413","1.0000","exact source match"
"1117","MATCHED_EXACT","fragments/1830/11/03-img2413","1830-11-03","diary-1830","img2413","1.0000","exact source match"
"1118","MATCHED_EXACT","fragments/1830/11/04-img2413","1830-11-04","diary-1830","img2413","1.0000","exact source match"
"1119","MATCHED_EXACT","fragments/1830/11/05-img2414-left","1830-11-05","diary-1830","img2414","1.0000","exact source match"
"1120","MATCHED_EXACT","fragments/1830/11/06-img2414-left","1830-11-06","diary-1830","img2414","1.0000","exact source match"
"1121","MATCHED_EXACT","fragments/1830/11/07-img2414-left","1830-11-07","diary-1830","img2414","1.0000","exact source match"
"1122","MATCHED_EXACT","fragments/1830/11/08-img2414-left","1830-11-08","diary-1830","img2414","1.0000","exact source match"
"1123","MATCHED_EXACT","fragments/1830/11/09-img2414-right","1830-11-09","diary-1830","img2414","1.0000","exact source match"
"1124","MATCHED_EXACT","fragments/1830/11/10-img2414-right","1830-11-10","diary-1830","img2414","1.0000","exact source match"
"1125","MATCHED_EXACT","fragments/1830/11/11-img2414-right","1830-11-11","diary-1830","img2414","1.0000","exact source match"
"1126","MATCHED_EXACT","fragments/1830/11/12-img2414-right","1830-11-12","diary-1830","img2414","1.0000","exact source match"
"1127","MATCHED_EXACT","fragments/1830/11/13-img2415-left","1830-11-13","diary-1830","img2415","1.0000","exact source match"
"1128","MATCHED_EXACT","fragments/1830/11/14-img2415-left","1830-11-14","diary-1830","img2415","1.0000","exact source match"
"1129","MATCHED_EXACT","fragments/1830/11/15-img2415-left","1830-11-15","diary-1830","img2415","1.0000","exact source match"
"1130","MATCHED_EXACT","fragments/1830/11/16-img2415-left","1830-11-16","diary-1830","img2415","1.0000","exact source match"
"1131","MATCHED_EXACT","fragments/1830/11/17-img2415-right","1830-11-17","diary-1830","img2415","1.0000","exact source match"
"1132","MATCHED_EXACT","fragments/1830/11/18-img2415-right","1830-11-18","diary-1830","img2415","1.0000","exact source match"
"1133","MATCHED_EXACT","fragments/1830/11/19-img2415-right","1830-11-19","diary-1830","img2415","1.0000","exact source match"
"1134","MATCHED_EXACT","fragments/1830/11/20-img2416-left","1830-11-20","diary-1830","img2416","1.0000","exact source match"
"1135","MATCHED_EXACT","fragments/1830/11/21-img2416-left","1830-11-21","diary-1830","img2416","1.0000","exact source match"
"1136","MATCHED_EXACT","fragments/1830/11/22-img2416-left","1830-11-22","diary-1830","img2416","1.0000","exact source match"
"1137","MATCHED_EXACT","fragments/1830/11/23-img2416-left","1830-11-23","diary-1830","img2416","1.0000","exact source match"
"1138","MATCHED_EXACT","fragments/1830/11/24-img2416-right","1830-11-24","diary-1830","img2416","1.0000","exact source match"
"1139","MATCHED_EXACT","fragments/1830/11/25-img2416-right","1830-11-25","diary-1830","img2416","1.0000","exact source match"
"1140","MATCHED_EXACT","fragments/1830/11/26-img2416-right","1830-11-26","diary-1830","img2416","1.0000","exact source match"
"1141","MATCHED_EXACT","fragments/1830/11/27-img2416-right","1830-11-27","diary-1830","img2416","1.0000","exact source match"
"1142","MATCHED_EXACT","fragments/1830/11/28-img2417","1830-11-28","diary-1830","img2417","1.0000","exact source match"
"1143","MATCHED_EXACT","fragments/1830/11/29-img2417","1830-11-29","diary-1830","img2417","1.0000","exact source match"
"1144","MATCHED_EXACT","fragments/1830/11/30-img2417","1830-11-30","diary-1830","img2417","1.0000","exact source match"
"1145","MATCHED_EXACT","fragments/1830/12/01-img2418","1830-12-01","diary-1830","img2418","1.0000","exact source match"
"1146","MATCHED_EXACT","fragments/1830/12/02-img2418","1830-12-02","diary-1830","img2418","1.0000","exact source match"
"1147","MATCHED_EXACT","fragments/1830/12/03-img2418","1830-12-03","diary-1830","img2418","1.0000","exact source match"
"1148","MATCHED_EXACT","fragments/1830/12/04-img2419-left","1830-12-04","diary-1830","img2419","1.0000","exact source match"
"1149","MATCHED_EXACT","fragments/1830/12/05-img2419-left","1830-12-05","diary-1830","img2419","1.0000","exact source match"
"1150","MATCHED_EXACT","fragments/1830/12/06-img2419-left","1830-12-06","diary-1830","img2419","1.0000","exact source match"
"1151","MATCHED_EXACT","fragments/1830/12/07-img2419-left","1830-12-07","diary-1830","img2419","1.0000","exact source match"
"1152","MATCHED_EXACT","fragments/1830/12/08-img2419-right","1830-12-08","diary-1830","img2419","1.0000","exact source match"
"1153","MATCHED_EXACT","fragments/1830/12/09-img2419-right","1830-12-09","diary-1830","img2419","1.0000","exact source match"
"1154","MATCHED_EXACT","fragments/1830/12/10-img2419-right","1830-12-10","diary-1830","img2419","1.0000","exact source match"
"1155","MATCHED_EXACT","fragments/1830/12/11-img2419-right","1830-12-11","diary-1830","img2419","1.0000","exact source match"
"1156","MATCHED_EXACT","fragments/1830/12/12-img2419-right","1830-12-12","diary-1830","img2419","1.0000","exact source match"
"1157","MATCHED_EXACT","fragments/1830/12/12-img2420","1830-12-12","diary-1830","img2420","2.0000","exact source match"
"1158","MATCHED_EXACT","fragments/1830/12/13-img2420","1830-12-13","diary-1830","img2420","1.0000","exact source match"
"1159","MATCHED_EXACT","fragments/1830/12/14-img2420","1830-12-14","diary-1830","img2420","1.0000","exact source match"
"1160","MATCHED_EXACT","fragments/1830/12/15-img2421","1830-12-15","diary-1830","img2421","1.0000","exact source match"
"1161","MATCHED_EXACT","fragments/1830/12/16-img2421","1830-12-16","diary-1830","img2421","1.0000","exact source match"
"1162","MATCHED_EXACT","fragments/1830/12/17-img2421","1830-12-17","diary-1830","img2421","1.0000","exact source match"
"1163","MATCHED_EXACT","fragments/1830/12/18-img2423","1830-12-18","diary-1830","img2423","1.0000","exact source match"
"1164","MATCHED_EXACT","fragments/1830/12/19-img2423","1830-12-19","diary-1830","img2423","1.0000","exact source match"
"1165","MATCHED_EXACT","fragments/1830/12/20-img2424","1830-12-20","diary-1830","img2424","1.0000","exact source match"
"1166","MATCHED_EXACT","fragments/1830/12/21-img2424","1830-12-21","diary-1830","img2424","1.0000","exact source match"
"1167","MATCHED_EXACT","fragments/1830/12/22-img2424","1830-12-22","diary-1830","img2424","1.0000","exact source match"
"1168","MATCHED_EXACT","fragments/1830/12/23-img2424","1830-12-23","diary-1830","img2424","1.0000","exact source match"
"1169","MATCHED_EXACT","fragments/1830/12/24-img2425","1830-12-24","diary-1830","img2425","1.0000","exact source match"
"1170","MATCHED_EXACT","fragments/1830/12/25-img2425","1830-12-25","diary-1830","img2425","1.0000","exact source match"
"1171","MATCHED_EXACT","fragments/1830/12/26-img2425","1830-12-26","diary-1830","img2425","1.0000","exact source match"
"1172","MATCHED_EXACT","fragments/1830/12/27-img2426","1830-12-27","diary-1830","img2426","1.0000","exact source match"
"1173","MATCHED_EXACT","fragments/1830/12/28-img2426","1830-12-28","diary-1830","img2426","1.0000","exact source match"
"1174","MATCHED_EXACT","fragments/1830/12/29-img2426","1830-12-29","diary-1830","img2426","1.0000","exact source match"
"1175","MATCHED_EXACT","fragments/1830/12/30-img2426","1830-12-30","diary-1830","img2426","1.0000","exact source match"
"1176","MATCHED_EXACT","fragments/1830/12/31-img2427","1830-12-31","diary-1830","img2427","1.0000","exact source match"
"1177","MATCHED_EXACT","fragments/1831/01/01-dc-highlights-1831","1831-01-01","","","2.0000","exact source match"
"1178","MATCHED_EXACT","fragments/1831/01/01-img2733","1831-01-01","diary-1831","img2733","1.0000","exact source match"
"1179","MATCHED_EXACT","fragments/1831/01/02-img2733","1831-01-02","diary-1831","img2733","1.0000","exact source match"
"1180","MATCHED_EXACT","fragments/1831/01/03-img2733","1831-01-03","diary-1831","img2733","1.0000","exact source match"
"1181","MATCHED_EXACT","fragments/1831/01/04-img2734","1831-01-04","diary-1831","img2734","1.0000","exact source match"
"1182","DATABASE_ONLY","","1831-01-05","","","1.0000","no source row was matched or proposed"
"1183","MATCHED_EXACT","fragments/1831/01/05-img2734","1831-01-05","diary-1831","img2734","2.0000","exact source match"
"1184","MATCHED_EXACT","fragments/1831/01/06-img2734","1831-01-06","diary-1831","img2734","1.0000","exact source match"
"1185","MATCHED_EXACT","fragments/1831/01/07-img2735","1831-01-07","diary-1831","img2735","1.0000","exact source match"
"1186","MATCHED_EXACT","fragments/1831/01/08-img2735","1831-01-08","diary-1831","img2735","1.0000","exact source match"
"1187","MATCHED_EXACT","fragments/1831/01/09-img2735","1831-01-09","diary-1831","img2735","1.0000","exact source match"
"1188","MATCHED_EXACT","fragments/1831/01/10-img2736","1831-01-10","diary-1831","img2736","1.0000","exact source match"
"1189","MATCHED_EXACT","fragments/1831/01/11-img2736","1831-01-11","diary-1831","img2736","1.0000","exact source match"
"1190","MATCHED_EXACT","fragments/1831/01/12-img2736","1831-01-12","diary-1831","img2736","1.0000","exact source match"
"1191","MATCHED_EXACT","fragments/1831/01/13-img2736","1831-01-13","diary-1831","img2736","1.0000","exact source match"
"1192","MATCHED_EXACT","fragments/1831/01/14-img2737","1831-01-14","diary-1831","img2737","1.0000","exact source match"
"1193","MATCHED_EXACT","fragments/1831/01/15-img2737","1831-01-15","diary-1831","img2737","1.0000","exact source match"
"1194","MATCHED_EXACT","fragments/1831/01/16-img2737","1831-01-16","diary-1831","img2737","1.0000","exact source match"
"1195","MATCHED_EXACT","fragments/1831/01/17-img2737","1831-01-17","diary-1831","img2737","1.0000","exact source match"
"1196","MATCHED_EXACT","fragments/1831/01/18-img2738","1831-01-18","diary-1831","img2738","1.0000","exact source match"
"1197","MATCHED_EXACT","fragments/1831/01/19-img2738","1831-01-19","diary-1831","img2738","1.0000","exact source match"
"1198","MATCHED_EXACT","fragments/1831/01/20-img2738","1831-01-20","diary-1831","img2738","1.0000","exact source match"
"1199","MATCHED_EXACT","fragments/1831/01/21-img2738","1831-01-21","diary-1831","img2738","1.0000","exact source match"
"1200","MATCHED_EXACT","fragments/1831/01/22-img2738","1831-01-22","diary-1831","img2738","1.0000","exact source match"
"1201","MATCHED_EXACT","fragments/1831/01/23-img2739","1831-01-23","diary-1831","img2739","1.0000","exact source match"
"1202","MATCHED_EXACT","fragments/1831/01/24-img2739","1831-01-24","diary-1831","img2739","1.0000","exact source match"
"1203","MATCHED_EXACT","fragments/1831/01/25-img2739","1831-01-25","diary-1831","img2739","1.0000","exact source match"
"1204","MATCHED_EXACT","fragments/1831/01/26-img2740","1831-01-26","diary-1831","img2740","1.0000","exact source match"
"1205","MATCHED_EXACT","fragments/1831/01/27-img2740","1831-01-27","diary-1831","img2740","1.0000","exact source match"
"1206","MATCHED_EXACT","fragments/1831/01/28-img2741","1831-01-28","diary-1831","img2741","1.0000","exact source match"
"1207","MATCHED_EXACT","fragments/1831/01/29-img2741","1831-01-29","diary-1831","img2741","1.0000","exact source match"
"1208","MATCHED_EXACT","fragments/1831/01/30-img2742","1831-01-30","diary-1831","img2742","1.0000","exact source match"
"1209","MATCHED_EXACT","fragments/1831/01/31-img2742","1831-01-31","diary-1831","img2742","1.0000","exact source match"
"1210","MATCHED_EXACT","fragments/1831/02/01-img2743","1831-02-01","diary-1831","img2743","1.0000","exact source match"
"1211","MATCHED_EXACT","fragments/1831/02/02-img2743","1831-02-02","diary-1831","img2743","1.0000","exact source match"
"1212","MATCHED_EXACT","fragments/1831/02/03-img2744","1831-02-03","diary-1831","img2744","1.0000","exact source match"
"1213","MATCHED_EXACT","fragments/1831/02/04-img2744","1831-02-04","diary-1831","img2744","1.0000","exact source match"
"1214","MATCHED_EXACT","fragments/1831/02/05-img2744","1831-02-05","diary-1831","img2744","1.0000","exact source match"
"1215","MATCHED_EXACT","fragments/1831/02/05-img2745","1831-02-05","diary-1831","img2745","2.0000","exact source match"
"1216","MATCHED_EXACT","fragments/1831/02/06-img2745","1831-02-06","diary-1831","img2745","1.0000","exact source match"
"1217","MATCHED_EXACT","fragments/1831/02/07-img2745","1831-02-07","diary-1831","img2745","1.0000","exact source match"
"1218","MATCHED_EXACT","fragments/1831/02/08-img2745","1831-02-08","diary-1831","img2745","1.0000","exact source match"
"1219","MATCHED_EXACT","fragments/1831/02/08-img2746","1831-02-08","diary-1831","img2746","2.0000","exact source match"
"1220","MATCHED_EXACT","fragments/1831/02/09-img2746","1831-02-09","diary-1831","img2746","1.0000","exact source match"
"1221","MATCHED_EXACT","fragments/1831/02/10-img2746","1831-02-10","diary-1831","img2746","1.0000","exact source match"
"1222","MATCHED_EXACT","fragments/1831/02/11-img2746","1831-02-11","diary-1831","img2746","1.0000","exact source match"
"1223","MATCHED_EXACT","fragments/1831/02/12-img2747","1831-02-12","diary-1831","img2747","1.0000","exact source match"
"1224","MATCHED_EXACT","fragments/1831/02/13-img2747","1831-02-13","diary-1831","img2747","1.0000","exact source match"
"1225","MATCHED_EXACT","fragments/1831/02/14-img2747","1831-02-14","diary-1831","img2747","1.0000","exact source match"
"1226","MATCHED_EXACT","fragments/1831/02/15-img2747","1831-02-15","diary-1831","img2747","1.0000","exact source match"
"1227","MATCHED_EXACT","fragments/1831/02/16-img2747","1831-02-16","diary-1831","img2747","1.0000","exact source match"
"1228","MATCHED_EXACT","fragments/1831/02/17-img2748","1831-02-17","diary-1831","img2748","1.0000","exact source match"
"1229","MATCHED_EXACT","fragments/1831/02/18-img2748","1831-02-18","diary-1831","img2748","1.0000","exact source match"
"1230","MATCHED_EXACT","fragments/1831/02/19-img2748","1831-02-19","diary-1831","img2748","1.0000","exact source match"
"1231","MATCHED_EXACT","fragments/1831/02/19-img2749","1831-02-19","diary-1831","img2749","2.0000","exact source match"
"1232","MATCHED_EXACT","fragments/1831/02/20-img2749","1831-02-20","diary-1831","img2749","1.0000","exact source match"
"1233","MATCHED_EXACT","fragments/1831/02/21-img2749","1831-02-21","diary-1831","img2749","1.0000","exact source match"
"1234","MATCHED_EXACT","fragments/1831/02/22-img2749","1831-02-22","diary-1831","img2749","1.0000","exact source match"
"1235","MATCHED_EXACT","fragments/1831/02/23-img2749","1831-02-23","diary-1831","img2749","1.0000","exact source match"
"1236","MATCHED_EXACT","fragments/1831/02/24-img2750","1831-02-24","diary-1831","img2750","1.0000","exact source match"
"1237","MATCHED_EXACT","fragments/1831/02/25-img2750","1831-02-25","diary-1831","img2750","1.0000","exact source match"
"1238","MATCHED_EXACT","fragments/1831/02/26-img2750","1831-02-26","diary-1831","img2750","1.0000","exact source match"
"1239","MATCHED_EXACT","fragments/1831/02/27-img2750","1831-02-27","diary-1831","img2750","1.0000","exact source match"
"1240","MATCHED_EXACT","fragments/1831/02/28-img2751","1831-02-28","diary-1831","img2751","1.0000","exact source match"
"1241","MATCHED_EXACT","fragments/1831/03/01-img2751","1831-03-01","diary-1831","img2751","1.0000","exact source match"
"1242","MATCHED_EXACT","fragments/1831/03/02-img2751","1831-03-02","diary-1831","img2751","1.0000","exact source match"
"1243","MATCHED_EXACT","fragments/1831/03/06-img2752","1831-03-06","diary-1831","img2752","1.0000","exact source match"
"1244","MATCHED_EXACT","fragments/1831/03/07-img2752","1831-03-07","diary-1831","img2752","1.0000","exact source match"
"1245","MATCHED_EXACT","fragments/1831/03/08-img2752","1831-03-08","diary-1831","img2752","1.0000","exact source match"
"1246","MATCHED_EXACT","fragments/1831/03/09-img2752","1831-03-09","diary-1831","img2752","1.0000","exact source match"
"1247","MATCHED_EXACT","fragments/1831/03/10-img2753-left","1831-03-10","diary-1831","img2753","1.0000","exact source match"
"1248","MATCHED_EXACT","fragments/1831/03/11-img2753-left","1831-03-11","diary-1831","img2753","1.0000","exact source match"
"1249","MATCHED_EXACT","fragments/1831/03/12-img2753-left","1831-03-12","diary-1831","img2753","1.0000","exact source match"
"1250","MATCHED_EXACT","fragments/1831/03/13-img2753-left","1831-03-13","diary-1831","img2753","1.0000","exact source match"
"1251","MATCHED_EXACT","fragments/1831/03/14-b3-img2753-white-swan-alnwick","1831-03-14","diary-1831","img2753","1.0000","exact source match"
"1252","MATCHED_EXACT","fragments/1831/03/14-img2753-right","1831-03-14","diary-1831","img2753","2.0000","exact source match"
"1253","MATCHED_EXACT","fragments/1831/03/15-b3-img2754-castle-alnwick","1831-03-15","diary-1831","img2754","1.0000","exact source match"
"1254","MATCHED_EXACT","fragments/1831/03/15-img2753-right","1831-03-15","diary-1831","img2753","2.0000","exact source match"
"1255","MATCHED_EXACT","fragments/1831/03/16-img2753-right","1831-03-16","diary-1831","img2753","1.0000","exact source match"
"1256","MATCHED_EXACT","fragments/1831/03/16-img2758","1831-03-16","diary-1831","img2758","2.0000","exact source match"
"1257","MATCHED_EXACT","fragments/1831/03/17-img2753-right","1831-03-17","diary-1831","img2753","1.0000","exact source match"
"1258","MATCHED_EXACT","fragments/1831/03/18-img2754","1831-03-18","diary-1831","img2754","1.0000","exact source match"
"1259","MATCHED_EXACT","fragments/1831/03/19-img2754","1831-03-19","diary-1831","img2754","1.0000","exact source match"
"1260","MATCHED_EXACT","fragments/1831/03/20-img2754","1831-03-20","diary-1831","img2754","1.0000","exact source match"
"1261","MATCHED_EXACT","fragments/1831/03/21-img2754","1831-03-21","diary-1831","img2754","1.0000","exact source match"
"1262","MATCHED_EXACT","fragments/1831/03/22-b3-img2754-the-bull-alnwick","1831-03-22","diary-1831","img2754","1.0000","exact source match"
"1263","MATCHED_EXACT","fragments/1831/03/22-img2754","1831-03-22","diary-1831","img2754","2.0000","exact source match"
"1264","MATCHED_EXACT","fragments/1831/03/23-img2755","1831-03-23","diary-1831","img2755","1.0000","exact source match"
"1265","MATCHED_EXACT","fragments/1831/03/24-img2755","1831-03-24","diary-1831","img2755","1.0000","exact source match"
"1266","MATCHED_EXACT","fragments/1831/03/25-img2755","1831-03-25","diary-1831","img2755","1.0000","exact source match"
"1267","MATCHED_EXACT","fragments/1831/03/26-img2756","1831-03-26","diary-1831","img2756","1.0000","exact source match"
"1268","MATCHED_EXACT","fragments/1831/03/27-img2756","1831-03-27","diary-1831","img2756","1.0000","exact source match"
"1269","MATCHED_EXACT","fragments/1831/03/28-b3-img2755-bondgate-hall","1831-03-28","diary-1831","img2755","1.0000","exact source match"
"1270","MATCHED_EXACT","fragments/1831/03/28-img2756","1831-03-28","diary-1831","img2756","2.0000","exact source match"
"1271","MATCHED_EXACT","fragments/1831/03/29-img2756","1831-03-29","diary-1831","img2756","1.0000","exact source match"
"1272","MATCHED_EXACT","fragments/1831/03/29-img2757","1831-03-29","diary-1831","img2757","2.0000","exact source match"
"1273","MATCHED_EXACT","fragments/1831/03/30-img2757","1831-03-30","diary-1831","img2757","1.0000","exact source match"
"1274","MATCHED_EXACT","fragments/1831/03/31-img2757","1831-03-31","diary-1831","img2757","1.0000","exact source match"
"1275","MATCHED_EXACT","fragments/1831/04/01-img2758","1831-04-01","diary-1831","img2758","1.0000","exact source match"
"1276","MATCHED_EXACT","fragments/1831/04/02-b3-img2758-charlotte-square-newcastle","1831-04-02","diary-1831","img2755","1.0000","exact source match"
"1277","MATCHED_EXACT","fragments/1831/04/02-img2758","1831-04-02","diary-1831","img2758","2.0000","exact source match"
"1278","MATCHED_EXACT","fragments/1831/04/03-img2758","1831-04-03","diary-1831","img2758","1.0000","exact source match"
"1279","MATCHED_EXACT","fragments/1831/04/04-b3-img2758-northumberland-alms-tynemouth","1831-04-04","diary-1831","img2755","1.0000","exact source match"
"1280","MATCHED_EXACT","fragments/1831/04/04-img2759","1831-04-04","diary-1831","img2759","2.0000","exact source match"
"1281","MATCHED_EXACT","fragments/1831/04/05-img2759","1831-04-05","diary-1831","img2759","1.0000","exact source match"
"1282","MATCHED_EXACT","fragments/1831/04/06-img2759","1831-04-06","diary-1831","img2759","1.0000","exact source match"
"1283","MATCHED_EXACT","fragments/1831/04/07-img2760","1831-04-07","diary-1831","img2760","1.0000","exact source match"
"1284","MATCHED_EXACT","fragments/1831/04/08-img2760","1831-04-08","diary-1831","img2760","1.0000","exact source match"
"1285","MATCHED_EXACT","fragments/1831/04/09-img2760","1831-04-09","diary-1831","img2760","1.0000","exact source match"
"1286","MATCHED_EXACT","fragments/1831/04/10-img2760","1831-04-10","diary-1831","img2760","1.0000","exact source match"
"1287","MATCHED_EXACT","fragments/1831/04/11-img2761","1831-04-11","diary-1831","img2761","1.0000","exact source match"
"1288","MATCHED_EXACT","fragments/1831/04/12-b3-img2761-brandon-white-house","1831-04-12","diary-1831","img2761","1.0000","exact source match"
"1289","MATCHED_EXACT","fragments/1831/04/12-img2761","1831-04-12","diary-1831","img2761","2.0000","exact source match"
"1290","MATCHED_EXACT","fragments/1831/04/13-img2761","1831-04-13","diary-1831","img2761","1.0000","exact source match"
"1291","MATCHED_EXACT","fragments/1831/04/14-img2761","1831-04-14","diary-1831","img2761","1.0000","exact source match"
"1292","MATCHED_EXACT","fragments/1831/04/15-img2762","1831-04-15","diary-1831","img2762","1.0000","exact source match"
"1293","MATCHED_EXACT","fragments/1831/04/16-img2762","1831-04-16","diary-1831","img2762","1.0000","exact source match"
"1294","MATCHED_EXACT","fragments/1831/04/17-img2762","1831-04-17","diary-1831","img2762","1.0000","exact source match"
"1295","MATCHED_EXACT","fragments/1831/04/18-img2762","1831-04-18","diary-1831","img2762","1.0000","exact source match"
"1296","MATCHED_EXACT","fragments/1831/04/19-b3-img2762-north-shields-walk","1831-04-19","diary-1831","img2762","1.0000","exact source match"
"1297","MATCHED_EXACT","fragments/1831/04/19-img2762","1831-04-19","diary-1831","img2762","2.0000","exact source match"
"1298","MATCHED_EXACT","fragments/1831/04/20-img2763","1831-04-20","diary-1831","img2763","1.0000","exact source match"
"1299","MATCHED_EXACT","fragments/1831/04/21-img2763","1831-04-21","diary-1831","img2763","1.0000","exact source match"
"1300","MATCHED_EXACT","fragments/1831/04/22-img2763","1831-04-22","diary-1831","img2763","1.0000","exact source match"
"1301","MATCHED_EXACT","fragments/1831/04/23-img2764","1831-04-23","diary-1831","img2764","1.0000","exact source match"
"1302","MATCHED_EXACT","fragments/1831/04/24-img2764","1831-04-24","diary-1831","img2764","1.0000","exact source match"
"1303","MATCHED_EXACT","fragments/1831/04/25-img2764","1831-04-25","diary-1831","img2764","1.0000","exact source match"
"1304","MATCHED_EXACT","fragments/1831/04/26-img2764","1831-04-26","diary-1831","img2764","1.0000","exact source match"
"1305","MATCHED_EXACT","fragments/1831/04/27-img2765","1831-04-27","diary-1831","img2765","1.0000","exact source match"
"1306","MATCHED_EXACT","fragments/1831/04/28-img2765","1831-04-28","diary-1831","img2765","1.0000","exact source match"
"1307","MATCHED_EXACT","fragments/1831/04/29-img2765","1831-04-29","diary-1831","img2765","1.0000","exact source match"
"1308","MATCHED_EXACT","fragments/1831/04/30-img2765","1831-04-30","diary-1831","img2765","1.0000","exact source match"
"1309","MATCHED_EXACT","fragments/1831/05/01-img2766","1831-05-01","diary-1831","img2766","1.0000","exact source match"
"1310","MATCHED_EXACT","fragments/1831/05/02-img2766","1831-05-02","diary-1831","img2766","1.0000","exact source match"
"1311","MATCHED_EXACT","fragments/1831/05/03-img2766","1831-05-03","diary-1831","img2766","1.0000","exact source match"
"1312","MATCHED_EXACT","fragments/1831/05/04-img2766","1831-05-04","diary-1831","img2766","1.0000","exact source match"
"1313","MATCHED_EXACT","fragments/1831/05/05-img2767","1831-05-05","diary-1831","img2767","1.0000","exact source match"
"1314","MATCHED_EXACT","fragments/1831/05/06-img2767","1831-05-06","diary-1831","img2767","1.0000","exact source match"
"1315","MATCHED_EXACT","fragments/1831/05/07-b3-img2767-hms-samarang","1831-05-07","diary-1831","img2767","1.0000","exact source match"
"1316","MATCHED_EXACT","fragments/1831/05/07-img2767","1831-05-07","diary-1831","img2767","2.0000","exact source match"
"1317","MATCHED_EXACT","fragments/1831/05/08-img2768","1831-05-08","diary-1831","img2768","1.0000","exact source match"
"1318","MATCHED_EXACT","fragments/1831/05/09-img2768","1831-05-09","diary-1831","img2768","1.0000","exact source match"
"1319","MATCHED_EXACT","fragments/1831/05/10-img2768","1831-05-10","diary-1831","img2768","1.0000","exact source match"
"1320","MATCHED_EXACT","fragments/1831/05/11-img2768","1831-05-11","diary-1831","img2768","1.0000","exact source match"
"1321","MATCHED_EXACT","fragments/1831/05/12-b3-img2769-mayer-archibald-and-the keelmen-strike","1831-05-12","diary-1831","img2769","1.0000","exact source match"
"1322","MATCHED_EXACT","fragments/1831/05/12-img2769","1831-05-12","diary-1831","img2769","2.0000","exact source match"
"1323","MATCHED_EXACT","fragments/1831/05/13-img2769","1831-05-13","diary-1831","img2769","1.0000","exact source match"
"1324","MATCHED_EXACT","fragments/1831/05/14-img2769","1831-05-14","diary-1831","img2769","1.0000","exact source match"
"1325","MATCHED_EXACT","fragments/1831/05/15-img2769","1831-05-15","diary-1831","img2769","1.0000","exact source match"
"1326","MATCHED_EXACT","fragments/1831/05/16-img2769","1831-05-16","diary-1831","img2769","1.0000","exact source match"
"1327","MATCHED_EXACT","fragments/1831/05/17-img2770","1831-05-17","diary-1831","img2770","1.0000","exact source match"
"1328","MATCHED_EXACT","fragments/1831/05/18-img2770","1831-05-18","diary-1831","img2770","1.0000","exact source match"
"1329","MATCHED_EXACT","fragments/1831/05/19-img2770","1831-05-19","diary-1831","img2770","1.0000","exact source match"
"1330","MATCHED_EXACT","fragments/1831/05/20-img2771","1831-05-20","diary-1831","img2771","1.0000","exact source match"
"1331","MATCHED_EXACT","fragments/1831/05/21-img2771","1831-05-21","diary-1831","img2771","1.0000","exact source match"
"1332","MATCHED_EXACT","fragments/1831/05/22-img2771","1831-05-22","diary-1831","img2771","1.0000","exact source match"
"1333","MATCHED_EXACT","fragments/1831/05/23-img2771","1831-05-23","diary-1831","img2771","1.0000","exact source match"
"1334","MATCHED_EXACT","fragments/1831/05/24-img2772","1831-05-24","diary-1831","img2772","1.0000","exact source match"
"1335","MATCHED_EXACT","fragments/1831/05/25-img2772","1831-05-25","diary-1831","img2772","1.0000","exact source match"
"1336","MATCHED_EXACT","fragments/1831/05/26-img2772","1831-05-26","diary-1831","img2772","1.0000","exact source match"
"1337","MATCHED_EXACT","fragments/1831/05/27-img2772","1831-05-27","diary-1831","img2772","1.0000","exact source match"
"1338","MATCHED_EXACT","fragments/1831/05/28-img2773","1831-05-28","diary-1831","img2773","1.0000","exact source match"
"1339","MATCHED_EXACT","fragments/1831/05/29-img2773","1831-05-29","diary-1831","img2773","1.0000","exact source match"
"1340","MATCHED_EXACT","fragments/1831/05/30-img2773","1831-05-30","diary-1831","img2773","1.0000","exact source match"
"1341","MATCHED_EXACT","fragments/1831/05/31-img2773","1831-05-31","diary-1831","img2773","1.0000","exact source match"
"1342","MATCHED_EXACT","fragments/1831/06/01-img2774","1831-06-01","diary-1831","img2774","1.0000","exact source match"
"1343","MATCHED_EXACT","fragments/1831/06/02-img2774","1831-06-02","diary-1831","img2774","1.0000","exact source match"
"1344","MATCHED_EXACT","fragments/1831/06/03-img2774","1831-06-03","diary-1831","img2774","1.0000","exact source match"
"1345","MATCHED_EXACT","fragments/1831/06/04-img2774","1831-06-04","diary-1831","img2774","1.0000","exact source match"
"1346","MATCHED_EXACT","fragments/1831/06/05-img2774","1831-06-05","diary-1831","img2774","1.0000","exact source match"
"1347","MATCHED_EXACT","fragments/1831/06/06-img2775","1831-06-06","diary-1831","img2775","1.0000","exact source match"
"1348","MATCHED_EXACT","fragments/1831/06/07-img2775","1831-06-07","diary-1831","img2775","1.0000","exact source match"
"1349","MATCHED_EXACT","fragments/1831/06/08-img2775","1831-06-08","diary-1831","img2775","1.0000","exact source match"
"1350","MATCHED_EXACT","fragments/1831/06/09-img2776","1831-06-09","diary-1831","img2776","1.0000","exact source match"
"1351","MATCHED_EXACT","fragments/1831/06/10-img2776","1831-06-10","diary-1831","img2776","1.0000","exact source match"
"1352","MATCHED_EXACT","fragments/1831/06/11-img2776","1831-06-11","diary-1831","img2776","1.0000","exact source match"
"1353","MATCHED_EXACT","fragments/1831/06/12-img2776","1831-06-12","diary-1831","img2776","1.0000","exact source match"
"1354","MATCHED_EXACT","fragments/1831/06/13-img2777","1831-06-13","diary-1831","img2777","1.0000","exact source match"
"1355","MATCHED_EXACT","fragments/1831/06/14-img2777","1831-06-14","diary-1831","img2777","1.0000","exact source match"
"1356","MATCHED_EXACT","fragments/1831/06/15-img2777","1831-06-15","diary-1831","img2777","1.0000","exact source match"
"1357","MATCHED_EXACT","fragments/1831/06/16-img2778","1831-06-16","diary-1831","img2778","1.0000","exact source match"
"1358","MATCHED_EXACT","fragments/1831/06/17-img2778","1831-06-17","diary-1831","img2778","1.0000","exact source match"
"1359","MATCHED_EXACT","fragments/1831/06/18-img2778","1831-06-18","diary-1831","img2778","1.0000","exact source match"
"1360","MATCHED_EXACT","fragments/1831/06/19-img2778","1831-06-19","diary-1831","img2778","1.0000","exact source match"
"1361","MATCHED_EXACT","fragments/1831/06/20-img2779","1831-06-20","diary-1831","img2779","1.0000","exact source match"
"1362","MATCHED_EXACT","fragments/1831/06/21-img2779","1831-06-21","diary-1831","img2779","1.0000","exact source match"
"1363","MATCHED_EXACT","fragments/1831/06/22-img2779","1831-06-22","diary-1831","img2779","1.0000","exact source match"
"1364","MATCHED_EXACT","fragments/1831/06/23-img2780","1831-06-23","diary-1831","img2780","1.0000","exact source match"
"1365","MATCHED_EXACT","fragments/1831/06/24-img2780","1831-06-24","diary-1831","img2780","1.0000","exact source match"
"1366","MATCHED_EXACT","fragments/1831/06/25-img2780","1831-06-25","diary-1831","img2780","1.0000","exact source match"
"1367","MATCHED_EXACT","fragments/1831/06/26-img2780","1831-06-26","diary-1831","img2780","1.0000","exact source match"
"1368","MATCHED_EXACT","fragments/1831/06/27-img2781","1831-06-27","diary-1831","img2781","1.0000","exact source match"
"1369","MATCHED_EXACT","fragments/1831/06/28-img2781","1831-06-28","diary-1831","img2781","1.0000","exact source match"
"1370","MATCHED_EXACT","fragments/1831/06/29-img2781","1831-06-29","diary-1831","img2781","1.0000","exact source match"
"1371","MATCHED_EXACT","fragments/1831/06/30-img2782","1831-06-30","diary-1831","img2782","1.0000","exact source match"
"1372","MATCHED_EXACT","fragments/1831/07/01-img2782","1831-07-01","diary-1831","img2782","1.0000","exact source match"
"1373","MATCHED_EXACT","fragments/1831/06/26-b3-img2780-cross-keys-hull","1831-07-02","diary-1831","img2780","1.0000","exact source match"
"1374","MATCHED_EXACT","fragments/1831/07/02-img2782","1831-07-02","diary-1831","img2782","2.0000","exact source match"
"1375","MATCHED_EXACT","fragments/1831/07/03-b3-img2783-black-swan-york","1831-07-03","diary-1831","img2783","1.0000","exact source match"
"1376","MATCHED_EXACT","fragments/1831/07/03-img2783","1831-07-03","diary-1831","img2783","2.0000","exact source match"
"1377","MATCHED_EXACT","fragments/1831/07/04-img2783","1831-07-04","diary-1831","img2783","1.0000","exact source match"
"1378","MATCHED_EXACT","fragments/1831/07/05-img2783","1831-07-05","diary-1831","img2783","1.0000","exact source match"
"1379","MATCHED_EXACT","fragments/1831/07/06-img2783","1831-07-06","diary-1831","img2783","1.0000","exact source match"
"1380","MATCHED_EXACT","fragments/1831/07/07-img2784","1831-07-07","diary-1831","img2784","1.0000","exact source match"
"1381","MATCHED_EXACT","fragments/1831/07/08-img2784","1831-07-08","diary-1831","img2784","1.0000","exact source match"
"1382","MATCHED_EXACT","fragments/1831/07/09-img2784","1831-07-09","diary-1831","img2784","1.0000","exact source match"
"1383","MATCHED_EXACT","fragments/1831/07/10-img2784","1831-07-10","diary-1831","img2784","1.0000","exact source match"
"1384","MATCHED_EXACT","fragments/1831/07/11-img2785","1831-07-11","diary-1831","img2785","1.0000","exact source match"
"1385","MATCHED_EXACT","fragments/1831/07/12-img2785","1831-07-12","diary-1831","img2785","1.0000","exact source match"
"1386","MATCHED_EXACT","fragments/1831/07/13-img2785","1831-07-13","diary-1831","img2785","1.0000","exact source match"
"1387","MATCHED_EXACT","fragments/1831/07/14-img2785","1831-07-14","diary-1831","img2785","1.0000","exact source match"
"1388","MATCHED_EXACT","fragments/1831/07/15-img2786","1831-07-15","diary-1831","img2786","1.0000","exact source match"
"1389","MATCHED_EXACT","fragments/1831/07/16-img2786","1831-07-16","diary-1831","img2786","1.0000","exact source match"
"1390","MATCHED_EXACT","fragments/1831/07/17-img2786","1831-07-17","diary-1831","img2786","1.0000","exact source match"
"1391","MATCHED_EXACT","fragments/1831/07/18-img2786","1831-07-18","diary-1831","img2786","1.0000","exact source match"
"1392","MATCHED_EXACT","fragments/1831/07/19-b3-img2787-croquet-island","1831-07-19","diary-1831","img2787","1.0000","exact source match"
"1393","MATCHED_EXACT","fragments/1831/07/19-img2787","1831-07-19","diary-1831","img2787","2.0000","exact source match"
"1394","MATCHED_EXACT","fragments/1831/07/20-img2787","1831-07-20","diary-1831","img2787","1.0000","exact source match"
"1395","MATCHED_EXACT","fragments/1831/07/21-img2787","1831-07-21","diary-1831","img2787","1.0000","exact source match"
"1396","MATCHED_EXACT","fragments/1831/07/22-img2787","1831-07-22","diary-1831","img2787","1.0000","exact source match"
"1397","MATCHED_EXACT","fragments/1831/07/23-b2-img2788-hermitage-warkworth","1831-07-23","diary-1831","img2788","1.0000","exact source match"
"1398","MATCHED_EXACT","fragments/1831/07/23-b3-img2788-hermitage-inn-warkworth","1831-07-23","diary-1831","img2788","2.0000","exact source match"
"1399","MATCHED_EXACT","fragments/1831/07/23-img2788","1831-07-23","diary-1831","img2788","3.0000","exact source match"
"1400","MATCHED_EXACT","fragments/1831/07/24-img2788","1831-07-24","diary-1831","img2788","1.0000","exact source match"
"1401","MATCHED_EXACT","fragments/1831/07/25-img2788","1831-07-25","diary-1831","img2788","1.0000","exact source match"
"1402","MATCHED_EXACT","fragments/1831/07/26-img2789","1831-07-26","diary-1831","img2789","1.0000","exact source match"
"1403","MATCHED_EXACT","fragments/1831/07/27-img2789","1831-07-27","diary-1831","img2789","1.0000","exact source match"
"1404","MATCHED_EXACT","fragments/1831/07/28-img2789","1831-07-28","diary-1831","img2789","1.0000","exact source match"
"1405","MATCHED_EXACT","fragments/1831/07/28-img2790-left","1831-07-28","diary-1831","img2790","2.0000","exact source match"
"1406","MATCHED_EXACT","fragments/1831/07/29-img2790-left","1831-07-29","diary-1831","img2790","1.0000","exact source match"
"1407","MATCHED_EXACT","fragments/1831/07/30-img2790-left","1831-07-30","diary-1831","img2790","1.0000","exact source match"
"1408","MATCHED_EXACT","fragments/1831/07/31-img2790-left","1831-07-31","diary-1831","img2790","1.0000","exact source match"
"1409","MATCHED_EXACT","fragments/1831/08/10-img2790-right","1831-08-10","diary-1831","img2790","1.0000","exact source match"
"1410","MATCHED_EXACT","fragments/1831/08/11-img2790-right","1831-08-11","diary-1831","img2790","1.0000","exact source match"
"1411","MATCHED_EXACT","fragments/1831/08/12-img2790-right","1831-08-12","diary-1831","img2790","1.0000","exact source match"
"1412","MATCHED_EXACT","fragments/1831/08/13-img2790-right","1831-08-13","diary-1831","img2790","1.0000","exact source match"
"1413","MATCHED_EXACT","fragments/1831/08/14-img2791-left","1831-08-14","diary-1831","img2791","1.0000","exact source match"
"1414","MATCHED_EXACT","fragments/1831/08/15-img2791-left","1831-08-15","diary-1831","img2791","1.0000","exact source match"
"1415","MATCHED_EXACT","fragments/1831/08/16-img2791-right","1831-08-16","diary-1831","img2791","1.0000","exact source match"
"1416","MATCHED_EXACT","fragments/1831/08/17-b3-img2791-northumberland-house-london","1831-08-17","diary-1831","img2791","1.0000","exact source match"
"1417","MATCHED_EXACT","fragments/1831/08/17-img2791-right","1831-08-17","diary-1831","img2791","2.0000","exact source match"
"1418","MATCHED_EXACT","fragments/1831/08/18-img2791-right","1831-08-18","diary-1831","img2791","1.0000","exact source match"
"1419","MATCHED_EXACT","fragments/1831/08/19-b2-img2792-pier-southampton","1831-08-19","diary-1831","img2792","1.0000","exact source match"
"1420","MATCHED_EXACT","fragments/1831/08/19-b3-img2792-baths-southampton","1831-08-19","diary-1831","img2792","2.0000","exact source match"
"1421","MATCHED_EXACT","fragments/1831/08/19-img2792","1831-08-19","diary-1831","img2792","3.0000","exact source match"
"1422","MATCHED_EXACT","fragments/1831/08/20-img2792","1831-08-20","diary-1831","img2792","1.0000","exact source match"
"1423","MATCHED_EXACT","fragments/1831/08/21-img2793","1831-08-21","diary-1831","img2793","1.0000","exact source match"
"1424","MATCHED_EXACT","fragments/1831/08/22-img2793","1831-08-22","diary-1831","img2793","1.0000","exact source match"
"1425","MATCHED_EXACT","fragments/1831/08/23-img2793","1831-08-23","diary-1831","img2793","1.0000","exact source match"
"1426","MATCHED_EXACT","fragments/1831/08/24-img2793","1831-08-24","diary-1831","img2793","1.0000","exact source match"
"1427","MATCHED_EXACT","fragments/1831/08/24-img2794","1831-08-24","diary-1831","img2794","2.0000","exact source match"
"1428","MATCHED_EXACT","fragments/1831/08/25-img2795","1831-08-25","diary-1831","img2795","1.0000","exact source match"
"1429","MATCHED_EXACT","fragments/1831/08/26-img2795","1831-08-26","diary-1831","img2795","1.0000","exact source match"
"1430","MATCHED_EXACT","fragments/1831/08/27-img2795","1831-08-27","diary-1831","img2795","1.0000","exact source match"
"1431","MATCHED_EXACT","fragments/1831/08/28-img2796","1831-08-28","diary-1831","img2796","1.0000","exact source match"
"1432","MATCHED_EXACT","fragments/1831/08/29-img2796","1831-08-29","diary-1831","img2796","1.0000","exact source match"
"1433","MATCHED_EXACT","fragments/1831/08/30-img2796","1831-08-30","diary-1831","img2796","1.0000","exact source match"
"1434","MATCHED_EXACT","fragments/1831/08/31-img2796","1831-08-31","diary-1831","img2796","1.0000","exact source match"
"1435","MATCHED_EXACT","fragments/1831/09/01-img2797","1831-09-01","diary-1831","img2797","1.0000","exact source match"
"1436","MATCHED_EXACT","fragments/1831/09/02-img2797","1831-09-02","diary-1831","img2797","1.0000","exact source match"
"1437","MATCHED_EXACT","fragments/1831/09/03-img2797","1831-09-03","diary-1831","img2797","1.0000","exact source match"
"1438","MATCHED_EXACT","fragments/1831/09/04-b3-img2798-crown-and-septre-london","1831-09-04","diary-1831","img2798","1.0000","exact source match"
"1439","MATCHED_EXACT","fragments/1831/09/04-img2798","1831-09-04","diary-1831","img2798","2.0000","exact source match"
"1440","MATCHED_EXACT","fragments/1831/09/05-img2798","1831-09-05","diary-1831","img2798","1.0000","exact source match"
"1441","MATCHED_EXACT","fragments/1831/09/06-img2798","1831-09-06","diary-1831","img2798","1.0000","exact source match"
"1442","MATCHED_EXACT","fragments/1831/09/07-img2799","1831-09-07","diary-1831","img2799","1.0000","exact source match"
"1443","MATCHED_EXACT","fragments/1831/09/08-b3-img2799-coronation-william-4th","1831-09-08","diary-1831","img2799","1.0000","exact source match"
"1444","MATCHED_EXACT","fragments/1831/09/08-img2799","1831-09-08","diary-1831","img2799","2.0000","exact source match"
"1445","MATCHED_EXACT","fragments/1831/09/09-img2800","1831-09-09","diary-1831","img2800","1.0000","exact source match"
"1446","MATCHED_EXACT","fragments/1831/09/10-img2800","1831-09-10","diary-1831","img2800","1.0000","exact source match"
"1447","MATCHED_EXACT","fragments/1831/09/11-img2801","1831-09-11","diary-1831","img2801","1.0000","exact source match"
"1448","MATCHED_EXACT","fragments/1831/09/12-img2801","1831-09-12","diary-1831","img2801","1.0000","exact source match"
"1449","MATCHED_EXACT","fragments/1831/09/13-img2801","1831-09-13","diary-1831","img2801","1.0000","exact source match"
"1450","MATCHED_EXACT","fragments/1831/09/14-img2802","1831-09-14","diary-1831","img2802","1.0000","exact source match"
"1451","MATCHED_EXACT","fragments/1831/09/15-img2802","1831-09-15","diary-1831","img2802","1.0000","exact source match"
"1452","MATCHED_EXACT","fragments/1831/09/16-img2803","1831-09-16","diary-1831","img2803","1.0000","exact source match"
"1453","MATCHED_EXACT","fragments/1831/09/17-img2803","1831-09-17","diary-1831","img2803","1.0000","exact source match"
"1454","MATCHED_EXACT","fragments/1831/09/18-img2803","1831-09-18","diary-1831","img2803","1.0000","exact source match"
"1455","MATCHED_EXACT","fragments/1831/09/19-img2803","1831-09-19","diary-1831","img2803","1.0000","exact source match"
"1456","MATCHED_EXACT","fragments/1831/09/19-img2804","1831-09-19","diary-1831","img2804","2.0000","exact source match"
"1457","MATCHED_EXACT","fragments/1831/09/20-img2804","1831-09-20","diary-1831","img2804","1.0000","exact source match"
"1458","MATCHED_EXACT","fragments/1831/09/21-img2804","1831-09-21","diary-1831","img2804","1.0000","exact source match"
"1459","MATCHED_EXACT","fragments/1831/09/21-img2805","1831-09-21","diary-1831","img2805","2.0000","exact source match"
"1460","MATCHED_EXACT","fragments/1831/09/22-b3-img2805-launch-of-hms-thunderer","1831-09-22","diary-1831","img2805","1.0000","exact source match"
"1461","MATCHED_EXACT","fragments/1831/09/22-b4-img2805-blue-posts-pub","1831-09-22","diary-1831","img2805","2.0000","exact source match"
"1462","MATCHED_EXACT","fragments/1831/09/22-img2805","1831-09-22","diary-1831","img2805","3.0000","exact source match"
"1463","MATCHED_EXACT","fragments/1831/09/23-img2806","1831-09-23","diary-1831","img2806","1.0000","exact source match"
"1464","MATCHED_EXACT","fragments/1831/09/24-img2806","1831-09-24","diary-1831","img2806","1.0000","exact source match"
"1465","MATCHED_EXACT","fragments/1831/09/25-img2807","1831-09-25","diary-1831","img2807","1.0000","exact source match"
"1466","MATCHED_EXACT","fragments/1831/09/26-img2807","1831-09-26","diary-1831","img2807","1.0000","exact source match"
"1467","MATCHED_EXACT","fragments/1831/09/27-img2807","1831-09-27","diary-1831","img2807","1.0000","exact source match"
"1468","MATCHED_EXACT","fragments/1831/09/28-img2807","1831-09-28","diary-1831","img2807","1.0000","exact source match"
"1469","MATCHED_EXACT","fragments/1831/09/29-img2808","1831-09-29","diary-1831","img2808","1.0000","exact source match"
"1470","MATCHED_EXACT","fragments/1831/09/30-img2808","1831-09-30","diary-1831","img2808","1.0000","exact source match"
"1471","MATCHED_EXACT","fragments/1831/10/01-img2809","1831-10-01","diary-1831","img2809","1.0000","exact source match"
"1472","MATCHED_EXACT","fragments/1831/10/02-img2809","1831-10-02","diary-1831","img2809","1.0000","exact source match"
"1473","MATCHED_EXACT","fragments/1831/10/03-img2809","1831-10-03","diary-1831","img2809","1.0000","exact source match"
"1474","MATCHED_EXACT","fragments/1831/10/04-img2810","1831-10-04","diary-1831","img2810","1.0000","exact source match"
"1475","MATCHED_EXACT","fragments/1831/10/05-img2811","1831-10-05","diary-1831","img2811","1.0000","exact source match"
"1476","MATCHED_EXACT","fragments/1831/10/06-img2811","1831-10-06","diary-1831","img2811","1.0000","exact source match"
"1477","MATCHED_EXACT","fragments/1831/10/07-img2812","1831-10-07","diary-1831","img2812","1.0000","exact source match"
"1478","MATCHED_EXACT","fragments/1831/10/08-img2812","1831-10-08","diary-1831","img2812","1.0000","exact source match"
"1479","MATCHED_EXACT","fragments/1831/10/09-img2812","1831-10-09","diary-1831","img2812","1.0000","exact source match"
"1480","MATCHED_EXACT","fragments/1831/10/10-img2813","1831-10-10","diary-1831","img2813","1.0000","exact source match"
"1481","MATCHED_EXACT","fragments/1831/10/11-img2813","1831-10-11","diary-1831","img2813","1.0000","exact source match"
"1482","MATCHED_EXACT","fragments/1831/10/12-img2813","1831-10-12","diary-1831","img2813","1.0000","exact source match"
"1483","MATCHED_EXACT","fragments/1831/10/13-img2814","1831-10-13","diary-1831","img2814","1.0000","exact source match"
"1484","MATCHED_EXACT","fragments/1831/10/14-img2814","1831-10-14","diary-1831","img2814","1.0000","exact source match"
"1485","MATCHED_EXACT","fragments/1831/10/15-img2814","1831-10-15","diary-1831","img2814","1.0000","exact source match"
"1486","MATCHED_EXACT","fragments/1831/10/16-img2815","1831-10-16","diary-1831","img2815","1.0000","exact source match"
"1487","MATCHED_EXACT","fragments/1831/10/17-img2815","1831-10-17","diary-1831","img2815","1.0000","exact source match"
"1488","MATCHED_EXACT","fragments/1831/10/18-img2815","1831-10-18","diary-1831","img2815","1.0000","exact source match"
"1489","MATCHED_EXACT","fragments/1831/10/19-img2815","1831-10-19","diary-1831","img2815","1.0000","exact source match"
"1490","MATCHED_EXACT","fragments/1831/10/20-img2816-left","1831-10-20","diary-1831","img2816","1.0000","exact source match"
"1491","MATCHED_EXACT","fragments/1831/10/21-img2816-left","1831-10-21","diary-1831","img2816","1.0000","exact source match"
"1492","MATCHED_EXACT","fragments/1831/10/22-img2816-right","1831-10-22","diary-1831","img2816","1.0000","exact source match"
"1493","MATCHED_EXACT","fragments/1831/10/23-img2816-right","1831-10-23","diary-1831","img2816","1.0000","exact source match"
"1494","MATCHED_EXACT","fragments/1831/10/24-img2816-right","1831-10-24","diary-1831","img2816","1.0000","exact source match"
"1495","MATCHED_EXACT","fragments/1831/10/25-img2817-left","1831-10-25","diary-1831","img2817","1.0000","exact source match"
"1496","MATCHED_EXACT","fragments/1831/10/26-img2817-left","1831-10-26","diary-1831","img2817","1.0000","exact source match"
"1497","MATCHED_EXACT","fragments/1831/10/27-img2817-left","1831-10-27","diary-1831","img2817","1.0000","exact source match"
"1498","MATCHED_EXACT","fragments/1831/10/28-img2817-left","1831-10-28","diary-1831","img2817","1.0000","exact source match"
"1499","MATCHED_EXACT","fragments/1831/10/29-img2817-right","1831-10-29","diary-1831","img2817","1.0000","exact source match"
"1500","MATCHED_EXACT","fragments/1831/10/30-img2817-right","1831-10-30","diary-1831","img2817","1.0000","exact source match"
"1501","MATCHED_EXACT","fragments/1831/10/31-img2817-right","1831-10-31","diary-1831","img2817","1.0000","exact source match"
"1502","MATCHED_EXACT","fragments/1831/11/01-img2817-right","1831-11-01","diary-1831","img2817","1.0000","exact source match"
"1503","MATCHED_EXACT","fragments/1831/11/02-img2818","1831-11-02","diary-1831","img2818","1.0000","exact source match"
"1504","MATCHED_EXACT","fragments/1831/11/03-img2818","1831-11-03","diary-1831","img2818","1.0000","exact source match"
"1505","MATCHED_EXACT","fragments/1831/11/04-img2818","1831-11-04","diary-1831","img2818","1.0000","exact source match"
"1506","MATCHED_EXACT","fragments/1831/11/05-img2818","1831-11-05","diary-1831","img2818","1.0000","exact source match"
"1507","MATCHED_EXACT","fragments/1831/11/06-img2819","1831-11-06","diary-1831","img2819","1.0000","exact source match"
"1508","MATCHED_EXACT","fragments/1831/11/07-img2819","1831-11-07","diary-1831","img2819","1.0000","exact source match"
"1509","MATCHED_EXACT","fragments/1831/11/08-img2819","1831-11-08","diary-1831","img2819","1.0000","exact source match"
"1510","MATCHED_EXACT","fragments/1831/11/09-img2819","1831-11-09","diary-1831","img2819","1.0000","exact source match"
"1511","MATCHED_EXACT","fragments/1831/11/10-img2820","1831-11-10","diary-1831","img2820","1.0000","exact source match"
"1512","MATCHED_EXACT","fragments/1831/11/11-img2820","1831-11-11","diary-1831","img2820","1.0000","exact source match"
"1513","MATCHED_EXACT","fragments/1831/11/12-img2820","1831-11-12","diary-1831","img2820","1.0000","exact source match"
"1514","MATCHED_EXACT","fragments/1831/11/13-img2821","1831-11-13","diary-1831","img2821","1.0000","exact source match"
"1515","MATCHED_EXACT","fragments/1831/11/14-img2821","1831-11-14","diary-1831","img2821","1.0000","exact source match"
"1516","MATCHED_EXACT","fragments/1831/11/15-img2821","1831-11-15","diary-1831","img2821","1.0000","exact source match"
"1517","MATCHED_EXACT","fragments/1831/11/16-img2821","1831-11-16","diary-1831","img2821","1.0000","exact source match"
"1518","MATCHED_EXACT","fragments/1831/11/17-img2822","1831-11-17","diary-1831","img2822","1.0000","exact source match"
"1519","MATCHED_EXACT","fragments/1831/11/18-img2822","1831-11-18","diary-1831","img2822","1.0000","exact source match"
"1520","MATCHED_EXACT","fragments/1831/11/19-img2822","1831-11-19","diary-1831","img2822","1.0000","exact source match"
"1521","MATCHED_EXACT","fragments/1831/11/20-img2822","1831-11-20","diary-1831","img2822","1.0000","exact source match"
"1522","MATCHED_EXACT","fragments/1831/11/21-img2822","1831-11-21","diary-1831","img2822","1.0000","exact source match"
"1523","MATCHED_EXACT","fragments/1831/11/22-img2823","1831-11-22","diary-1831","img2823","1.0000","exact source match"
"1524","MATCHED_EXACT","fragments/1831/11/23-img2823","1831-11-23","diary-1831","img2823","1.0000","exact source match"
"1525","MATCHED_EXACT","fragments/1831/11/24-img2823","1831-11-24","diary-1831","img2823","1.0000","exact source match"
"1526","MATCHED_EXACT","fragments/1831/11/25-img2823","1831-11-25","diary-1831","img2823","1.0000","exact source match"
"1527","MATCHED_EXACT","fragments/1831/11/26-img2824","1831-11-26","diary-1831","img2824","1.0000","exact source match"
"1528","MATCHED_EXACT","fragments/1831/11/27-img2824","1831-11-27","diary-1831","img2824","1.0000","exact source match"
"1529","MATCHED_EXACT","fragments/1831/11/28-img2824","1831-11-28","diary-1831","img2824","1.0000","exact source match"
"1530","MATCHED_EXACT","fragments/1831/11/29-img2824","1831-11-29","diary-1831","img2824","1.0000","exact source match"
"1531","MATCHED_EXACT","fragments/1831/11/30-img2824","1831-11-30","diary-1831","img2824","1.0000","exact source match"
"1532","MATCHED_EXACT","fragments/1831/12/01-img2825","1831-12-01","diary-1831","img2825","1.0000","exact source match"
"1533","MATCHED_EXACT","fragments/1831/12/02-img2825","1831-12-02","diary-1831","img2825","1.0000","exact source match"
"1534","MATCHED_EXACT","fragments/1831/12/03-img2825","1831-12-03","diary-1831","img2825","1.0000","exact source match"
"1535","MATCHED_EXACT","fragments/1831/12/04-img2825","1831-12-04","diary-1831","img2825","1.0000","exact source match"
"1536","MATCHED_EXACT","fragments/1831/12/05-img2826","1831-12-05","diary-1831","img2826","1.0000","exact source match"
"1537","MATCHED_EXACT","fragments/1831/12/06-img2826","1831-12-06","diary-1831","img2826","1.0000","exact source match"
"1538","MATCHED_EXACT","fragments/1831/12/07-img2826","1831-12-07","diary-1831","img2826","1.0000","exact source match"
"1539","MATCHED_EXACT","fragments/1831/12/08-img2826","1831-12-08","diary-1831","img2826","1.0000","exact source match"
"1540","MATCHED_EXACT","fragments/1831/12/09-img2826","1831-12-09","diary-1831","img2826","1.0000","exact source match"
"1541","MATCHED_EXACT","fragments/1831/12/10-img2827","1831-12-10","diary-1831","img2827","1.0000","exact source match"
"1542","MATCHED_EXACT","fragments/1831/12/11-img2827","1831-12-11","diary-1831","img2827","1.0000","exact source match"
"1543","MATCHED_EXACT","fragments/1831/12/12-img2827","1831-12-12","diary-1831","img2827","1.0000","exact source match"
"1544","MATCHED_EXACT","fragments/1831/12/13-img2827","1831-12-13","diary-1831","img2827","1.0000","exact source match"
"1545","MATCHED_EXACT","fragments/1831/12/14-img2828","1831-12-14","diary-1831","img2828","1.0000","exact source match"
"1546","MATCHED_EXACT","fragments/1831/12/15-img2828","1831-12-15","diary-1831","img2828","1.0000","exact source match"
"1547","MATCHED_EXACT","fragments/1831/12/16-img2828","1831-12-16","diary-1831","img2828","1.0000","exact source match"
"1548","MATCHED_EXACT","fragments/1831/12/17-img2828","1831-12-17","diary-1831","img2828","1.0000","exact source match"
"1549","MATCHED_EXACT","fragments/1831/12/18-img2829","1831-12-18","diary-1831","img2829","1.0000","exact source match"
"1550","MATCHED_EXACT","fragments/1831/12/19-img2829","1831-12-19","diary-1831","img2829","1.0000","exact source match"
"1551","MATCHED_EXACT","fragments/1831/12/20-img2829","1831-12-20","diary-1831","img2829","1.0000","exact source match"
"1552","MATCHED_EXACT","fragments/1831/12/21-img2829","1831-12-21","diary-1831","img2829","1.0000","exact source match"
"1553","MATCHED_EXACT","fragments/1831/12/22-img2830","1831-12-22","diary-1831","img2830","1.0000","exact source match"
"1554","MATCHED_EXACT","fragments/1831/12/23-img2830","1831-12-23","diary-1831","img2830","1.0000","exact source match"
"1555","MATCHED_EXACT","fragments/1831/12/24-img2830","1831-12-24","diary-1831","img2830","1.0000","exact source match"
"1556","MATCHED_EXACT","fragments/1831/12/25-img2830","1831-12-25","diary-1831","img2830","1.0000","exact source match"
"1557","MATCHED_EXACT","fragments/1831/12/26-img2830","1831-12-26","diary-1831","img2830","1.0000","exact source match"
"1558","MATCHED_EXACT","fragments/1831/12/27-img2831","1831-12-27","diary-1831","img2831","1.0000","exact source match"
"1559","MATCHED_EXACT","fragments/1831/12/28-img2831","1831-12-28","diary-1831","img2831","1.0000","exact source match"
"1560","MATCHED_EXACT","fragments/1831/12/29-img2831","1831-12-29","diary-1831","img2831","1.0000","exact source match"
"1561","MATCHED_EXACT","fragments/1831/12/30-img2831","1831-12-30","diary-1831","img2831","1.0000","exact source match"
"1562","MATCHED_EXACT","fragments/1831/12/31-img2831","1831-12-31","diary-1831","img2831","1.0000","exact source match"
"1563","MATCHED_EXACT","fragments/1832/01/01-dc-highlights-1832","1832-01-01","","","3.0000","exact source match"
"1564","MATCHED_EXACT","fragments/1832/01/01-note-in-front-of-diary","1832-01-01","","","4.0000","exact source match"
"1565","MATCHED_EXACT","fragments/1832/01/01-img2982","1832-01-01","diary-1832","img2982","1.0000","exact source match"
"1566","MATCHED_EXACT","fragments/1832/01/01-img2992","1832-01-01","diary-1832","img2992","2.0000","exact source match"
"1567","MATCHED_EXACT","fragments/1832/01/02-img2993","1832-01-02","diary-1832","img2993","1.0000","exact source match"
"1568","MATCHED_EXACT","fragments/1832/01/03-img2993","1832-01-03","diary-1832","img2993","1.0000","exact source match"
"1569","MATCHED_EXACT","fragments/1832/01/04-img2993","1832-01-04","diary-1832","img2993","1.0000","exact source match"
"1570","MATCHED_EXACT","fragments/1832/01/05-img2993","1832-01-05","diary-1832","img2993","1.0000","exact source match"
"1571","MATCHED_EXACT","fragments/1832/01/06-img2993","1832-01-06","diary-1832","img2993","1.0000","exact source match"
"1572","MATCHED_EXACT","fragments/1832/01/07-img2993","1832-01-07","diary-1832","img2993","1.0000","exact source match"
"1573","MATCHED_EXACT","fragments/1832/01/08-img2993","1832-01-08","diary-1832","img2993","1.0000","exact source match"
"1574","MATCHED_EXACT","fragments/1832/01/09-img2994","1832-01-09","diary-1832","img2994","1.0000","exact source match"
"1575","MATCHED_EXACT","fragments/1832/01/10-img2994","1832-01-10","diary-1832","img2994","1.0000","exact source match"
"1576","MATCHED_EXACT","fragments/1832/01/11-img2994","1832-01-11","diary-1832","img2994","1.0000","exact source match"
"1577","MATCHED_EXACT","fragments/1832/01/12-img2994","1832-01-12","diary-1832","img2994","1.0000","exact source match"
"1578","MATCHED_EXACT","fragments/1832/01/13-img2994","1832-01-13","diary-1832","img2994","1.0000","exact source match"
"1579","MATCHED_EXACT","fragments/1832/01/14-img2994","1832-01-14","diary-1832","img2994","1.0000","exact source match"
"1580","MATCHED_EXACT","fragments/1832/01/15-img2994","1832-01-15","diary-1832","img2994","1.0000","exact source match"
"1581","MATCHED_EXACT","fragments/1832/01/16-img2995","1832-01-16","diary-1832","img2995","1.0000","exact source match"
"1582","MATCHED_EXACT","fragments/1832/01/17-img2995","1832-01-17","diary-1832","img2995","1.0000","exact source match"
"1583","MATCHED_EXACT","fragments/1832/01/18-img2995","1832-01-18","diary-1832","img2995","1.0000","exact source match"
"1584","MATCHED_EXACT","fragments/1832/01/19-img2995","1832-01-19","diary-1832","img2995","1.0000","exact source match"
"1585","MATCHED_EXACT","fragments/1832/01/20-img2995","1832-01-20","diary-1832","img2995","1.0000","exact source match"
"1586","MATCHED_EXACT","fragments/1832/01/21-img2995","1832-01-21","diary-1832","img2995","1.0000","exact source match"
"1587","MATCHED_EXACT","fragments/1832/01/22-img2995","1832-01-22","diary-1832","img2995","1.0000","exact source match"
"1588","MATCHED_EXACT","fragments/1832/01/23-img2996","1832-01-23","diary-1832","img2996","1.0000","exact source match"
"1589","MATCHED_EXACT","fragments/1832/01/24-img2996","1832-01-24","diary-1832","img2996","1.0000","exact source match"
"1590","MATCHED_EXACT","fragments/1832/01/25-img2996","1832-01-25","diary-1832","img2996","1.0000","exact source match"
"1591","MATCHED_EXACT","fragments/1832/01/26-img2996","1832-01-26","diary-1832","img2996","1.0000","exact source match"
"1592","MATCHED_EXACT","fragments/1832/01/27-img2996","1832-01-27","diary-1832","img2996","1.0000","exact source match"
"1593","MATCHED_EXACT","fragments/1832/01/28-img2996","1832-01-28","diary-1832","img2996","1.0000","exact source match"
"1594","MATCHED_EXACT","fragments/1832/01/29-img2996","1832-01-29","diary-1832","img2996","1.0000","exact source match"
"1595","MATCHED_EXACT","fragments/1832/01/30-img2997","1832-01-30","diary-1832","img2997","1.0000","exact source match"
"1596","MATCHED_EXACT","fragments/1832/01/31-img2997","1832-01-31","diary-1832","img2997","1.0000","exact source match"
"1597","MATCHED_EXACT","fragments/1832/02/01-img2997","1832-02-01","diary-1832","img2997","1.0000","exact source match"
"1598","MATCHED_EXACT","fragments/1832/02/02-img2997","1832-02-02","diary-1832","img2997","1.0000","exact source match"
"1599","MATCHED_EXACT","fragments/1832/02/03-img2997","1832-02-03","diary-1832","img2997","1.0000","exact source match"
"1600","MATCHED_EXACT","fragments/1832/02/04-img2997","1832-02-04","diary-1832","img2997","1.0000","exact source match"
"1601","MATCHED_EXACT","fragments/1832/02/05-img2997","1832-02-05","diary-1832","img2997","1.0000","exact source match"
"1602","MATCHED_EXACT","fragments/1832/02/06-img2998","1832-02-06","diary-1832","img2998","1.0000","exact source match"
"1603","MATCHED_EXACT","fragments/1832/02/07-img2998","1832-02-07","diary-1832","img2998","1.0000","exact source match"
"1604","MATCHED_EXACT","fragments/1832/02/08-img2998","1832-02-08","diary-1832","img2998","1.0000","exact source match"
"1605","MATCHED_EXACT","fragments/1832/02/09-img2998","1832-02-09","diary-1832","img2998","1.0000","exact source match"
"1606","MATCHED_EXACT","fragments/1832/02/10-img2998","1832-02-10","diary-1832","img2998","1.0000","exact source match"
"1607","MATCHED_EXACT","fragments/1832/02/11-img2998","1832-02-11","diary-1832","img2998","1.0000","exact source match"
"1608","MATCHED_EXACT","fragments/1832/02/12-img2998","1832-02-12","diary-1832","img2998","1.0000","exact source match"
"1609","MATCHED_EXACT","fragments/1832/02/13-img2999","1832-02-13","diary-1832","img2999","1.0000","exact source match"
"1610","MATCHED_EXACT","fragments/1832/02/14-img2999","1832-02-14","diary-1832","img2999","1.0000","exact source match"
"1611","MATCHED_EXACT","fragments/1832/02/15-img2999","1832-02-15","diary-1832","img2999","1.0000","exact source match"
"1612","MATCHED_EXACT","fragments/1832/02/16-img2999","1832-02-16","diary-1832","img2999","1.0000","exact source match"
"1613","MATCHED_EXACT","fragments/1832/02/17-img2999","1832-02-17","diary-1832","img2999","1.0000","exact source match"
"1614","MATCHED_EXACT","fragments/1832/02/18-img2999","1832-02-18","diary-1832","img2999","1.0000","exact source match"
"1615","MATCHED_EXACT","fragments/1832/02/19-img2999","1832-02-19","diary-1832","img2999","1.0000","exact source match"
"1616","MATCHED_EXACT","fragments/1832/02/20-img3001","1832-02-20","diary-1832","img3001","1.0000","exact source match"
"1617","MATCHED_EXACT","fragments/1832/02/21-img3001","1832-02-21","diary-1832","img3001","1.0000","exact source match"
"1618","MATCHED_EXACT","fragments/1832/02/22-img3001","1832-02-22","diary-1832","img3001","1.0000","exact source match"
"1619","MATCHED_EXACT","fragments/1832/02/23-img3001","1832-02-23","diary-1832","img3001","1.0000","exact source match"
"1620","MATCHED_EXACT","fragments/1832/02/24-img3001","1832-02-24","diary-1832","img3001","1.0000","exact source match"
"1621","MATCHED_EXACT","fragments/1832/02/25-img3001","1832-02-25","diary-1832","img3001","1.0000","exact source match"
"1622","MATCHED_EXACT","fragments/1832/02/26-img3001","1832-02-26","diary-1832","img3001","1.0000","exact source match"
"1623","MATCHED_EXACT","fragments/1832/02/27-img3002","1832-02-27","diary-1832","img3002","1.0000","exact source match"
"1624","MATCHED_EXACT","fragments/1832/02/28-img3002","1832-02-28","diary-1832","img3002","1.0000","exact source match"
"1625","MATCHED_EXACT","fragments/1832/02/29-img3002","1832-02-29","diary-1832","img3002","1.0000","exact source match"
"1626","MATCHED_EXACT","fragments/1832/03/01-img3002","1832-03-01","diary-1832","img3002","1.0000","exact source match"
"1627","MATCHED_EXACT","fragments/1832/03/02-img3002","1832-03-02","diary-1832","img3002","1.0000","exact source match"
"1628","MATCHED_EXACT","fragments/1832/03/03-img3002","1832-03-03","diary-1832","img3002","1.0000","exact source match"
"1629","MATCHED_EXACT","fragments/1832/03/04-img3002","1832-03-04","diary-1832","img3002","1.0000","exact source match"
"1630","MATCHED_EXACT","fragments/1832/03/05-img3003","1832-03-05","diary-1832","img3003","1.0000","exact source match"
"1631","MATCHED_EXACT","fragments/1832/03/06-img3003","1832-03-06","diary-1832","img3003","1.0000","exact source match"
"1632","MATCHED_EXACT","fragments/1832/03/07-img3003","1832-03-07","diary-1832","img3003","1.0000","exact source match"
"1633","MATCHED_EXACT","fragments/1832/03/08-img3003","1832-03-08","diary-1832","img3003","1.0000","exact source match"
"1634","MATCHED_EXACT","fragments/1832/03/09-img3003","1832-03-09","diary-1832","img3003","1.0000","exact source match"
"1635","MATCHED_EXACT","fragments/1832/03/10-img3003","1832-03-10","diary-1832","img3003","1.0000","exact source match"
"1636","MATCHED_EXACT","fragments/1832/03/11-img3003","1832-03-11","diary-1832","img3003","1.0000","exact source match"
"1637","MATCHED_EXACT","fragments/1832/03/12-img3004","1832-03-12","diary-1832","img3004","1.0000","exact source match"
"1638","MATCHED_EXACT","fragments/1832/03/13-img3004","1832-03-13","diary-1832","img3004","1.0000","exact source match"
"1639","MATCHED_EXACT","fragments/1832/03/14-img3004","1832-03-14","diary-1832","img3004","1.0000","exact source match"
"1640","MATCHED_EXACT","fragments/1832/03/15-img3004","1832-03-15","diary-1832","img3004","1.0000","exact source match"
"1641","MATCHED_EXACT","fragments/1832/03/16-img3004","1832-03-16","diary-1832","img3004","1.0000","exact source match"
"1642","MATCHED_EXACT","fragments/1832/03/17-img3004","1832-03-17","diary-1832","img3004","1.0000","exact source match"
"1643","MATCHED_EXACT","fragments/1832/03/18-img3004","1832-03-18","diary-1832","img3004","1.0000","exact source match"
"1644","MATCHED_EXACT","fragments/1832/03/19-img3005","1832-03-19","diary-1832","img3005","1.0000","exact source match"
"1645","MATCHED_EXACT","fragments/1832/03/20-img3005","1832-03-20","diary-1832","img3005","1.0000","exact source match"
"1646","MATCHED_EXACT","fragments/1832/03/21-img3005","1832-03-21","diary-1832","img3005","1.0000","exact source match"
"1647","MATCHED_EXACT","fragments/1832/03/22-img3005","1832-03-22","diary-1832","img3005","1.0000","exact source match"
"1648","MATCHED_EXACT","fragments/1832/03/23-img3005","1832-03-23","diary-1832","img3005","1.0000","exact source match"
"1649","MATCHED_EXACT","fragments/1832/03/24-img3005","1832-03-24","diary-1832","img3005","1.0000","exact source match"
"1650","MATCHED_EXACT","fragments/1832/03/25-img3005","1832-03-25","diary-1832","img3005","1.0000","exact source match"
"1651","MATCHED_EXACT","fragments/1832/03/26-img3006","1832-03-26","diary-1832","img3006","1.0000","exact source match"
"1652","MATCHED_EXACT","fragments/1832/03/27-img3006","1832-03-27","diary-1832","img3006","1.0000","exact source match"
"1653","MATCHED_EXACT","fragments/1832/03/28-img3006","1832-03-28","diary-1832","img3006","1.0000","exact source match"
"1654","MATCHED_EXACT","fragments/1832/03/29-img3006","1832-03-29","diary-1832","img3006","1.0000","exact source match"
"1655","MATCHED_EXACT","fragments/1832/03/30-img3006","1832-03-30","diary-1832","img3006","1.0000","exact source match"
"1656","MATCHED_EXACT","fragments/1832/03/31-img3006","1832-03-31","diary-1832","img3006","1.0000","exact source match"
"1657","MATCHED_EXACT","fragments/1832/04/01-img3006","1832-04-01","diary-1832","img3006","1.0000","exact source match"
"1658","MATCHED_EXACT","fragments/1832/04/02-img3007","1832-04-02","diary-1832","img3007","1.0000","exact source match"
"1659","MATCHED_EXACT","fragments/1832/04/03-img3007","1832-04-03","diary-1832","img3007","1.0000","exact source match"
"1660","MATCHED_EXACT","fragments/1832/04/04-img3007","1832-04-04","diary-1832","img3007","1.0000","exact source match"
"1661","MATCHED_EXACT","fragments/1832/04/05-img3007","1832-04-05","diary-1832","img3007","1.0000","exact source match"
"1662","MATCHED_EXACT","fragments/1832/04/06-img3007","1832-04-06","diary-1832","img3007","1.0000","exact source match"
"1663","MATCHED_EXACT","fragments/1832/04/07-img3007","1832-04-07","diary-1832","img3007","1.0000","exact source match"
"1664","MATCHED_EXACT","fragments/1832/04/08-img3007","1832-04-08","diary-1832","img3007","1.0000","exact source match"
"1665","MATCHED_EXACT","fragments/1832/04/09-img3008","1832-04-09","diary-1832","img3008","1.0000","exact source match"
"1666","MATCHED_EXACT","fragments/1832/04/10-img3008","1832-04-10","diary-1832","img3008","1.0000","exact source match"
"1667","MATCHED_EXACT","fragments/1832/04/11-img3008","1832-04-11","diary-1832","img3008","1.0000","exact source match"
"1668","MATCHED_EXACT","fragments/1832/04/12-img3008","1832-04-12","diary-1832","img3008","1.0000","exact source match"
"1669","MATCHED_EXACT","fragments/1832/04/13-img3008","1832-04-13","diary-1832","img3008","1.0000","exact source match"
"1670","MATCHED_EXACT","fragments/1832/04/14-img3008","1832-04-14","diary-1832","img3008","1.0000","exact source match"
"1671","MATCHED_EXACT","fragments/1832/04/15-img3008","1832-04-15","diary-1832","img3008","1.0000","exact source match"
"1672","MATCHED_EXACT","fragments/1832/04/16-img3009","1832-04-16","diary-1832","img3009","1.0000","exact source match"
"1673","MATCHED_EXACT","fragments/1832/04/17-img3009","1832-04-17","diary-1832","img3009","1.0000","exact source match"
"1674","MATCHED_EXACT","fragments/1832/04/18-img3009","1832-04-18","diary-1832","img3009","1.0000","exact source match"
"1675","MATCHED_EXACT","fragments/1832/04/19-img3009","1832-04-19","diary-1832","img3009","1.0000","exact source match"
"1676","MATCHED_EXACT","fragments/1832/04/20-img3009","1832-04-20","diary-1832","img3009","1.0000","exact source match"
"1677","MATCHED_EXACT","fragments/1832/04/21-img3009","1832-04-21","diary-1832","img3009","1.0000","exact source match"
"1678","MATCHED_EXACT","fragments/1832/04/22-img3009","1832-04-22","diary-1832","img3009","1.0000","exact source match"
"1679","MATCHED_EXACT","fragments/1832/04/23-img3010","1832-04-23","diary-1832","img3010","1.0000","exact source match"
"1680","MATCHED_EXACT","fragments/1832/04/24-img3010","1832-04-24","diary-1832","img3010","1.0000","exact source match"
"1681","MATCHED_EXACT","fragments/1832/04/25-img3010","1832-04-25","diary-1832","img3010","1.0000","exact source match"
"1682","MATCHED_EXACT","fragments/1832/04/26-img3010","1832-04-26","diary-1832","img3010","1.0000","exact source match"
"1683","MATCHED_EXACT","fragments/1832/04/27-img3010","1832-04-27","diary-1832","img3010","1.0000","exact source match"
"1684","MATCHED_EXACT","fragments/1832/04/28-img3010","1832-04-28","diary-1832","img3010","1.0000","exact source match"
"1685","MATCHED_EXACT","fragments/1832/04/29-img3010","1832-04-29","diary-1832","img3010","1.0000","exact source match"
"1686","MATCHED_EXACT","fragments/1832/04/30-img3011","1832-04-30","diary-1832","img3011","1.0000","exact source match"
"1687","MATCHED_EXACT","fragments/1832/05/01-img3011","1832-05-01","diary-1832","img3011","1.0000","exact source match"
"1688","MATCHED_EXACT","fragments/1832/05/02-img3011","1832-05-02","diary-1832","img3011","1.0000","exact source match"
"1689","MATCHED_EXACT","fragments/1832/05/03-img3011","1832-05-03","diary-1832","img3011","1.0000","exact source match"
"1690","MATCHED_EXACT","fragments/1832/05/04-img3011","1832-05-04","diary-1832","img3011","1.0000","exact source match"
"1691","MATCHED_EXACT","fragments/1832/05/05-img3011","1832-05-05","diary-1832","img3011","1.0000","exact source match"
"1692","MATCHED_EXACT","fragments/1832/05/06-img3011","1832-05-06","diary-1832","img3011","1.0000","exact source match"
"1693","MATCHED_EXACT","fragments/1832/05/07-img3012","1832-05-07","diary-1832","img3012","1.0000","exact source match"
"1694","MATCHED_EXACT","fragments/1832/05/08-img3012","1832-05-08","diary-1832","img3012","1.0000","exact source match"
"1695","MATCHED_EXACT","fragments/1832/05/09-img3012","1832-05-09","diary-1832","img3012","1.0000","exact source match"
"1696","MATCHED_EXACT","fragments/1832/05/10-img3012","1832-05-10","diary-1832","img3012","1.0000","exact source match"
"1697","MATCHED_EXACT","fragments/1832/05/11-img3012","1832-05-11","diary-1832","img3012","1.0000","exact source match"
"1698","MATCHED_EXACT","fragments/1832/05/12-img3012","1832-05-12","diary-1832","img3012","1.0000","exact source match"
"1699","MATCHED_EXACT","fragments/1832/05/13-img3012","1832-05-13","diary-1832","img3012","1.0000","exact source match"
"1700","MATCHED_EXACT","fragments/1832/05/14-img3013","1832-05-14","diary-1832","img3013","1.0000","exact source match"
"1701","MATCHED_EXACT","fragments/1832/05/15-img3013","1832-05-15","diary-1832","img3013","1.0000","exact source match"
"1702","MATCHED_EXACT","fragments/1832/05/16-img3013","1832-05-16","diary-1832","img3013","1.0000","exact source match"
"1703","MATCHED_EXACT","fragments/1832/05/17-img3013","1832-05-17","diary-1832","img3013","1.0000","exact source match"
"1704","MATCHED_EXACT","fragments/1832/05/18-img3013","1832-05-18","diary-1832","img3013","1.0000","exact source match"
"1705","MATCHED_EXACT","fragments/1832/05/19-img3013","1832-05-19","diary-1832","img3013","1.0000","exact source match"
"1706","MATCHED_EXACT","fragments/1832/05/20-img3013","1832-05-20","diary-1832","img3013","1.0000","exact source match"
"1707","MATCHED_EXACT","fragments/1832/05/21-img3014","1832-05-21","diary-1832","img3014","1.0000","exact source match"
"1708","MATCHED_EXACT","fragments/1832/05/22-img3014","1832-05-22","diary-1832","img3014","1.0000","exact source match"
"1709","MATCHED_EXACT","fragments/1832/05/23-img3014","1832-05-23","diary-1832","img3014","1.0000","exact source match"
"1710","MATCHED_EXACT","fragments/1832/05/24-img3014","1832-05-24","diary-1832","img3014","1.0000","exact source match"
"1711","MATCHED_EXACT","fragments/1832/05/25-img3014","1832-05-25","diary-1832","img3014","1.0000","exact source match"
"1712","MATCHED_EXACT","fragments/1832/05/26-img3014","1832-05-26","diary-1832","img3014","1.0000","exact source match"
"1713","MATCHED_EXACT","fragments/1832/05/27-img3014","1832-05-27","diary-1832","img3014","1.0000","exact source match"
"1714","MATCHED_EXACT","fragments/1832/06/04-img3015","1832-06-04","diary-1832","img3015","1.0000","exact source match"
"1715","MATCHED_EXACT","fragments/1832/06/05-img3015","1832-06-05","diary-1832","img3015","1.0000","exact source match"
"1716","MATCHED_EXACT","fragments/1832/06/06-img3015","1832-06-06","diary-1832","img3015","1.0000","exact source match"
"1717","MATCHED_EXACT","fragments/1832/06/07-img3015","1832-06-07","diary-1832","img3015","1.0000","exact source match"
"1718","MATCHED_EXACT","fragments/1832/06/08-img3015","1832-06-08","diary-1832","img3015","1.0000","exact source match"
"1719","MATCHED_EXACT","fragments/1832/06/09-img3015","1832-06-09","diary-1832","img3015","1.0000","exact source match"
"1720","MATCHED_EXACT","fragments/1832/06/10-img3015","1832-06-10","diary-1832","img3015","1.0000","exact source match"
"1721","MATCHED_EXACT","fragments/1832/06/11-img3016","1832-06-11","diary-1832","img3016","1.0000","exact source match"
"1722","MATCHED_EXACT","fragments/1832/06/12-img3016","1832-06-12","diary-1832","img3016","1.0000","exact source match"
"1723","MATCHED_EXACT","fragments/1832/06/13-img3016","1832-06-13","diary-1832","img3016","1.0000","exact source match"
"1724","MATCHED_EXACT","fragments/1832/06/14-img3016","1832-06-14","diary-1832","img3016","1.0000","exact source match"
"1725","MATCHED_EXACT","fragments/1832/06/15-img3016","1832-06-15","diary-1832","img3016","1.0000","exact source match"
"1726","MATCHED_EXACT","fragments/1832/06/16-img3016","1832-06-16","diary-1832","img3016","1.0000","exact source match"
"1727","MATCHED_EXACT","fragments/1832/06/17-img3016","1832-06-17","diary-1832","img3016","1.0000","exact source match"
"1728","MATCHED_EXACT","fragments/1832/06/18-img3017","1832-06-18","diary-1832","img3017","1.0000","exact source match"
"1729","MATCHED_EXACT","fragments/1832/06/19-img3017","1832-06-19","diary-1832","img3017","1.0000","exact source match"
"1730","MATCHED_EXACT","fragments/1832/06/20-img3017","1832-06-20","diary-1832","img3017","1.0000","exact source match"
"1731","MATCHED_EXACT","fragments/1832/06/21-img3017","1832-06-21","diary-1832","img3017","1.0000","exact source match"
"1732","MATCHED_EXACT","fragments/1832/06/22-img3017","1832-06-22","diary-1832","img3017","1.0000","exact source match"
"1733","MATCHED_EXACT","fragments/1832/06/23-img3017","1832-06-23","diary-1832","img3017","1.0000","exact source match"
"1734","MATCHED_EXACT","fragments/1832/06/24-img3017","1832-06-24","diary-1832","img3017","1.0000","exact source match"
"1735","MATCHED_EXACT","fragments/1832/06/25-img3018","1832-06-25","diary-1832","img3018","1.0000","exact source match"
"1736","MATCHED_EXACT","fragments/1832/06/26-img3018","1832-06-26","diary-1832","img3018","1.0000","exact source match"
"1737","MATCHED_EXACT","fragments/1832/06/27-img3018","1832-06-27","diary-1832","img3018","2.0000","exact source match"
"1738","DATABASE_ONLY","","1832-06-27","","","1.0000","no source row was matched or proposed"
"1739","MATCHED_EXACT","fragments/1832/06/28-img3018","1832-06-28","diary-1832","img3018","1.0000","exact source match"
"1740","MATCHED_EXACT","fragments/1832/06/29-img3018","1832-06-29","diary-1832","img3018","1.0000","exact source match"
"1741","MATCHED_EXACT","fragments/1832/06/30-img3018","1832-06-30","diary-1832","img3018","1.0000","exact source match"
"1742","MATCHED_EXACT","fragments/1832/07/01-img3018","1832-07-01","diary-1832","img3018","1.0000","exact source match"
"1743","MATCHED_EXACT","fragments/1832/07/02-img3019","1832-07-02","diary-1832","img3019","1.0000","exact source match"
"1744","MATCHED_EXACT","fragments/1832/07/03-img3019","1832-07-03","diary-1832","img3019","1.0000","exact source match"
"1745","MATCHED_EXACT","fragments/1832/07/04-img3019","1832-07-04","diary-1832","img3019","1.0000","exact source match"
"1746","MATCHED_EXACT","fragments/1832/07/05-img3019","1832-07-05","diary-1832","img3019","1.0000","exact source match"
"1747","MATCHED_EXACT","fragments/1832/07/06-img3019","1832-07-06","diary-1832","img3019","1.0000","exact source match"
"1748","MATCHED_EXACT","fragments/1832/07/07-img3019","1832-07-07","diary-1832","img3019","1.0000","exact source match"
"1749","MATCHED_EXACT","fragments/1832/07/08-img3019","1832-07-08","diary-1832","img3019","1.0000","exact source match"
"1750","MATCHED_EXACT","fragments/1832/07/09-img3020","1832-07-09","diary-1832","img3020","1.0000","exact source match"
"1751","MATCHED_EXACT","fragments/1832/07/10-img3020","1832-07-10","diary-1832","img3020","1.0000","exact source match"
"1752","MATCHED_EXACT","fragments/1832/07/11-img3020","1832-07-11","diary-1832","img3020","1.0000","exact source match"
"1753","MATCHED_EXACT","fragments/1832/07/12-img3020","1832-07-12","diary-1832","img3020","1.0000","exact source match"
"1754","MATCHED_EXACT","fragments/1832/07/13-img3020","1832-07-13","diary-1832","img3020","1.0000","exact source match"
"1755","MATCHED_EXACT","fragments/1832/07/14-img3020","1832-07-14","diary-1832","img3020","1.0000","exact source match"
"1756","MATCHED_EXACT","fragments/1832/07/15-img3020","1832-07-15","diary-1832","img3020","1.0000","exact source match"
"1757","MATCHED_EXACT","fragments/1832/07/16-img3021","1832-07-16","diary-1832","img3021","1.0000","exact source match"
"1758","MATCHED_EXACT","fragments/1832/07/17-img3021","1832-07-17","diary-1832","img3021","1.0000","exact source match"
"1759","MATCHED_EXACT","fragments/1832/07/18-img3021","1832-07-18","diary-1832","img3021","1.0000","exact source match"
"1760","MATCHED_EXACT","fragments/1832/07/19-img3021","1832-07-19","diary-1832","img3021","1.0000","exact source match"
"1761","MATCHED_EXACT","fragments/1832/07/20-img3021","1832-07-20","diary-1832","img3021","1.0000","exact source match"
"1762","MATCHED_EXACT","fragments/1832/07/21-img3021","1832-07-21","diary-1832","img3021","1.0000","exact source match"
"1763","MATCHED_EXACT","fragments/1832/07/22-img3021","1832-07-22","diary-1832","img3021","1.0000","exact source match"
"1764","MATCHED_EXACT","fragments/1832/07/23-img3022","1832-07-23","diary-1832","img3022","1.0000","exact source match"
"1765","MATCHED_EXACT","fragments/1832/07/24-img3022","1832-07-24","diary-1832","img3022","1.0000","exact source match"
"1766","MATCHED_EXACT","fragments/1832/07/25-img3022","1832-07-25","diary-1832","img3022","1.0000","exact source match"
"1767","MATCHED_EXACT","fragments/1832/07/26-img3022","1832-07-26","diary-1832","img3022","1.0000","exact source match"
"1768","MATCHED_EXACT","fragments/1832/07/27-img3022","1832-07-27","diary-1832","img3022","1.0000","exact source match"
"1769","MATCHED_EXACT","fragments/1832/07/28-img3022","1832-07-28","diary-1832","img3022","1.0000","exact source match"
"1770","MATCHED_EXACT","fragments/1832/07/29-img3022","1832-07-29","diary-1832","img3022","1.0000","exact source match"
"1771","MATCHED_EXACT","fragments/1832/07/30-img3023","1832-07-30","diary-1832","img3023","1.0000","exact source match"
"1772","MATCHED_EXACT","fragments/1832/07/31-img3023","1832-07-31","diary-1832","img3023","1.0000","exact source match"
"1773","MATCHED_EXACT","fragments/1832/08/01-img3023","1832-08-01","diary-1832","img3023","1.0000","exact source match"
"1774","MATCHED_EXACT","fragments/1832/08/02-img3023","1832-08-02","diary-1832","img3023","1.0000","exact source match"
"1775","MATCHED_EXACT","fragments/1832/08/03-img3023","1832-08-03","diary-1832","img3023","1.0000","exact source match"
"1776","MATCHED_EXACT","fragments/1832/08/04-img3023","1832-08-04","diary-1832","img3023","1.0000","exact source match"
"1777","MATCHED_EXACT","fragments/1832/08/05-img3023","1832-08-05","diary-1832","img3023","1.0000","exact source match"
"1778","MATCHED_EXACT","fragments/1832/08/06-img3024","1832-08-06","diary-1832","img3024","1.0000","exact source match"
"1779","MATCHED_EXACT","fragments/1832/08/07-img3024","1832-08-07","diary-1832","img3024","1.0000","exact source match"
"1780","MATCHED_EXACT","fragments/1832/08/08-img3024","1832-08-08","diary-1832","img3024","1.0000","exact source match"
"1781","MATCHED_EXACT","fragments/1832/08/09-img3024","1832-08-09","diary-1832","img3024","1.0000","exact source match"
"1782","MATCHED_EXACT","fragments/1832/08/10-img3024","1832-08-10","diary-1832","img3024","1.0000","exact source match"
"1783","MATCHED_EXACT","fragments/1832/08/11-img3024","1832-08-11","diary-1832","img3024","1.0000","exact source match"
"1784","MATCHED_EXACT","fragments/1832/08/12-img3024","1832-08-12","diary-1832","img3024","1.0000","exact source match"
"1785","MATCHED_EXACT","fragments/1832/08/13-img3025","1832-08-13","diary-1832","img3025","1.0000","exact source match"
"1786","MATCHED_EXACT","fragments/1832/08/14-img3025","1832-08-14","diary-1832","img3025","1.0000","exact source match"
"1787","MATCHED_EXACT","fragments/1832/08/15-img3025","1832-08-15","diary-1832","img3025","1.0000","exact source match"
"1788","MATCHED_EXACT","fragments/1832/08/16-img3025","1832-08-16","diary-1832","img3025","1.0000","exact source match"
"1789","MATCHED_EXACT","fragments/1832/08/17-img3025","1832-08-17","diary-1832","img3025","1.0000","exact source match"
"1790","MATCHED_EXACT","fragments/1832/08/18-img3025","1832-08-18","diary-1832","img3025","1.0000","exact source match"
"1791","MATCHED_EXACT","fragments/1832/08/19-img3025","1832-08-19","diary-1832","img3025","1.0000","exact source match"
"1792","MATCHED_EXACT","fragments/1832/08/20-img3026","1832-08-20","diary-1832","img3026","1.0000","exact source match"
"1793","MATCHED_EXACT","fragments/1832/08/21-img3026","1832-08-21","diary-1832","img3026","1.0000","exact source match"
"1794","MATCHED_EXACT","fragments/1832/08/22-img3026","1832-08-22","diary-1832","img3026","1.0000","exact source match"
"1795","MATCHED_EXACT","fragments/1832/08/23-img3026","1832-08-23","diary-1832","img3026","1.0000","exact source match"
"1796","MATCHED_EXACT","fragments/1832/08/24-img3026","1832-08-24","diary-1832","img3026","1.0000","exact source match"
"1797","MATCHED_EXACT","fragments/1832/08/25-img3026","1832-08-25","diary-1832","img3026","1.0000","exact source match"
"1798","MATCHED_EXACT","fragments/1832/08/26-img3026","1832-08-26","diary-1832","img3026","1.0000","exact source match"
"1799","MATCHED_EXACT","fragments/1832/08/27-img3027","1832-08-27","diary-1832","img3027","1.0000","exact source match"
"1800","MATCHED_EXACT","fragments/1832/08/28-img3027","1832-08-28","diary-1832","img3027","1.0000","exact source match"
"1801","MATCHED_EXACT","fragments/1832/08/29-img3027","1832-08-29","diary-1832","img3027","1.0000","exact source match"
"1802","MATCHED_EXACT","fragments/1832/08/30-img3027","1832-08-30","diary-1832","img3027","1.0000","exact source match"
"1803","MATCHED_EXACT","fragments/1832/08/31-img3027","1832-08-31","diary-1832","img3027","1.0000","exact source match"
"1804","MATCHED_EXACT","fragments/1832/09/01-img3027","1832-09-01","diary-1832","img3027","1.0000","exact source match"
"1805","MATCHED_EXACT","fragments/1832/09/02-img3027","1832-09-02","diary-1832","img3027","1.0000","exact source match"
"1806","MATCHED_EXACT","fragments/1832/09/03-img3028","1832-09-03","diary-1832","img3028","1.0000","exact source match"
"1807","MATCHED_EXACT","fragments/1832/09/04-img3028","1832-09-04","diary-1832","img3028","1.0000","exact source match"
"1808","MATCHED_EXACT","fragments/1832/09/05-img3028","1832-09-05","diary-1832","img3028","1.0000","exact source match"
"1809","MATCHED_EXACT","fragments/1832/09/06-img3028","1832-09-06","diary-1832","img3028","1.0000","exact source match"
"1810","MATCHED_EXACT","fragments/1832/09/07-img3028","1832-09-07","diary-1832","img3028","1.0000","exact source match"
"1811","MATCHED_EXACT","fragments/1832/09/08-img3028","1832-09-08","diary-1832","img3028","1.0000","exact source match"
"1812","MATCHED_EXACT","fragments/1832/09/09-img3028","1832-09-09","diary-1832","img3028","1.0000","exact source match"
"1813","MATCHED_EXACT","fragments/1832/09/10-img3029","1832-09-10","diary-1832","img3029","1.0000","exact source match"
"1814","MATCHED_EXACT","fragments/1832/09/11-img3029","1832-09-11","diary-1832","img3029","1.0000","exact source match"
"1815","MATCHED_EXACT","fragments/1832/09/12-img3029","1832-09-12","diary-1832","img3029","1.0000","exact source match"
"1816","MATCHED_EXACT","fragments/1832/09/13-img3029","1832-09-13","diary-1832","img3029","1.0000","exact source match"
"1817","MATCHED_EXACT","fragments/1832/09/14-img3029","1832-09-14","diary-1832","img3029","1.0000","exact source match"
"1818","MATCHED_EXACT","fragments/1832/09/15-img3029","1832-09-15","diary-1832","img3029","1.0000","exact source match"
"1819","MATCHED_EXACT","fragments/1832/09/16-img3029","1832-09-16","diary-1832","img3029","1.0000","exact source match"
"1820","MATCHED_EXACT","fragments/1832/09/17-img3030","1832-09-17","diary-1832","img3030","1.0000","exact source match"
"1821","MATCHED_EXACT","fragments/1832/09/18-img3030","1832-09-18","diary-1832","img3030","1.0000","exact source match"
"1822","MATCHED_EXACT","fragments/1832/09/19-img3030","1832-09-19","diary-1832","img3030","1.0000","exact source match"
"1823","MATCHED_EXACT","fragments/1832/09/20-img3030","1832-09-20","diary-1832","img3030","1.0000","exact source match"
"1824","MATCHED_EXACT","fragments/1832/09/21-img3030","1832-09-21","diary-1832","img3030","1.0000","exact source match"
"1825","MATCHED_EXACT","fragments/1832/09/22-img3030","1832-09-22","diary-1832","img3030","1.0000","exact source match"
"1826","MATCHED_EXACT","fragments/1832/09/23-img3030","1832-09-23","diary-1832","img3030","1.0000","exact source match"
"1827","MATCHED_EXACT","fragments/1832/09/24-img3031","1832-09-24","diary-1832","img3031","1.0000","exact source match"
"1828","MATCHED_EXACT","fragments/1832/09/25-img3031","1832-09-25","diary-1832","img3031","1.0000","exact source match"
"1829","MATCHED_EXACT","fragments/1832/09/26-img3031","1832-09-26","diary-1832","img3031","1.0000","exact source match"
"1830","MATCHED_EXACT","fragments/1832/09/27-img3031","1832-09-27","diary-1832","img3031","1.0000","exact source match"
"1831","MATCHED_EXACT","fragments/1832/09/28-img3031","1832-09-28","diary-1832","img3031","1.0000","exact source match"
"1832","MATCHED_EXACT","fragments/1832/09/29-img3031","1832-09-29","diary-1832","img3031","1.0000","exact source match"
"1833","MATCHED_EXACT","fragments/1832/09/30-img3031","1832-09-30","diary-1832","img3031","1.0000","exact source match"
"1834","MATCHED_EXACT","fragments/1832/10/01-img3032","1832-10-01","diary-1832","img3032","1.0000","exact source match"
"1835","MATCHED_EXACT","fragments/1832/10/02-img3032","1832-10-02","diary-1832","img3032","1.0000","exact source match"
"1836","MATCHED_EXACT","fragments/1832/10/03-img3032","1832-10-03","diary-1832","img3032","1.0000","exact source match"
"1837","MATCHED_EXACT","fragments/1832/10/04-img3032","1832-10-04","diary-1832","img3032","1.0000","exact source match"
"1838","MATCHED_EXACT","fragments/1832/10/05-img3032","1832-10-05","diary-1832","img3032","1.0000","exact source match"
"1839","MATCHED_EXACT","fragments/1832/10/06-img3032","1832-10-06","diary-1832","img3032","1.0000","exact source match"
"1840","MATCHED_EXACT","fragments/1832/10/07-img3032","1832-10-07","diary-1832","img3032","1.0000","exact source match"
"1841","MATCHED_EXACT","fragments/1832/10/08-img3033","1832-10-08","diary-1832","img3033","1.0000","exact source match"
"1842","MATCHED_EXACT","fragments/1832/10/09-img3033","1832-10-09","diary-1832","img3033","1.0000","exact source match"
"1843","MATCHED_EXACT","fragments/1832/10/10-img3033","1832-10-10","diary-1832","img3033","1.0000","exact source match"
"1844","MATCHED_EXACT","fragments/1832/10/11-img3033","1832-10-11","diary-1832","img3033","1.0000","exact source match"
"1845","MATCHED_EXACT","fragments/1832/10/12-img3033","1832-10-12","diary-1832","img3033","1.0000","exact source match"
"1846","MATCHED_EXACT","fragments/1832/10/13-img3033","1832-10-13","diary-1832","img3033","1.0000","exact source match"
"1847","MATCHED_EXACT","fragments/1832/10/14-img3033","1832-10-14","diary-1832","img3033","1.0000","exact source match"
"1848","MATCHED_EXACT","fragments/1832/10/15-img3034","1832-10-15","diary-1832","img3034","1.0000","exact source match"
"1849","MATCHED_EXACT","fragments/1832/10/16-img3034","1832-10-16","diary-1832","img3034","1.0000","exact source match"
"1850","MATCHED_EXACT","fragments/1832/10/17-img3034","1832-10-17","diary-1832","img3034","1.0000","exact source match"
"1851","MATCHED_EXACT","fragments/1832/10/18-img3034","1832-10-18","diary-1832","img3034","1.0000","exact source match"
"1852","MATCHED_EXACT","fragments/1832/10/19-img3034","1832-10-19","diary-1832","img3034","1.0000","exact source match"
"1853","MATCHED_EXACT","fragments/1832/10/20-img3034","1832-10-20","diary-1832","img3034","1.0000","exact source match"
"1854","MATCHED_EXACT","fragments/1832/10/21-img3034","1832-10-21","diary-1832","img3034","1.0000","exact source match"
"1855","MATCHED_EXACT","fragments/1832/10/22-img3035","1832-10-22","diary-1832","img3035","1.0000","exact source match"
"1856","MATCHED_EXACT","fragments/1832/10/23-img3035","1832-10-23","diary-1832","img3035","1.0000","exact source match"
"1857","MATCHED_EXACT","fragments/1832/10/24-img3035","1832-10-24","diary-1832","img3035","1.0000","exact source match"
"1858","MATCHED_EXACT","fragments/1832/10/25-img3035","1832-10-25","diary-1832","img3035","1.0000","exact source match"
"1859","MATCHED_EXACT","fragments/1832/10/26-img3035","1832-10-26","diary-1832","img3035","1.0000","exact source match"
"1860","MATCHED_EXACT","fragments/1832/10/27-img3035","1832-10-27","diary-1832","img3035","1.0000","exact source match"
"1861","MATCHED_EXACT","fragments/1832/10/28-img3035","1832-10-28","diary-1832","img3035","1.0000","exact source match"
"1862","MATCHED_EXACT","fragments/1832/10/29-img3036","1832-10-29","diary-1832","img3036","1.0000","exact source match"
"1863","MATCHED_EXACT","fragments/1832/10/30-img3036","1832-10-30","diary-1832","img3036","1.0000","exact source match"
"1864","MATCHED_EXACT","fragments/1832/10/31-img3036","1832-10-31","diary-1832","img3036","1.0000","exact source match"
"1865","MATCHED_EXACT","fragments/1832/11/01-img3036","1832-11-01","diary-1832","img3036","1.0000","exact source match"
"1866","MATCHED_EXACT","fragments/1832/11/02-img3036","1832-11-02","diary-1832","img3036","1.0000","exact source match"
"1867","MATCHED_EXACT","fragments/1832/11/03-img3036","1832-11-03","diary-1832","img3036","1.0000","exact source match"
"1868","MATCHED_EXACT","fragments/1832/11/04-img3036","1832-11-04","diary-1832","img3036","1.0000","exact source match"
"1869","MATCHED_EXACT","fragments/1832/11/05-img3037","1832-11-05","diary-1832","img3037","1.0000","exact source match"
"1870","MATCHED_EXACT","fragments/1832/11/06-img3037","1832-11-06","diary-1832","img3037","1.0000","exact source match"
"1871","MATCHED_EXACT","fragments/1832/11/07-img3037","1832-11-07","diary-1832","img3037","1.0000","exact source match"
"1872","MATCHED_EXACT","fragments/1832/11/08-img3037","1832-11-08","diary-1832","img3037","1.0000","exact source match"
"1873","MATCHED_EXACT","fragments/1832/11/09-img3037","1832-11-09","diary-1832","img3037","1.0000","exact source match"
"1874","MATCHED_EXACT","fragments/1832/11/10-img3037","1832-11-10","diary-1832","img3037","1.0000","exact source match"
"1875","MATCHED_EXACT","fragments/1832/11/11-img3037","1832-11-11","diary-1832","img3037","1.0000","exact source match"
"1876","MATCHED_EXACT","fragments/1832/11/12-img3038","1832-11-12","diary-1832","img3038","1.0000","exact source match"
"1877","MATCHED_EXACT","fragments/1832/11/13-img3038","1832-11-13","diary-1832","img3038","1.0000","exact source match"
"1878","MATCHED_EXACT","fragments/1832/11/14-img3038","1832-11-14","diary-1832","img3038","1.0000","exact source match"
"1879","MATCHED_EXACT","fragments/1832/11/15-img3038","1832-11-15","diary-1832","img3038","1.0000","exact source match"
"1880","MATCHED_EXACT","fragments/1832/11/16-img3038","1832-11-16","diary-1832","img3038","1.0000","exact source match"
"1881","MATCHED_EXACT","fragments/1832/11/17-img3038","1832-11-17","diary-1832","img3038","1.0000","exact source match"
"1882","MATCHED_EXACT","fragments/1832/11/18-img3038","1832-11-18","diary-1832","img3038","1.0000","exact source match"
"1883","MATCHED_EXACT","fragments/1832/11/19-img3039","1832-11-19","diary-1832","img3039","1.0000","exact source match"
"1884","MATCHED_EXACT","fragments/1832/11/20-img3039","1832-11-20","diary-1832","img3039","1.0000","exact source match"
"1885","MATCHED_EXACT","fragments/1832/11/21-img3039","1832-11-21","diary-1832","img3039","1.0000","exact source match"
"1886","MATCHED_EXACT","fragments/1832/11/22-img3039","1832-11-22","diary-1832","img3039","1.0000","exact source match"
"1887","MATCHED_EXACT","fragments/1832/11/23-img3039","1832-11-23","diary-1832","img3039","1.0000","exact source match"
"1888","MATCHED_EXACT","fragments/1832/11/24-img3039","1832-11-24","diary-1832","img3039","1.0000","exact source match"
"1889","MATCHED_EXACT","fragments/1832/11/25-img3039","1832-11-25","diary-1832","img3039","1.0000","exact source match"
"1890","MATCHED_EXACT","fragments/1832/11/26-img3040","1832-11-26","diary-1832","img3040","1.0000","exact source match"
"1891","MATCHED_EXACT","fragments/1832/11/27-img3040","1832-11-27","diary-1832","img3040","1.0000","exact source match"
"1892","MATCHED_EXACT","fragments/1832/11/28-img3040","1832-11-28","diary-1832","img3040","1.0000","exact source match"
"1893","MATCHED_EXACT","fragments/1832/11/29-img3040","1832-11-29","diary-1832","img3040","1.0000","exact source match"
"1894","MATCHED_EXACT","fragments/1832/11/30-img3040","1832-11-30","diary-1832","img3040","1.0000","exact source match"
"1895","MATCHED_EXACT","fragments/1832/12/01-img3040","1832-12-01","diary-1832","img3040","1.0000","exact source match"
"1896","MATCHED_EXACT","fragments/1832/12/02-img3040","1832-12-02","diary-1832","img3040","1.0000","exact source match"
"1897","MATCHED_EXACT","fragments/1832/12/03-img3041","1832-12-03","diary-1832","img3041","1.0000","exact source match"
"1898","MATCHED_EXACT","fragments/1832/12/04-img3041","1832-12-04","diary-1832","img3041","1.0000","exact source match"
"1899","MATCHED_EXACT","fragments/1832/12/05-img3041","1832-12-05","diary-1832","img3041","1.0000","exact source match"
"1900","MATCHED_EXACT","fragments/1832/12/06-img3041","1832-12-06","diary-1832","img3041","1.0000","exact source match"
"1901","MATCHED_EXACT","fragments/1832/12/07-img3041","1832-12-07","diary-1832","img3041","1.0000","exact source match"
"1902","MATCHED_EXACT","fragments/1832/12/08-img3041","1832-12-08","diary-1832","img3041","1.0000","exact source match"
"1903","MATCHED_EXACT","fragments/1832/12/09-img3041","1832-12-09","diary-1832","img3041","1.0000","exact source match"
"1904","MATCHED_EXACT","fragments/1832/12/10-img3042","1832-12-10","diary-1832","img3042","1.0000","exact source match"
"1905","MATCHED_EXACT","fragments/1832/12/11-img3042","1832-12-11","diary-1832","img3042","1.0000","exact source match"
"1906","MATCHED_EXACT","fragments/1832/12/12-img3042","1832-12-12","diary-1832","img3042","1.0000","exact source match"
"1907","MATCHED_EXACT","fragments/1832/12/13-img3042","1832-12-13","diary-1832","img3042","1.0000","exact source match"
"1908","MATCHED_EXACT","fragments/1832/12/14-img3042","1832-12-14","diary-1832","img3042","1.0000","exact source match"
"1909","MATCHED_EXACT","fragments/1832/12/15-img3042","1832-12-15","diary-1832","img3042","1.0000","exact source match"
"1910","MATCHED_EXACT","fragments/1832/12/16-img3042","1832-12-16","diary-1832","img3042","1.0000","exact source match"
"1911","MATCHED_EXACT","fragments/1832/12/17-img3043","1832-12-17","diary-1832","img3043","1.0000","exact source match"
"1912","MATCHED_EXACT","fragments/1832/12/18-img3043","1832-12-18","diary-1832","img3043","1.0000","exact source match"
"1913","MATCHED_EXACT","fragments/1832/12/19-img3043","1832-12-19","diary-1832","img3043","1.0000","exact source match"
"1914","MATCHED_EXACT","fragments/1832/12/20-img3043","1832-12-20","diary-1832","img3043","1.0000","exact source match"
"1915","MATCHED_EXACT","fragments/1832/12/21-img3043","1832-12-21","diary-1832","img3043","1.0000","exact source match"
"1916","MATCHED_EXACT","fragments/1832/12/22-img3043","1832-12-22","diary-1832","img3043","1.0000","exact source match"
"1917","MATCHED_EXACT","fragments/1832/12/23-img3043","1832-12-23","diary-1832","img3043","1.0000","exact source match"
"1918","MATCHED_EXACT","fragments/1832/12/24-img3044","1832-12-24","diary-1832","img3044","1.0000","exact source match"
"1919","MATCHED_EXACT","fragments/1832/12/25-img3044","1832-12-25","diary-1832","img3044","1.0000","exact source match"
"1920","MATCHED_EXACT","fragments/1832/12/26-img3044","1832-12-26","diary-1832","img3044","1.0000","exact source match"
"1921","MATCHED_EXACT","fragments/1832/12/27-img3044","1832-12-27","diary-1832","img3044","1.0000","exact source match"
"1922","MATCHED_EXACT","fragments/1832/12/28-img3044","1832-12-28","diary-1832","img3044","1.0000","exact source match"
"1923","MATCHED_EXACT","fragments/1832/12/29-img3044","1832-12-29","diary-1832","img3044","1.0000","exact source match"
"1924","MATCHED_EXACT","fragments/1832/12/30-img3044","1832-12-30","diary-1832","img3044","1.0000","exact source match"
"1925","MATCHED_EXACT","fragments/1832/12/31-img3044","1832-12-31","diary-1832","img3044","1.0000","exact source match"
"1926","MATCHED_EXACT","fragments/1834/01/01-dc-highlights-1834","1834-01-01","","","2.0000","exact source match"
"1927","MATCHED_EXACT","fragments/1834/01/01-img2693","1834-01-01","diary-1834","img2693","1.0000","exact source match"
"1928","MATCHED_EXACT","fragments/1834/01/02-img2693","1834-01-02","diary-1834","img2693","1.0000","exact source match"
"1929","MATCHED_EXACT","fragments/1834/01/03-img2693","1834-01-03","diary-1834","img2693","1.0000","exact source match"
"1930","MATCHED_EXACT","fragments/1834/01/04-img2693","1834-01-04","diary-1834","img2693","1.0000","exact source match"
"1931","MATCHED_EXACT","fragments/1834/01/05-img2694-left","1834-01-05","diary-1834","img2694","1.0000","exact source match"
"1932","MATCHED_EXACT","fragments/1834/01/06-img2694-left","1834-01-06","diary-1834","img2694","1.0000","exact source match"
"1933","MATCHED_EXACT","fragments/1834/01/07-b3-img2994-burnhopeside-hall","1834-01-07","","","1.0000","exact source match"
"1934","MATCHED_EXACT","fragments/1834/01/07-img2694-left","1834-01-07","diary-1834","img2694","2.0000","exact source match"
"1935","MATCHED_EXACT","fragments/1834/01/08-img2694-left","1834-01-08","diary-1834","img2694","1.0000","exact source match"
"1936","MATCHED_EXACT","fragments/1834/01/09-img2694-left","1834-01-09","diary-1834","img2694","1.0000","exact source match"
"1937","MATCHED_EXACT","fragments/1834/01/10-img2694-right","1834-01-10","diary-1834","img2694","1.0000","exact source match"
"1938","MATCHED_EXACT","fragments/1834/01/11-img2694-right","1834-01-11","diary-1834","img2694","1.0000","exact source match"
"1939","MATCHED_EXACT","fragments/1834/01/12-img2694-right","1834-01-12","diary-1834","img2694","1.0000","exact source match"
"1940","MATCHED_EXACT","fragments/1834/01/13-img2694-right","1834-01-13","diary-1834","img2694","1.0000","exact source match"
"1941","MATCHED_EXACT","fragments/1834/01/14-img2694-right","1834-01-14","diary-1834","img2694","1.0000","exact source match"
"1942","MATCHED_EXACT","fragments/1834/01/15-img2695-left","1834-01-15","diary-1834","img2695","1.0000","exact source match"
"1943","MATCHED_EXACT","fragments/1834/01/16-img2695-left","1834-01-16","diary-1834","img2695","1.0000","exact source match"
"1944","MATCHED_EXACT","fragments/1834/01/17-img2695-left","1834-01-17","diary-1834","img2695","1.0000","exact source match"
"1945","MATCHED_EXACT","fragments/1834/01/18-img2695-left","1834-01-18","diary-1834","img2695","1.0000","exact source match"
"1946","MATCHED_EXACT","fragments/1834/01/19-img2695-left","1834-01-19","diary-1834","img2695","1.0000","exact source match"
"1947","MATCHED_EXACT","fragments/1834/01/20-img2695-right","1834-01-20","diary-1834","img2695","1.0000","exact source match"
"1948","MATCHED_EXACT","fragments/1834/01/21-img2695-right","1834-01-21","diary-1834","img2695","1.0000","exact source match"
"1949","MATCHED_EXACT","fragments/1834/01/22-img2695-right","1834-01-22","diary-1834","img2695","1.0000","exact source match"
"1950","MATCHED_EXACT","fragments/1834/01/23-img2695-right","1834-01-23","diary-1834","img2695","1.0000","exact source match"
"1951","MATCHED_EXACT","fragments/1834/01/24-img2695-right","1834-01-24","diary-1834","img2695","1.0000","exact source match"
"1952","MATCHED_EXACT","fragments/1834/01/25-img2696-left","1834-01-25","diary-1834","img2696","1.0000","exact source match"
"1953","MATCHED_EXACT","fragments/1834/01/26-img2696-left","1834-01-26","diary-1834","img2696","1.0000","exact source match"
"1954","MATCHED_EXACT","fragments/1834/01/27-img2696-left","1834-01-27","diary-1834","img2696","1.0000","exact source match"
"1955","MATCHED_EXACT","fragments/1834/01/28-img2696-left","1834-01-28","diary-1834","img2696","1.0000","exact source match"
"1956","MATCHED_EXACT","fragments/1834/01/29-img2696-left","1834-01-29","diary-1834","img2696","1.0000","exact source match"
"1957","MATCHED_EXACT","fragments/1834/01/30-img2696-left","1834-01-30","diary-1834","img2696","1.0000","exact source match"
"1958","MATCHED_EXACT","fragments/1834/01/31-img2696-left","1834-01-31","diary-1834","img2696","1.0000","exact source match"
"1959","MATCHED_EXACT","fragments/1834/02/01-img2696-right","1834-02-01","diary-1834","img2696","1.0000","exact source match"
"1960","MATCHED_EXACT","fragments/1834/02/02-img2696-right","1834-02-02","diary-1834","img2696","1.0000","exact source match"
"1961","MATCHED_EXACT","fragments/1834/02/03-img2696-right","1834-02-03","diary-1834","img2696","1.0000","exact source match"
"1962","MATCHED_EXACT","fragments/1834/02/04-img2696-right","1834-02-04","diary-1834","img2696","1.0000","exact source match"
"1963","MATCHED_EXACT","fragments/1834/02/05-img2696-right","1834-02-05","diary-1834","img2696","1.0000","exact source match"
"1964","MATCHED_EXACT","fragments/1834/02/06-img2697-left","1834-02-06","diary-1834","img2697","1.0000","exact source match"
"1965","MATCHED_EXACT","fragments/1834/02/07-img2697-left","1834-02-07","diary-1834","img2697","1.0000","exact source match"
"1966","MATCHED_EXACT","fragments/1834/02/08-img2697-left","1834-02-08","diary-1834","img2697","1.0000","exact source match"
"1967","MATCHED_EXACT","fragments/1834/02/09-img2697-left","1834-02-09","diary-1834","img2697","1.0000","exact source match"
"1968","MATCHED_EXACT","fragments/1834/02/10-img2697-left","1834-02-10","diary-1834","img2697","1.0000","exact source match"
"1969","MATCHED_EXACT","fragments/1834/02/11-img2697-left","1834-02-11","diary-1834","img2697","1.0000","exact source match"
"1970","MATCHED_EXACT","fragments/1834/02/12-img2697-right","1834-02-12","diary-1834","img2697","1.0000","exact source match"
"1971","MATCHED_EXACT","fragments/1834/02/13-img2697-right","1834-02-13","diary-1834","img2697","1.0000","exact source match"
"1972","MATCHED_EXACT","fragments/1834/02/14-img2697-right","1834-02-14","diary-1834","img2697","1.0000","exact source match"
"1973","MATCHED_EXACT","fragments/1834/02/15-img2697-right","1834-02-15","diary-1834","img2697","1.0000","exact source match"
"1974","MATCHED_EXACT","fragments/1834/02/16-img2697-right","1834-02-16","diary-1834","img2697","1.0000","exact source match"
"1975","MATCHED_EXACT","fragments/1834/02/17-img2697-right","1834-02-17","diary-1834","img2697","1.0000","exact source match"
"1976","MATCHED_EXACT","fragments/1834/02/18-img2698-left","1834-02-18","diary-1834","img2698","1.0000","exact source match"
"1977","MATCHED_EXACT","fragments/1834/02/19-img2698-left","1834-02-19","diary-1834","img2698","1.0000","exact source match"
"1978","MATCHED_EXACT","fragments/1834/02/20-img2698-left","1834-02-20","diary-1834","img2698","1.0000","exact source match"
"1979","MATCHED_EXACT","fragments/1834/02/21-img2698-left","1834-02-21","diary-1834","img2698","1.0000","exact source match"
"1980","MATCHED_EXACT","fragments/1834/02/22-img2698-left","1834-02-22","diary-1834","img2698","1.0000","exact source match"
"1981","MATCHED_EXACT","fragments/1834/02/23-img2698-left","1834-02-23","diary-1834","img2698","1.0000","exact source match"
"1982","MATCHED_EXACT","fragments/1834/02/24-img2698-right","1834-02-24","diary-1834","img2698","1.0000","exact source match"
"1983","MATCHED_EXACT","fragments/1834/02/25-img2698-right","1834-02-25","diary-1834","img2698","1.0000","exact source match"
"1984","MATCHED_EXACT","fragments/1834/02/26-img2698-right","1834-02-26","diary-1834","img2698","1.0000","exact source match"
"1985","MATCHED_EXACT","fragments/1834/02/27-img2698-right","1834-02-27","diary-1834","img2698","1.0000","exact source match"
"1986","MATCHED_EXACT","fragments/1834/02/28-img2698-right","1834-02-28","diary-1834","img2698","1.0000","exact source match"
"1987","MATCHED_EXACT","fragments/1834/03/01-img2699-left","1834-03-01","diary-1834","img2699","1.0000","exact source match"
"1988","MATCHED_EXACT","fragments/1834/03/02-img2699-left","1834-03-02","diary-1834","img2699","1.0000","exact source match"
"1989","MATCHED_EXACT","fragments/1834/03/03-img2699-left","1834-03-03","diary-1834","img2699","1.0000","exact source match"
"1990","MATCHED_EXACT","fragments/1834/03/04-img2699-left","1834-03-04","diary-1834","img2699","1.0000","exact source match"
"1991","MATCHED_EXACT","fragments/1834/03/05-img2699-right","1834-03-05","diary-1834","img2699","1.0000","exact source match"
"1992","MATCHED_EXACT","fragments/1834/03/06-img2699-right","1834-03-06","diary-1834","img2699","1.0000","exact source match"
"1993","MATCHED_EXACT","fragments/1834/03/07-img2699-right","1834-03-07","diary-1834","img2699","1.0000","exact source match"
"1994","MATCHED_EXACT","fragments/1834/03/08-img2699-right","1834-03-08","diary-1834","img2699","1.0000","exact source match"
"1995","MATCHED_EXACT","fragments/1834/03/09-img2699-right","1834-03-09","diary-1834","img2699","1.0000","exact source match"
"1996","MATCHED_EXACT","fragments/1834/03/10-img2700-left","1834-03-10","diary-1834","img2700","1.0000","exact source match"
"1997","MATCHED_EXACT","fragments/1834/03/11-img2700-left","1834-03-11","diary-1834","img2700","1.0000","exact source match"
"1998","MATCHED_EXACT","fragments/1834/03/12-img2700-left","1834-03-12","diary-1834","img2700","1.0000","exact source match"
"1999","MATCHED_EXACT","fragments/1834/03/13-img2700-left","1834-03-13","diary-1834","img2700","1.0000","exact source match"
"2000","MATCHED_EXACT","fragments/1834/03/14-img2700-left","1834-03-14","diary-1834","img2700","1.0000","exact source match"
"2001","MATCHED_EXACT","fragments/1834/03/15-img2700-right","1834-03-15","diary-1834","img2700","1.0000","exact source match"
"2002","MATCHED_EXACT","fragments/1834/03/16-img2700-right","1834-03-16","diary-1834","img2700","1.0000","exact source match"
"2003","MATCHED_EXACT","fragments/1834/03/17-img2700-right","1834-03-17","diary-1834","img2700","1.0000","exact source match"
"2004","MATCHED_EXACT","fragments/1834/03/18-img2700-right","1834-03-18","diary-1834","img2700","1.0000","exact source match"
"2005","MATCHED_EXACT","fragments/1834/03/19-img2701-left","1834-03-19","diary-1834","img2701","1.0000","exact source match"
"2006","MATCHED_EXACT","fragments/1834/03/20-img2701-left","1834-03-20","diary-1834","img2701","1.0000","exact source match"
"2007","MATCHED_EXACT","fragments/1834/03/21-img2701-left","1834-03-21","diary-1834","img2701","1.0000","exact source match"
"2008","MATCHED_EXACT","fragments/1834/03/22-img2701-left","1834-03-22","diary-1834","img2701","1.0000","exact source match"
"2009","MATCHED_EXACT","fragments/1834/03/23-img2701-right","1834-03-23","diary-1834","img2701","1.0000","exact source match"
"2010","MATCHED_EXACT","fragments/1834/03/24-img2701-right","1834-03-24","diary-1834","img2701","1.0000","exact source match"
"2011","MATCHED_EXACT","fragments/1834/03/25-img2701-right","1834-03-25","diary-1834","img2701","1.0000","exact source match"
"2012","MATCHED_EXACT","fragments/1834/03/26-img2701-right","1834-03-26","diary-1834","img2701","1.0000","exact source match"
"2013","MATCHED_EXACT","fragments/1834/03/27-img2701-right","1834-03-27","diary-1834","img2701","1.0000","exact source match"
"2014","MATCHED_EXACT","fragments/1834/03/28-img2702-left","1834-03-28","diary-1834","img2702","1.0000","exact source match"
"2015","MATCHED_EXACT","fragments/1834/03/29-img2702-left","1834-03-29","diary-1834","img2702","1.0000","exact source match"
"2016","MATCHED_EXACT","fragments/1834/03/30-img2702-left","1834-03-30","diary-1834","img2702","1.0000","exact source match"
"2017","MATCHED_EXACT","fragments/1834/03/31-img2702-left","1834-03-31","diary-1834","img2702","1.0000","exact source match"
"2018","MATCHED_EXACT","fragments/1834/04/01-img2702-right","1834-04-01","diary-1834","img2702","1.0000","exact source match"
"2019","MATCHED_EXACT","fragments/1834/04/02-img2702-right","1834-04-02","diary-1834","img2702","1.0000","exact source match"
"2020","MATCHED_EXACT","fragments/1834/04/03-img2702-right","1834-04-03","diary-1834","img2702","1.0000","exact source match"
"2021","MATCHED_EXACT","fragments/1834/04/04-img2702-right","1834-04-04","diary-1834","img2702","1.0000","exact source match"
"2022","MATCHED_EXACT","fragments/1834/04/05-img2702-right","1834-04-05","diary-1834","img2702","1.0000","exact source match"
"2023","MATCHED_EXACT","fragments/1834/04/06-img2703-left","1834-04-06","diary-1834","img2703","1.0000","exact source match"
"2024","MATCHED_EXACT","fragments/1834/04/07-img2703-left","1834-04-07","diary-1834","img2703","1.0000","exact source match"
"2025","MATCHED_EXACT","fragments/1834/04/08-img2703-left","1834-04-08","diary-1834","img2703","1.0000","exact source match"
"2026","MATCHED_EXACT","fragments/1834/04/09-img2703-left","1834-04-09","diary-1834","img2703","1.0000","exact source match"
"2027","MATCHED_EXACT","fragments/1834/04/10-img2703-left","1834-04-10","diary-1834","img2703","1.0000","exact source match"
"2028","MATCHED_EXACT","fragments/1834/04/11-img2703-left","1834-04-11","diary-1834","img2703","1.0000","exact source match"
"2029","MATCHED_EXACT","fragments/1834/04/12-img2703-right","1834-04-12","diary-1834","img2703","1.0000","exact source match"
"2030","MATCHED_EXACT","fragments/1834/04/13-img2703-right","1834-04-13","diary-1834","img2703","1.0000","exact source match"
"2031","MATCHED_EXACT","fragments/1834/04/14-img2703-right","1834-04-14","diary-1834","img2703","1.0000","exact source match"
"2032","MATCHED_EXACT","fragments/1834/04/15-img2703-right","1834-04-15","diary-1834","img2703","1.0000","exact source match"
"2033","MATCHED_EXACT","fragments/1834/04/16-img2703-right","1834-04-16","diary-1834","img2703","1.0000","exact source match"
"2034","MATCHED_EXACT","fragments/1834/04/17-img2703-right","1834-04-17","diary-1834","img2703","1.0000","exact source match"
"2035","MATCHED_EXACT","fragments/1834/04/18-img2704-left","1834-04-18","diary-1834","img2704","1.0000","exact source match"
"2036","MATCHED_EXACT","fragments/1834/04/19-img2704-left","1834-04-19","diary-1834","img2704","1.0000","exact source match"
"2037","MATCHED_EXACT","fragments/1834/04/20-img2704-left","1834-04-20","diary-1834","img2704","1.0000","exact source match"
"2038","MATCHED_EXACT","fragments/1834/04/21-img2704-left","1834-04-21","diary-1834","img2704","1.0000","exact source match"
"2039","MATCHED_EXACT","fragments/1834/04/22-img2704-left","1834-04-22","diary-1834","img2704","1.0000","exact source match"
"2040","MATCHED_EXACT","fragments/1834/04/23-img2704-left","1834-04-23","diary-1834","img2704","1.0000","exact source match"
"2041","MATCHED_EXACT","fragments/1834/04/24-img2704-right","1834-04-24","diary-1834","img2704","1.0000","exact source match"
"2042","MATCHED_EXACT","fragments/1834/04/25-img2704-right","1834-04-25","diary-1834","img2704","1.0000","exact source match"
"2043","MATCHED_EXACT","fragments/1834/04/26-img2704-right","1834-04-26","diary-1834","img2704","1.0000","exact source match"
"2044","MATCHED_EXACT","fragments/1834/04/27-img2704-right","1834-04-27","diary-1834","img2704","1.0000","exact source match"
"2045","MATCHED_EXACT","fragments/1834/04/28-img2704-right","1834-04-28","diary-1834","img2704","1.0000","exact source match"
"2046","MATCHED_EXACT","fragments/1834/04/29-img2704-right","1834-04-29","diary-1834","img2704","1.0000","exact source match"
"2047","MATCHED_EXACT","fragments/1834/04/30-img2704-right","1834-04-30","diary-1834","img2704","1.0000","exact source match"
"2048","MATCHED_EXACT","fragments/1834/05/01-img2705-left","1834-05-01","diary-1834","img2705","1.0000","exact source match"
"2049","MATCHED_EXACT","fragments/1834/05/02-img2705-left","1834-05-02","diary-1834","img2705","1.0000","exact source match"
"2050","MATCHED_EXACT","fragments/1834/05/03-img2705-left","1834-05-03","diary-1834","img2705","1.0000","exact source match"
"2051","MATCHED_EXACT","fragments/1834/05/04-img2705-left","1834-05-04","diary-1834","img2705","1.0000","exact source match"
"2052","MATCHED_EXACT","fragments/1834/05/05-img2705-left","1834-05-05","diary-1834","img2705","1.0000","exact source match"
"2053","MATCHED_EXACT","fragments/1834/05/06-img2705-left","1834-05-06","diary-1834","img2705","1.0000","exact source match"
"2054","MATCHED_EXACT","fragments/1834/05/07-img2705-right","1834-05-07","diary-1834","img2705","1.0000","exact source match"
"2055","MATCHED_EXACT","fragments/1834/05/08-img2705-right","1834-05-08","diary-1834","img2705","1.0000","exact source match"
"2056","MATCHED_EXACT","fragments/1834/05/09-img2705-right","1834-05-09","diary-1834","img2705","1.0000","exact source match"
"2057","MATCHED_EXACT","fragments/1834/05/10-img2705-right","1834-05-10","diary-1834","img2705","1.0000","exact source match"
"2058","MATCHED_EXACT","fragments/1834/05/11-img2706-left","1834-05-11","diary-1834","img2706","1.0000","exact source match"
"2059","MATCHED_EXACT","fragments/1834/05/12-img2706-left","1834-05-12","diary-1834","img2706","1.0000","exact source match"
"2060","MATCHED_EXACT","fragments/1834/05/13-img2706-left","1834-05-13","diary-1834","img2706","1.0000","exact source match"
"2061","MATCHED_EXACT","fragments/1834/05/14-b3-img2706-benton-park-house","1834-05-14","","","1.0000","exact source match"
"2062","MATCHED_EXACT","fragments/1834/05/14-img2706-left","1834-05-14","diary-1834","img2706","2.0000","exact source match"
"2063","MATCHED_EXACT","fragments/1834/05/15-img2706-right","1834-05-15","diary-1834","img2706","1.0000","exact source match"
"2064","MATCHED_EXACT","fragments/1834/05/16-img2706-right","1834-05-16","diary-1834","img2706","1.0000","exact source match"
"2065","MATCHED_EXACT","fragments/1834/05/17-img2706-right","1834-05-17","diary-1834","img2706","1.0000","exact source match"
"2066","MATCHED_EXACT","fragments/1834/05/18-img2706-right","1834-05-18","diary-1834","img2706","1.0000","exact source match"
"2067","MATCHED_EXACT","fragments/1834/05/19-img2707-left","1834-05-19","diary-1834","img2707","1.0000","exact source match"
"2068","MATCHED_EXACT","fragments/1834/05/20-img2707-left","1834-05-20","diary-1834","img2707","1.0000","exact source match"
"2069","MATCHED_EXACT","fragments/1834/05/21-img2707-left","1834-05-21","diary-1834","img2707","1.0000","exact source match"
"2070","MATCHED_EXACT","fragments/1834/05/22-img2707-right","1834-05-22","diary-1834","img2707","1.0000","exact source match"
"2071","MATCHED_EXACT","fragments/1834/05/23-img2707-right","1834-05-23","diary-1834","img2707","1.0000","exact source match"
"2072","MATCHED_EXACT","fragments/1834/05/24-img2707-right","1834-05-24","diary-1834","img2707","1.0000","exact source match"
"2073","MATCHED_EXACT","fragments/1834/05/25-img2707-right","1834-05-25","diary-1834","img2707","1.0000","exact source match"
"2074","MATCHED_EXACT","fragments/1834/05/26-img2707-right","1834-05-26","diary-1834","img2707","1.0000","exact source match"
"2075","MATCHED_EXACT","fragments/1834/05/27-img2708-left","1834-05-27","diary-1834","img2708","1.0000","exact source match"
"2076","MATCHED_EXACT","fragments/1834/05/28-img2708-left","1834-05-28","diary-1834","img2708","1.0000","exact source match"
"2077","MATCHED_EXACT","fragments/1834/05/29-img2708-left","1834-05-29","diary-1834","img2708","1.0000","exact source match"
"2078","MATCHED_EXACT","fragments/1834/05/30-img2708-left","1834-05-30","diary-1834","img2708","1.0000","exact source match"
"2079","MATCHED_EXACT","fragments/1834/05/31-img2708-left","1834-05-31","diary-1834","img2708","1.0000","exact source match"
"2080","MATCHED_EXACT","fragments/1834/06/01-img2708-right","1834-06-01","diary-1834","img2708","1.0000","exact source match"
"2081","MATCHED_EXACT","fragments/1834/06/02-img2708-right","1834-06-02","diary-1834","img2708","1.0000","exact source match"
"2082","MATCHED_EXACT","fragments/1834/06/03-img2708-right","1834-06-03","diary-1834","img2708","1.0000","exact source match"
"2083","MATCHED_EXACT","fragments/1834/06/04-img2708-right","1834-06-04","diary-1834","img2708","1.0000","exact source match"
"2084","MATCHED_EXACT","fragments/1834/06/05-img2708-right","1834-06-05","diary-1834","img2708","1.0000","exact source match"
"2085","MATCHED_EXACT","fragments/1834/06/06-img2708-right","1834-06-06","diary-1834","img2708","1.0000","exact source match"
"2086","MATCHED_EXACT","fragments/1834/06/07-img2709-left","1834-06-07","diary-1834","img2709","1.0000","exact source match"
"2087","MATCHED_EXACT","fragments/1834/06/08-img2709-left","1834-06-08","diary-1834","img2709","1.0000","exact source match"
"2088","MATCHED_EXACT","fragments/1834/06/09-img2709-left","1834-06-09","diary-1834","img2709","1.0000","exact source match"
"2089","MATCHED_EXACT","fragments/1834/06/10-img2709-left","1834-06-10","diary-1834","img2709","1.0000","exact source match"
"2090","MATCHED_EXACT","fragments/1834/06/11-img2709-left","1834-06-11","diary-1834","img2709","1.0000","exact source match"
"2091","MATCHED_EXACT","fragments/1834/06/12-img2709-left","1834-06-12","diary-1834","img2709","1.0000","exact source match"
"2092","MATCHED_EXACT","fragments/1834/06/13-img2709-right","1834-06-13","diary-1834","img2709","1.0000","exact source match"
"2093","MATCHED_EXACT","fragments/1834/06/14-img2709-right","1834-06-14","diary-1834","img2709","1.0000","exact source match"
"2094","MATCHED_EXACT","fragments/1834/06/15-img2709-right","1834-06-15","diary-1834","img2709","1.0000","exact source match"
"2095","MATCHED_EXACT","fragments/1834/06/16-img2709-right","1834-06-16","diary-1834","img2709","1.0000","exact source match"
"2096","MATCHED_EXACT","fragments/1834/06/17-img2709-right","1834-06-17","diary-1834","img2709","1.0000","exact source match"
"2097","MATCHED_EXACT","fragments/1834/06/18-img2710-left","1834-06-18","diary-1834","img2710","1.0000","exact source match"
"2098","MATCHED_EXACT","fragments/1834/06/19-img2710-left","1834-06-19","diary-1834","img2710","1.0000","exact source match"
"2099","MATCHED_EXACT","fragments/1834/06/20-img2710-left","1834-06-20","diary-1834","img2710","1.0000","exact source match"
"2100","MATCHED_EXACT","fragments/1834/06/21-img2710-left","1834-06-21","diary-1834","img2710","1.0000","exact source match"
"2101","MATCHED_EXACT","fragments/1834/06/22-img2710-right","1834-06-22","diary-1834","img2710","1.0000","exact source match"
"2102","MATCHED_EXACT","fragments/1834/06/23-img2710-right","1834-06-23","diary-1834","img2710","1.0000","exact source match"
"2103","MATCHED_EXACT","fragments/1834/06/24-img2710-right","1834-06-24","diary-1834","img2710","1.0000","exact source match"
"2104","MATCHED_EXACT","fragments/1834/06/25-img2710-right","1834-06-25","diary-1834","img2710","1.0000","exact source match"
"2105","MATCHED_EXACT","fragments/1834/06/26-img2711-left","1834-06-26","diary-1834","img2711","1.0000","exact source match"
"2106","MATCHED_EXACT","fragments/1834/06/27-img2711-left","1834-06-27","diary-1834","img2711","1.0000","exact source match"
"2107","MATCHED_EXACT","fragments/1834/06/28-img2711-left","1834-06-28","diary-1834","img2711","1.0000","exact source match"
"2108","MATCHED_EXACT","fragments/1834/06/29-img2711-left","1834-06-29","diary-1834","img2711","1.0000","exact source match"
"2109","MATCHED_EXACT","fragments/1834/06/30-img2711-left","1834-06-30","diary-1834","img2711","1.0000","exact source match"
"2110","MATCHED_EXACT","fragments/1834/07/01-img2711-right","1834-07-01","diary-1834","img2711","1.0000","exact source match"
"2111","MATCHED_EXACT","fragments/1834/07/02-img2711-right","1834-07-02","diary-1834","img2711","1.0000","exact source match"
"2112","MATCHED_EXACT","fragments/1834/07/03-img2711-right","1834-07-03","diary-1834","img2711","1.0000","exact source match"
"2113","MATCHED_EXACT","fragments/1834/07/04-img2711-right","1834-07-04","diary-1834","img2711","1.0000","exact source match"
"2114","MATCHED_EXACT","fragments/1834/07/05-img2712-left","1834-07-05","diary-1834","img2712","1.0000","exact source match"
"2115","MATCHED_EXACT","fragments/1834/07/06-img2712-left","1834-07-06","diary-1834","img2712","1.0000","exact source match"
"2116","MATCHED_EXACT","fragments/1834/07/07-img2712-left","1834-07-07","diary-1834","img2712","1.0000","exact source match"
"2117","MATCHED_EXACT","fragments/1834/07/08-img2712-left","1834-07-08","diary-1834","img2712","1.0000","exact source match"
"2118","MATCHED_EXACT","fragments/1834/07/09-img2712-right","1834-07-09","diary-1834","img2712","1.0000","exact source match"
"2119","MATCHED_EXACT","fragments/1834/07/10-img2712-right","1834-07-10","diary-1834","img2712","1.0000","exact source match"
"2120","MATCHED_EXACT","fragments/1834/07/11-img2712-right","1834-07-11","diary-1834","img2712","1.0000","exact source match"
"2121","MATCHED_EXACT","fragments/1834/07/12-img2712-right","1834-07-12","diary-1834","img2712","1.0000","exact source match"
"2122","MATCHED_EXACT","fragments/1834/07/13-img2712-right","1834-07-13","diary-1834","img2712","1.0000","exact source match"
"2123","MATCHED_EXACT","fragments/1834/07/14-img2712-right","1834-07-14","diary-1834","img2712","1.0000","exact source match"
"2124","MATCHED_EXACT","fragments/1834/07/15-img2713-left","1834-07-15","diary-1834","img2713","1.0000","exact source match"
"2125","MATCHED_EXACT","fragments/1834/07/16-img2713-left","1834-07-16","diary-1834","img2713","1.0000","exact source match"
"2126","MATCHED_EXACT","fragments/1834/07/17-img2713-left","1834-07-17","diary-1834","img2713","1.0000","exact source match"
"2127","MATCHED_EXACT","fragments/1834/07/18-img2713-left","1834-07-18","diary-1834","img2713","1.0000","exact source match"
"2128","MATCHED_EXACT","fragments/1834/07/19-img2713-left","1834-07-19","diary-1834","img2713","1.0000","exact source match"
"2129","MATCHED_EXACT","fragments/1834/07/20-img2713-left","1834-07-20","diary-1834","img2713","1.0000","exact source match"
"2130","MATCHED_EXACT","fragments/1834/07/21-img2713-right","1834-07-21","diary-1834","img2713","1.0000","exact source match"
"2131","MATCHED_EXACT","fragments/1834/07/22-img2713-right","1834-07-22","diary-1834","img2713","1.0000","exact source match"
"2132","MATCHED_EXACT","fragments/1834/07/23-img2713-right","1834-07-23","diary-1834","img2713","1.0000","exact source match"
"2133","MATCHED_EXACT","fragments/1834/07/24-img2714-left","1834-07-24","diary-1834","img2714","1.0000","exact source match"
"2134","MATCHED_EXACT","fragments/1834/07/25-img2714-left","1834-07-25","diary-1834","img2714","1.0000","exact source match"
"2135","MATCHED_EXACT","fragments/1834/07/26-img2714-left","1834-07-26","diary-1834","img2714","1.0000","exact source match"
"2136","MATCHED_EXACT","fragments/1834/07/27-img2714-left","1834-07-27","diary-1834","img2714","1.0000","exact source match"
"2137","MATCHED_EXACT","fragments/1834/07/28-img2714-left","1834-07-28","diary-1834","img2714","1.0000","exact source match"
"2138","MATCHED_EXACT","fragments/1834/07/29-img2714-left","1834-07-29","diary-1834","img2714","1.0000","exact source match"
"2139","MATCHED_EXACT","fragments/1834/07/30-img2714-right","1834-07-30","diary-1834","img2714","1.0000","exact source match"
"2140","MATCHED_EXACT","fragments/1834/07/31-img2714-right","1834-07-31","diary-1834","img2714","1.0000","exact source match"
"2141","MATCHED_EXACT","fragments/1834/08/01-img2714-right","1834-08-01","diary-1834","img2714","1.0000","exact source match"
"2142","MATCHED_EXACT","fragments/1834/08/02-img2714-right","1834-08-02","diary-1834","img2714","1.0000","exact source match"
"2143","MATCHED_EXACT","fragments/1834/08/03-img2715-left","1834-08-03","diary-1834","img2715","1.0000","exact source match"
"2144","MATCHED_EXACT","fragments/1834/08/04-img2715-left","1834-08-04","diary-1834","img2715","1.0000","exact source match"
"2145","MATCHED_EXACT","fragments/1834/08/05-img2715-left","1834-08-05","diary-1834","img2715","1.0000","exact source match"
"2146","MATCHED_EXACT","fragments/1834/08/06-img2715-left","1834-08-06","diary-1834","img2715","1.0000","exact source match"
"2147","MATCHED_EXACT","fragments/1834/08/07-img2715-right","1834-08-07","diary-1834","img2715","1.0000","exact source match"
"2148","MATCHED_EXACT","fragments/1834/08/08-img2715-right","1834-08-08","diary-1834","img2715","1.0000","exact source match"
"2149","MATCHED_EXACT","fragments/1834/08/09-img2715-right","1834-08-09","diary-1834","img2715","1.0000","exact source match"
"2150","MATCHED_EXACT","fragments/1834/08/10-img2715-right","1834-08-10","diary-1834","img2715","1.0000","exact source match"
"2151","MATCHED_EXACT","fragments/1834/08/11-img2716-left","1834-08-11","diary-1834","img2716","1.0000","exact source match"
"2152","MATCHED_EXACT","fragments/1834/08/12-img2716-left","1834-08-12","diary-1834","img2716","1.0000","exact source match"
"2153","MATCHED_EXACT","fragments/1834/08/13-img2716-left","1834-08-13","diary-1834","img2716","1.0000","exact source match"
"2154","MATCHED_EXACT","fragments/1834/08/14-img2716-left","1834-08-14","diary-1834","img2716","1.0000","exact source match"
"2155","MATCHED_EXACT","fragments/1834/08/15-img2716-right","1834-08-15","diary-1834","img2716","1.0000","exact source match"
"2156","MATCHED_EXACT","fragments/1834/08/16-img2716-right","1834-08-16","diary-1834","img2716","1.0000","exact source match"
"2157","MATCHED_EXACT","fragments/1834/08/17-img2716-right","1834-08-17","diary-1834","img2716","1.0000","exact source match"
"2158","MATCHED_EXACT","fragments/1834/08/18-img2716-right","1834-08-18","diary-1834","img2716","1.0000","exact source match"
"2159","MATCHED_EXACT","fragments/1834/08/19-img2717-left","1834-08-19","diary-1834","img2717","1.0000","exact source match"
"2160","MATCHED_EXACT","fragments/1834/08/20-img2717-left","1834-08-20","diary-1834","img2717","1.0000","exact source match"
"2161","MATCHED_EXACT","fragments/1834/08/21-img2717-left","1834-08-21","diary-1834","img2717","1.0000","exact source match"
"2162","MATCHED_EXACT","fragments/1834/08/22-img2717-left","1834-08-22","diary-1834","img2717","1.0000","exact source match"
"2163","MATCHED_EXACT","fragments/1834/08/23-img2717-left","1834-08-23","diary-1834","img2717","1.0000","exact source match"
"2164","MATCHED_EXACT","fragments/1834/08/24-img2717-right","1834-08-24","diary-1834","img2717","1.0000","exact source match"
"2165","MATCHED_EXACT","fragments/1834/08/25-img2717-right","1834-08-25","diary-1834","img2717","1.0000","exact source match"
"2166","MATCHED_EXACT","fragments/1834/08/26-img2717-right","1834-08-26","diary-1834","img2717","1.0000","exact source match"
"2167","MATCHED_EXACT","fragments/1834/08/27-img2717-right","1834-08-27","diary-1834","img2717","1.0000","exact source match"
"2168","MATCHED_EXACT","fragments/1834/08/28-img2718-left","1834-08-28","diary-1834","img2718","1.0000","exact source match"
"2169","MATCHED_EXACT","fragments/1834/08/29-img2718-left","1834-08-29","diary-1834","img2718","1.0000","exact source match"
"2170","MATCHED_EXACT","fragments/1834/08/30-img2718-left","1834-08-30","diary-1834","img2718","1.0000","exact source match"
"2171","MATCHED_EXACT","fragments/1834/08/31-img2718-left","1834-08-31","diary-1834","img2718","1.0000","exact source match"
"2172","MATCHED_EXACT","fragments/1834/09/01-img2718-right","1834-09-01","diary-1834","img2718","1.0000","exact source match"
"2173","MATCHED_EXACT","fragments/1834/09/02-img2718-right","1834-09-02","diary-1834","img2718","1.0000","exact source match"
"2174","MATCHED_EXACT","fragments/1834/09/03-img2718-right","1834-09-03","diary-1834","img2718","1.0000","exact source match"
"2175","MATCHED_EXACT","fragments/1834/09/04-img2718-right","1834-09-04","diary-1834","img2718","1.0000","exact source match"
"2176","MATCHED_EXACT","fragments/1834/09/05-img2718-right","1834-09-05","diary-1834","img2718","1.0000","exact source match"
"2177","MATCHED_EXACT","fragments/1834/09/06-img2719-left","1834-09-06","diary-1834","img2719","1.0000","exact source match"
"2178","MATCHED_EXACT","fragments/1834/09/07-img2719-left","1834-09-07","diary-1834","img2719","1.0000","exact source match"
"2179","MATCHED_EXACT","fragments/1834/09/08-img2719-left","1834-09-08","diary-1834","img2719","1.0000","exact source match"
"2180","MATCHED_EXACT","fragments/1834/09/09-img2719-left","1834-09-09","diary-1834","img2719","1.0000","exact source match"
"2181","MATCHED_EXACT","fragments/1834/09/10-img2719-left","1834-09-10","diary-1834","img2719","1.0000","exact source match"
"2182","MATCHED_EXACT","fragments/1834/09/11-img2719-right","1834-09-11","diary-1834","img2719","1.0000","exact source match"
"2183","MATCHED_EXACT","fragments/1834/09/12-img2719-right","1834-09-12","diary-1834","img2719","1.0000","exact source match"
"2184","MATCHED_EXACT","fragments/1834/09/13-img2719-right","1834-09-13","diary-1834","img2719","1.0000","exact source match"
"2185","MATCHED_EXACT","fragments/1834/09/14-img2719-right","1834-09-14","diary-1834","img2719","1.0000","exact source match"
"2186","MATCHED_EXACT","fragments/1834/09/15-img2719-right","1834-09-15","diary-1834","img2719","1.0000","exact source match"
"2187","MATCHED_EXACT","fragments/1834/09/16-img2720-left","1834-09-16","diary-1834","img2720","1.0000","exact source match"
"2188","MATCHED_EXACT","fragments/1834/09/17-img2720-left","1834-09-17","diary-1834","img2720","1.0000","exact source match"
"2189","MATCHED_EXACT","fragments/1834/09/18-img2720-left","1834-09-18","diary-1834","img2720","1.0000","exact source match"
"2190","MATCHED_EXACT","fragments/1834/09/19-img2720-left","1834-09-19","diary-1834","img2720","1.0000","exact source match"
"2191","MATCHED_EXACT","fragments/1834/09/20-img2720-left","1834-09-20","diary-1834","img2720","1.0000","exact source match"
"2192","MATCHED_EXACT","fragments/1834/09/21-img2720-right","1834-09-21","diary-1834","img2720","1.0000","exact source match"
"2193","MATCHED_EXACT","fragments/1834/09/22-img2720-right","1834-09-22","diary-1834","img2720","1.0000","exact source match"
"2194","MATCHED_EXACT","fragments/1834/09/23-img2720-right","1834-09-23","diary-1834","img2720","1.0000","exact source match"
"2195","MATCHED_EXACT","fragments/1834/09/24-img2720-right","1834-09-24","diary-1834","img2720","1.0000","exact source match"
"2196","MATCHED_EXACT","fragments/1834/09/25-img2720-right","1834-09-25","diary-1834","img2720","1.0000","exact source match"
"2197","MATCHED_EXACT","fragments/1834/09/26-img2720-right","1834-09-26","diary-1834","img2720","1.0000","exact source match"
"2198","MATCHED_EXACT","fragments/1834/09/27-img2721-left","1834-09-27","diary-1834","img2721","1.0000","exact source match"
"2199","MATCHED_EXACT","fragments/1834/09/28-img2721-left","1834-09-28","diary-1834","img2721","1.0000","exact source match"
"2200","MATCHED_EXACT","fragments/1834/09/29-img2721-left","1834-09-29","diary-1834","img2721","1.0000","exact source match"
"2201","MATCHED_EXACT","fragments/1834/09/30-img2721-left","1834-09-30","diary-1834","img2721","1.0000","exact source match"
"2202","MATCHED_EXACT","fragments/1834/10/01-img2721-left","1834-10-01","diary-1834","img2721","1.0000","exact source match"
"2203","MATCHED_EXACT","fragments/1834/10/02-img2721-right","1834-10-02","diary-1834","img2721","1.0000","exact source match"
"2204","MATCHED_EXACT","fragments/1834/10/03-img2721-right","1834-10-03","diary-1834","img2721","1.0000","exact source match"
"2205","MATCHED_EXACT","fragments/1834/10/04-img2721-right","1834-10-04","diary-1834","img2721","1.0000","exact source match"
"2206","MATCHED_EXACT","fragments/1834/10/05-img2721-right","1834-10-05","diary-1834","img2721","1.0000","exact source match"
"2207","MATCHED_EXACT","fragments/1834/10/06-img2721-right","1834-10-06","diary-1834","img2721","1.0000","exact source match"
"2208","MATCHED_EXACT","fragments/1834/10/07-img2721-right","1834-10-07","diary-1834","img2721","1.0000","exact source match"
"2209","MATCHED_EXACT","fragments/1834/10/08-img2721-right","1834-10-08","diary-1834","img2721","1.0000","exact source match"
"2210","MATCHED_EXACT","fragments/1834/10/09-img2721-right","1834-10-09","diary-1834","img2721","1.0000","exact source match"
"2211","MATCHED_EXACT","fragments/1834/10/10-img2722-left","1834-10-10","diary-1834","img2722","1.0000","exact source match"
"2212","MATCHED_EXACT","fragments/1834/10/11-img2722-left","1834-10-11","diary-1834","img2722","1.0000","exact source match"
"2213","MATCHED_EXACT","fragments/1834/10/12-img2722-left","1834-10-12","diary-1834","img2722","1.0000","exact source match"
"2214","MATCHED_EXACT","fragments/1834/10/13-img2722-left","1834-10-13","diary-1834","img2722","1.0000","exact source match"
"2215","MATCHED_EXACT","fragments/1834/10/14-img2722-left","1834-10-14","diary-1834","img2722","1.0000","exact source match"
"2216","MATCHED_EXACT","fragments/1834/10/15-img2722-left","1834-10-15","diary-1834","img2722","1.0000","exact source match"
"2217","MATCHED_EXACT","fragments/1834/10/16-img2722-left","1834-10-16","diary-1834","img2722","1.0000","exact source match"
"2218","MATCHED_EXACT","fragments/1834/10/17-img2722-left","1834-10-17","diary-1834","img2722","1.0000","exact source match"
"2219","MATCHED_EXACT","fragments/1834/10/18-img2722-left","1834-10-18","diary-1834","img2722","1.0000","exact source match"
"2220","MATCHED_EXACT","fragments/1834/10/19-img2722-left","1834-10-19","diary-1834","img2722","1.0000","exact source match"
"2221","MATCHED_EXACT","fragments/1834/10/20-img2722-left","1834-10-20","diary-1834","img2722","1.0000","exact source match"
"2222","MATCHED_EXACT","fragments/1834/10/21-img2722-left","1834-10-21","diary-1834","img2722","1.0000","exact source match"
"2223","MATCHED_EXACT","fragments/1834/10/22-img2722-right","1834-10-22","diary-1834","img2722","1.0000","exact source match"
"2224","MATCHED_EXACT","fragments/1834/10/23-img2722-right","1834-10-23","diary-1834","img2722","1.0000","exact source match"
"2225","MATCHED_EXACT","fragments/1834/10/24-img2722-right","1834-10-24","diary-1834","img2722","1.0000","exact source match"
"2226","MATCHED_EXACT","fragments/1834/10/25-img2722-right","1834-10-25","diary-1834","img2722","1.0000","exact source match"
"2227","MATCHED_EXACT","fragments/1834/10/26-img2722-right","1834-10-26","diary-1834","img2722","1.0000","exact source match"
"2228","MATCHED_EXACT","fragments/1834/10/27-img2722-right","1834-10-27","diary-1834","img2722","1.0000","exact source match"
"2229","MATCHED_EXACT","fragments/1834/10/28-img2722-right","1834-10-28","diary-1834","img2722","1.0000","exact source match"
"2230","MATCHED_EXACT","fragments/1834/10/29-img2722-right","1834-10-29","diary-1834","img2722","1.0000","exact source match"
"2231","MATCHED_EXACT","fragments/1834/10/30-img2722-right","1834-10-30","diary-1834","img2722","1.0000","exact source match"
"2232","MATCHED_EXACT","fragments/1834/10/31-img2722-right","1834-10-31","diary-1834","img2722","1.0000","exact source match"
"2233","MATCHED_EXACT","fragments/1834/11/01-img2722-right","1834-11-01","diary-1834","img2722","1.0000","exact source match"
"2234","MATCHED_EXACT","fragments/1834/11/02-img2722-right","1834-11-02","diary-1834","img2722","1.0000","exact source match"
"2235","MATCHED_EXACT","fragments/1834/11/03-img2723-left","1834-11-03","diary-1834","img2723","1.0000","exact source match"
"2236","MATCHED_EXACT","fragments/1834/11/04-img2723-left","1834-11-04","diary-1834","img2723","1.0000","exact source match"
"2237","MATCHED_EXACT","fragments/1834/11/05-img2723-left","1834-11-05","diary-1834","img2723","1.0000","exact source match"
"2238","MATCHED_EXACT","fragments/1834/11/06-img2723-left","1834-11-06","diary-1834","img2723","1.0000","exact source match"
"2239","MATCHED_EXACT","fragments/1834/11/07-img2723-left","1834-11-07","diary-1834","img2723","1.0000","exact source match"
"2240","MATCHED_EXACT","fragments/1834/11/08-img2723-left","1834-11-08","diary-1834","img2723","1.0000","exact source match"
"2241","MATCHED_EXACT","fragments/1834/11/09-img2723-left","1834-11-09","diary-1834","img2723","1.0000","exact source match"
"2242","MATCHED_EXACT","fragments/1834/11/10-img2723-left","1834-11-10","diary-1834","img2723","1.0000","exact source match"
"2243","MATCHED_EXACT","fragments/1834/11/11-img2723-left","1834-11-11","diary-1834","img2723","1.0000","exact source match"
"2244","MATCHED_EXACT","fragments/1834/11/12-img2723-left","1834-11-12","diary-1834","img2723","1.0000","exact source match"
"2245","MATCHED_EXACT","fragments/1834/11/13-img2723-left","1834-11-13","diary-1834","img2723","1.0000","exact source match"
"2246","MATCHED_EXACT","fragments/1834/11/14-img2723-right","1834-11-14","diary-1834","img2723","1.0000","exact source match"
"2247","MATCHED_EXACT","fragments/1834/11/15-img2723-right","1834-11-15","diary-1834","img2723","1.0000","exact source match"
"2248","MATCHED_EXACT","fragments/1834/11/16-img2723-right","1834-11-16","diary-1834","img2723","1.0000","exact source match"
"2249","MATCHED_EXACT","fragments/1834/11/17-img2723-right","1834-11-17","diary-1834","img2723","1.0000","exact source match"
"2250","MATCHED_EXACT","fragments/1834/11/18-img2723-right","1834-11-18","diary-1834","img2723","1.0000","exact source match"
"2251","MATCHED_EXACT","fragments/1834/11/19-img2723-right","1834-11-19","diary-1834","img2723","1.0000","exact source match"
"2252","MATCHED_EXACT","fragments/1834/11/20-img2723-right","1834-11-20","diary-1834","img2723","1.0000","exact source match"
"2253","MATCHED_EXACT","fragments/1834/11/21-img2723-right","1834-11-21","diary-1834","img2723","1.0000","exact source match"
"2254","MATCHED_EXACT","fragments/1834/11/22-img2723-right","1834-11-22","diary-1834","img2723","1.0000","exact source match"
"2255","MATCHED_EXACT","fragments/1834/11/23-img2724-left","1834-11-23","diary-1834","img2724","1.0000","exact source match"
"2256","MATCHED_EXACT","fragments/1834/11/24-img2724-left","1834-11-24","diary-1834","img2724","1.0000","exact source match"
"2257","MATCHED_EXACT","fragments/1834/11/25-img2724-left","1834-11-25","diary-1834","img2724","1.0000","exact source match"
"2258","MATCHED_EXACT","fragments/1834/11/26-img2724-left","1834-11-26","diary-1834","img2724","1.0000","exact source match"
"2259","MATCHED_EXACT","fragments/1834/11/27-img2724-left","1834-11-27","diary-1834","img2724","1.0000","exact source match"
"2260","MATCHED_EXACT","fragments/1834/11/28-img2724-left","1834-11-28","diary-1834","img2724","1.0000","exact source match"
"2261","MATCHED_EXACT","fragments/1834/11/29-img2724-left","1834-11-29","diary-1834","img2724","1.0000","exact source match"
"2262","MATCHED_EXACT","fragments/1834/11/30-img2724-left","1834-11-30","diary-1834","img2724","1.0000","exact source match"
"2263","MATCHED_EXACT","fragments/1834/12/01-img2724-left","1834-12-01","diary-1834","img2724","1.0000","exact source match"
"2264","MATCHED_EXACT","fragments/1834/12/02-img2724-left","1834-12-02","diary-1834","img2724","1.0000","exact source match"
"2265","MATCHED_EXACT","fragments/1834/12/03-img2724-right","1834-12-03","diary-1834","img2724","1.0000","exact source match"
"2266","MATCHED_EXACT","fragments/1834/12/04-img2724-right","1834-12-04","diary-1834","img2724","1.0000","exact source match"
"2267","MATCHED_EXACT","fragments/1834/12/05-img2724-right","1834-12-05","diary-1834","img2724","1.0000","exact source match"
"2268","MATCHED_EXACT","fragments/1834/12/06-img2724-right","1834-12-06","diary-1834","img2724","1.0000","exact source match"
"2269","MATCHED_EXACT","fragments/1834/12/07-img2724-right","1834-12-07","diary-1834","img2724","1.0000","exact source match"
"2270","MATCHED_EXACT","fragments/1834/12/08-img2724-right","1834-12-08","diary-1834","img2724","1.0000","exact source match"
"2271","MATCHED_EXACT","fragments/1834/12/09-img2724-right","1834-12-09","diary-1834","img2724","1.0000","exact source match"
"2272","MATCHED_EXACT","fragments/1834/12/10-img2724-right","1834-12-10","diary-1834","img2724","1.0000","exact source match"
"2273","MATCHED_EXACT","fragments/1834/12/11-img2724-right","1834-12-11","diary-1834","img2724","1.0000","exact source match"
"2274","MATCHED_EXACT","fragments/1834/12/12-img2725-left","1834-12-12","diary-1834","img2725","1.0000","exact source match"
"2275","MATCHED_EXACT","fragments/1834/12/13-img2725-left","1834-12-13","diary-1834","img2725","1.0000","exact source match"
"2276","MATCHED_EXACT","fragments/1834/12/14-img2725-left","1834-12-14","diary-1834","img2725","1.0000","exact source match"
"2277","MATCHED_EXACT","fragments/1834/12/15-img2725-left","1834-12-15","diary-1834","img2725","1.0000","exact source match"
"2278","MATCHED_EXACT","fragments/1834/12/16-img2725-left","1834-12-16","diary-1834","img2725","1.0000","exact source match"
"2279","MATCHED_EXACT","fragments/1834/12/17-img2725-left","1834-12-17","diary-1834","img2725","1.0000","exact source match"
"2280","MATCHED_EXACT","fragments/1834/12/18-img2725-left","1834-12-18","diary-1834","img2725","1.0000","exact source match"
"2281","MATCHED_EXACT","fragments/1834/12/19-img2725-left","1834-12-19","diary-1834","img2725","1.0000","exact source match"
"2282","MATCHED_EXACT","fragments/1834/12/20-img2725-left","1834-12-20","diary-1834","img2725","1.0000","exact source match"
"2283","MATCHED_EXACT","fragments/1834/12/21-img2725-left","1834-12-21","diary-1834","img2725","1.0000","exact source match"
"2284","MATCHED_EXACT","fragments/1834/12/22-img2725-left","1834-12-22","diary-1834","img2725","1.0000","exact source match"
"2285","MATCHED_EXACT","fragments/1834/12/23-img2725-right","1834-12-23","diary-1834","img2725","1.0000","exact source match"
"2286","MATCHED_EXACT","fragments/1834/12/24-img2725-right","1834-12-24","diary-1834","img2725","1.0000","exact source match"
"2287","MATCHED_EXACT","fragments/1834/12/25-img2725-right","1834-12-25","diary-1834","img2725","1.0000","exact source match"
"2288","MATCHED_EXACT","fragments/1834/12/26-img2725-right","1834-12-26","diary-1834","img2725","1.0000","exact source match"
"2289","MATCHED_EXACT","fragments/1834/12/27-img2725-right","1834-12-27","diary-1834","img2725","1.0000","exact source match"
"2290","MATCHED_EXACT","fragments/1834/12/28-img2725-right","1834-12-28","diary-1834","img2725","1.0000","exact source match"
"2291","MATCHED_EXACT","fragments/1834/12/29-img2725-right","1834-12-29","diary-1834","img2725","1.0000","exact source match"
"2292","MATCHED_EXACT","fragments/1834/12/30-img2725-right","1834-12-30","diary-1834","img2725","1.0000","exact source match"
"2293","MATCHED_EXACT","fragments/1834/12/31-img2725-right","1834-12-31","diary-1834","img2725","1.0000","exact source match"
"2294","MATCHED_EXACT","fragments/1835/01/01-img2648-right","1835-01-01","diary-1835","img2648","1.0000","exact source match"
"2295","MATCHED_EXACT","fragments/1835/01/02-img2648-right","1835-01-02","diary-1835","img2648","1.0000","exact source match"
"2296","MATCHED_EXACT","fragments/1835/01/03-img2648-right","1835-01-03","diary-1835","img2648","1.0000","exact source match"
"2297","MATCHED_EXACT","fragments/1835/01/04-img2648-right","1835-01-04","diary-1835","img2648","1.0000","exact source match"
"2298","MATCHED_EXACT","fragments/1835/01/05-img2648-right","1835-01-05","diary-1835","img2648","1.0000","exact source match"
"2299","AMBIGUOUS_CONTEXT","","1828-08-14","diary-1828-and-1829-and-jan-1830","img2853","1.0000","2 unmatched source rows and 2 unmatched database rows share the date and Page context"
"2300","POSSIBLE_EDITED_MATCH","fragments/1829/01/08-img2868-right","1829-01-08","diary-1828-and-1829-and-jan-1830","img2868","2.0000","only remaining row with the same date and Page context; HTML differs and review is required"
"2301","AMBIGUOUS_CONTEXT","","1829-04-16","diary-1828-and-1829-and-jan-1830","img2878","2.0000","1 unmatched source rows and 2 unmatched database rows share the date and Page context"
"2302","POSSIBLE_EDITED_MATCH","fragments/1829/05/17-img2882-right","1829-05-17","diary-1828-and-1829-and-jan-1830","img2882","2.0000","only remaining row with the same date and Page context; HTML differs and review is required"
"2303","DATABASE_ONLY","","1829-06-08","diary-1828-and-1829-and-jan-1830","img2885","1.0000","no source row was matched or proposed"
"2304","POSSIBLE_EDITED_MATCH","fragments/1829/06/19-img2889-right","1829-06-19","diary-1828-and-1829-and-jan-1830","img2889","2.0000","only remaining row with the same date and Page context; HTML differs and review is required"
"2305","AMBIGUOUS_CONTEXT","","1829-06-20","diary-1828-and-1829-and-jan-1830","img2890","2.0000","2 unmatched source rows and 2 unmatched database rows share the date and Page context"
"2306","AMBIGUOUS_CONTEXT","","1829-06-25","diary-1828-and-1829-and-jan-1830","img2892","1.0000","2 unmatched source rows and 2 unmatched database rows share the date and Page context"
"2307","POSSIBLE_EDITED_MATCH","fragments/1829/06/29-img2894-right","1829-06-29","diary-1828-and-1829-and-jan-1830","img2894","2.0000","only remaining row with the same date and Page context; HTML differs and review is required"
